month,Elegibilidad,Vulnerability_Category,Demographics.HH.Head,Demographics.Language,Demographics.Profiles,Demographics.Documentation,Needs_and_Coping.BasicNeeds,Needs_and_Coping.Housing,Needs_and_Coping.Neg.mechanism,Needs_and_Coping.Dependency,OficinaACNUR,NumIntegrantes,dependencyCategory,FemaleHeadedHousehold,CuidadorSolo,HablaEspanol,Analfabeta_si,ScoreCOMAR_PIL,ScoreIntenciones,ScoreDuplicidad,Demographics_Score,NeedsandCoping_Score,Vulnerability_Score,FinalScore,EligibilityTarget,uncertainty
2024-06,No Elegible por Duplicidad,Vulnerabilidad Baja,1.0,2.051104816,1.0,1.0,1.776038647,2.823478261,1.0,1.0,sotap,1,low,,,espanol_uno_mas_adultos,adultos_ninguno_analfabeta,0.0,0,0,6.609317356,17.78726377,2.693171842,24.036863632451063,EXCLUSION,0.187822
2023-09,Lista de Reserva,Vulnerabilidad Moderada,2.700708215,1.0,1.249197356,1.0,1.0,2.117608696,2.580217391,1.0,foten,1,low,,,espanol_uno_mas_adultos,adultos_ninguno_analfabeta,,0,0,11.93561888,18.94985465,2.884161633,30.65974840868563,EXCLUSION,0.192257
2023-11,No Elegible,Vulnerabilidad Severa,1.599560907,2.051104816,3.251728045,1.0,1.776038647,2.823478261,2.580217391,1.043888889,pcr_cdmx,3,average,jefatura_femenina,no,espanol_ningun_adulto,adultos_ninguno_analfabeta,,0,0,27.121021,32.85812825,3.724346214,59.79452340158775,EXCLUSION,0.348139
2023-07,No Elegible,Vulnerabilidad Baja,2.700708215,1.0,1.0,1.0,1.0,1.498900966,1.790108696,1.0,sotap,1,low,,,espanol_uno_mas_adultos,adultos_uno_mas_analfabeta,0.0,0,0,9.472088355,10.02735341,2.561806895,19.481572780265047,EXCLUSION,0.137560
2023-10,Elegible,Vulnerabilidad Moderada,1.0,1.0,1.0,1.0,1.776038647,2.823478261,1.790108696,1.0,foten,1,low,,,espanol_uno_mas_adultos,adultos_ninguno_analfabeta,,0,0,0.0,26.18890898,2.730928248,25.34612370011462,INCLUSION,0.258411
2023-11,Elegible,Vulnerabilidad Elevada,1.0,1.525552408,2.578385269,1.0,1.776038647,2.117608696,2.580217391,1.0,sotap,3,average,jefatura_femenina,si,espanol_uno_mas_adultos,adultos_uno_mas_analfabeta,,0,0,13.7168894,27.40879931,3.173270511,40.685069357186286,INCLUSION,0.269304
2023-10,Elegible,Vulnerabilidad Elevada,1.0,1.0,2.578385269,1.0,1.776038647,2.823478261,1.790108696,1.0,sotap,4,average,jefatura_femenina,si,espanol_uno_mas_adultos,adultos_uno_mas_analfabeta,0.0,0,0,8.975915299,26.18890898,2.998104289,34.61089292935174,INCLUSION,0.300195
2024-03,No Elegible,Vulnerabilidad Moderada,1.0,1.0,2.578385269,1.564135978,1.0,2.117608696,1.790108696,1.0,sotap,2,complete,jefatura_femenina,si,espanol_uno_mas_adultos,adultos_ninguno_analfabeta,,0,0,14.01324416,14.16503897,2.812460545,28.173398221219387,EXCLUSION,0.221806
2023-11,No Elegible,Vulnerabilidad Baja,1.0,1.0,1.0,1.0,1.776038647,1.0,1.790108696,1.0,sotap,8,average,jefatura_masculina,no,espanol_uno_mas_adultos,adultos_ninguno_analfabeta,0.0,0,0,0.0,12.01413641,2.33531262,11.62750948618979,EXCLUSION,0.226321
2023-10,Elegible,Vulnerabilidad Elevada,1.0,1.0,2.578385269,1.0,1.776038647,2.117608696,2.580217391,1.043888889,sotap,4,average,jefatura_femenina,no,espanol_uno_mas_adultos,adultos_ninguno_analfabeta,0.0,0,0,8.975915299,28.09152966,3.051206127,36.45228537324866,INCLUSION,0.290502
2024-06,No Elegible,Vulnerabilidad Elevada,2.070141643,1.0,1.0,1.0,1.776038647,2.823478261,1.790108696,1.043888889,sotap,4,low,jefatura_masculina,no,espanol_uno_mas_adultos,adultos_ninguno_analfabeta,,0,0,6.702282231,26.85846924,2.949114914,32.912105216863374,EXCLUSION,0.160198
2023-06,Lista de Reserva,Vulnerabilidad Severa,2.700708215,1.0,3.251728045,1.0,1.776038647,2.117608696,2.580217391,1.043888889,fupal,1,low,,,espanol_uno_mas_adultos,adultos_uno_mas_analfabeta,0.0,0,0,24.2379543,28.09152966,3.505494188,52.20547205133984,EXCLUSION,0.231854
2024-02,Lista de Reserva,Vulnerabilidad Baja,1.0,1.0,1.0,1.0,1.776038647,2.117608696,1.790108696,1.0,sotap,2,average,jefatura_femenina,si,espanol_uno_mas_adultos,adultos_ninguno_analfabeta,0.0,0,0,0.0,21.88512181,2.610810239,21.18083670503239,EXCLUSION,0.221014
2024-06,No Elegible,Vulnerabilidad Baja,1.0,1.0,1.0,1.0,1.0,1.0,1.0,1.0,sotap,1,low,,,espanol_uno_mas_adultos,adultos_ninguno_analfabeta,0.0,0,0,0.0,0.0,2.0,0.0,EXCLUSION,0.137934
2024-04,No Elegible,Vulnerabilidad Moderada,1.0,1.525552408,1.0,1.0,1.776038647,2.117608696,1.790108696,1.043888889,sotap,3,average,jefatura_femenina,no,espanol_uno_mas_adultos,adultos_ninguno_analfabeta,,0,0,3.741369748,22.50821784,2.739565922,25.645651649551347,EXCLUSION,0.194136
2024-05,No Elegible,Vulnerabilidad Elevada,2.070141643,1.0,1.0,1.0,1.776038647,2.117608696,2.580217391,2.544987923,sotap,1,low,,,espanol_uno_mas_adultos,adultos_ninguno_analfabeta,0.0,0,0,6.702282231,44.04383881,3.428755821,49.5444324087312,EXCLUSION,0.143946
2023-12,Elegible,Vulnerabilidad Moderada,1.0,2.051104816,3.251728045,1.0,1.0,1.0,1.790108696,1.043888889,sotap,1,low,,,espanol_uno_mas_adultos,adultos_ninguno_analfabeta,-500.0,0,0,20.39367297,6.061858428,2.776221171,26.9167435217761,INCLUSION,0.217312
2024-05,Lista de Reserva,Vulnerabilidad Baja,2.070141643,1.0,1.0,1.0,1.0,1.498900966,1.0,1.043888889,sotap,1,low,,,espanol_uno_mas_adultos,adultos_ninguno_analfabeta,0.0,0,0,6.702282231,4.243121443,2.317924185,11.024541927318626,EXCLUSION,0.138698
2023-12,Elegible,Vulnerabilidad Baja,1.0,1.0,1.0,1.0,1.776038647,2.117608696,1.0,1.0,sotap,3,average,jefatura_masculina,no,espanol_uno_mas_adultos,adultos_ninguno_analfabeta,,0,0,0.0,14.06650994,2.392594036,13.61383558362086,INCLUSION,0.247936
2023-08,Elegible,Vulnerabilidad Moderada,1.0,2.051104816,1.0,1.0,1.776038647,2.117608696,1.790108696,1.0,sotap,1,low,,,espanol_uno_mas_adultos,adultos_ninguno_analfabeta,,0,0,6.609317356,21.88512181,2.807542403,28.002848502865827,INCLUSION,0.217586
2023-09,Elegible,Vulnerabilidad Baja,1.0,1.0,1.0,1.0,1.0,2.117608696,1.790108696,1.0,sotap,1,low,,,espanol_uno_mas_adultos,adultos_ninguno_analfabeta,0.0,0,0,0.0,14.16503897,2.395343965,13.709193850906429,INCLUSION,0.173821
2023-08,No Elegible por Intenciones,Vulnerabilidad Baja,1.0,2.051104816,1.0,1.0,1.0,1.498900966,1.0,1.0,fupal,1,low,,,espanol_uno_mas_adultos,adultos_ninguno_analfabeta,,0,0,6.609317356,3.815111519,2.303211315,10.514349213040497,EXCLUSION,0.184878
2023-10,No Elegible,Vulnerabilidad Severa,2.700708215,2.051104816,2.578385269,1.564135978,1.0,2.117608696,1.0,2.544987923,pcr_cdmx,3,average,jefatura_femenina,no,espanol_ningun_adulto,adultos_ninguno_analfabeta,,0,0,39.44321718,18.76190405,3.697703903,58.87066656783652,EXCLUSION,0.211629
2023-06,No Elegible,Vulnerabilidad Baja,1.0,1.0,1.0,1.0,1.0,2.117608696,1.790108696,1.0,sotap,1,low,,,espanol_uno_mas_adultos,adultos_ninguno_analfabeta,,0,0,0.0,14.16503897,2.395343965,13.709193850906429,EXCLUSION,0.175164
2024-02,No Elegible,Vulnerabilidad Baja,2.070141643,1.0,1.0,1.0,1.0,1.0,1.790108696,1.043888889,pcr_cdmx,5,low,jefatura_masculina,no,espanol_uno_mas_adultos,adultos_ninguno_analfabeta,-500.0,0,0,6.702282231,6.061858428,2.368684842,12.78475013740434,EXCLUSION,0.178999
2023-08,Elegible,Vulnerabilidad Severa,2.700708215,1.0,2.578385269,1.0,1.776038647,2.823478261,2.580217391,1.0,fupal,5,high,jefatura_femenina,si,espanol_uno_mas_adultos,adultos_uno_mas_analfabeta,,-500,0,20.97871872,32.12448674,3.521039349,52.74452349934838,INCLUSION,0.279101
2023-08,No Elegible,Vulnerabilidad Baja,1.0,1.0,1.0,1.0,1.0,2.117608696,1.790108696,1.0,pcr_cdmx,2,average,jefatura_masculina,si,espanol_uno_mas_adultos,adultos_ninguno_analfabeta,,0,0,0.0,14.16503897,2.395343965,13.709193850906429,EXCLUSION,0.231624
2024-04,Lista de Reserva,Vulnerabilidad Moderada,1.0,1.0,2.578385269,1.0,1.776038647,2.117608696,1.790108696,1.0,foten,3,average,jefatura_masculina,no,espanol_uno_mas_adultos,adultos_ninguno_analfabeta,-500.0,0,0,8.975915299,21.88512181,2.877986279,30.44560593426951,EXCLUSION,0.230103
2023-07,No Elegible por Duplicidad,Vulnerabilidad Moderada,2.700708215,1.0,2.578385269,1.0,1.0,1.498900966,1.0,1.0,sotap,1,low,,,espanol_ningun_adulto,adultos_ninguno_analfabeta,0.0,0,0,20.97871872,3.815111519,2.730929228,25.34617228233538,EXCLUSION,0.147283
2024-02,No Elegible,Vulnerabilidad Baja,1.0,1.0,1.0,1.0,1.0,2.117608696,1.790108696,1.0,sotap,3,low,jefatura_masculina,no,espanol_uno_mas_adultos,adultos_ninguno_analfabeta,0.0,0,0,0.0,14.16503897,2.395343965,13.709193850906429,EXCLUSION,0.208982
2024-06,No Elegible,Vulnerabilidad Moderada,1.0,1.0,1.0,1.0,1.776038647,2.117608696,2.580217391,1.0,sotap,2,low,jefatura_masculina,no,espanol_uno_mas_adultos,adultos_ninguno_analfabeta,,0,0,0.0,27.40879931,2.764975192,26.526756739404888,EXCLUSION,0.177802
2024-06,Lista de Reserva,Vulnerabilidad Elevada,2.070141643,1.0,1.0,1.0,1.776038647,1.498900966,2.580217391,2.544987923,sotap,1,low,,,espanol_uno_mas_adultos,adultos_ninguno_analfabeta,,0,0,6.702282231,37.43330939,3.244257006,43.14663643599621,EXCLUSION,0.113795
2024-03,Elegible,Vulnerabilidad Baja,1.0,1.0,1.0,1.0,1.776038647,1.498900966,1.790108696,1.0,sotap,1,low,,,espanol_uno_mas_adultos,adultos_ninguno_analfabeta,0.0,0,0,0.0,17.10850297,2.477495573,16.55793423592243,INCLUSION,0.213636
2024-06,No Elegible,Vulnerabilidad Elevada,2.070141643,1.0,1.0,1.0,1.776038647,2.823478261,2.580217391,1.738466184,sotap,2,average,jefatura_masculina,no,espanol_ningun_adulto,adultos_uno_mas_analfabeta,0.0,0,0,6.702282231,42.19960637,3.37728359,47.75954921288284,EXCLUSION,0.221875
2024-01,No Elegible,Vulnerabilidad Moderada,1.0,2.051104816,1.0,1.0,1.0,2.117608696,2.580217391,1.0,sotap,3,average,jefatura_femenina,si,espanol_uno_mas_adultos,adultos_ninguno_analfabeta,,0,0,6.609317356,18.94985465,2.725619567,25.162041175341784,EXCLUSION,0.198812
2023-10,No Elegible,Vulnerabilidad Elevada,2.070141643,1.0,1.0,1.0,1.776038647,1.498900966,2.580217391,2.544987923,foten,1,low,,,espanol_uno_mas_adultos,adultos_ninguno_analfabeta,-500.0,0,0,6.702282231,37.43330939,3.244257006,43.14663643599621,EXCLUSION,0.218605
2023-12,Elegible,Vulnerabilidad Baja,1.0,1.0,1.0,1.0,1.0,2.117608696,1.790108696,1.0,sotap,3,average,jefatura_femenina,no,espanol_uno_mas_adultos,adultos_ninguno_analfabeta,0.0,0,0,0.0,14.16503897,2.395343965,13.709193850906429,INCLUSION,0.236270
2023-09,Elegible,Vulnerabilidad Severa,2.700708215,1.0,2.578385269,1.0,1.776038647,2.823478261,2.580217391,1.0,fupal,1,low,,,espanol_uno_mas_adultos,adultos_uno_mas_analfabeta,,0,0,20.97871872,32.12448674,3.521039349,52.74452349934838,INCLUSION,0.243205
2023-09,No Elegible,Vulnerabilidad Severa,2.700708215,1.0,2.578385269,1.0,1.776038647,2.117608696,1.790108696,2.544987923,sotap,4,complete,jefatura_femenina,si,espanol_uno_mas_adultos,adultos_ninguno_analfabeta,0.0,0,0,20.97871872,37.06714366,3.658988111,57.52812077700585,EXCLUSION,0.215057
2023-08,Elegible,Vulnerabilidad Elevada,1.0,1.0,2.578385269,1.0,1.776038647,2.823478261,2.580217391,1.043888889,sotap,4,average,jefatura_femenina,si,espanol_uno_mas_adultos,adultos_ninguno_analfabeta,,0,0,8.975915299,32.85812825,3.184241129,41.06549005402387,INCLUSION,0.245000
2024-04,Lista de Reserva,Vulnerabilidad Elevada,2.070141643,1.0,2.578385269,1.0,1.776038647,2.117608696,2.580217391,1.043888889,sotap,3,average,jefatura_masculina,no,espanol_uno_mas_adultos,adultos_ninguno_analfabeta,0.0,0,0,17.46888676,28.09152966,3.304006918,45.2185691488351,EXCLUSION,0.193586
2024-04,No Elegible,Vulnerabilidad Severa,2.700708215,1.525552408,3.251728045,1.0,1.776038647,2.823478261,2.580217391,1.043888889,sotap,1,low,,,espanol_ningun_adulto,adultos_ninguno_analfabeta,0.0,0,0,30.67858802,32.85812825,3.830240336,63.46657648585837,EXCLUSION,0.216118
2024-06,No Elegible,Vulnerabilidad Moderada,1.0,1.0,1.0,1.0,1.776038647,2.823478261,1.790108696,1.0,sotap,3,low,jefatura_masculina,no,espanol_uno_mas_adultos,adultos_ninguno_analfabeta,0.0,0,0,0.0,26.18890898,2.730928248,25.34612370011462,EXCLUSION,0.205654
2023-09,Elegible,Vulnerabilidad Baja,1.0,1.0,1.0,1.0,1.776038647,1.0,2.580217391,1.043888889,sotap,1,low,,,espanol_uno_mas_adultos,adultos_uno_mas_analfabeta,,0,0,0.0,17.15905947,2.478906597,16.60686377719593,INCLUSION,0.215688
2024-01,No Elegible,Vulnerabilidad Elevada,1.0,1.525552408,2.578385269,1.0,1.776038647,2.117608696,1.790108696,1.0,sotap,2,average,jefatura_masculina,no,espanol_uno_mas_adultos,adultos_ninguno_analfabeta,,0,0,13.7168894,21.88512181,3.019105558,35.33914932281379,EXCLUSION,0.316361
2023-07,Lista de Reserva,Vulnerabilidad Baja,1.0,1.0,1.0,1.0,1.0,2.117608696,1.0,1.0,sotap,4,average,jefatura_femenina,no,espanol_uno_mas_adultos,adultos_ninguno_analfabeta,,0,0,0.0,7.392265486,2.206316944,7.154374990395034,EXCLUSION,0.165641
2023-09,Elegible,Vulnerabilidad Elevada,2.070141643,1.0,1.0,1.0,1.776038647,2.823478261,2.580217391,1.043888889,sotap,3,complete,jefatura_femenina,si,espanol_uno_mas_adultos,adultos_ninguno_analfabeta,0.0,0,0,6.702282231,32.85812825,3.116564434,38.71868920026256,INCLUSION,0.187431
2023-10,No Elegible,Vulnerabilidad Moderada,1.0,1.0,1.0,1.564135978,1.776038647,2.823478261,2.580217391,1.0,fupal,1,low,,,espanol_uno_mas_adultos,adultos_ninguno_analfabeta,,0,0,3.975239986,32.12448674,3.014915798,35.19385581620953,EXCLUSION,0.313142
2024-04,No Elegible,Vulnerabilidad Severa,2.070141643,1.0,2.578385269,1.0,1.776038647,2.823478261,2.580217391,2.544987923,sotap,2,complete,jefatura_femenina,si,espanol_uno_mas_adultos,adultos_ninguno_analfabeta,,0,0,17.46888676,50.0,3.915468811,66.42200300482355,EXCLUSION,0.202807
2024-04,Elegible,Vulnerabilidad Elevada,2.070141643,1.525552408,1.0,1.0,1.776038647,2.823478261,1.790108696,1.043888889,fupal,1,low,,,espanol_ningun_adulto,adultos_ninguno_analfabeta,,0,0,11.1900528,26.85846924,3.082697365,37.54429673054436,INCLUSION,0.198664
2024-06,No Elegible,Vulnerabilidad Moderada,1.0,1.0,1.0,1.0,1.776038647,1.498900966,2.580217391,1.738466184,fupal,1,low,,,espanol_ningun_adulto,adultos_ninguno_analfabeta,0.0,-500,0,0.0,30.77500505,2.858925454,29.78463461248595,EXCLUSION,0.226259
2023-08,No Elegible,Vulnerabilidad Elevada,2.070141643,1.0,2.578385269,1.0,1.776038647,2.117608696,1.790108696,1.043888889,sotap,1,low,,,espanol_uno_mas_adultos,adultos_ninguno_analfabeta,,0,0,17.46888676,22.50821784,3.148177581,39.81493388651453,EXCLUSION,0.238108
2024-04,Elegible,Vulnerabilidad Elevada,1.0,1.0,1.0,1.0,1.776038647,2.823478261,2.580217391,1.043888889,sotap,2,average,jefatura_femenina,si,espanol_uno_mas_adultos,adultos_ninguno_analfabeta,,0,0,0.0,32.85812825,2.917065088,31.80072082478675,INCLUSION,0.157849
2024-04,No Elegible,Vulnerabilidad Elevada,1.0,1.0,2.578385269,1.564135978,1.776038647,2.823478261,1.0,1.0,sotap,3,average,jefatura_femenina,no,espanol_uno_mas_adultos,adultos_uno_mas_analfabeta,0.0,0,0,14.01324416,17.78726377,2.913556258,31.67905620493059,EXCLUSION,0.263121
2024-03,No Elegible,Vulnerabilidad Moderada,1.0,1.0,1.0,1.0,1.776038647,2.823478261,1.790108696,1.0,sotap,1,low,,,espanol_uno_mas_adultos,adultos_ninguno_analfabeta,0.0,0,0,0.0,26.18890898,2.730928248,25.34612370011462,EXCLUSION,0.260429
2023-07,Lista de Reserva,Vulnerabilidad Baja,1.0,1.0,1.0,1.0,1.0,1.498900966,1.0,1.0,pcr_cdmx,1,low,,,espanol_uno_mas_adultos,adultos_ninguno_analfabeta,,0,0,0.0,3.815111519,2.10647915,3.692337415207061,EXCLUSION,0.179543
2023-09,Elegible,Vulnerabilidad Baja,1.0,1.0,1.0,1.0,1.0,2.117608696,1.790108696,1.0,sotap,1,low,,,espanol_uno_mas_adultos,adultos_ninguno_analfabeta,0.0,0,0,0.0,14.16503897,2.395343965,13.709193850906429,INCLUSION,0.200406
2023-12,Elegible,Vulnerabilidad Elevada,1.0,1.525552408,1.0,1.564135978,1.776038647,2.823478261,1.790108696,1.0,fupal,1,low,,,espanol_uno_mas_adultos,adultos_uno_mas_analfabeta,,0,0,8.159313021,26.18890898,2.973797402,33.768011573443424,INCLUSION,0.284490
2024-05,Lista de Reserva,Vulnerabilidad Baja,1.0,1.0,3.251728045,1.0,1.776038647,1.0,1.790108696,1.0,sotap,1,low,,,espanol_uno_mas_adultos,adultos_ninguno_analfabeta,0.0,0,0,11.51832969,12.01413641,2.678165869,23.51651054394368,EXCLUSION,0.203770
2023-08,No Elegible por Duplicidad,Vulnerabilidad Moderada,2.070141643,1.0,1.0,1.0,1.776038647,2.117608696,1.790108696,1.043888889,sotap,1,low,,,espanol_uno_mas_adultos,adultos_ninguno_analfabeta,0.0,0,0,6.702282231,22.50821784,2.827700095,28.70184925716677,EXCLUSION,0.218949
2024-05,No Elegible,Vulnerabilidad Baja,1.0,1.0,1.0,1.564135978,1.776038647,1.0,2.580217391,1.043888889,sotap,1,low,,,espanol_uno_mas_adultos,adultos_ninguno_analfabeta,,0,0,3.975239986,17.15905947,2.597233124,20.7100309611854,EXCLUSION,0.214952
2023-07,Elegible,Vulnerabilidad Elevada,1.0,2.051104816,2.578385269,1.0,1.776038647,2.823478261,1.790108696,1.0,foten,1,low,,,espanol_ningun_adulto,adultos_uno_mas_analfabeta,,0,0,17.3510839,26.18890898,3.247398574,43.25558283110052,INCLUSION,0.246381
2024-03,No Elegible,Vulnerabilidad Moderada,1.0,1.0,1.0,1.0,1.776038647,2.823478261,1.790108696,1.0,sotap,1,low,,,espanol_uno_mas_adultos,adultos_uno_mas_analfabeta,,0,0,0.0,26.18890898,2.730928248,25.34612370011462,EXCLUSION,0.269018
2024-05,No Elegible,Vulnerabilidad Baja,2.070141643,1.0,1.0,1.0,1.0,1.498900966,1.0,1.043888889,sotap,5,average,jefatura_masculina,no,espanol_uno_mas_adultos,adultos_ninguno_analfabeta,0.0,0,0,6.702282231,4.243121443,2.317924185,11.024541927318626,EXCLUSION,0.165558
2024-01,Elegible por Proceso Acelerado,Vulnerabilidad Baja,1.0,1.0,2.578385269,1.0,1.776038647,1.0,1.790108696,1.0,sotap,1,low,,,espanol_uno_mas_adultos,adultos_ninguno_analfabeta,,0,0,8.975915299,12.01413641,2.602488661,20.89227871542691,INCLUSION,0.263838
2024-01,No Elegible,Vulnerabilidad Baja,1.0,1.0,2.578385269,1.0,1.0,1.0,1.790108696,1.043888889,sotap,1,low,,,espanol_ningun_adulto,adultos_ninguno_analfabeta,0.0,0,0,8.975915299,6.061858428,2.436361537,15.13155099116565,EXCLUSION,0.266919
2024-05,No Elegible por Intenciones,Vulnerabilidad Moderada,1.0,1.0,1.0,1.0,1.776038647,2.117608696,2.580217391,1.043888889,fomon,1,low,,,espanol_uno_mas_adultos,adultos_ninguno_analfabeta,,0,0,0.0,28.09152966,2.784030087,27.18751614401154,EXCLUSION,0.207475
2024-07,No Elegible,Vulnerabilidad Elevada,1.0,2.051104816,1.0,1.0,1.776038647,2.823478261,2.580217391,1.0,sotap,3,average,jefatura_femenina,si,espanol_uno_mas_adultos,adultos_uno_mas_analfabeta,0.0,0,0,6.609317356,32.12448674,3.093321436,37.9127004300535,EXCLUSION,0.205527
2023-12,No Elegible,Vulnerabilidad Baja,1.0,1.0,1.0,1.0,1.0,1.0,1.790108696,1.043888889,,1,low,,,espanol_uno_mas_adultos,adultos_uno_mas_analfabeta,0.0,0,0,0.0,6.061858428,2.169185496,5.866781761928531,EXCLUSION,0.249711
2024-04,No Elegible,Vulnerabilidad Severa,2.700708215,1.0,3.251728045,1.0,1.776038647,2.823478261,1.790108696,2.544987923,sotap,2,average,jefatura_femenina,si,espanol_uno_mas_adultos,adultos_uno_mas_analfabeta,,0,0,24.2379543,42.50305317,3.907717497,66.15321832326453,EXCLUSION,0.196092
2024-01,No Elegible,Vulnerabilidad Elevada,1.0,1.0,2.578385269,1.0,1.776038647,2.823478261,1.790108696,1.043888889,sotap,3,complete,jefatura_femenina,si,espanol_uno_mas_adultos,adultos_ninguno_analfabeta,,-500,0,8.975915299,26.85846924,3.016791609,35.25890607062468,EXCLUSION,0.360050
2024-04,No Elegible,Vulnerabilidad Elevada,2.070141643,1.0,1.0,1.0,1.776038647,2.823478261,2.580217391,1.043888889,sotap,2,complete,jefatura_femenina,si,espanol_uno_mas_adultos,adultos_ninguno_analfabeta,0.0,0,0,6.702282231,32.85812825,3.116564434,38.71868920026256,EXCLUSION,0.162135
2023-06,No Elegible,Vulnerabilidad Baja,1.0,1.0,1.0,1.0,1.0,1.498900966,1.790108696,1.0,sotap,2,low,jefatura_masculina,no,espanol_ningun_adulto,adultos_ninguno_analfabeta,,0,0,0.0,10.02735341,2.279861825,9.70466314991279,EXCLUSION,0.150086
2023-10,Elegible,Vulnerabilidad Moderada,2.070141643,1.0,1.0,1.0,1.776038647,1.498900966,2.580217391,1.043888889,sotap,2,low,jefatura_masculina,no,espanol_uno_mas_adultos,adultos_ninguno_analfabeta,0.0,0,0,6.702282231,22.80125306,2.835878661,28.985454310751948,INCLUSION,0.164598
2023-06,No Elegible,Vulnerabilidad Moderada,1.0,1.525552408,2.578385269,1.0,1.776038647,1.498900966,1.790108696,1.0,sotap,1,low,,,espanol_uno_mas_adultos,adultos_ninguno_analfabeta,500.0,0,0,13.7168894,17.10850297,2.885790892,30.71624685370383,EXCLUSION,0.199222
2023-10,Elegible,Vulnerabilidad Baja,1.0,1.525552408,1.249197356,1.0,1.0,1.0,1.790108696,1.0,sotap,1,low,,,espanol_uno_mas_adultos,adultos_ninguno_analfabeta,-500.0,0,0,5.877094669,5.614422911,2.331634552,11.499970619844198,INCLUSION,0.178242
2023-11,No Elegible,Vulnerabilidad Moderada,2.700708215,1.0,2.578385269,1.0,1.776038647,1.0,1.0,1.0,futij,3,low,jefatura_femenina,no,espanol_uno_mas_adultos,adultos_ninguno_analfabeta,0.0,0,0,20.97871872,5.532745347,2.778868113,27.008530936116514,EXCLUSION,0.240369
2023-10,No Elegible,Vulnerabilidad Moderada,1.0,1.0,1.0,1.0,1.776038647,2.823478261,1.790108696,1.043888889,sotap,1,low,,,espanol_uno_mas_adultos,adultos_ninguno_analfabeta,0.0,0,0,0.0,26.85846924,2.749615568,25.99413684138756,EXCLUSION,0.255147
2024-06,Lista de Reserva,Vulnerabilidad Elevada,2.070141643,1.0,2.578385269,1.0,1.776038647,2.823478261,2.580217391,1.043888889,fupal,4,average,jefatura_femenina,no,espanol_uno_mas_adultos,adultos_uno_mas_analfabeta,,0,0,17.46888676,32.85812825,3.43704192,49.83177382961031,EXCLUSION,0.218514
2024-01,No Elegible,Vulnerabilidad Baja,1.0,2.051104816,1.0,1.0,1.776038647,1.0,1.790108696,1.0,pcr_cdmx,1,low,,,espanol_uno_mas_adultos,adultos_ninguno_analfabeta,,0,0,6.609317356,12.01413641,2.532044784,18.449521284023227,EXCLUSION,0.252076
2023-10,Lista de Reserva,Vulnerabilidad Baja,1.0,1.0,1.0,1.0,1.776038647,2.823478261,1.0,1.0,pcr_cdmx,4,average,jefatura_masculina,no,espanol_uno_mas_adultos,adultos_ninguno_analfabeta,0.0,0,0,0.0,17.78726377,2.496439678,17.21485183461763,EXCLUSION,0.314378
2023-08,No Elegible,Vulnerabilidad Moderada,1.0,1.0,1.0,1.0,1.776038647,2.823478261,2.580217391,1.0,sotap,1,low,,,espanol_ningun_adulto,adultos_ninguno_analfabeta,,0,0,0.0,32.12448674,2.896589272,31.09068863222006,EXCLUSION,0.234698
2023-11,Lista de Reserva,Vulnerabilidad Moderada,2.070141643,1.0,2.578385269,1.0,1.0,1.498900966,1.790108696,1.043888889,sotap,2,average,jefatura_masculina,no,espanol_uno_mas_adultos,adultos_ninguno_analfabeta,,0,0,17.46888676,10.52243148,2.813656206,28.214862117365684,EXCLUSION,0.211856
2023-09,No Elegible,Vulnerabilidad Elevada,1.0,1.0,1.0,1.0,1.776038647,2.823478261,2.580217391,1.043888889,fupal,1,low,,,espanol_ningun_adulto,adultos_uno_mas_analfabeta,,0,0,0.0,32.85812825,2.917065088,31.80072082478675,EXCLUSION,0.281539
2023-07,No Elegible,Vulnerabilidad Baja,1.0,1.0,1.0,1.0,1.776038647,1.0,2.580217391,1.0,sotap,4,low,jefatura_masculina,no,espanol_ningun_adulto,adultos_ninguno_analfabeta,,0,0,0.0,16.59309681,2.46311067,16.059114361557388,EXCLUSION,0.130778
2024-06,Lista de Reserva,Vulnerabilidad Baja,2.070141643,1.0,1.0,1.0,1.0,1.0,1.790108696,1.043888889,pcr_cdmx,1,low,,,espanol_uno_mas_adultos,adultos_ninguno_analfabeta,0.0,0,0,6.702282231,6.061858428,2.368684842,12.78475013740434,EXCLUSION,0.144693
2023-08,No Elegible,Vulnerabilidad Baja,1.0,1.0,1.0,1.0,1.0,1.0,1.790108696,1.0,fupal,3,low,jefatura_masculina,si,espanol_uno_mas_adultos,adultos_ninguno_analfabeta,,0,0,0.0,5.614422911,2.156697643,5.433745167301109,EXCLUSION,0.180081
2024-03,Lista de Reserva,Vulnerabilidad Elevada,1.0,1.0,1.0,1.0,1.776038647,2.823478261,2.580217391,1.043888889,sotap,1,low,,,espanol_uno_mas_adultos,adultos_ninguno_analfabeta,0.0,0,0,0.0,32.85812825,2.917065088,31.80072082478675,EXCLUSION,0.237454
2023-06,Lista de Reserva,Vulnerabilidad Moderada,1.0,1.0,2.578385269,1.0,1.776038647,1.498900966,1.790108696,1.0,sotap,1,low,,,espanol_uno_mas_adultos,adultos_ninguno_analfabeta,,0,0,8.975915299,17.10850297,2.744671614,25.82270346515955,EXCLUSION,0.198439
2024-05,No Elegible,Vulnerabilidad Baja,1.0,1.0,1.0,1.0,1.0,1.0,1.790108696,1.043888889,fupal,1,low,,,espanol_uno_mas_adultos,adultos_ninguno_analfabeta,,0,0,0.0,6.061858428,2.169185496,5.866781761928531,EXCLUSION,0.176068
2023-06,No Elegible,Vulnerabilidad Moderada,1.0,1.0,1.0,1.0,1.776038647,2.117608696,2.580217391,1.043888889,sotap,6,average,jefatura_femenina,no,espanol_uno_mas_adultos,adultos_ninguno_analfabeta,,0,0,0.0,28.09152966,2.784030087,27.18751614401154,EXCLUSION,0.173673
2023-06,No Elegible,Vulnerabilidad Elevada,1.0,1.0,2.578385269,1.0,1.776038647,2.117608696,2.580217391,1.738466184,sotap,5,high,jefatura_masculina,no,espanol_uno_mas_adultos,adultos_ninguno_analfabeta,0.0,0,0,8.975915299,36.78475459,3.29383264,44.86575363177633,EXCLUSION,0.210421
2023-08,Elegible,Vulnerabilidad Baja,1.0,1.0,1.0,1.0,1.0,1.0,1.0,1.0,fupal,1,low,,,espanol_uno_mas_adultos,adultos_ninguno_analfabeta,,-500,0,0.0,0.0,2.0,0.0,INCLUSION,0.223970
2024-05,No Elegible por Intenciones,Vulnerabilidad Baja,1.0,1.0,1.0,1.0,1.776038647,1.0,1.790108696,1.0,pcr_cdmx,1,low,,,espanol_ningun_adulto,adultos_ninguno_analfabeta,,0,0,0.0,12.01413641,2.33531262,11.62750948618979,EXCLUSION,0.200011
2023-08,Lista de Reserva,Vulnerabilidad Elevada,1.0,1.0,2.578385269,1.0,1.776038647,2.117608696,2.580217391,1.0,fupal,4,average,jefatura_masculina,no,espanol_uno_mas_adultos,adultos_ninguno_analfabeta,0.0,0,0,8.975915299,27.40879931,3.032151233,35.791525968642006,EXCLUSION,0.282798
2024-01,Lista de Reserva,Vulnerabilidad Baja,1.0,1.0,1.0,1.0,1.0,1.0,1.790108696,1.0,sotap,1,low,,,espanol_uno_mas_adultos,adultos_ninguno_analfabeta,,0,0,0.0,5.614422911,2.156697643,5.433745167301109,EXCLUSION,0.226412
2023-11,Lista de Reserva,Vulnerabilidad Elevada,1.0,2.051104816,2.578385269,1.0,1.776038647,2.117608696,1.790108696,1.0,sotap,2,complete,jefatura_femenina,si,espanol_uno_mas_adultos,adultos_ninguno_analfabeta,,0,0,17.3510839,21.88512181,3.127280564,39.090295836018285,EXCLUSION,0.299050
2024-04,No Elegible,Vulnerabilidad Elevada,2.070141643,1.0,1.0,1.0,1.776038647,1.498900966,2.580217391,2.544987923,sotap,2,average,jefatura_femenina,si,espanol_uno_mas_adultos,adultos_uno_mas_analfabeta,,0,0,6.702282231,37.43330939,3.244257006,43.14663643599621,EXCLUSION,0.178725
2023-09,Lista de Reserva,Vulnerabilidad Moderada,1.0,1.0,1.0,1.0,1.776038647,2.823478261,1.790108696,1.0,sotap,4,average,jefatura_femenina,no,espanol_uno_mas_adultos,adultos_ninguno_analfabeta,0.0,0,0,0.0,26.18890898,2.730928248,25.34612370011462,EXCLUSION,0.256921
2024-03,No Elegible,Vulnerabilidad Moderada,2.700708215,1.525552408,1.0,1.0,1.776038647,1.0,2.580217391,1.0,sotap,1,low,,,espanol_uno_mas_adultos,adultos_ninguno_analfabeta,,0,0,14.26831886,16.59309681,2.887819773,30.78660199079105,EXCLUSION,0.184733
2024-02,No Elegible,Vulnerabilidad Moderada,1.0,1.0,1.0,1.0,1.776038647,2.823478261,2.580217391,1.0,foten,1,low,,,espanol_uno_mas_adultos,adultos_ninguno_analfabeta,,0,0,0.0,32.12448674,2.896589272,31.09068863222006,EXCLUSION,0.260240
2024-06,No Elegible,Vulnerabilidad Elevada,1.0,1.0,2.578385269,1.0,1.0,2.117608696,2.580217391,1.738466184,pcr_cdmx,1,low,,,espanol_uno_mas_adultos,adultos_ninguno_analfabeta,0.0,0,0,8.975915299,27.07165714,3.022741649,35.46523337081478,EXCLUSION,0.154155
2023-06,Lista de Reserva,Vulnerabilidad Moderada,1.0,1.0,1.0,1.0,1.776038647,2.117608696,2.580217391,1.0,,2,average,jefatura_masculina,si,espanol_ningun_adulto,adultos_uno_mas_analfabeta,,0,0,0.0,27.40879931,2.764975192,26.526756739404888,EXCLUSION,0.239048
2023-12,No Elegible,Vulnerabilidad Moderada,1.0,1.0,1.0,1.0,1.776038647,2.823478261,1.790108696,1.0,foten,3,average,jefatura_masculina,no,espanol_ningun_adulto,adultos_uno_mas_analfabeta,,0,0,0.0,26.18890898,2.730928248,25.34612370011462,EXCLUSION,0.353312
2024-04,Lista de Reserva,Vulnerabilidad Elevada,2.070141643,1.0,2.578385269,1.0,1.776038647,1.0,2.580217391,2.544987923,sotap,1,low,,,espanol_uno_mas_adultos,adultos_ninguno_analfabeta,0.0,0,0,17.46888676,30.38303782,3.367962543,47.43633428473814,EXCLUSION,0.154002
2024-02,Elegible,Vulnerabilidad Moderada,1.0,1.0,1.0,1.0,1.776038647,2.823478261,2.580217391,1.0,sotap,4,average,jefatura_masculina,no,espanol_uno_mas_adultos,adultos_ninguno_analfabeta,,0,0,0.0,32.12448674,2.896589272,31.09068863222006,INCLUSION,0.251101
2023-06,Lista de Reserva,Vulnerabilidad Baja,1.0,1.0,1.0,1.0,1.0,1.498900966,1.0,1.0,sotap,2,average,jefatura_femenina,no,espanol_uno_mas_adultos,adultos_ninguno_analfabeta,-500.0,0,0,0.0,3.815111519,2.10647915,3.692337415207061,EXCLUSION,0.172040
2024-03,Elegible,Vulnerabilidad Moderada,1.0,1.525552408,1.0,1.0,1.776038647,2.823478261,2.580217391,1.0,foten,1,low,,,espanol_uno_mas_adultos,adultos_ninguno_analfabeta,,0,0,3.741369748,32.12448674,3.007954444,34.95245940008045,INCLUSION,0.259146
2023-12,Elegible,Vulnerabilidad Baja,2.700708215,1.0,1.249197356,1.0,1.0,1.0,1.790108696,1.0,sotap,1,low,,,espanol_uno_mas_adultos,adultos_ninguno_analfabeta,0.0,0,0,11.93561888,5.614422911,2.511971873,17.75346419847839,INCLUSION,0.177593
2023-08,Elegible,Vulnerabilidad Moderada,2.700708215,1.0,2.578385269,1.0,1.0,1.498900966,1.0,1.0,foten,1,low,,,espanol_uno_mas_adultos,adultos_ninguno_analfabeta,,0,0,20.97871872,3.815111519,2.730929228,25.34617228233538,INCLUSION,0.215578
2023-10,No Elegible,Vulnerabilidad Baja,1.0,1.0,1.0,1.0,1.776038647,1.0,1.790108696,1.0,sotap,2,average,jefatura_femenina,si,espanol_uno_mas_adultos,adultos_ninguno_analfabeta,0.0,0,0,0.0,12.01413641,2.33531262,11.62750948618979,EXCLUSION,0.240442
2023-10,Lista de Reserva,Vulnerabilidad Baja,1.0,1.0,1.0,1.0,1.0,1.498900966,1.0,1.0,sotap,1,low,,,espanol_uno_mas_adultos,adultos_ninguno_analfabeta,-500.0,0,0,0.0,3.815111519,2.10647915,3.692337415207061,EXCLUSION,0.182762
2023-10,No Elegible,Vulnerabilidad Elevada,2.700708215,1.0,1.249197356,1.0,1.776038647,2.823478261,2.580217391,1.043888889,sotap,1,low,,,espanol_uno_mas_adultos,adultos_ninguno_analfabeta,0.0,0,0,11.93561888,32.85812825,3.272339318,44.12043985596403,EXCLUSION,0.198343
2024-05,No Elegible,Vulnerabilidad Baja,1.0,1.0,1.0,1.0,1.776038647,1.498900966,1.790108696,1.0,sotap,2,average,jefatura_femenina,si,espanol_uno_mas_adultos,adultos_ninguno_analfabeta,-500.0,0,0,0.0,17.10850297,2.477495573,16.55793423592243,EXCLUSION,0.157056
2023-12,Elegible,Vulnerabilidad Moderada,1.0,1.0,1.0,1.0,1.776038647,2.823478261,2.580217391,1.0,sotap,1,low,,,espanol_uno_mas_adultos,adultos_ninguno_analfabeta,0.0,0,0,0.0,32.12448674,2.896589272,31.09068863222006,INCLUSION,0.237114
2023-08,Lista de Reserva,Vulnerabilidad Baja,1.0,1.0,1.0,1.0,1.776038647,1.498900966,1.790108696,1.0,pcr_cdmx,1,low,,,espanol_uno_mas_adultos,adultos_ninguno_analfabeta,0.0,0,0,0.0,17.10850297,2.477495573,16.55793423592243,EXCLUSION,0.257764
2024-05,No Elegible,Vulnerabilidad Elevada,2.700708215,1.0,3.251728045,1.0,1.776038647,1.0,1.790108696,2.544987923,sotap,1,low,,,espanol_uno_mas_adultos,adultos_ninguno_analfabeta,,0,0,24.2379543,24.59957006,3.408034155,48.82588720322744,EXCLUSION,0.152250
2024-05,Lista de Reserva,Vulnerabilidad Moderada,1.0,1.525552408,2.578385269,1.0,1.776038647,1.498900966,1.790108696,1.0,futij,1,low,,,espanol_ningun_adulto,adultos_ninguno_analfabeta,,0,0,13.7168894,17.10850297,2.885790892,30.71624685370383,EXCLUSION,0.209916
2024-05,Lista de Reserva,Vulnerabilidad Elevada,1.0,2.051104816,2.578385269,1.0,1.776038647,2.823478261,2.580217391,1.0,pcr_cdmx,2,average,jefatura_femenina,si,espanol_ningun_adulto,adultos_ninguno_analfabeta,0.0,0,0,17.3510839,32.12448674,3.413059597,49.00014776320596,EXCLUSION,0.236080
2024-02,No Elegible,Vulnerabilidad Moderada,1.0,1.0,1.0,1.0,1.776038647,2.117608696,2.580217391,1.0,sotap,1,low,,,espanol_ningun_adulto,adultos_ninguno_analfabeta,0.0,0,0,0.0,27.40879931,2.764975192,26.526756739404888,EXCLUSION,0.215323
2024-01,Elegible,Vulnerabilidad Baja,2.700708215,1.0,1.0,1.0,1.776038647,1.0,1.790108696,1.0,sotap,3,average,jefatura_masculina,si,espanol_ningun_adulto,adultos_ninguno_analfabeta,0.0,0,0,9.472088355,12.01413641,2.61725769,21.404419116542044,INCLUSION,0.194659
2024-04,No Elegible,Vulnerabilidad Moderada,1.0,1.0,2.578385269,1.0,1.776038647,1.498900966,2.580217391,1.0,sotap,3,average,jefatura_femenina,no,espanol_ningun_adulto,adultos_ninguno_analfabeta,,0,0,8.975915299,22.17502718,2.886077492,30.726181859557546,EXCLUSION,0.201254
2023-09,No Elegible,Vulnerabilidad Elevada,1.0,1.525552408,2.578385269,1.0,1.776038647,2.823478261,2.580217391,1.043888889,pcr_cdmx,2,average,jefatura_masculina,si,espanol_uno_mas_adultos,adultos_uno_mas_analfabeta,,0,0,13.7168894,32.85812825,3.325360407,45.95903344256815,EXCLUSION,0.288319
2024-05,No Elegible,Vulnerabilidad Elevada,2.700708215,1.0,3.251728045,1.0,1.776038647,1.0,2.580217391,1.0,sotap,1,low,,,espanol_uno_mas_adultos,adultos_ninguno_analfabeta,,0,0,24.2379543,16.59309681,3.184574771,41.07707026888569,EXCLUSION,0.166536
2024-05,No Elegible,Vulnerabilidad Elevada,2.070141643,1.0,1.0,1.0,1.776038647,2.823478261,2.580217391,1.043888889,sotap,3,low,jefatura_masculina,no,espanol_uno_mas_adultos,adultos_ninguno_analfabeta,0.0,0,0,6.702282231,32.85812825,3.116564434,38.71868920026256,EXCLUSION,0.155035
2023-10,Elegible,Vulnerabilidad Moderada,2.070141643,1.0,1.0,1.0,1.776038647,1.0,1.790108696,2.544987923,sotap,4,average,jefatura_masculina,no,espanol_uno_mas_adultos,adultos_ninguno_analfabeta,,-500,0,6.702282231,24.59957006,2.8860694,30.725899671374957,INCLUSION,0.224342
2023-07,No Elegible,Vulnerabilidad Elevada,2.070141643,1.0,2.578385269,1.0,1.0,2.117608696,1.790108696,1.043888889,sotap,2,low,jefatura_femenina,no,espanol_uno_mas_adultos,adultos_ninguno_analfabeta,0.0,0,-500,17.46888676,14.70478802,2.930385106,32.26262624155194,EXCLUSION,0.186532
2024-05,No Elegible,Vulnerabilidad Elevada,1.0,1.0,2.578385269,1.0,1.776038647,2.823478261,2.580217391,1.0,pcr_cdmx,1,low,,,espanol_uno_mas_adultos,adultos_ninguno_analfabeta,0.0,0,0,8.975915299,32.12448674,3.163765312,40.35545786145718,EXCLUSION,0.213732
2023-07,No Elegible por Intenciones,Vulnerabilidad Baja,2.070141643,1.0,1.0,1.0,1.776038647,1.498900966,1.790108696,1.043888889,pcr_cdmx,1,low,,,espanol_uno_mas_adultos,adultos_ninguno_analfabeta,,0,0,6.702282231,17.68003002,2.692946147,24.029037349402188,EXCLUSION,0.150831
2023-07,Lista de Reserva,Vulnerabilidad Baja,1.0,2.051104816,1.0,1.0,1.0,1.498900966,1.0,1.043888889,sotap,1,low,,,espanol_uno_mas_adultos,adultos_uno_mas_analfabeta,,0,0,6.609317356,4.243121443,2.315157003,10.928585349676254,EXCLUSION,0.165648
2024-06,No Elegible,Vulnerabilidad Baja,1.599560907,1.0,2.578385269,1.0,1.0,2.117608696,1.0,1.043888889,pcr_cdmx,1,low,,,espanol_uno_mas_adultos,adultos_ninguno_analfabeta,0.0,0,0,14.28054816,7.858894815,2.644413613,22.346098201295447,EXCLUSION,0.226759
2024-05,Lista de Reserva,Vulnerabilidad Baja,1.0,1.0,1.0,1.0,1.776038647,1.0,1.0,1.0,fomon,2,average,jefatura_femenina,no,espanol_uno_mas_adultos,adultos_ninguno_analfabeta,,0,0,0.0,5.532745347,2.154418035,5.354696068988193,EXCLUSION,0.193812
2023-10,Lista de Reserva,Vulnerabilidad Moderada,1.0,1.0,1.0,1.0,1.0,2.117608696,2.580217391,1.738466184,sotap,2,low,jefatura_femenina,no,espanol_uno_mas_adultos,adultos_ninguno_analfabeta,,0,0,0.0,27.07165714,2.755565608,26.20046414157766,EXCLUSION,0.195641
2023-06,No Elegible,Vulnerabilidad Elevada,1.0,1.0,3.251728045,1.0,1.776038647,2.823478261,2.580217391,1.0,sotap,3,low,jefatura_masculina,si,espanol_uno_mas_adultos,adultos_ninguno_analfabeta,0.0,0,0,11.51832969,32.12448674,3.23944252,42.97968968997395,EXCLUSION,0.212156
2024-03,Elegible,Vulnerabilidad Moderada,1.0,1.525552408,1.0,1.0,1.776038647,2.117608696,1.790108696,1.0,pcr_cdmx,4,average,jefatura_femenina,no,espanol_ningun_adulto,adultos_ninguno_analfabeta,,0,0,3.741369748,21.88512181,2.722175411,25.04260747289278,INCLUSION,0.280206
2023-09,No Elegible,Vulnerabilidad Moderada,1.0,1.0,1.0,1.0,1.776038647,2.823478261,1.790108696,1.0,sotap,1,low,,,espanol_ningun_adulto,adultos_uno_mas_analfabeta,,0,0,0.0,26.18890898,2.730928248,25.34612370011462,EXCLUSION,0.271826
2024-04,Lista de Reserva,Vulnerabilidad Baja,1.0,1.525552408,1.0,1.0,1.776038647,1.498900966,1.790108696,1.0,sotap,1,low,,,espanol_uno_mas_adultos,adultos_ninguno_analfabeta,0.0,0,0,3.741369748,17.10850297,2.588860746,20.41970500378282,EXCLUSION,0.189733
2024-04,Elegible,Vulnerabilidad Elevada,2.070141643,1.0,1.0,1.0,1.776038647,2.823478261,2.580217391,1.043888889,foten,2,average,jefatura_masculina,si,espanol_uno_mas_adultos,adultos_uno_mas_analfabeta,,0,0,6.702282231,32.85812825,3.116564434,38.71868920026256,INCLUSION,0.182348
2024-01,Elegible por Proceso Acelerado,Vulnerabilidad Baja,1.0,1.0,1.0,1.0,1.0,1.0,1.0,1.0,sotap,1,low,,,espanol_ningun_adulto,adultos_ninguno_analfabeta,,0,0,0.0,0.0,2.0,0.0,INCLUSION,0.210531
2024-05,No Elegible,Vulnerabilidad Elevada,2.070141643,1.0,1.0,1.0,1.776038647,2.823478261,1.790108696,1.043888889,sotap,3,low,jefatura_masculina,no,espanol_ningun_adulto,adultos_ninguno_analfabeta,0.0,0,0,6.702282231,26.85846924,2.949114914,32.912105216863374,EXCLUSION,0.179596
2024-01,Elegible por Proceso Acelerado,Vulnerabilidad Moderada,1.0,1.0,1.0,1.0,1.776038647,2.823478261,1.790108696,1.043888889,sotap,1,low,,,espanol_uno_mas_adultos,adultos_ninguno_analfabeta,0.0,0,0,0.0,26.85846924,2.749615568,25.99413684138756,INCLUSION,0.265148
2024-02,No Elegible,Vulnerabilidad Moderada,1.0,1.0,1.0,1.0,1.776038647,2.823478261,1.790108696,1.0,sotap,6,average,jefatura_femenina,no,espanol_uno_mas_adultos,adultos_ninguno_analfabeta,0.0,0,0,0.0,26.18890898,2.730928248,25.34612370011462,EXCLUSION,0.259569
2023-09,No Elegible,Vulnerabilidad Moderada,2.700708215,1.0,2.578385269,1.0,1.0,1.498900966,1.0,1.0,sotap,1,low,,,espanol_uno_mas_adultos,adultos_ninguno_analfabeta,-500.0,0,0,20.97871872,3.815111519,2.730929228,25.34617228233538,EXCLUSION,0.165196
2023-10,Elegible,Vulnerabilidad Baja,1.0,1.0,1.0,1.0,1.0,1.498900966,1.0,1.0,futij,3,average,jefatura_femenina,no,espanol_uno_mas_adultos,adultos_ninguno_analfabeta,,-500,0,0.0,3.815111519,2.10647915,3.692337415207061,INCLUSION,0.260700
2024-02,No Elegible,Vulnerabilidad Elevada,1.0,2.051104816,1.0,1.0,1.776038647,2.823478261,1.790108696,1.0,sotap,4,average,jefatura_masculina,no,espanol_uno_mas_adultos,adultos_ninguno_analfabeta,0.0,0,0,6.609317356,26.18890898,2.927660413,32.16813549794806,EXCLUSION,0.249669
2023-10,Elegible,Vulnerabilidad Baja,1.0,1.0,1.0,1.0,1.0,2.117608696,1.790108696,1.043888889,sotap,1,low,,,espanol_uno_mas_adultos,adultos_ninguno_analfabeta,0.0,0,0,0.0,14.70478802,2.410408275,14.23157323672838,INCLUSION,0.220839
2024-02,No Elegible,Vulnerabilidad Moderada,1.0,1.0,1.0,1.0,1.776038647,2.823478261,1.790108696,1.0,fupal,1,low,,,espanol_uno_mas_adultos,adultos_ninguno_analfabeta,,0,0,0.0,26.18890898,2.730928248,25.34612370011462,EXCLUSION,0.258278
2024-02,Elegible,Vulnerabilidad Moderada,1.0,1.525552408,2.578385269,1.0,1.776038647,1.0,1.790108696,1.043888889,sotap,1,low,,,espanol_uno_mas_adultos,adultos_ninguno_analfabeta,0.0,0,0,13.7168894,12.53066404,2.758024142,26.28572735831016,INCLUSION,0.237083
2024-02,Elegible,Vulnerabilidad Elevada,2.700708215,1.0,2.578385269,1.0,1.776038647,2.117608696,1.790108696,1.043888889,foten,1,low,,,espanol_uno_mas_adultos,adultos_ninguno_analfabeta,,0,0,20.97871872,22.50821784,3.252650827,43.43771574881928,INCLUSION,0.255390
2023-08,Lista de Reserva,Vulnerabilidad Severa,2.700708215,2.051104816,3.251728045,1.0,1.776038647,2.823478261,1.790108696,1.0,foten,4,average,jefatura_masculina,no,espanol_uno_mas_adultos,adultos_ninguno_analfabeta,,0,0,35.61565687,26.18890898,3.791059708,62.10792802384809,EXCLUSION,0.260476
2023-11,Lista de Reserva,Vulnerabilidad Baja,1.0,1.0,1.0,1.564135978,1.0,2.117608696,1.790108696,1.043888889,sotap,1,low,,,espanol_uno_mas_adultos,adultos_uno_mas_analfabeta,,0,0,3.975239986,14.70478802,2.528734801,18.334740420717846,EXCLUSION,0.222911
2024-06,No Elegible,Vulnerabilidad Elevada,1.0,1.525552408,1.0,1.0,1.776038647,2.823478261,2.580217391,1.0,sotap,3,average,jefatura_masculina,no,espanol_uno_mas_adultos,adultos_ninguno_analfabeta,,0,-500,3.741369748,32.12448674,3.007954444,34.95245940008045,EXCLUSION,0.217902
2024-01,Elegible,Vulnerabilidad Baja,1.0,1.0,1.0,1.0,1.0,1.0,1.790108696,1.0,sotap,1,low,,,espanol_uno_mas_adultos,adultos_ninguno_analfabeta,500.0,0,0,0.0,5.614422911,2.156697643,5.433745167301109,INCLUSION,0.201653
2023-10,Elegible,Vulnerabilidad Elevada,2.700708215,2.051104816,3.251728045,1.0,1.0,2.117608696,1.790108696,1.0,sotap,1,low,,,espanol_uno_mas_adultos,adultos_ninguno_analfabeta,,0,0,35.61565687,14.16503897,3.455475425,50.4709981746399,INCLUSION,0.182158
2023-10,No Elegible,Vulnerabilidad Moderada,1.0,1.0,2.578385269,1.0,1.776038647,1.0,2.580217391,1.043888889,sotap,2,low,jefatura_masculina,si,espanol_uno_mas_adultos,adultos_ninguno_analfabeta,0.0,-500,0,8.975915299,17.15905947,2.746082638,25.87163300643305,EXCLUSION,0.265005
2024-02,Lista de Reserva,Vulnerabilidad Moderada,1.0,1.0,1.0,1.0,1.776038647,2.823478261,1.790108696,1.0,fupal,1,low,,,espanol_uno_mas_adultos,adultos_ninguno_analfabeta,,0,0,0.0,26.18890898,2.730928248,25.34612370011462,EXCLUSION,0.267063
2024-02,Elegible,Vulnerabilidad Baja,1.0,1.0,1.0,1.0,1.0,1.0,1.0,1.0,sotap,1,low,,,espanol_uno_mas_adultos,adultos_ninguno_analfabeta,,0,0,0.0,0.0,2.0,0.0,INCLUSION,0.202808
2024-01,Elegible por Proceso Acelerado,Vulnerabilidad Baja,2.700708215,1.0,1.0,1.0,1.0,2.117608696,1.790108696,1.043888889,sotap,4,average,jefatura_femenina,si,espanol_uno_mas_adultos,adultos_ninguno_analfabeta,,0,0,9.472088355,14.70478802,2.692353344,24.00848286708064,INCLUSION,0.188124
2023-08,Elegible,Vulnerabilidad Elevada,1.0,1.0,1.0,1.0,1.776038647,2.823478261,2.580217391,1.043888889,sotap,3,low,jefatura_masculina,si,espanol_uno_mas_adultos,adultos_ninguno_analfabeta,0.0,0,0,0.0,32.85812825,2.917065088,31.80072082478675,INCLUSION,0.221043
2024-06,No Elegible,Vulnerabilidad Baja,1.0,1.0,1.0,1.0,1.0,2.117608696,1.790108696,1.0,sotap,1,low,,,espanol_uno_mas_adultos,adultos_ninguno_analfabeta,,0,0,0.0,14.16503897,2.395343965,13.709193850906429,EXCLUSION,0.160520
2024-02,No Elegible por Duplicidad,Vulnerabilidad Baja,1.0,1.0,1.0,1.0,1.0,2.117608696,1.0,1.0,sotap,1,low,,,espanol_uno_mas_adultos,adultos_ninguno_analfabeta,,0,0,0.0,7.392265486,2.206316944,7.154374990395034,EXCLUSION,0.212945
2023-10,Lista de Reserva,Vulnerabilidad Elevada,1.0,1.525552408,2.578385269,1.0,1.776038647,2.823478261,1.790108696,1.043888889,sotap,1,low,,,espanol_uno_mas_adultos,adultos_uno_mas_analfabeta,0.0,0,0,13.7168894,26.85846924,3.157910887,40.15244945916896,EXCLUSION,0.316632
2023-06,Lista de Reserva,Vulnerabilidad Moderada,2.070141643,1.0,1.0,1.0,1.776038647,1.498900966,2.580217391,1.043888889,foten,1,low,,,espanol_uno_mas_adultos,adultos_ninguno_analfabeta,0.0,0,0,6.702282231,22.80125306,2.835878661,28.985454310751948,EXCLUSION,0.170830
2024-07,No Elegible,Vulnerabilidad Moderada,1.0,2.051104816,1.0,1.0,1.776038647,2.117608696,1.790108696,1.0,sotap,3,low,jefatura_masculina,no,espanol_uno_mas_adultos,adultos_ninguno_analfabeta,,0,0,6.609317356,21.88512181,2.807542403,28.002848502865827,EXCLUSION,0.205948
2023-07,Lista de Reserva,Vulnerabilidad Baja,1.0,1.0,1.0,1.0,1.776038647,1.0,2.580217391,1.043888889,sotap,1,low,,,espanol_ningun_adulto,adultos_uno_mas_analfabeta,0.0,0,0,0.0,17.15905947,2.478906597,16.60686377719593,EXCLUSION,0.200878
2024-02,No Elegible,Vulnerabilidad Elevada,2.070141643,1.0,2.578385269,1.0,1.776038647,2.823478261,2.580217391,1.043888889,sotap,1,low,,,espanol_uno_mas_adultos,adultos_ninguno_analfabeta,0.0,0,0,17.46888676,32.85812825,3.43704192,49.83177382961031,EXCLUSION,0.250349
2024-05,No Elegible,Vulnerabilidad Severa,2.700708215,1.0,3.251728045,1.0,1.776038647,2.117608696,2.580217391,1.043888889,sotap,4,complete,jefatura_femenina,si,espanol_uno_mas_adultos,adultos_ninguno_analfabeta,,0,0,24.2379543,28.09152966,3.505494188,52.20547205133984,EXCLUSION,0.185624
2024-03,Lista de Reserva,Vulnerabilidad Elevada,1.0,1.0,2.578385269,1.0,1.776038647,2.823478261,2.580217391,1.0,foten,1,low,,,espanol_uno_mas_adultos,adultos_ninguno_analfabeta,0.0,0,0,8.975915299,32.12448674,3.163765312,40.35545786145718,EXCLUSION,0.288035
2024-04,No Elegible por Duplicidad,Vulnerabilidad Elevada,2.700708215,1.0,3.251728045,1.0,1.776038647,2.117608696,2.580217391,1.0,sotap,1,low,,,espanol_uno_mas_adultos,adultos_ninguno_analfabeta,0.0,0,0,24.2379543,27.40879931,3.486439293,51.54471264673319,EXCLUSION,0.176476
2023-06,No Elegible,Vulnerabilidad Moderada,1.0,1.0,1.0,1.0,1.776038647,2.823478261,2.580217391,1.0,pcr_cdmx,4,average,jefatura_masculina,no,espanol_uno_mas_adultos,adultos_ninguno_analfabeta,,0,0,0.0,32.12448674,2.896589272,31.09068863222006,EXCLUSION,0.205426
2024-04,Lista de Reserva,Vulnerabilidad Severa,2.070141643,1.0,2.578385269,1.0,1.776038647,1.498900966,2.580217391,2.544987923,sotap,3,complete,jefatura_femenina,si,espanol_ningun_adulto,adultos_uno_mas_analfabeta,0.0,0,0,17.46888676,37.43330939,3.564734492,54.25972106534397,EXCLUSION,0.214385
2023-08,No Elegible,Vulnerabilidad Elevada,1.0,1.0,2.578385269,1.0,1.776038647,2.823478261,2.580217391,1.043888889,foten,2,average,jefatura_femenina,si,espanol_uno_mas_adultos,adultos_ninguno_analfabeta,,0,0,8.975915299,32.85812825,3.184241129,41.06549005402387,EXCLUSION,0.291717
2024-06,No Elegible,Vulnerabilidad Baja,1.0,1.0,1.0,1.0,1.776038647,2.117608696,1.790108696,1.0,futij,1,low,,,espanol_uno_mas_adultos,adultos_ninguno_analfabeta,,-500,0,0.0,21.88512181,2.610810239,21.18083670503239,EXCLUSION,0.218256
2024-06,No Elegible,Vulnerabilidad Elevada,2.700708215,1.0,1.249197356,1.0,1.776038647,2.117608696,1.790108696,1.043888889,sotap,3,average,jefatura_femenina,si,espanol_uno_mas_adultos,adultos_ninguno_analfabeta,,0,0,11.93561888,22.50821784,2.983474979,34.10359991286824,EXCLUSION,0.128588
2023-11,Lista de Reserva,Vulnerabilidad Baja,1.0,1.0,1.0,1.0,1.776038647,1.498900966,1.790108696,1.0,pcr_cdmx,1,low,,,espanol_uno_mas_adultos,adultos_ninguno_analfabeta,,0,0,0.0,17.10850297,2.477495573,16.55793423592243,EXCLUSION,0.244662
2023-09,Elegible,Vulnerabilidad Baja,1.0,1.0,1.0,1.0,1.776038647,1.0,2.580217391,1.043888889,sotap,1,low,,,espanol_uno_mas_adultos,adultos_ninguno_analfabeta,,0,0,0.0,17.15905947,2.478906597,16.60686377719593,INCLUSION,0.193015
2024-04,Elegible,Vulnerabilidad Elevada,1.0,1.0,2.578385269,1.0,1.776038647,2.117608696,2.580217391,1.043888889,sotap,2,average,jefatura_femenina,si,espanol_ningun_adulto,adultos_uno_mas_analfabeta,,0,0,8.975915299,28.09152966,3.051206127,36.45228537324866,INCLUSION,0.219809
2023-06,Elegible,Vulnerabilidad Baja,1.0,1.0,1.0,1.0,1.0,1.0,1.790108696,1.0,sotap,1,low,,,espanol_ningun_adulto,adultos_uno_mas_analfabeta,,0,0,0.0,5.614422911,2.156697643,5.433745167301109,INCLUSION,0.175302
2023-08,No Elegible,Vulnerabilidad Elevada,2.070141643,1.0,1.0,1.0,1.776038647,2.117608696,2.580217391,1.043888889,fupal,2,low,jefatura_masculina,no,espanol_uno_mas_adultos,adultos_ninguno_analfabeta,,0,0,6.702282231,28.09152966,2.983529432,34.10548451948735,EXCLUSION,0.232247
2024-03,No Elegible,Vulnerabilidad Severa,2.700708215,1.0,2.578385269,1.0,1.776038647,2.823478261,2.580217391,1.0,sotap,2,average,jefatura_masculina,no,espanol_uno_mas_adultos,adultos_ninguno_analfabeta,0.0,0,0,20.97871872,32.12448674,3.521039349,52.74452349934838,EXCLUSION,0.261438
2023-08,Elegible,Vulnerabilidad Moderada,1.0,1.525552408,1.0,1.0,1.776038647,2.117608696,1.790108696,1.0,sotap,1,low,,,espanol_uno_mas_adultos,adultos_ninguno_analfabeta,,0,0,3.741369748,21.88512181,2.722175411,25.04260747289278,INCLUSION,0.216905
2024-04,Lista de Reserva,Vulnerabilidad Baja,1.0,1.0,2.578385269,1.0,1.776038647,1.0,1.790108696,1.0,fomon,1,low,,,espanol_uno_mas_adultos,adultos_ninguno_analfabeta,0.0,0,0,8.975915299,12.01413641,2.602488661,20.89227871542691,EXCLUSION,0.222951
2024-04,No Elegible,Vulnerabilidad Elevada,2.070141643,1.0,3.251728045,1.0,1.0,2.117608696,2.580217391,1.043888889,sotap,4,average,jefatura_femenina,no,espanol_uno_mas_adultos,adultos_ninguno_analfabeta,0.0,0,0,20.51851115,19.54126117,3.156145058,40.09122120160637,EXCLUSION,0.158545
2024-06,Lista de Reserva,Vulnerabilidad Severa,2.070141643,2.051104816,2.578385269,1.0,1.776038647,2.823478261,2.580217391,2.544987923,sotap,3,complete,jefatura_masculina,si,espanol_ningun_adulto,adultos_uno_mas_analfabeta,0.0,0,0,27.51489601,50.0,4.214497142,76.79130287849782,EXCLUSION,0.214655
2023-11,Elegible,Vulnerabilidad Baja,1.0,2.051104816,1.249197356,1.0,1.776038647,1.0,1.790108696,1.043888889,sotap,1,low,,,espanol_uno_mas_adultos,adultos_ninguno_analfabeta,0.0,0,0,8.909093135,12.53066404,2.614915843,21.3232114017062,INCLUSION,0.220921
2023-09,No Elegible,Vulnerabilidad Baja,1.0,1.0,1.0,1.0,1.0,2.117608696,1.0,1.0,pcr_cdmx,1,low,,,espanol_uno_mas_adultos,adultos_ninguno_analfabeta,0.0,0,0,0.0,7.392265486,2.206316944,7.154374990395034,EXCLUSION,0.240591
2023-12,No Elegible,Vulnerabilidad Elevada,1.0,1.0,2.578385269,1.0,1.776038647,2.823478261,2.580217391,1.043888889,fupal,1,low,,,espanol_uno_mas_adultos,adultos_ninguno_analfabeta,,0,0,8.975915299,32.85812825,3.184241129,41.06549005402387,EXCLUSION,0.277875
2024-01,Lista de Reserva,Vulnerabilidad Baja,1.0,1.0,2.578385269,1.0,1.776038647,1.0,1.790108696,1.043888889,sotap,1,low,,,espanol_uno_mas_adultos,adultos_ninguno_analfabeta,,0,0,8.975915299,12.53066404,2.616904864,21.39218396976588,EXCLUSION,0.263592
2024-06,No Elegible,Vulnerabilidad Moderada,1.0,1.0,1.249197356,1.0,1.776038647,2.117608696,2.580217391,1.043888889,sotap,1,low,,,espanol_uno_mas_adultos,adultos_ninguno_analfabeta,0.0,0,0,1.921713018,28.09152966,2.841231571,29.1710718086438,EXCLUSION,0.178567
2023-07,Lista de Reserva,Vulnerabilidad Elevada,2.700708215,1.0,3.251728045,1.0,1.776038647,2.823478261,1.0,1.0,sotap,3,low,jefatura_masculina,no,espanol_ningun_adulto,adultos_ninguno_analfabeta,0.0,0,0,24.2379543,17.78726377,3.21790378,42.23280774194593,EXCLUSION,0.208331
2023-12,Elegible,Vulnerabilidad Baja,1.0,1.0,1.0,1.0,1.776038647,1.498900966,1.790108696,1.0,fusal,1,low,,,espanol_uno_mas_adultos,adultos_ninguno_analfabeta,,0,0,0.0,17.10850297,2.477495573,16.55793423592243,INCLUSION,0.258753
2024-05,No Elegible por Duplicidad,Vulnerabilidad Elevada,2.070141643,1.0,1.0,1.0,1.776038647,2.823478261,2.580217391,1.043888889,sotap,2,complete,jefatura_femenina,si,espanol_uno_mas_adultos,adultos_ninguno_analfabeta,-500.0,0,0,6.702282231,32.85812825,3.116564434,38.71868920026256,EXCLUSION,0.173913
2024-05,No Elegible,Vulnerabilidad Baja,1.0,1.0,1.0,1.0,1.776038647,1.0,1.790108696,1.0,sotap,1,low,,,espanol_uno_mas_adultos,adultos_uno_mas_analfabeta,,0,0,0.0,12.01413641,2.33531262,11.62750948618979,EXCLUSION,0.199580
2024-04,No Elegible,Vulnerabilidad Elevada,1.0,1.0,1.0,1.0,1.776038647,2.823478261,2.580217391,1.043888889,foten,1,low,,,espanol_uno_mas_adultos,adultos_ninguno_analfabeta,,0,0,0.0,32.85812825,2.917065088,31.80072082478675,EXCLUSION,0.200739
2024-01,Elegible,Vulnerabilidad Baja,2.070141643,1.0,1.0,1.564135978,1.0,1.0,1.790108696,1.043888889,sotap,2,low,jefatura_masculina,no,espanol_uno_mas_adultos,adultos_ninguno_analfabeta,,0,0,11.47057999,6.061858428,2.510617433,17.706496486586722,INCLUSION,0.150036
2023-08,No Elegible,Vulnerabilidad Elevada,1.0,1.0,2.578385269,1.0,1.776038647,2.823478261,1.790108696,1.043888889,sotap,3,average,jefatura_femenina,si,espanol_uno_mas_adultos,adultos_ninguno_analfabeta,-500.0,0,0,8.975915299,26.85846924,3.016791609,35.25890607062468,EXCLUSION,0.271339
2023-10,No Elegible,Vulnerabilidad Elevada,2.700708215,1.525552408,2.578385269,1.0,1.776038647,2.117608696,1.790108696,1.0,sotap,1,low,,,espanol_uno_mas_adultos,adultos_ninguno_analfabeta,0.0,0,0,27.05638709,21.88512181,3.416167479,49.10792538797568,EXCLUSION,0.225107
2024-01,No Elegible por Intenciones,Vulnerabilidad Elevada,1.599560907,2.051104816,1.0,1.0,1.776038647,2.117608696,1.790108696,1.0,sotap,1,low,,,espanol_ningun_adulto,adultos_ninguno_analfabeta,0.0,0,0,11.61905914,21.88512181,2.956661789,33.17380878721673,EXCLUSION,0.269079
2024-01,Elegible,Vulnerabilidad Elevada,1.0,1.0,2.578385269,1.0,1.776038647,2.117608696,1.790108696,1.738466184,sotap,4,average,jefatura_masculina,no,espanol_uno_mas_adultos,adultos_ninguno_analfabeta,0.0,0,0,8.975915299,30.44211729,3.116810651,38.727228742727625,INCLUSION,0.301040
2023-09,Elegible,Vulnerabilidad Moderada,1.0,1.0,1.0,1.0,1.776038647,1.498900966,2.580217391,1.738466184,sotap,1,low,,,espanol_uno_mas_adultos,adultos_uno_mas_analfabeta,,0,0,0.0,30.77500505,2.858925454,29.78463461248595,INCLUSION,0.216435
2023-09,Elegible,Vulnerabilidad Baja,1.0,1.0,1.0,1.0,1.776038647,1.498900966,1.0,1.0,sotap,4,low,jefatura_femenina,no,espanol_uno_mas_adultos,adultos_ninguno_analfabeta,0.0,0,0,0.0,9.93697889,2.277339487,9.61719697234091,INCLUSION,0.225876
2024-02,No Elegible,Vulnerabilidad Elevada,2.070141643,1.0,1.0,1.0,1.776038647,2.823478261,1.790108696,1.043888889,sotap,2,average,jefatura_femenina,si,espanol_uno_mas_adultos,adultos_ninguno_analfabeta,,0,0,6.702282231,26.85846924,2.949114914,32.912105216863374,EXCLUSION,0.249836
2024-01,Elegible,Vulnerabilidad Baja,1.0,1.0,1.0,1.0,1.0,1.498900966,1.0,1.0,foten,2,average,jefatura_masculina,no,espanol_uno_mas_adultos,adultos_ninguno_analfabeta,0.0,0,0,0.0,3.815111519,2.10647915,3.692337415207061,INCLUSION,0.274009
2024-05,No Elegible,Vulnerabilidad Moderada,1.0,1.0,1.0,1.0,1.776038647,2.823478261,2.580217391,1.0,fupal,3,low,jefatura_femenina,no,espanol_ningun_adulto,adultos_uno_mas_analfabeta,,0,0,0.0,32.12448674,2.896589272,31.09068863222006,EXCLUSION,0.256234
2023-10,Lista de Reserva,Vulnerabilidad Baja,1.0,1.0,1.0,1.0,1.0,2.823478261,1.0,1.0,fupal,1,low,,,espanol_uno_mas_adultos,adultos_ninguno_analfabeta,,0,0,0.0,10.61532135,2.296271916,10.27370969363565,EXCLUSION,0.271910
2024-01,Elegible,Vulnerabilidad Elevada,2.070141643,1.525552408,1.0,1.0,1.776038647,2.117608696,1.790108696,1.043888889,sotap,2,average,jefatura_femenina,si,espanol_uno_mas_adultos,adultos_uno_mas_analfabeta,,0,0,11.1900528,22.50821784,2.961282546,33.33404077084776,INCLUSION,0.258181
2024-02,No Elegible,Vulnerabilidad Baja,1.0,1.0,1.0,1.0,1.776038647,1.498900966,1.790108696,1.0,sotap,4,average,jefatura_masculina,no,espanol_uno_mas_adultos,adultos_ninguno_analfabeta,,0,0,0.0,17.10850297,2.477495573,16.55793423592243,EXCLUSION,0.251782
2024-03,No Elegible por Intenciones,Vulnerabilidad Elevada,1.0,2.051104816,1.0,1.0,1.776038647,2.823478261,1.790108696,1.0,fupal,4,average,jefatura_masculina,no,espanol_uno_mas_adultos,adultos_ninguno_analfabeta,,0,0,6.609317356,26.18890898,2.927660413,32.16813549794806,EXCLUSION,0.281462
2023-12,Lista de Reserva,Vulnerabilidad Elevada,2.070141643,1.0,1.0,1.0,1.776038647,2.117608696,2.580217391,2.544987923,sotap,1,low,,,espanol_uno_mas_adultos,adultos_ninguno_analfabeta,,0,0,6.702282231,44.04383881,3.428755821,49.5444324087312,EXCLUSION,0.189588
2023-08,No Elegible,Vulnerabilidad Baja,2.070141643,1.0,1.0,1.0,1.0,1.498900966,1.790108696,1.043888889,sotap,1,low,,,espanol_uno_mas_adultos,adultos_ninguno_analfabeta,0.0,0,0,6.702282231,10.52243148,2.49317872,17.10177748801793,EXCLUSION,0.182616
2023-08,No Elegible,Vulnerabilidad Elevada,2.070141643,1.0,1.0,1.0,1.776038647,2.117608696,2.580217391,1.043888889,sotap,2,complete,jefatura_femenina,si,espanol_uno_mas_adultos,adultos_ninguno_analfabeta,,0,0,6.702282231,28.09152966,2.983529432,34.10548451948735,EXCLUSION,0.178094
2024-02,Elegible,Vulnerabilidad Moderada,1.0,1.0,2.578385269,1.0,1.776038647,2.117608696,1.790108696,1.043888889,sotap,1,low,,,espanol_uno_mas_adultos,adultos_ninguno_analfabeta,,0,0,8.975915299,22.50821784,2.89537679,31.04865011092808,INCLUSION,0.263772
2023-12,No Elegible,Vulnerabilidad Elevada,1.0,1.0,2.578385269,1.0,1.776038647,2.823478261,2.580217391,1.043888889,sotap,4,average,jefatura_femenina,no,espanol_uno_mas_adultos,adultos_ninguno_analfabeta,0.0,0,0,8.975915299,32.85812825,3.184241129,41.06549005402387,EXCLUSION,0.301263
2024-04,No Elegible,Vulnerabilidad Baja,1.0,1.0,1.0,1.0,1.776038647,1.0,1.0,1.0,sotap,1,low,,,espanol_uno_mas_adultos,adultos_ninguno_analfabeta,0.0,0,-500,0.0,5.532745347,2.154418035,5.354696068988193,EXCLUSION,0.226318
2023-07,No Elegible,Vulnerabilidad Elevada,2.070141643,2.051104816,2.578385269,1.0,1.0,1.0,1.790108696,1.043888889,sotap,2,average,jefatura_femenina,si,espanol_uno_mas_adultos,adultos_ninguno_analfabeta,-500.0,0,0,27.51489601,6.061858428,2.98819066,34.26713464042634,EXCLUSION,0.166893
2024-04,Elegible,Vulnerabilidad Elevada,1.0,2.051104816,2.578385269,1.0,1.776038647,2.117608696,1.790108696,1.0,sotap,1,low,,,espanol_uno_mas_adultos,adultos_ninguno_analfabeta,,0,0,17.3510839,21.88512181,3.127280564,39.090295836018285,INCLUSION,0.225489
2024-05,No Elegible,Vulnerabilidad Baja,1.0,1.525552408,1.0,1.0,1.0,2.117608696,1.790108696,1.0,sotap,4,average,jefatura_masculina,no,espanol_uno_mas_adultos,adultos_ninguno_analfabeta,,0,0,3.741369748,14.16503897,2.506709138,17.570964618766816,EXCLUSION,0.193954
2023-10,Elegible,Vulnerabilidad Elevada,2.700708215,1.0,1.0,1.0,1.776038647,2.823478261,1.790108696,1.0,sotap,3,average,jefatura_femenina,no,espanol_uno_mas_adultos,adultos_ninguno_analfabeta,0.0,0,0,9.472088355,26.18890898,3.012873318,35.123033330466875,INCLUSION,0.245879
2023-12,Elegible,Vulnerabilidad Elevada,1.0,1.0,2.578385269,1.0,1.776038647,2.823478261,1.790108696,1.0,sotap,2,low,jefatura_masculina,no,espanol_uno_mas_adultos,adultos_ninguno_analfabeta,-500.0,0,0,8.975915299,26.18890898,2.998104289,34.61089292935174,INCLUSION,0.265127
2023-08,Elegible,Vulnerabilidad Elevada,2.070141643,1.0,1.0,1.0,1.776038647,2.823478261,1.790108696,1.043888889,foten,4,average,jefatura_femenina,si,espanol_uno_mas_adultos,adultos_ninguno_analfabeta,0.0,0,0,6.702282231,26.85846924,2.949114914,32.912105216863374,INCLUSION,0.225751
2024-04,Lista de Reserva,Vulnerabilidad Moderada,1.0,1.0,1.0,1.0,1.776038647,2.823478261,1.790108696,1.043888889,sotap,1,low,,,espanol_uno_mas_adultos,adultos_ninguno_analfabeta,0.0,0,0,0.0,26.85846924,2.749615568,25.99413684138756,EXCLUSION,0.205675
2023-08,Elegible,Vulnerabilidad Baja,1.0,1.0,2.578385269,1.0,1.776038647,1.0,1.790108696,1.0,sotap,4,average,jefatura_femenina,no,espanol_uno_mas_adultos,adultos_ninguno_analfabeta,0.0,0,0,8.975915299,12.01413641,2.602488661,20.89227871542691,INCLUSION,0.260743
2024-04,No Elegible,Vulnerabilidad Moderada,1.0,1.0,2.578385269,1.0,1.776038647,1.0,2.580217391,1.043888889,sotap,3,average,jefatura_femenina,no,espanol_uno_mas_adultos,adultos_ninguno_analfabeta,-500.0,0,0,8.975915299,17.15905947,2.746082638,25.87163300643305,EXCLUSION,0.192846
2023-11,No Elegible,Vulnerabilidad Elevada,2.700708215,1.0,3.251728045,1.0,1.776038647,2.823478261,1.790108696,1.0,futij,2,low,jefatura_masculina,no,espanol_uno_mas_adultos,adultos_ninguno_analfabeta,0.0,0,0,24.2379543,26.18890898,3.45239235,50.36407960744292,EXCLUSION,0.277734
2024-05,Lista de Reserva,Vulnerabilidad Baja,1.0,1.0,1.0,1.0,1.0,1.0,1.0,1.0,fupal,1,low,,,espanol_uno_mas_adultos,adultos_ninguno_analfabeta,,0,0,0.0,0.0,2.0,0.0,EXCLUSION,0.184184
2023-07,Lista de Reserva,Vulnerabilidad Moderada,1.0,1.0,1.0,1.0,1.776038647,2.117608696,2.580217391,1.043888889,sotap,1,low,,,espanol_uno_mas_adultos,adultos_ninguno_analfabeta,0.0,0,0,0.0,28.09152966,2.784030087,27.18751614401154,EXCLUSION,0.175091
2023-12,Elegible,Vulnerabilidad Baja,1.0,1.0,1.0,1.0,1.0,1.0,1.0,1.0,sotap,4,average,jefatura_femenina,si,espanol_uno_mas_adultos,adultos_ninguno_analfabeta,0.0,-500,0,0.0,0.0,2.0,0.0,INCLUSION,0.253926
2024-04,No Elegible,Vulnerabilidad Baja,2.070141643,1.525552408,1.0,1.0,1.0,1.0,1.790108696,1.043888889,sotap,1,low,,,espanol_uno_mas_adultos,adultos_uno_mas_analfabeta,,0,0,11.1900528,6.061858428,2.502267294,17.41694165108533,EXCLUSION,0.142883
2024-04,No Elegible,Vulnerabilidad Elevada,1.0,1.0,3.251728045,1.0,1.776038647,2.823478261,2.580217391,1.043888889,sotap,1,low,,,espanol_uno_mas_adultos,adultos_uno_mas_analfabeta,,0,0,11.51832969,32.85812825,3.259918337,43.68972188254064,EXCLUSION,0.277880
2023-11,No Elegible,Vulnerabilidad Elevada,2.070141643,1.0,1.0,1.0,1.776038647,2.823478261,2.580217391,1.043888889,foten,1,low,,,espanol_uno_mas_adultos,adultos_uno_mas_analfabeta,,0,0,6.702282231,32.85812825,3.116564434,38.71868920026256,EXCLUSION,0.278588
2023-11,Elegible,Vulnerabilidad Elevada,1.0,1.0,1.0,1.0,1.776038647,2.823478261,2.580217391,1.043888889,fupal,1,low,,,espanol_uno_mas_adultos,adultos_ninguno_analfabeta,,0,0,0.0,32.85812825,2.917065088,31.80072082478675,INCLUSION,0.272397
2024-04,No Elegible,Vulnerabilidad Elevada,2.070141643,1.0,1.0,1.0,1.776038647,2.117608696,2.580217391,1.043888889,sotap,2,average,jefatura_femenina,no,espanol_uno_mas_adultos,adultos_ninguno_analfabeta,,0,0,6.702282231,28.09152966,2.983529432,34.10548451948735,EXCLUSION,0.142574
2024-05,No Elegible,Vulnerabilidad Moderada,1.0,1.0,1.0,1.0,1.776038647,2.823478261,1.790108696,1.0,sotap,1,low,,,espanol_uno_mas_adultos,adultos_ninguno_analfabeta,,0,0,0.0,26.18890898,2.730928248,25.34612370011462,EXCLUSION,0.208085
2024-01,No Elegible,Vulnerabilidad Severa,2.700708215,1.0,2.578385269,1.0,1.776038647,2.823478261,2.580217391,1.0,foten,5,high,jefatura_femenina,si,espanol_uno_mas_adultos,adultos_ninguno_analfabeta,,0,0,20.97871872,32.12448674,3.521039349,52.74452349934838,EXCLUSION,0.319939
2024-05,No Elegible por Intenciones,Vulnerabilidad Elevada,1.0,1.525552408,2.578385269,1.0,1.776038647,2.823478261,1.790108696,1.0,sotap,2,average,jefatura_femenina,si,espanol_uno_mas_adultos,adultos_uno_mas_analfabeta,,0,0,13.7168894,26.18890898,3.139223567,39.50443631789602,EXCLUSION,0.278531
2024-01,Elegible,Vulnerabilidad Baja,1.0,1.0,1.0,1.0,1.776038647,2.823478261,1.0,1.0,fupal,1,low,,,espanol_uno_mas_adultos,adultos_uno_mas_analfabeta,0.0,0,0,0.0,17.78726377,2.496439678,17.21485183461763,INCLUSION,0.359789
2024-02,No Elegible,Vulnerabilidad Baja,1.0,1.0,1.0,1.0,1.0,1.0,1.0,1.043888889,sotap,3,low,jefatura_masculina,no,espanol_uno_mas_adultos,adultos_ninguno_analfabeta,0.0,0,0,0.0,0.386821499,2.010796126,0.374373196340681,EXCLUSION,0.215272
2024-01,Elegible por Proceso Acelerado,Vulnerabilidad Baja,1.0,2.051104816,1.0,1.0,1.776038647,2.117608696,1.0,1.0,sotap,1,low,,,espanol_uno_mas_adultos,adultos_ninguno_analfabeta,,0,0,6.609317356,14.06650994,2.5893262,20.43584738145429,INCLUSION,0.269323
2023-12,Elegible,Vulnerabilidad Baja,1.0,1.0,1.0,1.0,1.776038647,2.117608696,1.790108696,1.0,sotap,2,average,jefatura_femenina,si,espanol_uno_mas_adultos,adultos_ninguno_analfabeta,0.0,0,0,0.0,21.88512181,2.610810239,21.18083670503239,INCLUSION,0.217567
2024-04,Elegible,Vulnerabilidad Elevada,2.700708215,1.0,3.251728045,1.0,1.776038647,2.823478261,1.790108696,1.043888889,sotap,3,low,jefatura_masculina,no,espanol_uno_mas_adultos,adultos_ninguno_analfabeta,0.0,0,0,24.2379543,26.85846924,3.471079669,51.01209274871586,INCLUSION,0.203354
2023-11,No Elegible,Vulnerabilidad Elevada,2.700708215,1.525552408,1.249197356,1.0,1.776038647,2.823478261,1.790108696,1.0,fupal,5,low,jefatura_femenina,no,espanol_uno_mas_adultos,adultos_ninguno_analfabeta,,0,0,17.00620089,26.18890898,3.237132827,42.89960114095571,EXCLUSION,0.228878
2024-01,No Elegible,Vulnerabilidad Baja,1.0,2.051104816,1.0,1.0,1.776038647,1.0,2.580217391,1.0,sotap,3,low,jefatura_masculina,no,espanol_uno_mas_adultos,adultos_ninguno_analfabeta,0.0,0,0,6.609317356,16.59309681,2.659842834,22.881126159390824,EXCLUSION,0.232266
2023-08,No Elegible,Vulnerabilidad Elevada,1.0,1.0,1.249197356,1.564135978,1.776038647,2.823478261,1.790108696,1.043888889,foten,4,average,jefatura_femenina,si,espanol_uno_mas_adultos,adultos_ninguno_analfabeta,0.0,0,0,6.124342631,26.85846924,2.931912031,32.31556694259577,EXCLUSION,0.317248
2024-02,No Elegible,Vulnerabilidad Moderada,2.700708215,1.0,1.0,1.0,1.776038647,2.823478261,1.0,1.0,sotap,1,low,,,espanol_uno_mas_adultos,adultos_ninguno_analfabeta,,0,0,9.472088355,17.78726377,2.778384748,26.991761464969883,EXCLUSION,0.215251
2024-03,No Elegible,Vulnerabilidad Elevada,1.0,2.051104816,2.578385269,1.0,1.776038647,2.823478261,2.580217391,1.043888889,pcr_cdmx,3,average,jefatura_femenina,si,espanol_ningun_adulto,adultos_ninguno_analfabeta,0.0,0,0,17.3510839,32.85812825,3.433535414,49.710179955772645,EXCLUSION,0.351718
2023-12,Elegible,Vulnerabilidad Elevada,2.070141643,1.0,1.0,1.0,1.776038647,1.0,2.580217391,2.544987923,sotap,5,high,jefatura_femenina,no,espanol_uno_mas_adultos,adultos_ninguno_analfabeta,-500.0,0,0,6.702282231,30.38303782,3.047485057,36.32324965539039,INCLUSION,0.203993
2023-08,Elegible,Vulnerabilidad Elevada,2.700708215,1.0,3.251728045,1.0,1.776038647,2.117608696,2.580217391,1.0,sotap,6,high,jefatura_masculina,no,espanol_uno_mas_adultos,adultos_ninguno_analfabeta,0.0,0,0,24.2379543,27.40879931,3.486439293,51.54471264673319,INCLUSION,0.227845
2023-07,No Elegible,Vulnerabilidad Baja,1.0,2.051104816,1.0,1.0,1.0,1.0,1.0,1.0,pcr_cdmx,1,low,,,espanol_ningun_adulto,adultos_ninguno_analfabeta,,0,0,6.609317356,0.0,2.196732164,6.8220117978334365,EXCLUSION,0.152157
2023-07,No Elegible,Vulnerabilidad Moderada,1.0,1.525552408,1.0,1.0,1.776038647,2.117608696,1.790108696,1.0,sotap,1,low,,,espanol_uno_mas_adultos,adultos_ninguno_analfabeta,0.0,0,0,3.741369748,21.88512181,2.722175411,25.04260747289278,EXCLUSION,0.177122
2024-06,Lista de Reserva,Vulnerabilidad Elevada,2.070141643,1.0,2.578385269,1.0,1.776038647,1.0,2.580217391,2.544987923,sotap,3,average,jefatura_femenina,si,espanol_uno_mas_adultos,adultos_ninguno_analfabeta,0.0,0,0,17.46888676,30.38303782,3.367962543,47.43633428473814,EXCLUSION,0.159265
2024-05,No Elegible,Vulnerabilidad Baja,1.0,1.0,1.0,1.0,1.0,1.498900966,1.790108696,1.0,sotap,1,low,,,espanol_uno_mas_adultos,adultos_ninguno_analfabeta,0.0,0,0,0.0,10.02735341,2.279861825,9.70466314991279,EXCLUSION,0.173022
2023-11,No Elegible,Vulnerabilidad Elevada,2.700708215,1.0,2.578385269,1.0,1.776038647,2.117608696,2.580217391,1.0,sotap,4,average,jefatura_femenina,no,espanol_uno_mas_adultos,adultos_ninguno_analfabeta,,0,0,20.97871872,27.40879931,3.389425269,48.18059160653321,EXCLUSION,0.262523
2023-09,No Elegible,Vulnerabilidad Baja,1.0,1.0,1.0,1.0,1.0,2.117608696,1.790108696,1.0,sotap,4,average,jefatura_masculina,no,espanol_uno_mas_adultos,adultos_ninguno_analfabeta,0.0,0,0,0.0,14.16503897,2.395343965,13.709193850906429,EXCLUSION,0.219693
2023-07,Lista de Reserva,Vulnerabilidad Moderada,1.0,1.0,1.0,1.0,1.776038647,2.823478261,2.580217391,1.0,pcr_cdmx,1,low,,,espanol_ningun_adulto,adultos_ninguno_analfabeta,0.0,0,0,0.0,32.12448674,2.896589272,31.09068863222006,EXCLUSION,0.207629
2024-04,Elegible,Vulnerabilidad Baja,2.070141643,1.0,1.0,1.0,1.776038647,1.498900966,1.790108696,1.043888889,sotap,1,low,,,espanol_uno_mas_adultos,adultos_ninguno_analfabeta,,0,0,6.702282231,17.68003002,2.692946147,24.029037349402188,INCLUSION,0.139573
2023-10,Lista de Reserva,Vulnerabilidad Moderada,1.0,1.0,1.0,1.0,1.776038647,2.823478261,1.790108696,1.0,sotap,1,low,,,espanol_uno_mas_adultos,adultos_ninguno_analfabeta,,0,0,0.0,26.18890898,2.730928248,25.34612370011462,EXCLUSION,0.242836
2023-12,Elegible,Vulnerabilidad Moderada,1.0,2.051104816,2.578385269,1.0,1.776038647,1.0,1.790108696,1.0,fupal,1,low,,,espanol_uno_mas_adultos,adultos_ninguno_analfabeta,0.0,0,0,17.3510839,12.01413641,2.851782945,29.536968617175688,INCLUSION,0.273481
2023-06,No Elegible,Vulnerabilidad Baja,1.0,1.0,1.0,1.0,1.776038647,2.117608696,1.790108696,1.0,sotap,1,low,,,espanol_uno_mas_adultos,adultos_ninguno_analfabeta,,0,0,0.0,21.88512181,2.610810239,21.18083670503239,EXCLUSION,0.185753
2024-04,No Elegible por Intenciones,Vulnerabilidad Baja,2.700708215,1.0,2.578385269,1.0,1.0,1.0,1.0,1.0,fomon,2,low,jefatura_femenina,no,espanol_uno_mas_adultos,adultos_ninguno_analfabeta,0.0,0,0,20.97871872,0.0,2.624450078,21.65383486712832,EXCLUSION,0.176681
2024-04,No Elegible,Vulnerabilidad Moderada,1.0,1.525552408,1.0,1.0,1.776038647,2.823478261,1.790108696,1.0,sotap,1,low,,,espanol_uno_mas_adultos,adultos_ninguno_analfabeta,,0,0,3.741369748,26.18890898,2.842293421,29.20789446797501,EXCLUSION,0.202936
2024-03,Elegible,Vulnerabilidad Elevada,1.0,1.0,1.0,1.0,1.776038647,2.823478261,2.580217391,1.043888889,futij,2,complete,jefatura_femenina,no,espanol_uno_mas_adultos,adultos_ninguno_analfabeta,0.0,0,0,0.0,32.85812825,2.917065088,31.80072082478675,INCLUSION,0.249203
2023-10,Elegible,Vulnerabilidad Baja,1.0,1.0,1.0,1.0,1.776038647,2.117608696,1.790108696,1.0,sotap,1,low,,,espanol_uno_mas_adultos,adultos_uno_mas_analfabeta,0.0,0,0,0.0,21.88512181,2.610810239,21.18083670503239,INCLUSION,0.248400
2024-02,No Elegible,Vulnerabilidad Baja,1.0,1.525552408,2.578385269,1.0,1.0,1.498900966,1.0,1.0,sotap,6,average,jefatura_femenina,no,espanol_uno_mas_adultos,adultos_ninguno_analfabeta,,0,0,13.7168894,3.815111519,2.51477447,17.85065003298846,EXCLUSION,0.308624
2024-01,Lista de Reserva,Vulnerabilidad Moderada,2.700708215,1.0,3.251728045,1.0,1.0,1.0,1.790108696,1.0,fupal,1,low,,,espanol_uno_mas_adultos,adultos_ninguno_analfabeta,,0,0,24.2379543,5.614422911,2.878161744,30.45170107462941,EXCLUSION,0.211791
2023-12,Elegible,Vulnerabilidad Elevada,1.0,1.0,2.578385269,1.0,1.776038647,2.823478261,2.580217391,1.043888889,sotap,1,low,,,espanol_ningun_adulto,adultos_uno_mas_analfabeta,,0,0,8.975915299,32.85812825,3.184241129,41.06549005402387,INCLUSION,0.356221
2023-11,No Elegible,Vulnerabilidad Baja,2.070141643,1.0,1.0,1.0,1.0,2.117608696,1.0,1.043888889,futij,1,low,,,espanol_uno_mas_adultos,adultos_ninguno_analfabeta,,-500,0,6.702282231,7.858894815,2.418839839,14.523956096434295,EXCLUSION,0.242724
2023-10,Elegible,Vulnerabilidad Elevada,1.0,1.0,2.578385269,1.0,1.776038647,2.117608696,2.580217391,1.043888889,sotap,1,low,,,espanol_uno_mas_adultos,adultos_ninguno_analfabeta,-500.0,0,0,8.975915299,28.09152966,3.051206127,36.45228537324866,INCLUSION,0.238719
2023-11,No Elegible por Intenciones,Vulnerabilidad Elevada,2.070141643,2.051104816,1.0,1.0,1.776038647,2.823478261,1.790108696,1.043888889,futij,1,low,,,espanol_uno_mas_adultos,adultos_ninguno_analfabeta,-500.0,0,0,14.63015408,26.85846924,3.185095016,41.09510390983604,EXCLUSION,0.224720
2023-09,Elegible,Vulnerabilidad Elevada,2.070141643,1.0,3.251728045,1.0,1.0,1.498900966,1.790108696,1.043888889,sotap,1,low,,,espanol_ningun_adulto,adultos_uno_mas_analfabeta,0.0,0,0,20.51851115,10.52243148,2.904430968,31.362626469860267,INCLUSION,0.248712
2023-11,Lista de Reserva,Vulnerabilidad Moderada,1.0,1.525552408,1.0,1.0,1.776038647,2.117608696,1.790108696,1.0,sotap,1,low,,,espanol_ningun_adulto,adultos_ninguno_analfabeta,,0,0,3.741369748,21.88512181,2.722175411,25.04260747289278,EXCLUSION,0.259156
2023-12,Elegible,Vulnerabilidad Elevada,1.0,1.0,2.578385269,1.0,1.776038647,2.823478261,2.580217391,1.043888889,sotap,3,average,jefatura_femenina,si,espanol_uno_mas_adultos,adultos_ninguno_analfabeta,0.0,-500,0,8.975915299,32.85812825,3.184241129,41.06549005402387,INCLUSION,0.330691
2023-08,Elegible,Vulnerabilidad Baja,2.700708215,1.0,1.249197356,1.0,1.776038647,1.0,1.790108696,1.0,fupal,1,low,,,espanol_uno_mas_adultos,adultos_ninguno_analfabeta,,0,0,11.93561888,12.01413641,2.69058685,23.947228517367076,INCLUSION,0.189756
2024-04,No Elegible por Intenciones,Vulnerabilidad Baja,1.0,1.525552408,1.0,1.0,1.0,1.498900966,1.0,1.0,sotap,3,low,jefatura_masculina,no,espanol_uno_mas_adultos,adultos_ninguno_analfabeta,0.0,0,0,3.741369748,3.815111519,2.217844323,7.554108183067449,EXCLUSION,0.167990
2024-03,No Elegible,Vulnerabilidad Elevada,1.0,1.0,2.578385269,1.0,1.776038647,2.823478261,1.790108696,1.0,sotap,5,high,jefatura_femenina,no,espanol_uno_mas_adultos,adultos_ninguno_analfabeta,0.0,0,0,8.975915299,26.18890898,2.998104289,34.61089292935174,EXCLUSION,0.282055
2024-01,Elegible,Vulnerabilidad Moderada,1.0,1.0,2.578385269,1.0,1.776038647,2.117608696,1.790108696,1.0,sotap,3,average,jefatura_masculina,no,espanol_uno_mas_adultos,adultos_ninguno_analfabeta,0.0,0,0,8.975915299,21.88512181,2.877986279,30.44560593426951,INCLUSION,0.332252
2023-08,Lista de Reserva,Vulnerabilidad Baja,1.0,1.525552408,1.0,1.0,1.776038647,1.498900966,1.790108696,1.0,fupal,2,low,jefatura_masculina,no,espanol_uno_mas_adultos,adultos_ninguno_analfabeta,,-500,0,3.741369748,17.10850297,2.588860746,20.41970500378282,EXCLUSION,0.302144
2023-08,Elegible,Vulnerabilidad Elevada,1.0,2.051104816,1.0,1.0,1.776038647,2.823478261,1.790108696,1.0,sotap,2,low,jefatura_masculina,no,espanol_uno_mas_adultos,adultos_ninguno_analfabeta,,0,0,6.609317356,26.18890898,2.927660413,32.16813549794806,INCLUSION,0.230648
2023-08,Lista de Reserva,Vulnerabilidad Baja,1.0,1.0,1.0,1.0,1.0,2.117608696,1.790108696,1.0,sotap,4,average,jefatura_masculina,no,espanol_uno_mas_adultos,adultos_ninguno_analfabeta,,0,-500,0.0,14.16503897,2.395343965,13.709193850906429,EXCLUSION,0.281654
2024-02,Elegible,Vulnerabilidad Moderada,1.0,1.0,1.0,1.0,1.776038647,2.823478261,2.580217391,1.0,foten,1,low,,,espanol_uno_mas_adultos,adultos_ninguno_analfabeta,0.0,0,0,0.0,32.12448674,2.896589272,31.09068863222006,INCLUSION,0.255983
2023-11,No Elegible,Vulnerabilidad Elevada,2.070141643,1.0,1.0,1.0,1.776038647,2.117608696,2.580217391,1.043888889,sotap,3,complete,jefatura_femenina,si,espanol_uno_mas_adultos,adultos_ninguno_analfabeta,,0,0,6.702282231,28.09152966,2.983529432,34.10548451948735,EXCLUSION,0.185806
2024-01,No Elegible,Vulnerabilidad Moderada,1.0,1.0,1.0,1.0,1.776038647,2.823478261,1.790108696,1.0,fupal,1,low,,,espanol_uno_mas_adultos,adultos_ninguno_analfabeta,,0,0,0.0,26.18890898,2.730928248,25.34612370011462,EXCLUSION,0.281421
2024-03,Lista de Reserva,Vulnerabilidad Baja,1.0,1.0,1.0,1.0,1.776038647,1.0,1.790108696,1.0,sotap,4,low,jefatura_femenina,no,espanol_uno_mas_adultos,adultos_ninguno_analfabeta,-500.0,0,0,0.0,12.01413641,2.33531262,11.62750948618979,EXCLUSION,0.173160
2024-06,No Elegible,Vulnerabilidad Elevada,2.700708215,1.0,3.251728045,1.0,1.776038647,2.823478261,1.790108696,1.0,foten,2,average,jefatura_femenina,si,espanol_uno_mas_adultos,adultos_ninguno_analfabeta,,0,0,24.2379543,26.18890898,3.45239235,50.36407960744292,EXCLUSION,0.185388
2024-03,Elegible,Vulnerabilidad Elevada,1.0,1.0,2.578385269,1.0,1.776038647,2.823478261,2.580217391,1.043888889,fupal,3,average,jefatura_femenina,si,espanol_uno_mas_adultos,adultos_ninguno_analfabeta,0.0,0,0,8.975915299,32.85812825,3.184241129,41.06549005402387,INCLUSION,0.299541
2024-01,No Elegible,Vulnerabilidad Moderada,2.070141643,1.0,2.578385269,1.0,1.0,1.498900966,1.790108696,1.043888889,foten,3,low,jefatura_masculina,no,espanol_uno_mas_adultos,adultos_ninguno_analfabeta,0.0,0,0,17.46888676,10.52243148,2.813656206,28.214862117365684,EXCLUSION,0.277878
2023-06,No Elegible,Vulnerabilidad Elevada,1.0,2.051104816,2.578385269,1.0,1.776038647,2.823478261,1.790108696,1.0,foten,1,low,,,espanol_uno_mas_adultos,adultos_ninguno_analfabeta,0.0,0,0,17.3510839,26.18890898,3.247398574,43.25558283110052,EXCLUSION,0.325472
2024-04,Elegible,Vulnerabilidad Baja,1.0,1.0,1.0,1.0,1.0,1.498900966,1.0,1.0,sotap,1,low,,,espanol_uno_mas_adultos,adultos_ninguno_analfabeta,0.0,0,0,0.0,3.815111519,2.10647915,3.692337415207061,INCLUSION,0.151895
2024-01,Elegible,Vulnerabilidad Moderada,2.070141643,1.0,1.0,1.0,1.776038647,2.117608696,1.790108696,1.043888889,sotap,4,low,jefatura_masculina,no,espanol_uno_mas_adultos,adultos_ninguno_analfabeta,0.0,0,-500,6.702282231,22.50821784,2.827700095,28.70184925716677,INCLUSION,0.249229
2024-06,No Elegible,Vulnerabilidad Moderada,1.0,1.525552408,1.0,1.0,1.776038647,2.823478261,1.790108696,1.0,foten,1,low,,,espanol_uno_mas_adultos,adultos_ninguno_analfabeta,,0,0,3.741369748,26.18890898,2.842293421,29.20789446797501,EXCLUSION,0.190284
2024-06,No Elegible,Vulnerabilidad Baja,1.0,1.0,1.0,1.0,1.0,2.117608696,1.790108696,1.0,fupal,1,low,,,espanol_uno_mas_adultos,adultos_ninguno_analfabeta,0.0,0,0,0.0,14.16503897,2.395343965,13.709193850906429,EXCLUSION,0.146109
2024-01,No Elegible por Duplicidad,Vulnerabilidad Baja,1.0,1.0,1.0,1.0,1.0,1.0,1.0,1.0,fupal,1,low,,,espanol_uno_mas_adultos,adultos_ninguno_analfabeta,-500.0,0,0,0.0,0.0,2.0,0.0,EXCLUSION,0.232601
2023-06,No Elegible,Vulnerabilidad Elevada,1.0,2.051104816,1.249197356,1.0,1.776038647,2.823478261,2.580217391,1.043888889,sotap,2,complete,jefatura_femenina,si,espanol_uno_mas_adultos,adultos_ninguno_analfabeta,,0,0,8.909093135,32.85812825,3.182252108,40.99651748596419,EXCLUSION,0.210303
2024-03,Elegible,Vulnerabilidad Baja,1.0,1.0,1.0,1.0,1.776038647,2.117608696,1.790108696,1.0,sotap,1,low,,,espanol_uno_mas_adultos,adultos_ninguno_analfabeta,-500.0,0,0,0.0,21.88512181,2.610810239,21.18083670503239,INCLUSION,0.223686
2023-10,Lista de Reserva,Vulnerabilidad Severa,2.070141643,1.0,1.0,1.0,1.776038647,2.823478261,2.580217391,2.544987923,sotap,4,average,jefatura_femenina,no,espanol_uno_mas_adultos,adultos_ninguno_analfabeta,0.0,0,0,6.702282231,50.0,3.594991325,55.308918375475805,EXCLUSION,0.216206
2023-08,Lista de Reserva,Vulnerabilidad Moderada,1.0,1.0,1.0,1.0,1.776038647,2.823478261,1.790108696,1.0,fupal,1,low,,,espanol_uno_mas_adultos,adultos_uno_mas_analfabeta,-500.0,0,0,0.0,26.18890898,2.730928248,25.34612370011462,EXCLUSION,0.293513
2023-10,Lista de Reserva,Vulnerabilidad Baja,1.0,1.0,1.0,1.0,1.776038647,1.498900966,1.790108696,1.0,sotap,1,low,,,espanol_uno_mas_adultos,adultos_ninguno_analfabeta,,0,0,0.0,17.10850297,2.477495573,16.55793423592243,EXCLUSION,0.204219
2024-01,Elegible,Vulnerabilidad Elevada,1.0,1.0,1.249197356,1.0,1.776038647,2.117608696,2.580217391,1.738466184,sotap,2,low,jefatura_femenina,no,espanol_ningun_adulto,adultos_ninguno_analfabeta,0.0,0,0,1.921713018,36.78475459,3.083858084,37.58454006717147,INCLUSION,0.239357
2024-05,No Elegible,Vulnerabilidad Moderada,1.0,1.0,2.578385269,1.0,1.776038647,2.117608696,1.790108696,1.0,sotap,1,low,,,espanol_uno_mas_adultos,adultos_ninguno_analfabeta,,0,0,8.975915299,21.88512181,2.877986279,30.44560593426951,EXCLUSION,0.221997
2024-06,Lista de Reserva,Vulnerabilidad Moderada,1.0,1.0,1.0,1.0,1.776038647,2.823478261,2.580217391,1.0,foten,2,average,jefatura_masculina,no,espanol_uno_mas_adultos,adultos_ninguno_analfabeta,,0,0,0.0,32.12448674,2.896589272,31.09068863222006,EXCLUSION,0.205674
2023-09,No Elegible,Vulnerabilidad Moderada,2.070141643,1.0,1.249197356,1.0,1.776038647,1.498900966,1.790108696,1.043888889,sotap,2,average,jefatura_masculina,si,espanol_uno_mas_adultos,adultos_ninguno_analfabeta,-500.0,0,0,9.00737574,17.68003002,2.76155929,26.40831107261532,EXCLUSION,0.180936
2023-10,Elegible,Vulnerabilidad Baja,1.0,1.0,1.0,1.0,1.0,1.0,1.0,1.0,futij,1,low,,,espanol_uno_mas_adultos,adultos_ninguno_analfabeta,,-500,0,0.0,0.0,2.0,0.0,INCLUSION,0.229800
2024-04,No Elegible,Vulnerabilidad Baja,1.0,1.525552408,1.0,1.0,1.776038647,1.498900966,1.790108696,1.0,sotap,4,average,jefatura_masculina,no,espanol_ningun_adulto,adultos_ninguno_analfabeta,,0,0,3.741369748,17.10850297,2.588860746,20.41970500378282,EXCLUSION,0.207714
2024-01,No Elegible,Vulnerabilidad Baja,1.0,1.0,1.0,1.0,1.776038647,1.498900966,1.790108696,1.0,sotap,3,low,jefatura_femenina,no,espanol_uno_mas_adultos,adultos_ninguno_analfabeta,,0,0,0.0,17.10850297,2.477495573,16.55793423592243,EXCLUSION,0.260865
2024-01,No Elegible,Vulnerabilidad Elevada,2.070141643,1.0,3.251728045,1.0,1.776038647,2.117608696,1.790108696,1.043888889,sotap,3,average,jefatura_femenina,si,espanol_uno_mas_adultos,adultos_uno_mas_analfabeta,500.0,0,0,20.51851115,22.50821784,3.238952342,42.96269823900911,EXCLUSION,0.360694
2023-12,No Elegible,Vulnerabilidad Elevada,1.0,1.0,3.251728045,1.0,1.776038647,2.823478261,2.580217391,1.0,foten,3,low,jefatura_masculina,si,espanol_uno_mas_adultos,adultos_ninguno_analfabeta,-500.0,0,0,11.51832969,32.12448674,3.23944252,42.97968968997395,EXCLUSION,0.280414
2024-04,No Elegible,Vulnerabilidad Elevada,2.700708215,1.0,2.578385269,1.0,1.776038647,2.823478261,1.790108696,1.0,sotap,1,low,,,espanol_uno_mas_adultos,adultos_ninguno_analfabeta,0.0,0,0,20.97871872,26.18890898,3.355378326,46.99995856724294,EXCLUSION,0.206856
2023-12,No Elegible,Vulnerabilidad Elevada,1.0,1.0,3.251728045,1.0,1.776038647,2.823478261,1.790108696,1.043888889,sotap,2,average,jefatura_femenina,si,espanol_uno_mas_adultos,adultos_ninguno_analfabeta,0.0,0,0,11.51832969,26.85846924,3.092468817,37.88313789914145,EXCLUSION,0.328327
2024-06,No Elegible,Vulnerabilidad Baja,1.0,1.0,3.251728045,1.0,1.0,1.498900966,1.0,1.043888889,sotap,2,average,jefatura_masculina,no,espanol_uno_mas_adultos,adultos_ninguno_analfabeta,,0,0,11.51832969,4.243121443,2.461278087,15.995574609596703,EXCLUSION,0.176719
2024-02,No Elegible,Vulnerabilidad Moderada,2.700708215,1.0,1.0,1.0,1.776038647,2.117608696,1.790108696,1.0,pcr_cdmx,1,low,,,espanol_uno_mas_adultos,adultos_ninguno_analfabeta,,0,0,9.472088355,21.88512181,2.892755308,30.95774633538465,EXCLUSION,0.209029
2024-06,No Elegible por Duplicidad,Vulnerabilidad Elevada,1.599560907,1.0,2.578385269,1.0,1.776038647,2.823478261,2.580217391,1.043888889,sotap,1,low,,,espanol_uno_mas_adultos,adultos_ninguno_analfabeta,0.0,0,0,14.28054816,32.85812825,3.342138208,46.54083130512371,EXCLUSION,0.190605
2023-10,No Elegible,Vulnerabilidad Baja,1.0,2.051104816,1.0,1.0,1.776038647,2.823478261,1.0,1.0,fupal,1,low,,,espanol_uno_mas_adultos,adultos_ninguno_analfabeta,,-500,0,6.609317356,17.78726377,2.693171842,24.036863632451063,EXCLUSION,0.324031
2024-04,No Elegible,Vulnerabilidad Baja,1.0,1.0,1.0,1.0,1.776038647,1.498900966,1.790108696,1.0,fupal,2,low,jefatura_masculina,no,espanol_uno_mas_adultos,adultos_ninguno_analfabeta,,-500,0,0.0,17.10850297,2.477495573,16.55793423592243,EXCLUSION,0.200999
2023-07,No Elegible,Vulnerabilidad Elevada,1.0,2.051104816,1.0,1.0,1.776038647,2.823478261,1.790108696,1.043888889,sotap,4,average,jefatura_femenina,si,espanol_uno_mas_adultos,adultos_ninguno_analfabeta,,0,0,6.609317356,26.85846924,2.946347732,32.816148639221,EXCLUSION,0.193353
2024-01,No Elegible,Vulnerabilidad Baja,1.0,1.0,1.0,1.0,1.776038647,1.498900966,1.790108696,1.043888889,sotap,1,low,,,espanol_uno_mas_adultos,adultos_ninguno_analfabeta,0.0,0,0,0.0,17.68003002,2.493446802,17.11106897392638,EXCLUSION,0.257261
2023-11,Elegible,Vulnerabilidad Elevada,1.0,1.0,3.251728045,1.0,1.776038647,2.823478261,1.790108696,1.0,foten,1,low,,,espanol_ningun_adulto,adultos_uno_mas_analfabeta,,0,0,11.51832969,26.18890898,3.073781497,37.23512475786851,INCLUSION,0.394008
2024-05,Elegible,Vulnerabilidad Baja,2.070141643,1.0,1.0,1.0,1.776038647,1.498900966,1.790108696,1.0,sotap,4,average,jefatura_femenina,si,espanol_uno_mas_adultos,adultos_ninguno_analfabeta,0.0,0,0,6.702282231,17.10850297,2.676994919,23.47590261139824,INCLUSION,0.166245
2024-05,No Elegible,Vulnerabilidad Severa,1.0,2.051104816,2.578385269,1.0,1.776038647,2.823478261,2.580217391,1.738466184,sotap,2,complete,jefatura_femenina,si,espanol_ningun_adulto,adultos_uno_mas_analfabeta,0.0,0,0,17.3510839,42.19960637,3.69425457,58.75103996839293,EXCLUSION,0.273831
2023-08,No Elegible,Vulnerabilidad Elevada,1.0,1.0,1.0,1.0,1.776038647,2.823478261,2.580217391,1.043888889,foten,3,low,jefatura_femenina,no,espanol_uno_mas_adultos,adultos_ninguno_analfabeta,-500.0,0,0,0.0,32.85812825,2.917065088,31.80072082478675,EXCLUSION,0.245966
2023-07,Lista de Reserva,Vulnerabilidad Severa,2.700708215,1.0,2.578385269,1.0,1.776038647,2.823478261,2.580217391,1.0,sotap,2,average,jefatura_masculina,no,espanol_uno_mas_adultos,adultos_ninguno_analfabeta,,0,0,20.97871872,32.12448674,3.521039349,52.74452349934838,EXCLUSION,0.168793
2023-09,No Elegible,Vulnerabilidad Moderada,1.0,1.0,1.0,1.0,1.776038647,2.823478261,2.580217391,1.0,sotap,2,low,jefatura_masculina,no,espanol_uno_mas_adultos,adultos_ninguno_analfabeta,,-500,0,0.0,32.12448674,2.896589272,31.09068863222006,EXCLUSION,0.288470
2023-08,No Elegible por Intenciones,Vulnerabilidad Baja,1.0,1.0,1.0,1.0,1.776038647,1.498900966,1.790108696,1.0,sotap,1,low,,,espanol_uno_mas_adultos,adultos_ninguno_analfabeta,0.0,0,0,0.0,17.10850297,2.477495573,16.55793423592243,EXCLUSION,0.232147
2024-04,No Elegible,Vulnerabilidad Elevada,1.0,1.0,2.578385269,1.0,1.776038647,2.823478261,2.580217391,1.043888889,fupal,2,average,jefatura_femenina,si,espanol_uno_mas_adultos,adultos_ninguno_analfabeta,,0,0,8.975915299,32.85812825,3.184241129,41.06549005402387,EXCLUSION,0.229766
2024-01,Elegible,Vulnerabilidad Severa,2.070141643,2.051104816,1.0,1.0,1.776038647,2.823478261,1.790108696,2.544987923,sotap,2,average,jefatura_femenina,si,espanol_uno_mas_adultos,adultos_ninguno_analfabeta,,0,0,14.63015408,42.50305317,3.621732844,56.23622948438472,INCLUSION,0.253803
2023-09,No Elegible por Intenciones,Vulnerabilidad Severa,2.700708215,1.0,3.251728045,1.0,1.776038647,2.117608696,2.580217391,2.544987923,sotap,2,average,jefatura_masculina,no,espanol_uno_mas_adultos,adultos_ninguno_analfabeta,0.0,0,0,24.2379543,44.04383881,3.950720577,67.64441994058369,EXCLUSION,0.217917
2023-07,No Elegible,Vulnerabilidad Baja,1.0,1.0,1.0,1.0,1.0,1.0,1.790108696,1.043888889,foten,4,average,jefatura_masculina,no,espanol_ningun_adulto,adultos_uno_mas_analfabeta,,0,0,0.0,6.061858428,2.169185496,5.866781761928531,EXCLUSION,0.182537
2024-06,Lista de Reserva,Vulnerabilidad Moderada,2.700708215,1.0,2.578385269,1.0,1.0,1.0,1.790108696,1.0,sotap,5,high,jefatura_masculina,no,espanol_uno_mas_adultos,adultos_ninguno_analfabeta,0.0,0,0,20.97871872,5.614422911,2.78114772,27.08758003442943,EXCLUSION,0.136653
2024-06,No Elegible,Vulnerabilidad Moderada,1.0,1.0,1.0,1.0,1.776038647,2.117608696,2.580217391,1.0,fupal,2,average,jefatura_femenina,no,espanol_uno_mas_adultos,adultos_ninguno_analfabeta,,0,0,0.0,27.40879931,2.764975192,26.526756739404888,EXCLUSION,0.187413
2023-10,Lista de Reserva,Vulnerabilidad Baja,1.0,1.0,1.0,1.0,1.0,1.498900966,1.0,1.0,sotap,2,low,jefatura_masculina,no,espanol_uno_mas_adultos,adultos_ninguno_analfabeta,0.0,0,0,0.0,3.815111519,2.10647915,3.692337415207061,EXCLUSION,0.224394
2024-02,Lista de Reserva,Vulnerabilidad Baja,1.0,1.0,1.0,1.0,1.0,2.823478261,1.0,1.0,sotap,1,low,,,espanol_uno_mas_adultos,adultos_ninguno_analfabeta,0.0,0,0,0.0,10.61532135,2.296271916,10.27370969363565,EXCLUSION,0.253863
2023-08,Lista de Reserva,Vulnerabilidad Moderada,2.070141643,1.0,1.0,1.0,1.776038647,1.498900966,2.580217391,1.043888889,sotap,3,average,jefatura_femenina,si,espanol_uno_mas_adultos,adultos_ninguno_analfabeta,,0,0,6.702282231,22.80125306,2.835878661,28.985454310751948,EXCLUSION,0.162771
2024-02,Elegible,Vulnerabilidad Baja,1.0,1.0,1.0,1.0,1.0,1.0,1.790108696,1.0,fusal,1,low,,,espanol_ningun_adulto,adultos_ninguno_analfabeta,,0,0,0.0,5.614422911,2.156697643,5.433745167301109,INCLUSION,0.214550
2023-08,Elegible,Vulnerabilidad Baja,2.700708215,1.0,1.0,1.0,1.0,1.0,1.0,1.0,foten,1,low,,,espanol_uno_mas_adultos,adultos_ninguno_analfabeta,,0,0,9.472088355,0.0,2.28194507,9.776909630352256,INCLUSION,0.163611
2023-12,Elegible,Vulnerabilidad Baja,1.0,1.0,1.0,1.0,1.0,1.498900966,1.0,1.0,pcr_cdmx,3,average,jefatura_femenina,no,espanol_uno_mas_adultos,adultos_ninguno_analfabeta,0.0,0,0,0.0,3.815111519,2.10647915,3.692337415207061,INCLUSION,0.254258
2024-07,No Elegible,Vulnerabilidad Baja,1.0,1.0,1.0,1.0,1.0,1.0,1.0,1.0,sotap,1,low,,,espanol_uno_mas_adultos,adultos_ninguno_analfabeta,0.0,0,0,0.0,0.0,2.0,0.0,EXCLUSION,0.165606
2023-08,No Elegible,Vulnerabilidad Elevada,2.070141643,1.0,1.0,1.0,1.776038647,1.0,2.580217391,2.544987923,sotap,1,low,,,espanol_ningun_adulto,adultos_ninguno_analfabeta,0.0,0,-500,6.702282231,30.38303782,3.047485057,36.32324965539039,EXCLUSION,0.237262
2024-01,Lista de Reserva,Vulnerabilidad Elevada,1.0,1.0,2.578385269,1.0,1.776038647,2.117608696,2.580217391,1.0,sotap,3,average,jefatura_femenina,si,espanol_uno_mas_adultos,adultos_ninguno_analfabeta,,0,0,8.975915299,27.40879931,3.032151233,35.791525968642006,EXCLUSION,0.311040
2024-01,Elegible,Vulnerabilidad Baja,2.700708215,1.0,1.249197356,1.564135978,1.0,1.0,1.790108696,1.043888889,fomon,1,low,,,espanol_uno_mas_adultos,adultos_ninguno_analfabeta,0.0,0,0,17.32315919,6.061858428,2.684824618,23.74741753782192,INCLUSION,0.172648
2024-02,No Elegible,Vulnerabilidad Elevada,2.070141643,1.0,2.578385269,1.0,1.0,1.498900966,2.580217391,2.544987923,sotap,1,low,,,espanol_uno_mas_adultos,adultos_ninguno_analfabeta,0.0,0,0,17.46888676,27.63345952,3.291222254,44.77524016401044,EXCLUSION,0.219094
2023-08,Elegible,Vulnerabilidad Moderada,1.0,1.0,3.251728045,1.0,1.776038647,1.498900966,1.790108696,1.0,foten,1,low,,,espanol_uno_mas_adultos,adultos_ninguno_analfabeta,0.0,0,0,11.51832969,17.10850297,2.820348822,28.44693529367632,INCLUSION,0.283010
2024-05,Lista de Reserva,Vulnerabilidad Elevada,2.070141643,1.0,2.578385269,1.0,1.776038647,2.823478261,2.580217391,1.043888889,fupal,1,low,,,espanol_ningun_adulto,adultos_uno_mas_analfabeta,,0,0,17.46888676,32.85812825,3.43704192,49.83177382961031,EXCLUSION,0.244369
2023-12,No Elegible,Vulnerabilidad Baja,2.070141643,1.0,1.0,1.0,1.776038647,1.0,2.580217391,1.043888889,fupal,1,low,,,espanol_uno_mas_adultos,adultos_ninguno_analfabeta,-500.0,0,0,6.702282231,17.15905947,2.678405943,23.524832152671745,EXCLUSION,0.175939
2023-07,No Elegible,Vulnerabilidad Baja,1.0,1.0,1.0,1.0,1.0,1.498900966,1.790108696,1.0,pcr_cdmx,1,low,,,espanol_uno_mas_adultos,adultos_ninguno_analfabeta,,0,0,0.0,10.02735341,2.279861825,9.70466314991279,EXCLUSION,0.138083
2023-07,No Elegible,Vulnerabilidad Baja,1.0,1.525552408,1.0,1.0,1.0,2.117608696,1.790108696,1.0,sotap,1,low,,,espanol_uno_mas_adultos,adultos_ninguno_analfabeta,0.0,0,0,3.741369748,14.16503897,2.506709138,17.570964618766816,EXCLUSION,0.177567
2024-04,No Elegible,Vulnerabilidad Severa,2.700708215,2.051104816,2.578385269,1.0,1.776038647,2.117608696,2.580217391,1.0,sotap,2,average,jefatura_femenina,si,espanol_uno_mas_adultos,adultos_uno_mas_analfabeta,0.0,0,0,31.71522481,27.40879931,3.709006849,59.2626091990155,EXCLUSION,0.247846
2023-08,No Elegible por Duplicidad,Vulnerabilidad Elevada,1.0,1.0,3.251728045,1.0,1.776038647,1.498900966,2.580217391,1.043888889,sotap,1,low,,,espanol_uno_mas_adultos,adultos_ninguno_analfabeta,0.0,0,-500,11.51832969,22.80125306,2.979232564,33.956486993030026,EXCLUSION,0.305724
2024-06,Lista de Reserva,Vulnerabilidad Baja,1.0,1.0,1.0,1.0,1.0,1.0,1.0,1.0,sotap,1,low,,,espanol_uno_mas_adultos,adultos_ninguno_analfabeta,,0,0,0.0,0.0,2.0,0.0,EXCLUSION,0.149065
2024-04,No Elegible,Vulnerabilidad Baja,2.700708215,1.0,1.0,1.0,1.0,1.0,1.790108696,1.0,fupal,1,low,,,espanol_uno_mas_adultos,adultos_ninguno_analfabeta,0.0,0,0,9.472088355,5.614422911,2.438642712,15.210654797653364,EXCLUSION,0.135512
2024-03,No Elegible,Vulnerabilidad Severa,2.700708215,1.525552408,3.251728045,1.0,1.776038647,2.823478261,1.790108696,1.0,sotap,4,average,jefatura_femenina,si,espanol_ningun_adulto,adultos_ninguno_analfabeta,-500.0,0,0,30.67858802,26.18890898,3.644103496,57.01197936118624,EXCLUSION,0.259653
2023-07,No Elegible,Vulnerabilidad Elevada,2.070141643,1.0,1.0,1.0,1.776038647,1.498900966,2.580217391,2.544987923,pcr_cdmx,2,average,jefatura_masculina,no,espanol_uno_mas_adultos,adultos_ninguno_analfabeta,-500.0,0,0,6.702282231,37.43330939,3.244257006,43.14663643599621,EXCLUSION,0.177640
2024-05,No Elegible,Vulnerabilidad Baja,1.0,1.0,2.578385269,1.0,1.0,1.498900966,1.0,1.0,fupal,1,low,,,espanol_uno_mas_adultos,adultos_uno_mas_analfabeta,0.0,0,0,8.975915299,3.815111519,2.373655191,12.95710664444418,EXCLUSION,0.248766
2024-01,Lista de Reserva,Vulnerabilidad Baja,1.0,1.0,1.0,1.0,1.0,1.498900966,1.0,1.0,sotap,1,low,,,espanol_uno_mas_adultos,adultos_ninguno_analfabeta,,0,0,0.0,3.815111519,2.10647915,3.692337415207061,EXCLUSION,0.227446
2024-02,No Elegible,Vulnerabilidad Baja,1.0,1.0,1.0,1.0,1.0,1.0,1.790108696,1.0,fomon,1,low,,,espanol_uno_mas_adultos,adultos_ninguno_analfabeta,0.0,0,0,0.0,5.614422911,2.156697643,5.433745167301109,EXCLUSION,0.203957
2023-06,No Elegible,Vulnerabilidad Baja,1.0,2.051104816,1.0,1.0,1.776038647,1.498900966,1.790108696,1.0,sotap,3,low,jefatura_masculina,si,espanol_uno_mas_adultos,adultos_ninguno_analfabeta,,0,0,6.609317356,17.10850297,2.674227738,23.379946033755868,EXCLUSION,0.154272
2024-03,Elegible,Vulnerabilidad Severa,1.0,2.051104816,2.578385269,1.0,1.776038647,2.823478261,2.580217391,1.738466184,sotap,3,average,jefatura_femenina,si,espanol_uno_mas_adultos,adultos_ninguno_analfabeta,0.0,0,0,17.3510839,42.19960637,3.69425457,58.75103996839293,INCLUSION,0.250721
2024-04,No Elegible,Vulnerabilidad Baja,1.0,1.0,1.0,1.0,1.0,1.0,1.790108696,1.0,sotap,1,low,,,espanol_ningun_adulto,adultos_ninguno_analfabeta,,0,0,0.0,5.614422911,2.156697643,5.433745167301109,EXCLUSION,0.156570
2024-04,No Elegible,Vulnerabilidad Baja,1.0,1.0,1.0,1.0,1.0,2.117608696,1.790108696,1.0,sotap,1,low,,,espanol_uno_mas_adultos,adultos_ninguno_analfabeta,,0,0,0.0,14.16503897,2.395343965,13.709193850906429,EXCLUSION,0.155336
2024-06,No Elegible,Vulnerabilidad Elevada,1.0,2.051104816,2.578385269,1.0,1.776038647,1.0,2.580217391,1.738466184,sotap,3,average,jefatura_femenina,si,espanol_uno_mas_adultos,adultos_ninguno_analfabeta,,0,0,17.3510839,24.36547812,3.196506911,41.49083179960618,EXCLUSION,0.154628
2023-11,Lista de Reserva,Vulnerabilidad Baja,2.700708215,1.0,1.249197356,1.0,1.0,1.0,1.0,1.0,pcr_cdmx,5,average,jefatura_masculina,no,espanol_uno_mas_adultos,adultos_ninguno_analfabeta,0.0,0,0,11.93561888,0.0,2.35527423,12.31971903117728,EXCLUSION,0.206538
2024-05,Lista de Reserva,Vulnerabilidad Elevada,2.070141643,1.0,2.578385269,1.0,1.776038647,2.117608696,2.580217391,1.043888889,foten,4,average,jefatura_femenina,no,espanol_uno_mas_adultos,adultos_ninguno_analfabeta,,0,0,17.46888676,28.09152966,3.304006918,45.2185691488351,EXCLUSION,0.208636
2024-07,No Elegible,Vulnerabilidad Baja,1.0,1.0,1.0,1.0,1.776038647,1.0,1.790108696,1.0,fusal,1,low,,,espanol_ningun_adulto,adultos_ninguno_analfabeta,,0,0,0.0,12.01413641,2.33531262,11.62750948618979,EXCLUSION,0.207308
2023-09,Elegible,Vulnerabilidad Moderada,1.0,1.0,2.578385269,1.0,1.776038647,2.117608696,1.790108696,1.0,,2,average,jefatura_masculina,si,espanol_ningun_adulto,adultos_uno_mas_analfabeta,,0,0,8.975915299,21.88512181,2.877986279,30.44560593426951,INCLUSION,0.287848
2023-06,No Elegible,Vulnerabilidad Baja,1.0,1.0,1.0,1.0,1.0,1.0,1.790108696,1.0,fupal,1,low,,,espanol_uno_mas_adultos,adultos_ninguno_analfabeta,,0,0,0.0,5.614422911,2.156697643,5.433745167301109,EXCLUSION,0.154652
2024-01,Lista de Reserva,Vulnerabilidad Elevada,2.070141643,1.0,2.578385269,1.0,1.776038647,2.117608696,2.580217391,1.043888889,sotap,1,low,,,espanol_ningun_adulto,adultos_uno_mas_analfabeta,0.0,0,0,17.46888676,28.09152966,3.304006918,45.2185691488351,EXCLUSION,0.319439
2024-02,No Elegible,Vulnerabilidad Baja,1.0,1.525552408,1.0,1.0,1.776038647,1.0,1.0,1.0,sotap,1,low,,,espanol_uno_mas_adultos,adultos_ninguno_analfabeta,,0,0,3.741369748,5.532745347,2.265783208,9.21646683684858,EXCLUSION,0.214847
2024-07,Lista de Reserva,Vulnerabilidad Elevada,2.700708215,1.0,3.251728045,1.0,1.776038647,2.117608696,2.580217391,1.0,sotap,2,average,jefatura_femenina,si,espanol_uno_mas_adultos,adultos_ninguno_analfabeta,,0,0,24.2379543,27.40879931,3.486439293,51.54471264673319,EXCLUSION,0.225162
2023-08,Elegible,Vulnerabilidad Elevada,2.070141643,1.0,2.578385269,1.0,1.776038647,1.0,2.580217391,2.544987923,sotap,2,low,jefatura_femenina,no,espanol_uno_mas_adultos,adultos_uno_mas_analfabeta,-500.0,0,0,17.46888676,30.38303782,3.367962543,47.43633428473814,INCLUSION,0.225995
2023-08,Elegible,Vulnerabilidad Moderada,1.0,1.0,1.0,1.0,1.776038647,2.823478261,1.790108696,1.0,sotap,1,low,,,espanol_uno_mas_adultos,adultos_ninguno_analfabeta,0.0,0,0,0.0,26.18890898,2.730928248,25.34612370011462,INCLUSION,0.241242
2023-09,Lista de Reserva,Vulnerabilidad Baja,1.0,1.0,1.0,1.564135978,1.0,2.117608696,1.0,1.0,sotap,1,low,,,espanol_uno_mas_adultos,adultos_ninguno_analfabeta,,0,0,3.975239986,7.392265486,2.32464347,11.2575421743845,EXCLUSION,0.174950
2023-07,Lista de Reserva,Vulnerabilidad Elevada,2.700708215,2.051104816,2.578385269,1.0,1.0,1.0,1.0,1.0,fupal,2,average,jefatura_masculina,si,espanol_uno_mas_adultos,adultos_uno_mas_analfabeta,,0,0,31.71522481,0.0,2.944031657,32.73585245961061,EXCLUSION,0.213984
2024-05,No Elegible,Vulnerabilidad Baja,1.0,1.0,2.578385269,1.0,1.0,1.498900966,1.0,1.0,sotap,7,high,jefatura_masculina,no,espanol_uno_mas_adultos,adultos_ninguno_analfabeta,,0,0,8.975915299,3.815111519,2.373655191,12.95710664444418,EXCLUSION,0.156681
2024-01,Elegible,Vulnerabilidad Baja,1.0,1.525552408,1.0,1.0,1.776038647,1.498900966,1.0,1.0,sotap,2,low,jefatura_masculina,no,espanol_uno_mas_adultos,adultos_ninguno_analfabeta,,0,-500,3.741369748,9.93697889,2.388704659,13.478967740201298,INCLUSION,0.292039
2024-03,Elegible,Vulnerabilidad Baja,2.700708215,1.0,1.0,1.0,1.776038647,1.0,1.790108696,1.0,sotap,1,low,,,espanol_uno_mas_adultos,adultos_ninguno_analfabeta,0.0,0,0,9.472088355,12.01413641,2.61725769,21.404419116542044,INCLUSION,0.209852
2023-12,No Elegible,Vulnerabilidad Baja,1.0,1.0,1.0,1.0,1.776038647,1.498900966,1.790108696,1.0,fomon,1,low,,,espanol_uno_mas_adultos,adultos_ninguno_analfabeta,,0,0,0.0,17.10850297,2.477495573,16.55793423592243,EXCLUSION,0.251676
2024-01,Elegible,Vulnerabilidad Baja,1.0,1.0,1.0,1.0,1.776038647,1.498900966,1.790108696,1.0,pcr_cdmx,3,low,jefatura_masculina,no,espanol_ningun_adulto,adultos_uno_mas_analfabeta,,0,0,0.0,17.10850297,2.477495573,16.55793423592243,INCLUSION,0.330164
2023-11,Lista de Reserva,Vulnerabilidad Severa,2.700708215,2.051104816,3.251728045,1.0,1.776038647,2.823478261,1.790108696,1.0,futij,2,complete,jefatura_femenina,si,espanol_uno_mas_adultos,adultos_ninguno_analfabeta,0.0,0,0,35.61565687,26.18890898,3.791059708,62.10792802384809,EXCLUSION,0.302768
2023-07,No Elegible,Vulnerabilidad Elevada,1.0,1.525552408,2.578385269,1.0,1.776038647,1.498900966,1.790108696,1.043888889,sotap,3,low,jefatura_femenina,no,espanol_uno_mas_adultos,adultos_uno_mas_analfabeta,,0,-500,13.7168894,17.68003002,2.901742121,31.269381591707777,EXCLUSION,0.281082
2024-03,Elegible,Vulnerabilidad Elevada,1.0,1.0,3.251728045,1.0,1.776038647,2.823478261,1.790108696,1.0,fupal,4,average,jefatura_masculina,no,espanol_uno_mas_adultos,adultos_ninguno_analfabeta,-500.0,0,0,11.51832969,26.18890898,3.073781497,37.23512475786851,INCLUSION,0.332243
2024-01,No Elegible,Vulnerabilidad Baja,2.070141643,1.0,1.0,1.0,1.776038647,1.498900966,1.790108696,1.043888889,pcr_cdmx,1,low,,,espanol_uno_mas_adultos,adultos_ninguno_analfabeta,0.0,0,0,6.702282231,17.68003002,2.692946147,24.029037349402188,EXCLUSION,0.239190
2023-08,No Elegible,Vulnerabilidad Moderada,1.0,1.525552408,1.0,1.0,1.776038647,2.117608696,2.580217391,1.043888889,sotap,1,low,,,espanol_uno_mas_adultos,adultos_ninguno_analfabeta,0.0,0,0,3.741369748,28.09152966,2.895395259,31.049286911871928,EXCLUSION,0.228670
2024-03,Elegible,Vulnerabilidad Elevada,2.700708215,2.051104816,2.578385269,1.0,1.0,1.0,1.0,1.0,sotap,2,complete,jefatura_femenina,si,espanol_uno_mas_adultos,adultos_ninguno_analfabeta,,0,0,31.71522481,0.0,2.944031657,32.73585245961061,INCLUSION,0.157612
2023-08,Elegible,Vulnerabilidad Baja,1.0,1.525552408,1.0,1.0,1.0,2.117608696,1.0,1.0,futij,1,low,,,espanol_uno_mas_adultos,adultos_ninguno_analfabeta,,0,0,3.741369748,7.392265486,2.317682116,11.016145758255425,INCLUSION,0.184694
2024-02,Elegible,Vulnerabilidad Elevada,1.0,1.525552408,1.0,1.564135978,1.776038647,2.823478261,2.580217391,1.0,fupal,3,low,jefatura_masculina,no,espanol_uno_mas_adultos,adultos_ninguno_analfabeta,,0,-500,8.159313021,32.12448674,3.139458425,39.512576505548864,INCLUSION,0.256021
2024-06,No Elegible,Vulnerabilidad Elevada,2.700708215,1.0,2.578385269,1.0,1.776038647,1.498900966,1.790108696,2.544987923,fupal,1,low,,,espanol_uno_mas_adultos,adultos_ninguno_analfabeta,,0,0,20.97871872,31.0340229,3.490604678,51.689151876183416,EXCLUSION,0.153466
2024-06,No Elegible,Vulnerabilidad Moderada,1.0,1.0,1.0,1.0,1.776038647,2.823478261,1.790108696,1.0,sotap,1,low,,,espanol_uno_mas_adultos,adultos_ninguno_analfabeta,,0,0,0.0,26.18890898,2.730928248,25.34612370011462,EXCLUSION,0.170485
2023-10,No Elegible,Vulnerabilidad Baja,1.0,1.0,2.578385269,1.0,1.0,1.498900966,1.0,1.0,sotap,2,low,jefatura_femenina,no,espanol_uno_mas_adultos,adultos_ninguno_analfabeta,,0,0,8.975915299,3.815111519,2.373655191,12.95710664444418,EXCLUSION,0.218286
2023-09,Lista de Reserva,Vulnerabilidad Baja,1.0,1.0,1.0,1.0,1.776038647,1.498900966,2.580217391,1.0,sotap,4,average,jefatura_masculina,no,espanol_uno_mas_adultos,adultos_ninguno_analfabeta,,0,0,0.0,22.17502718,2.618901451,21.46141263032042,EXCLUSION,0.209122
2024-07,Lista de Reserva,Vulnerabilidad Baja,1.0,1.525552408,1.0,1.0,1.776038647,1.0,1.0,1.0,sotap,1,low,,,espanol_uno_mas_adultos,adultos_ninguno_analfabeta,,0,0,3.741369748,5.532745347,2.265783208,9.21646683684858,EXCLUSION,0.201412
2024-06,No Elegible,Vulnerabilidad Baja,1.0,1.0,1.0,1.0,1.776038647,1.498900966,1.790108696,1.0,fupal,1,low,,,espanol_uno_mas_adultos,adultos_ninguno_analfabeta,,0,0,0.0,17.10850297,2.477495573,16.55793423592243,EXCLUSION,0.163951
2023-08,Lista de Reserva,Vulnerabilidad Moderada,2.700708215,1.0,2.578385269,1.0,1.0,2.117608696,1.0,1.0,pcr_cdmx,2,average,jefatura_femenina,si,espanol_ningun_adulto,adultos_ninguno_analfabeta,,0,0,20.97871872,7.392265486,2.830767021,28.808209857523355,EXCLUSION,0.260820
2023-09,No Elegible,Vulnerabilidad Elevada,2.700708215,2.051104816,1.249197356,1.0,1.776038647,1.0,1.790108696,1.0,sotap,4,average,jefatura_masculina,no,espanol_uno_mas_adultos,adultos_ninguno_analfabeta,,0,0,20.89305637,12.01413641,2.957212882,33.19292530323276,EXCLUSION,0.200276
2024-02,No Elegible,Vulnerabilidad Baja,1.0,1.0,2.578385269,1.0,1.0,1.498900966,1.0,1.0,fupal,1,low,,,espanol_uno_mas_adultos,adultos_ninguno_analfabeta,0.0,0,0,8.975915299,3.815111519,2.373655191,12.95710664444418,EXCLUSION,0.288118
2024-02,Elegible,Vulnerabilidad Baja,1.0,1.0,2.578385269,1.0,1.0,1.498900966,1.790108696,1.043888889,pcr_cdmx,1,low,,,espanol_uno_mas_adultos,adultos_ninguno_analfabeta,0.0,0,0,8.975915299,10.52243148,2.560855415,19.44857834177924,INCLUSION,0.230917
2024-01,Lista de Reserva,Vulnerabilidad Baja,2.700708215,1.0,1.249197356,1.0,1.0,1.0,1.790108696,1.0,fomon,2,average,jefatura_femenina,si,espanol_uno_mas_adultos,adultos_ninguno_analfabeta,0.0,0,0,11.93561888,5.614422911,2.511971873,17.75346419847839,EXCLUSION,0.201738
2024-05,Lista de Reserva,Vulnerabilidad Elevada,1.0,1.0,3.251728045,1.0,1.776038647,2.823478261,1.790108696,1.738466184,sotap,5,high,jefatura_femenina,no,espanol_uno_mas_adultos,adultos_ninguno_analfabeta,,0,0,11.51832969,35.38399904,3.330414986,46.13430762464765,EXCLUSION,0.277484
2024-05,Elegible,Vulnerabilidad Baja,1.0,1.0,1.0,1.0,1.776038647,1.498900966,1.790108696,1.0,sotap,1,low,,,espanol_uno_mas_adultos,adultos_ninguno_analfabeta,0.0,0,0,0.0,17.10850297,2.477495573,16.55793423592243,INCLUSION,0.187014
2024-04,Lista de Reserva,Vulnerabilidad Baja,1.0,1.0,2.578385269,1.0,1.776038647,1.0,1.790108696,1.043888889,sotap,3,average,jefatura_masculina,no,espanol_uno_mas_adultos,adultos_ninguno_analfabeta,0.0,0,0,8.975915299,12.53066404,2.616904864,21.39218396976588,EXCLUSION,0.233651
2024-02,No Elegible,Vulnerabilidad Baja,1.0,1.0,1.0,1.0,1.0,1.498900966,1.0,1.0,sotap,3,low,jefatura_masculina,no,espanol_uno_mas_adultos,adultos_ninguno_analfabeta,0.0,0,0,0.0,3.815111519,2.10647915,3.692337415207061,EXCLUSION,0.219496
2024-05,No Elegible,Vulnerabilidad Moderada,1.0,1.0,1.0,1.0,1.776038647,2.823478261,1.790108696,1.0,sotap,1,low,,,espanol_uno_mas_adultos,adultos_ninguno_analfabeta,,0,0,0.0,26.18890898,2.730928248,25.34612370011462,EXCLUSION,0.195086
2023-10,Lista de Reserva,Vulnerabilidad Baja,1.0,1.0,1.0,1.0,1.0,1.0,1.0,1.0,sotap,2,average,jefatura_femenina,si,espanol_uno_mas_adultos,adultos_ninguno_analfabeta,-500.0,0,0,0.0,0.0,2.0,0.0,EXCLUSION,0.176075
2023-09,No Elegible,Vulnerabilidad Elevada,1.0,1.0,2.578385269,1.0,1.776038647,2.117608696,2.580217391,1.043888889,sotap,1,low,,,espanol_uno_mas_adultos,adultos_uno_mas_analfabeta,0.0,0,0,8.975915299,28.09152966,3.051206127,36.45228537324866,EXCLUSION,0.266164
2023-12,Lista de Reserva,Vulnerabilidad Baja,2.700708215,1.0,1.0,1.0,1.776038647,1.0,1.790108696,1.0,fupal,1,low,,,espanol_uno_mas_adultos,adultos_ninguno_analfabeta,,0,0,9.472088355,12.01413641,2.61725769,21.404419116542044,EXCLUSION,0.205731
2024-02,Elegible,Vulnerabilidad Elevada,2.700708215,1.0,1.249197356,1.0,1.776038647,2.823478261,1.790108696,1.043888889,foten,4,low,jefatura_masculina,no,espanol_uno_mas_adultos,adultos_ninguno_analfabeta,,0,0,11.93561888,26.85846924,3.104889798,38.31385587256485,INCLUSION,0.228576
2023-10,Elegible,Vulnerabilidad Severa,2.070141643,2.051104816,2.578385269,1.0,1.776038647,2.823478261,2.580217391,2.544987923,sotap,3,complete,jefatura_masculina,no,espanol_uno_mas_adultos,adultos_uno_mas_analfabeta,0.0,0,0,27.51489601,50.0,4.214497142,76.79130287849782,INCLUSION,0.335421
2023-09,Lista de Reserva,Vulnerabilidad Severa,2.700708215,1.0,1.249197356,1.0,1.776038647,2.117608696,2.580217391,2.544987923,,3,low,jefatura_femenina,si,espanol_uno_mas_adultos,adultos_ninguno_analfabeta,0.0,0,0,11.93561888,44.04383881,3.584530706,54.94618306443267,EXCLUSION,0.172803
2024-02,Elegible,Vulnerabilidad Moderada,1.0,1.0,2.578385269,1.564135978,1.776038647,1.0,1.790108696,1.0,foten,1,low,,,espanol_uno_mas_adultos,adultos_ninguno_analfabeta,0.0,0,0,14.01324416,12.01413641,2.7524292,26.09171385650275,INCLUSION,0.244526
2023-08,No Elegible,Vulnerabilidad Baja,1.0,1.0,1.0,1.0,1.776038647,1.498900966,1.790108696,1.0,sotap,1,low,,,espanol_uno_mas_adultos,adultos_ninguno_analfabeta,,0,0,0.0,17.10850297,2.477495573,16.55793423592243,EXCLUSION,0.215780
2024-05,No Elegible,Vulnerabilidad Baja,1.0,1.0,1.249197356,1.0,1.776038647,1.0,2.580217391,1.0,sotap,3,average,jefatura_femenina,no,espanol_uno_mas_adultos,adultos_ninguno_analfabeta,0.0,0,0,1.921713018,16.59309681,2.520312154,18.042670026189647,EXCLUSION,0.174026
2023-12,Elegible,Vulnerabilidad Baja,1.0,1.0,1.0,1.0,1.0,1.0,1.0,1.0,fomon,1,low,,,espanol_uno_mas_adultos,adultos_ninguno_analfabeta,0.0,0,0,0.0,0.0,2.0,0.0,INCLUSION,0.228277
2024-03,No Elegible,Vulnerabilidad Baja,2.070141643,1.0,1.0,1.0,1.776038647,1.0,1.790108696,1.0,fomon,2,average,jefatura_femenina,si,espanol_uno_mas_adultos,adultos_ninguno_analfabeta,,0,0,6.702282231,12.01413641,2.534811966,18.545477861665603,EXCLUSION,0.217921
2024-01,No Elegible por Duplicidad,Vulnerabilidad Baja,1.0,1.0,1.0,1.0,1.776038647,1.0,1.0,1.0,pcr_cdmx,1,low,,,espanol_uno_mas_adultos,adultos_ninguno_analfabeta,0.0,0,0,0.0,5.532745347,2.154418035,5.354696068988193,EXCLUSION,0.307358
2024-05,Elegible,Vulnerabilidad Elevada,2.070141643,1.0,1.0,1.0,1.776038647,2.823478261,1.790108696,1.043888889,sotap,3,average,jefatura_femenina,no,espanol_uno_mas_adultos,adultos_ninguno_analfabeta,,0,0,6.702282231,26.85846924,2.949114914,32.912105216863374,INCLUSION,0.182027
2023-06,No Elegible,Vulnerabilidad Elevada,2.070141643,1.0,2.578385269,1.0,1.776038647,2.823478261,2.580217391,1.043888889,sotap,3,average,jefatura_masculina,no,espanol_uno_mas_adultos,adultos_ninguno_analfabeta,0.0,0,0,17.46888676,32.85812825,3.43704192,49.83177382961031,EXCLUSION,0.226906
2024-01,No Elegible,Vulnerabilidad Baja,1.0,1.0,1.0,1.0,1.776038647,1.498900966,2.580217391,1.0,sotap,4,average,jefatura_masculina,no,espanol_uno_mas_adultos,adultos_ninguno_analfabeta,0.0,0,0,0.0,22.17502718,2.618901451,21.46141263032042,EXCLUSION,0.257107
2023-10,Lista de Reserva,Vulnerabilidad Elevada,2.070141643,1.0,1.0,1.564135978,1.776038647,1.498900966,2.580217391,1.0,sotap,2,average,jefatura_femenina,si,espanol_uno_mas_adultos,adultos_ninguno_analfabeta,0.0,0,0,11.47057999,22.17502718,2.960333388,33.30112735497861,EXCLUSION,0.278177
2024-05,No Elegible,Vulnerabilidad Moderada,1.0,1.0,1.0,1.0,1.776038647,2.823478261,1.790108696,1.0,sotap,1,low,,,espanol_uno_mas_adultos,adultos_ninguno_analfabeta,0.0,0,0,0.0,26.18890898,2.730928248,25.34612370011462,EXCLUSION,0.213872
2024-02,No Elegible,Vulnerabilidad Severa,2.070141643,1.0,1.0,1.0,1.776038647,2.823478261,2.580217391,2.544987923,fupal,3,average,jefatura_masculina,no,espanol_ningun_adulto,adultos_ninguno_analfabeta,,0,0,6.702282231,50.0,3.594991325,55.308918375475805,EXCLUSION,0.246529
2024-01,Elegible,Vulnerabilidad Elevada,2.070141643,1.0,2.578385269,1.0,1.776038647,1.0,2.580217391,2.544987923,sotap,2,average,jefatura_femenina,si,espanol_ningun_adulto,adultos_ninguno_analfabeta,,0,0,17.46888676,30.38303782,3.367962543,47.43633428473814,INCLUSION,0.280981
2023-09,Lista de Reserva,Vulnerabilidad Elevada,1.0,2.051104816,1.0,1.0,1.776038647,2.823478261,1.790108696,1.0,sotap,1,low,,,espanol_uno_mas_adultos,adultos_ninguno_analfabeta,0.0,0,0,6.609317356,26.18890898,2.927660413,32.16813549794806,EXCLUSION,0.222443
2024-02,No Elegible,Vulnerabilidad Baja,2.700708215,1.0,1.0,1.0,1.0,1.498900966,1.0,1.0,fupal,1,low,,,espanol_uno_mas_adultos,adultos_ninguno_analfabeta,,0,0,9.472088355,3.815111519,2.38842422,13.469247045559316,EXCLUSION,0.181495
2024-01,Elegible,Vulnerabilidad Elevada,2.700708215,1.0,3.251728045,1.564135978,1.0,1.498900966,2.580217391,1.0,foten,1,low,,,espanol_ningun_adulto,adultos_uno_mas_analfabeta,,0,0,31.08118723,14.41616583,3.327511845,46.0336501136734,INCLUSION,0.322468
2023-12,Lista de Reserva,Vulnerabilidad Elevada,2.700708215,1.0,1.249197356,1.0,1.0,2.117608696,1.790108696,1.738466184,sotap,2,average,jefatura_femenina,si,espanol_uno_mas_adultos,adultos_ninguno_analfabeta,,0,0,11.93561888,21.57742793,2.957496782,33.20276375296195,EXCLUSION,0.185096
2024-01,No Elegible,Vulnerabilidad Baja,1.0,1.0,1.0,1.0,1.776038647,2.117608696,1.790108696,1.0,pcr_cdmx,1,low,,,espanol_ningun_adulto,adultos_ninguno_analfabeta,,0,0,0.0,21.88512181,2.610810239,21.18083670503239,EXCLUSION,0.300591
2023-12,No Elegible,Vulnerabilidad Moderada,1.0,1.0,1.0,1.0,1.776038647,2.823478261,1.790108696,1.0,sotap,2,average,jefatura_femenina,no,espanol_uno_mas_adultos,adultos_ninguno_analfabeta,0.0,0,0,0.0,26.18890898,2.730928248,25.34612370011462,EXCLUSION,0.299382
2024-04,No Elegible,Vulnerabilidad Elevada,2.070141643,1.0,1.0,1.564135978,1.776038647,2.117608696,2.580217391,1.043888889,sotap,2,complete,jefatura_femenina,si,espanol_uno_mas_adultos,adultos_ninguno_analfabeta,,0,0,11.47057999,28.09152966,3.125462023,39.02723086866973,EXCLUSION,0.109557
2023-08,Elegible,Vulnerabilidad Moderada,1.0,1.0,1.0,1.0,1.776038647,2.823478261,2.580217391,1.0,sotap,7,average,jefatura_masculina,no,espanol_ningun_adulto,adultos_ninguno_analfabeta,,0,0,0.0,32.12448674,2.896589272,31.09068863222006,INCLUSION,0.244978
2023-11,No Elegible,Vulnerabilidad Baja,1.0,1.0,1.0,1.0,1.776038647,2.117608696,1.790108696,1.0,sotap,1,low,,,espanol_uno_mas_adultos,adultos_ninguno_analfabeta,,0,0,0.0,21.88512181,2.610810239,21.18083670503239,EXCLUSION,0.235038
2023-07,Lista de Reserva,Vulnerabilidad Baja,1.0,1.0,1.0,1.0,1.0,1.0,1.790108696,1.0,sotap,3,average,jefatura_femenina,si,espanol_uno_mas_adultos,adultos_ninguno_analfabeta,0.0,0,0,0.0,5.614422911,2.156697643,5.433745167301109,EXCLUSION,0.151585
2024-01,Elegible,Vulnerabilidad Baja,1.0,1.0,1.0,1.0,1.0,1.0,1.0,1.0,sotap,1,low,,,espanol_uno_mas_adultos,adultos_ninguno_analfabeta,0.0,0,0,0.0,0.0,2.0,0.0,INCLUSION,0.206553
2024-03,No Elegible,Vulnerabilidad Elevada,1.0,1.0,2.578385269,1.0,1.776038647,2.823478261,2.580217391,1.0,sotap,1,low,,,espanol_uno_mas_adultos,adultos_ninguno_analfabeta,0.0,0,0,8.975915299,32.12448674,3.163765312,40.35545786145718,EXCLUSION,0.279544
2024-05,Lista de Reserva,Vulnerabilidad Moderada,1.0,1.0,2.578385269,1.0,1.776038647,1.498900966,1.790108696,1.0,sotap,3,complete,jefatura_femenina,si,espanol_uno_mas_adultos,adultos_ninguno_analfabeta,,0,0,8.975915299,17.10850297,2.744671614,25.82270346515955,EXCLUSION,0.198148
2024-04,No Elegible,Vulnerabilidad Elevada,1.0,2.051104816,1.0,1.0,1.776038647,2.823478261,2.580217391,1.0,foten,1,low,,,espanol_uno_mas_adultos,adultos_ninguno_analfabeta,,0,0,6.609317356,32.12448674,3.093321436,37.9127004300535,EXCLUSION,0.199937
2024-05,No Elegible,Vulnerabilidad Elevada,1.0,2.051104816,1.0,1.0,1.776038647,2.823478261,2.580217391,1.0,sotap,2,average,jefatura_masculina,si,espanol_uno_mas_adultos,adultos_uno_mas_analfabeta,0.0,0,0,6.609317356,32.12448674,3.093321436,37.9127004300535,EXCLUSION,0.231624
2023-07,No Elegible,Vulnerabilidad Elevada,1.0,2.051104816,1.0,1.0,1.776038647,2.823478261,2.580217391,1.0,sotap,6,high,jefatura_femenina,no,espanol_uno_mas_adultos,adultos_ninguno_analfabeta,0.0,0,0,6.609317356,32.12448674,3.093321436,37.9127004300535,EXCLUSION,0.221106
2024-01,Lista de Reserva,Vulnerabilidad Baja,2.700708215,1.0,1.249197356,1.0,1.776038647,1.498900966,1.0,1.0,sotap,1,low,,,espanol_uno_mas_adultos,adultos_ninguno_analfabeta,0.0,0,0,11.93561888,9.93697889,2.632613717,21.936916003518192,EXCLUSION,0.255555
2024-02,Elegible,Vulnerabilidad Severa,2.700708215,1.0,3.251728045,1.0,1.776038647,2.823478261,2.580217391,1.0,fupal,2,average,jefatura_femenina,si,espanol_ningun_adulto,adultos_uno_mas_analfabeta,,0,0,24.2379543,32.12448674,3.618053373,56.108644539548365,INCLUSION,0.249412
2023-10,Lista de Reserva,Vulnerabilidad Elevada,2.700708215,1.0,2.578385269,1.0,1.776038647,2.823478261,1.790108696,1.0,sotap,1,low,,,espanol_uno_mas_adultos,adultos_ninguno_analfabeta,-500.0,0,0,20.97871872,26.18890898,3.355378326,46.99995856724294,EXCLUSION,0.242867
2024-01,Elegible por Proceso Acelerado,Vulnerabilidad Moderada,2.700708215,1.0,2.578385269,1.0,1.0,1.498900966,1.0,1.0,sotap,1,low,,,espanol_uno_mas_adultos,adultos_ninguno_analfabeta,,0,0,20.97871872,3.815111519,2.730929228,25.34617228233538,INCLUSION,0.222416
2023-08,No Elegible,Vulnerabilidad Elevada,1.0,1.525552408,2.578385269,1.0,1.776038647,2.117608696,1.790108696,1.0,futij,3,average,jefatura_femenina,si,espanol_uno_mas_adultos,adultos_ninguno_analfabeta,,0,0,13.7168894,21.88512181,3.019105558,35.33914932281379,EXCLUSION,0.276816
2024-05,No Elegible,Vulnerabilidad Elevada,1.0,1.525552408,2.578385269,1.0,1.776038647,2.823478261,1.790108696,1.0,sotap,3,average,jefatura_masculina,no,espanol_uno_mas_adultos,adultos_ninguno_analfabeta,,0,0,13.7168894,26.18890898,3.139223567,39.50443631789602,EXCLUSION,0.262791
2023-09,No Elegible,Vulnerabilidad Severa,2.700708215,1.0,3.251728045,1.0,1.776038647,1.0,2.580217391,2.544987923,futij,2,complete,jefatura_femenina,si,espanol_ningun_adulto,adultos_ninguno_analfabeta,,0,0,24.2379543,30.38303782,3.569449813,54.42323718724288,EXCLUSION,0.240302
2024-01,Elegible,Vulnerabilidad Moderada,1.0,1.0,2.578385269,1.0,1.776038647,2.823478261,1.0,1.0,sotap,1,low,,,espanol_uno_mas_adultos,adultos_uno_mas_analfabeta,,0,0,8.975915299,17.78726377,2.763615719,26.47962106385475,INCLUSION,0.363922
2024-01,No Elegible,Vulnerabilidad Baja,1.599560907,1.0,1.0,1.0,1.776038647,1.498900966,1.790108696,1.0,pcr_cdmx,4,low,jefatura_masculina,no,espanol_uno_mas_adultos,adultos_ninguno_analfabeta,0.0,0,0,4.186184624,17.10850297,2.602101053,20.87883446730737,EXCLUSION,0.304424
2024-07,No Elegible,Vulnerabilidad Severa,2.700708215,1.525552408,3.251728045,1.0,1.776038647,2.823478261,1.790108696,1.0,sotap,1,low,,,espanol_uno_mas_adultos,adultos_uno_mas_analfabeta,0.0,0,0,30.67858802,26.18890898,3.644103496,57.01197936118624,EXCLUSION,0.307061
2024-03,Lista de Reserva,Vulnerabilidad Moderada,1.0,1.0,2.578385269,1.0,1.0,2.117608696,2.580217391,1.043888889,sotap,2,low,jefatura_masculina,no,espanol_uno_mas_adultos,adultos_ninguno_analfabeta,0.0,0,0,8.975915299,19.54126117,2.812569505,28.177173073525346,EXCLUSION,0.258118
2024-05,No Elegible,Vulnerabilidad Baja,1.0,1.0,1.0,1.0,1.0,1.0,1.790108696,1.0,sotap,2,average,jefatura_femenina,si,espanol_uno_mas_adultos,adultos_ninguno_analfabeta,0.0,0,0,0.0,5.614422911,2.156697643,5.433745167301109,EXCLUSION,0.137107
2024-01,Lista de Reserva,Vulnerabilidad Elevada,1.0,1.0,2.578385269,1.0,1.776038647,2.117608696,2.580217391,1.043888889,foten,5,high,jefatura_masculina,no,espanol_uno_mas_adultos,adultos_ninguno_analfabeta,,0,0,8.975915299,28.09152966,3.051206127,36.45228537324866,EXCLUSION,0.321081
2023-08,No Elegible,Vulnerabilidad Moderada,2.070141643,1.0,3.251728045,1.0,1.0,1.498900966,1.790108696,1.0,sotap,1,low,,,espanol_ningun_adulto,adultos_ninguno_analfabeta,-500.0,0,0,20.51851115,10.02735341,2.890613418,30.88348050723094,EXCLUSION,0.190554
2024-05,No Elegible,Vulnerabilidad Baja,1.0,1.0,1.0,1.0,1.776038647,1.498900966,2.580217391,1.043888889,sotap,1,low,,,espanol_uno_mas_adultos,adultos_ninguno_analfabeta,0.0,0,0,0.0,22.80125306,2.636379315,22.06748593527614,EXCLUSION,0.163360
2024-04,Lista de Reserva,Vulnerabilidad Baja,2.070141643,1.0,1.0,1.0,1.776038647,1.0,2.580217391,1.043888889,pcr_cdmx,2,average,jefatura_masculina,no,espanol_uno_mas_adultos,adultos_ninguno_analfabeta,0.0,0,0,6.702282231,17.15905947,2.678405943,23.524832152671745,EXCLUSION,0.179138
2024-02,Elegible,Vulnerabilidad Baja,1.599560907,1.0,1.0,1.0,1.0,2.823478261,1.790108696,1.043888889,sotap,5,average,jefatura_masculina,no,espanol_uno_mas_adultos,adultos_ninguno_analfabeta,0.0,0,0,4.186184624,18.47313819,2.640187803,22.199554361292552,INCLUSION,0.215488
2024-01,Lista de Reserva,Vulnerabilidad Baja,1.0,1.0,1.0,1.0,1.776038647,2.117608696,1.790108696,1.0,sotap,5,average,jefatura_masculina,no,espanol_uno_mas_adultos,adultos_ninguno_analfabeta,,0,0,0.0,21.88512181,2.610810239,21.18083670503239,EXCLUSION,0.284645
2024-03,Elegible,Vulnerabilidad Baja,2.700708215,1.525552408,1.0,1.0,1.0,1.498900966,1.0,1.0,sotap,1,low,,,espanol_uno_mas_adultos,adultos_ninguno_analfabeta,,-500,0,14.26831886,3.815111519,2.531188254,18.41982504444072,INCLUSION,0.203115
2023-11,Lista de Reserva,Vulnerabilidad Baja,1.0,1.0,1.0,1.0,1.776038647,2.117608696,1.790108696,1.043888889,sotap,1,low,,,espanol_uno_mas_adultos,adultos_ninguno_analfabeta,-500.0,0,0,0.0,22.50821784,2.628200749,21.78388088169096,EXCLUSION,0.214306
2024-04,No Elegible,Vulnerabilidad Severa,2.700708215,1.0,3.251728045,1.0,1.776038647,2.117608696,2.580217391,2.544987923,fupal,2,average,jefatura_femenina,si,espanol_ningun_adulto,adultos_uno_mas_analfabeta,,0,0,24.2379543,44.04383881,3.950720577,67.64441994058369,EXCLUSION,0.217570
2024-06,No Elegible,Vulnerabilidad Baja,1.0,1.0,1.0,1.0,1.0,1.0,1.0,1.0,sotap,1,low,,,espanol_uno_mas_adultos,adultos_ninguno_analfabeta,0.0,0,0,0.0,0.0,2.0,0.0,EXCLUSION,0.157449
2023-11,Lista de Reserva,Vulnerabilidad Moderada,1.0,1.0,2.578385269,1.0,1.776038647,1.498900966,1.790108696,1.043888889,sotap,2,low,jefatura_femenina,no,espanol_uno_mas_adultos,adultos_ninguno_analfabeta,,0,0,8.975915299,17.68003002,2.760622842,26.375838203163497,EXCLUSION,0.272029
2024-04,Lista de Reserva,Vulnerabilidad Elevada,1.0,1.525552408,2.578385269,1.0,1.776038647,2.823478261,1.0,1.0,sotap,1,low,,,espanol_uno_mas_adultos,adultos_uno_mas_analfabeta,0.0,0,0,13.7168894,17.78726377,2.904734997,31.37316445239903,EXCLUSION,0.299739
2024-05,Elegible,Vulnerabilidad Baja,1.0,2.051104816,1.0,1.0,1.0,1.0,1.0,1.0,sotap,4,average,jefatura_masculina,no,espanol_uno_mas_adultos,adultos_ninguno_analfabeta,,0,0,6.609317356,0.0,2.196732164,6.8220117978334365,INCLUSION,0.151024
2023-07,Lista de Reserva,Vulnerabilidad Baja,1.0,1.0,2.578385269,1.0,1.0,1.0,1.0,1.0,sotap,1,low,,,espanol_ningun_adulto,adultos_ninguno_analfabeta,,0,0,8.975915299,0.0,2.267176041,9.26476922923712,EXCLUSION,0.150283
2024-01,No Elegible,Vulnerabilidad Moderada,1.0,1.0,1.0,1.0,1.776038647,2.823478261,1.790108696,1.0,sotap,1,low,,,espanol_uno_mas_adultos,adultos_ninguno_analfabeta,0.0,0,0,0.0,26.18890898,2.730928248,25.34612370011462,EXCLUSION,0.277518
2024-02,Elegible,Vulnerabilidad Moderada,1.0,1.0,1.0,1.0,1.776038647,2.823478261,2.580217391,1.0,sotap,4,average,jefatura_femenina,si,espanol_uno_mas_adultos,adultos_ninguno_analfabeta,0.0,0,0,0.0,32.12448674,2.896589272,31.09068863222006,INCLUSION,0.228593
2023-08,No Elegible,Vulnerabilidad Baja,1.0,1.0,1.0,1.0,1.0,2.117608696,2.580217391,1.0,sotap,1,low,,,espanol_uno_mas_adultos,adultos_ninguno_analfabeta,0.0,0,0,0.0,18.94985465,2.528887403,18.340029377508348,EXCLUSION,0.207401
2023-09,No Elegible,Vulnerabilidad Moderada,1.0,1.0,1.0,1.0,1.776038647,2.823478261,1.790108696,1.0,sotap,1,low,,,espanol_ningun_adulto,adultos_ninguno_analfabeta,0.0,0,0,0.0,26.18890898,2.730928248,25.34612370011462,EXCLUSION,0.229518
2023-12,Lista de Reserva,Vulnerabilidad Baja,1.0,1.0,1.0,1.0,1.0,1.0,2.580217391,1.043888889,fupal,1,low,,,espanol_uno_mas_adultos,adultos_ninguno_analfabeta,,0,0,0.0,10.07114734,2.281084107,9.74704774745146,EXCLUSION,0.223538
2024-01,No Elegible,Vulnerabilidad Baja,1.0,1.0,1.0,1.564135978,1.776038647,1.498900966,1.790108696,1.0,fupal,1,low,,,espanol_uno_mas_adultos,adultos_ninguno_analfabeta,0.0,0,0,3.975239986,17.10850297,2.5958221,20.661101419911898,EXCLUSION,0.360988
2023-08,Lista de Reserva,Vulnerabilidad Baja,2.070141643,1.0,1.249197356,1.0,1.0,1.0,1.0,1.043888889,sotap,1,low,,,espanol_uno_mas_adultos,adultos_ninguno_analfabeta,-500.0,0,0,9.00737574,0.386821499,2.278908614,9.67161529502962,EXCLUSION,0.163558
2024-04,No Elegible por Duplicidad,Vulnerabilidad Elevada,2.700708215,1.0,1.0,1.0,1.776038647,2.823478261,2.580217391,1.0,foten,4,average,jefatura_femenina,si,espanol_uno_mas_adultos,adultos_ninguno_analfabeta,,0,0,9.472088355,32.12448674,3.178534341,40.86759826257232,EXCLUSION,0.184941
2023-11,Lista de Reserva,Vulnerabilidad Baja,1.0,1.0,1.0,1.0,1.776038647,1.0,1.790108696,1.0,sotap,2,average,jefatura_femenina,si,espanol_uno_mas_adultos,adultos_ninguno_analfabeta,,0,0,0.0,12.01413641,2.33531262,11.62750948618979,EXCLUSION,0.209222
2024-02,No Elegible,Vulnerabilidad Baja,1.0,1.0,1.0,1.0,1.0,1.498900966,1.0,1.0,sotap,1,low,,,espanol_uno_mas_adultos,adultos_ninguno_analfabeta,,0,0,0.0,3.815111519,2.10647915,3.692337415207061,EXCLUSION,0.201934
2024-02,Elegible,Vulnerabilidad Baja,2.070141643,1.0,1.0,1.0,1.776038647,1.0,1.790108696,1.043888889,pcr_cdmx,1,low,,,espanol_uno_mas_adultos,adultos_ninguno_analfabeta,0.0,0,0,6.702282231,12.53066404,2.549228169,19.04538311600457,INCLUSION,0.223277
2024-05,Lista de Reserva,Vulnerabilidad Elevada,1.0,1.525552408,2.578385269,1.0,1.776038647,2.823478261,2.580217391,1.0,sotap,3,average,jefatura_masculina,no,espanol_uno_mas_adultos,adultos_ninguno_analfabeta,0.0,0,0,13.7168894,32.12448674,3.304884591,45.24900125000146,EXCLUSION,0.239380
2024-03,Elegible,Vulnerabilidad Moderada,1.0,1.0,3.251728045,1.0,1.776038647,2.823478261,1.0,1.0,sotap,1,low,,,espanol_uno_mas_adultos,adultos_ninguno_analfabeta,,0,0,11.51832969,17.78726377,2.839292927,29.10385289237152,INCLUSION,0.261292
2024-02,No Elegible,Vulnerabilidad Baja,1.0,1.0,1.0,1.0,1.0,1.498900966,1.790108696,1.043888889,sotap,5,average,jefatura_masculina,no,espanol_uno_mas_adultos,adultos_ninguno_analfabeta,,0,0,0.0,10.52243148,2.293679375,10.18380911254212,EXCLUSION,0.191541
2024-05,No Elegible,Vulnerabilidad Baja,1.599560907,1.0,1.0,1.0,1.0,2.823478261,1.790108696,1.043888889,sotap,3,average,jefatura_femenina,si,espanol_uno_mas_adultos,adultos_ninguno_analfabeta,0.0,0,0,4.186184624,18.47313819,2.640187803,22.199554361292552,EXCLUSION,0.161815
2024-07,Lista de Reserva,Vulnerabilidad Elevada,1.0,1.0,2.578385269,1.0,1.776038647,2.117608696,2.580217391,1.043888889,sotap,5,high,jefatura_femenina,no,espanol_uno_mas_adultos,adultos_ninguno_analfabeta,,0,0,8.975915299,28.09152966,3.051206127,36.45228537324866,EXCLUSION,0.230711
2023-07,Lista de Reserva,Vulnerabilidad Moderada,1.0,1.0,1.0,1.0,1.776038647,2.823478261,2.580217391,1.0,fupal,1,low,,,espanol_uno_mas_adultos,adultos_ninguno_analfabeta,,0,0,0.0,32.12448674,2.896589272,31.09068863222006,EXCLUSION,0.178575
2024-02,No Elegible,Vulnerabilidad Moderada,1.0,1.0,1.0,1.0,1.776038647,2.823478261,1.790108696,1.043888889,futij,1,low,,,espanol_uno_mas_adultos,adultos_uno_mas_analfabeta,,0,0,0.0,26.85846924,2.749615568,25.99413684138756,EXCLUSION,0.318838
2023-07,Elegible,Vulnerabilidad Baja,1.0,1.0,3.251728045,1.0,1.776038647,1.0,1.790108696,1.043888889,sotap,1,low,,,espanol_ningun_adulto,adultos_ninguno_analfabeta,,0,0,11.51832969,12.53066404,2.692582072,24.01641579828265,INCLUSION,0.195210
2023-11,No Elegible,Vulnerabilidad Moderada,2.700708215,1.0,1.0,1.0,1.776038647,1.0,2.580217391,1.0,sotap,2,complete,jefatura_femenina,si,espanol_uno_mas_adultos,adultos_ninguno_analfabeta,0.0,0,0,9.472088355,16.59309681,2.74505574,25.83602399190964,EXCLUSION,0.167515
2023-09,No Elegible por Intenciones,Vulnerabilidad Baja,2.070141643,1.0,1.0,1.0,1.0,1.498900966,2.580217391,1.043888889,fupal,1,low,,,espanol_uno_mas_adultos,adultos_ninguno_analfabeta,,0,0,6.702282231,14.95862607,2.6169922,21.39521089991714,EXCLUSION,0.148097
2023-08,Elegible,Vulnerabilidad Baja,1.0,1.0,1.0,1.0,1.776038647,2.117608696,1.790108696,1.0,sotap,1,low,,,espanol_uno_mas_adultos,adultos_ninguno_analfabeta,,0,0,0.0,21.88512181,2.610810239,21.18083670503239,INCLUSION,0.220274
2024-01,No Elegible,Vulnerabilidad Baja,1.0,1.0,1.0,1.0,1.776038647,1.0,1.790108696,1.0,sotap,1,low,,,espanol_uno_mas_adultos,adultos_ninguno_analfabeta,,0,0,0.0,12.01413641,2.33531262,11.62750948618979,EXCLUSION,0.248823
2023-08,Lista de Reserva,Vulnerabilidad Moderada,1.0,1.0,1.0,1.0,1.776038647,2.823478261,1.790108696,1.0,sotap,1,low,,,espanol_uno_mas_adultos,adultos_ninguno_analfabeta,,0,0,0.0,26.18890898,2.730928248,25.34612370011462,EXCLUSION,0.251212
2024-03,No Elegible,Vulnerabilidad Baja,1.0,1.0,1.0,1.0,1.0,1.0,1.790108696,1.0,sotap,3,low,jefatura_masculina,no,espanol_uno_mas_adultos,adultos_ninguno_analfabeta,0.0,0,0,0.0,5.614422911,2.156697643,5.433745167301109,EXCLUSION,0.172592
2023-10,Elegible,Vulnerabilidad Severa,2.700708215,1.525552408,3.251728045,1.0,1.776038647,2.823478261,1.790108696,1.0,fupal,2,average,jefatura_femenina,si,espanol_ningun_adulto,adultos_uno_mas_analfabeta,,0,0,30.67858802,26.18890898,3.644103496,57.01197936118624,INCLUSION,0.255528
2024-06,No Elegible,Vulnerabilidad Baja,1.0,1.0,1.0,1.0,1.776038647,1.498900966,1.0,1.0,sotap,1,low,,,espanol_uno_mas_adultos,adultos_ninguno_analfabeta,0.0,0,0,0.0,9.93697889,2.277339487,9.61719697234091,EXCLUSION,0.182238
2023-07,No Elegible,Vulnerabilidad Elevada,1.0,1.0,1.0,1.564135978,1.776038647,2.823478261,2.580217391,1.043888889,sotap,1,low,,,espanol_uno_mas_adultos,adultos_ninguno_analfabeta,0.0,0,0,3.975239986,32.85812825,3.035391615,35.90388800877622,EXCLUSION,0.142630
2024-02,No Elegible,Vulnerabilidad Elevada,2.700708215,1.0,1.0,1.0,1.776038647,2.823478261,1.790108696,1.0,sotap,5,average,jefatura_masculina,no,espanol_uno_mas_adultos,adultos_uno_mas_analfabeta,,-500,0,9.472088355,26.18890898,3.012873318,35.123033330466875,EXCLUSION,0.280523
2024-06,Lista de Reserva,Vulnerabilidad Baja,1.0,1.0,1.0,1.0,1.0,1.0,1.0,1.0,sotap,1,low,,,espanol_uno_mas_adultos,adultos_ninguno_analfabeta,,0,0,0.0,0.0,2.0,0.0,EXCLUSION,0.134576
2024-04,No Elegible,Vulnerabilidad Moderada,1.0,2.051104816,1.0,1.0,1.776038647,2.117608696,1.790108696,1.0,foten,1,low,,,espanol_uno_mas_adultos,adultos_ninguno_analfabeta,,0,0,6.609317356,21.88512181,2.807542403,28.002848502865827,EXCLUSION,0.194707
2024-01,No Elegible por Duplicidad,Vulnerabilidad Elevada,2.070141643,1.0,1.0,1.0,1.776038647,2.823478261,1.790108696,1.043888889,fupal,5,high,jefatura_masculina,no,espanol_ningun_adulto,adultos_ninguno_analfabeta,,0,0,6.702282231,26.85846924,2.949114914,32.912105216863374,EXCLUSION,0.299823
2023-12,No Elegible,Vulnerabilidad Baja,2.070141643,1.0,1.0,1.0,1.0,1.0,1.0,1.043888889,pcr_cdmx,1,low,,,espanol_uno_mas_adultos,adultos_ninguno_analfabeta,,0,0,6.702282231,0.386821499,2.210295472,7.2923415718164915,EXCLUSION,0.209199
2023-06,Lista de Reserva,Vulnerabilidad Baja,1.0,1.0,1.0,1.0,1.0,1.0,1.0,1.0,sotap,2,average,jefatura_femenina,si,espanol_uno_mas_adultos,adultos_ninguno_analfabeta,,0,0,0.0,0.0,2.0,0.0,EXCLUSION,0.156298
2024-04,Lista de Reserva,Vulnerabilidad Elevada,2.070141643,2.051104816,1.0,1.0,1.776038647,2.823478261,1.790108696,1.043888889,sotap,1,low,,,espanol_uno_mas_adultos,adultos_uno_mas_analfabeta,,0,0,14.63015408,26.85846924,3.185095016,41.09510390983604,EXCLUSION,0.225901
2023-10,Lista de Reserva,Vulnerabilidad Elevada,2.070141643,2.051104816,1.0,1.0,1.776038647,2.823478261,2.580217391,1.043888889,sotap,4,average,jefatura_masculina,no,espanol_uno_mas_adultos,adultos_ninguno_analfabeta,-500.0,0,0,14.63015408,32.85812825,3.352544536,46.901687893235234,EXCLUSION,0.190446
2023-10,Lista de Reserva,Vulnerabilidad Elevada,1.0,2.051104816,1.0,1.0,1.776038647,2.823478261,2.580217391,1.0,,4,average,jefatura_masculina,no,espanol_uno_mas_adultos,adultos_ninguno_analfabeta,,0,0,6.609317356,32.12448674,3.093321436,37.9127004300535,EXCLUSION,0.293811
2024-07,No Elegible,Vulnerabilidad Severa,2.700708215,2.051104816,3.251728045,1.0,1.776038647,2.823478261,1.790108696,1.0,sotap,1,low,,,espanol_ningun_adulto,adultos_uno_mas_analfabeta,0.0,0,0,35.61565687,26.18890898,3.791059708,62.10792802384809,EXCLUSION,0.224988
2024-05,No Elegible,Vulnerabilidad Baja,1.0,1.0,1.0,1.0,1.0,1.0,1.0,1.0,sotap,1,low,,,espanol_uno_mas_adultos,adultos_ninguno_analfabeta,,-500,0,0.0,0.0,2.0,0.0,EXCLUSION,0.176036
2023-10,Lista de Reserva,Vulnerabilidad Moderada,2.700708215,1.0,1.0,1.0,1.776038647,2.117608696,1.790108696,1.0,sotap,4,average,jefatura_masculina,no,espanol_uno_mas_adultos,adultos_ninguno_analfabeta,-500.0,0,0,9.472088355,21.88512181,2.892755308,30.95774633538465,EXCLUSION,0.226453
2024-01,Lista de Reserva,Vulnerabilidad Moderada,1.0,1.0,1.0,1.0,1.776038647,2.823478261,1.790108696,1.0,sotap,4,low,jefatura_femenina,no,espanol_ningun_adulto,adultos_uno_mas_analfabeta,0.0,0,0,0.0,26.18890898,2.730928248,25.34612370011462,EXCLUSION,0.368102
2024-02,No Elegible,Vulnerabilidad Elevada,1.0,1.0,3.251728045,1.0,1.776038647,2.117608696,2.580217391,1.043888889,sotap,1,low,,,espanol_ningun_adulto,adultos_uno_mas_analfabeta,0.0,0,0,11.51832969,28.09152966,3.126883335,39.07651720176543,EXCLUSION,0.358518
2024-06,No Elegible,Vulnerabilidad Elevada,1.0,1.525552408,2.578385269,1.0,1.776038647,2.823478261,1.790108696,1.0,sotap,1,low,,,espanol_uno_mas_adultos,adultos_ninguno_analfabeta,,0,0,13.7168894,26.18890898,3.139223567,39.50443631789602,EXCLUSION,0.205694
2023-08,No Elegible por Intenciones,Vulnerabilidad Baja,1.0,1.0,1.0,1.0,1.0,1.498900966,1.790108696,1.0,sotap,1,low,,,espanol_uno_mas_adultos,adultos_uno_mas_analfabeta,,0,0,0.0,10.02735341,2.279861825,9.70466314991279,EXCLUSION,0.216453
2024-04,No Elegible por Duplicidad,Vulnerabilidad Moderada,1.0,1.0,1.0,1.0,1.776038647,2.823478261,1.790108696,1.0,fupal,1,low,,,espanol_uno_mas_adultos,adultos_uno_mas_analfabeta,-500.0,0,0,0.0,26.18890898,2.730928248,25.34612370011462,EXCLUSION,0.226482
2023-07,Lista de Reserva,Vulnerabilidad Baja,1.0,1.0,1.0,1.0,1.776038647,2.117608696,1.790108696,1.0,sotap,5,average,jefatura_masculina,no,espanol_uno_mas_adultos,adultos_ninguno_analfabeta,,0,0,0.0,21.88512181,2.610810239,21.18083670503239,EXCLUSION,0.166715
2023-07,Lista de Reserva,Vulnerabilidad Baja,1.0,1.0,1.249197356,1.0,1.0,1.498900966,1.790108696,1.043888889,sotap,1,low,,,espanol_uno_mas_adultos,adultos_ninguno_analfabeta,,0,0,1.921713018,10.52243148,2.350880859,12.167364777174376,EXCLUSION,0.152534
2024-05,No Elegible,Vulnerabilidad Elevada,2.070141643,1.0,3.251728045,1.0,1.776038647,2.117608696,2.580217391,1.043888889,sotap,1,low,,,espanol_uno_mas_adultos,adultos_ninguno_analfabeta,0.0,0,0,20.51851115,28.09152966,3.39478168,48.36633350132969,EXCLUSION,0.199297
2024-03,Elegible,Vulnerabilidad Baja,2.700708215,1.525552408,1.0,1.0,1.0,1.498900966,1.0,1.0,sotap,1,low,,,espanol_uno_mas_adultos,adultos_ninguno_analfabeta,,0,0,14.26831886,3.815111519,2.531188254,18.41982504444072,INCLUSION,0.164373
2024-04,Lista de Reserva,Vulnerabilidad Baja,1.0,1.0,1.0,1.0,1.0,1.0,1.0,1.0,pcr_cdmx,4,low,jefatura_masculina,no,espanol_uno_mas_adultos,adultos_ninguno_analfabeta,0.0,0,0,0.0,0.0,2.0,0.0,EXCLUSION,0.158437
2023-08,No Elegible,Vulnerabilidad Severa,2.700708215,1.0,3.251728045,1.0,1.776038647,2.117608696,2.580217391,1.043888889,sotap,4,complete,jefatura_femenina,si,espanol_ningun_adulto,adultos_uno_mas_analfabeta,,0,0,24.2379543,28.09152966,3.505494188,52.20547205133984,EXCLUSION,0.224536
2024-05,No Elegible,Vulnerabilidad Baja,2.700708215,1.0,1.0,1.0,1.0,1.498900966,1.790108696,1.0,sotap,1,low,,,espanol_uno_mas_adultos,adultos_ninguno_analfabeta,,0,0,9.472088355,10.02735341,2.561806895,19.481572780265047,EXCLUSION,0.116207
2024-04,No Elegible,Vulnerabilidad Baja,1.0,1.0,1.0,1.0,1.776038647,1.498900966,1.790108696,1.0,pcr_cdmx,1,low,,,espanol_uno_mas_adultos,adultos_ninguno_analfabeta,0.0,0,0,0.0,17.10850297,2.477495573,16.55793423592243,EXCLUSION,0.180961
2023-08,No Elegible,Vulnerabilidad Baja,1.0,1.0,1.0,1.0,1.0,1.0,1.0,1.0,sotap,1,low,,,espanol_uno_mas_adultos,adultos_ninguno_analfabeta,-500.0,0,0,0.0,0.0,2.0,0.0,EXCLUSION,0.170074
2023-07,No Elegible,Vulnerabilidad Elevada,2.070141643,1.0,2.578385269,1.0,1.776038647,2.823478261,2.580217391,1.043888889,sotap,2,average,jefatura_femenina,si,espanol_uno_mas_adultos,adultos_uno_mas_analfabeta,0.0,0,-500,17.46888676,32.85812825,3.43704192,49.83177382961031,EXCLUSION,0.236908
2024-02,Elegible,Vulnerabilidad Baja,1.0,1.0,1.0,1.0,1.0,2.117608696,1.790108696,1.0,foten,1,low,,,espanol_uno_mas_adultos,adultos_ninguno_analfabeta,,0,0,0.0,14.16503897,2.395343965,13.709193850906429,INCLUSION,0.219875
2023-08,No Elegible,Vulnerabilidad Elevada,2.700708215,1.0,3.251728045,1.0,1.0,2.117608696,2.580217391,1.738466184,fupal,1,low,,,espanol_ningun_adulto,adultos_uno_mas_analfabeta,,0,0,24.2379543,27.07165714,3.477029709,51.21842004890596,EXCLUSION,0.238984
2023-10,Lista de Reserva,Vulnerabilidad Elevada,1.0,1.525552408,1.0,1.0,1.776038647,2.823478261,2.580217391,1.0,sotap,1,low,,,espanol_uno_mas_adultos,adultos_ninguno_analfabeta,,0,0,3.741369748,32.12448674,3.007954444,34.95245940008045,EXCLUSION,0.226612
2024-01,Elegible,Vulnerabilidad Severa,2.700708215,1.0,2.578385269,1.0,1.776038647,2.823478261,2.580217391,1.738466184,fupal,1,low,,,espanol_uno_mas_adultos,adultos_ninguno_analfabeta,0.0,0,0,20.97871872,42.19960637,3.802234322,62.49541570453535,INCLUSION,0.265787
2023-07,No Elegible,Vulnerabilidad Baja,2.070141643,1.0,1.0,1.0,1.0,1.0,1.790108696,1.043888889,sotap,4,average,jefatura_masculina,no,espanol_uno_mas_adultos,adultos_ninguno_analfabeta,,0,-500,6.702282231,6.061858428,2.368684842,12.78475013740434,EXCLUSION,0.157487
2024-04,No Elegible,Vulnerabilidad Baja,1.0,1.0,1.0,1.564135978,1.0,1.0,1.790108696,1.0,pcr_cdmx,4,low,jefatura_femenina,si,espanol_uno_mas_adultos,adultos_ninguno_analfabeta,0.0,0,0,3.975239986,5.614422911,2.275024169,9.536912351290574,EXCLUSION,0.126827
2023-08,Elegible,Vulnerabilidad Elevada,1.0,1.0,1.0,1.0,1.776038647,2.117608696,2.580217391,1.738466184,sotap,4,average,jefatura_femenina,no,espanol_uno_mas_adultos,adultos_uno_mas_analfabeta,,0,0,0.0,36.78475459,3.0266566,35.60098440253921,INCLUSION,0.260114
2024-06,No Elegible,Vulnerabilidad Baja,1.0,1.0,2.578385269,1.0,1.776038647,1.0,1.790108696,1.0,sotap,2,average,jefatura_femenina,si,espanol_uno_mas_adultos,adultos_ninguno_analfabeta,0.0,0,-500,8.975915299,12.01413641,2.602488661,20.89227871542691,EXCLUSION,0.236797
2024-06,No Elegible,Vulnerabilidad Baja,1.0,1.0,1.0,1.0,1.776038647,1.0,2.580217391,1.043888889,sotap,3,low,jefatura_masculina,no,espanol_uno_mas_adultos,adultos_ninguno_analfabeta,-500.0,0,0,0.0,17.15905947,2.478906597,16.60686377719593,EXCLUSION,0.139610
2023-12,No Elegible,Vulnerabilidad Elevada,1.599560907,1.0,1.0,1.0,1.776038647,2.117608696,2.580217391,1.043888889,sotap,1,low,,,espanol_uno_mas_adultos,adultos_ninguno_analfabeta,-500.0,0,0,4.186184624,28.09152966,2.908635566,31.50841637539648,EXCLUSION,0.195664
2024-06,Lista de Reserva,Vulnerabilidad Baja,1.0,2.051104816,1.0,1.0,1.776038647,2.117608696,1.0,1.0,fomon,1,low,,,espanol_uno_mas_adultos,adultos_ninguno_analfabeta,0.0,0,0,6.609317356,14.06650994,2.5893262,20.43584738145429,EXCLUSION,0.200492
2024-01,No Elegible,Vulnerabilidad Baja,1.0,1.0,1.0,1.0,1.776038647,1.0,1.790108696,1.0,sotap,5,average,jefatura_masculina,no,espanol_uno_mas_adultos,adultos_ninguno_analfabeta,0.0,0,0,0.0,12.01413641,2.33531262,11.62750948618979,EXCLUSION,0.256644
2023-06,No Elegible,Vulnerabilidad Elevada,2.070141643,1.0,1.0,1.0,1.776038647,2.823478261,1.790108696,1.043888889,sotap,1,low,,,espanol_ningun_adulto,adultos_uno_mas_analfabeta,,0,0,6.702282231,26.85846924,2.949114914,32.912105216863374,EXCLUSION,0.228153
2023-11,Elegible,Vulnerabilidad Baja,1.0,1.0,1.0,1.0,1.776038647,1.0,2.580217391,1.043888889,sotap,1,low,,,espanol_uno_mas_adultos,adultos_uno_mas_analfabeta,,0,0,0.0,17.15905947,2.478906597,16.60686377719593,INCLUSION,0.250819
2024-06,Lista de Reserva,Vulnerabilidad Baja,1.0,1.0,1.0,1.0,1.0,1.498900966,1.0,1.0,sotap,1,low,,,espanol_uno_mas_adultos,adultos_ninguno_analfabeta,0.0,0,0,0.0,3.815111519,2.10647915,3.692337415207061,EXCLUSION,0.164511
2024-06,No Elegible por Intenciones,Vulnerabilidad Moderada,2.070141643,1.0,1.0,1.0,1.0,2.117608696,2.580217391,1.043888889,sotap,6,average,jefatura_masculina,no,espanol_uno_mas_adultos,adultos_ninguno_analfabeta,,0,0,6.702282231,19.54126117,2.74489281,25.83037221976404,EXCLUSION,0.115883
2024-05,Lista de Reserva,Vulnerabilidad Elevada,2.070141643,1.0,2.578385269,1.0,1.776038647,2.823478261,2.580217391,1.043888889,sotap,3,average,jefatura_masculina,no,espanol_uno_mas_adultos,adultos_ninguno_analfabeta,,0,0,17.46888676,32.85812825,3.43704192,49.83177382961031,EXCLUSION,0.201020
2024-01,No Elegible por Duplicidad,Vulnerabilidad Baja,1.0,1.0,1.0,1.0,1.776038647,1.0,1.790108696,1.0,pcr_cdmx,3,low,jefatura_masculina,no,espanol_uno_mas_adultos,adultos_ninguno_analfabeta,0.0,0,0,0.0,12.01413641,2.33531262,11.62750948618979,EXCLUSION,0.317842
2023-09,No Elegible,Vulnerabilidad Baja,1.0,1.0,1.0,1.0,1.776038647,1.498900966,1.0,1.0,futij,1,low,,,espanol_uno_mas_adultos,adultos_ninguno_analfabeta,,0,0,0.0,9.93697889,2.277339487,9.61719697234091,EXCLUSION,0.238514
2024-03,Elegible,Vulnerabilidad Elevada,2.070141643,1.0,2.578385269,1.0,1.776038647,2.823478261,2.580217391,1.043888889,sotap,2,low,jefatura_masculina,no,espanol_uno_mas_adultos,adultos_ninguno_analfabeta,-500.0,0,0,17.46888676,32.85812825,3.43704192,49.83177382961031,INCLUSION,0.226774
2023-07,Lista de Reserva,Vulnerabilidad Elevada,2.700708215,1.0,1.0,1.0,1.776038647,2.823478261,1.790108696,1.0,sotap,2,complete,jefatura_femenina,si,espanol_uno_mas_adultos,adultos_ninguno_analfabeta,0.0,0,-500,9.472088355,26.18890898,3.012873318,35.123033330466875,EXCLUSION,0.202988
2024-05,No Elegible,Vulnerabilidad Elevada,1.0,1.0,2.578385269,1.0,1.776038647,2.823478261,2.580217391,1.0,sotap,5,high,jefatura_femenina,no,espanol_uno_mas_adultos,adultos_ninguno_analfabeta,,-500,0,8.975915299,32.12448674,3.163765312,40.35545786145718,EXCLUSION,0.296002
2023-11,Elegible,Vulnerabilidad Moderada,1.0,1.0,2.578385269,1.0,1.776038647,2.117608696,1.790108696,1.0,fupal,1,low,,,espanol_uno_mas_adultos,adultos_ninguno_analfabeta,,0,0,8.975915299,21.88512181,2.877986279,30.44560593426951,INCLUSION,0.262938
2024-02,No Elegible por Intenciones,Vulnerabilidad Moderada,1.0,1.0,2.578385269,1.0,1.776038647,1.498900966,1.790108696,1.0,foten,1,low,,,espanol_uno_mas_adultos,adultos_ninguno_analfabeta,,0,0,8.975915299,17.10850297,2.744671614,25.82270346515955,EXCLUSION,0.261390
2024-02,No Elegible,Vulnerabilidad Elevada,1.0,2.051104816,1.0,1.0,1.776038647,2.823478261,1.790108696,1.0,sotap,2,low,jefatura_masculina,no,espanol_uno_mas_adultos,adultos_ninguno_analfabeta,0.0,0,0,6.609317356,26.18890898,2.927660413,32.16813549794806,EXCLUSION,0.250472
2024-04,Lista de Reserva,Vulnerabilidad Baja,1.0,1.0,2.578385269,1.0,1.0,1.0,1.790108696,1.043888889,sotap,2,average,jefatura_femenina,si,espanol_uno_mas_adultos,adultos_ninguno_analfabeta,,0,0,8.975915299,6.061858428,2.436361537,15.13155099116565,EXCLUSION,0.176325
2024-06,No Elegible,Vulnerabilidad Elevada,2.700708215,1.0,3.251728045,1.0,1.776038647,2.117608696,2.580217391,1.0,sotap,1,low,,,espanol_ningun_adulto,adultos_ninguno_analfabeta,,0,0,24.2379543,27.40879931,3.486439293,51.54471264673319,EXCLUSION,0.178446
2024-04,Elegible,Vulnerabilidad Baja,1.0,1.0,1.0,1.0,1.0,1.0,1.0,1.0,fupal,1,low,,,espanol_ningun_adulto,adultos_ninguno_analfabeta,,0,0,0.0,0.0,2.0,0.0,INCLUSION,0.159969
2024-05,No Elegible,Vulnerabilidad Baja,1.0,1.0,1.0,1.0,1.776038647,2.117608696,1.0,1.0,sotap,2,low,jefatura_femenina,no,espanol_uno_mas_adultos,adultos_ninguno_analfabeta,0.0,0,0,0.0,14.06650994,2.392594036,13.61383558362086,EXCLUSION,0.196671
2023-08,No Elegible por Intenciones,Vulnerabilidad Baja,1.0,1.0,1.0,1.0,1.776038647,2.117608696,1.790108696,1.0,sotap,2,low,jefatura_femenina,no,espanol_uno_mas_adultos,adultos_ninguno_analfabeta,0.0,0,0,0.0,21.88512181,2.610810239,21.18083670503239,EXCLUSION,0.250026
2023-08,Lista de Reserva,Vulnerabilidad Baja,1.0,2.051104816,1.0,1.0,1.0,1.498900966,1.0,1.0,sotap,1,low,,,espanol_uno_mas_adultos,adultos_ninguno_analfabeta,,0,0,6.609317356,3.815111519,2.303211315,10.514349213040497,EXCLUSION,0.195443
2023-11,Elegible,Vulnerabilidad Moderada,1.0,1.0,2.578385269,1.0,1.776038647,1.498900966,2.580217391,1.043888889,foten,1,low,,,espanol_uno_mas_adultos,adultos_ninguno_analfabeta,,0,0,8.975915299,22.80125306,2.903555356,31.332255164513256,INCLUSION,0.265754
2024-02,No Elegible,Vulnerabilidad Elevada,1.0,1.525552408,2.578385269,1.0,1.776038647,2.117608696,2.580217391,1.043888889,foten,2,average,jefatura_femenina,si,espanol_uno_mas_adultos,adultos_ninguno_analfabeta,,0,0,13.7168894,28.09152966,3.192325406,41.34582876179294,EXCLUSION,0.248697
2024-01,Elegible,Vulnerabilidad Elevada,1.0,1.525552408,2.578385269,1.0,1.776038647,2.823478261,2.580217391,1.0,futij,3,low,jefatura_masculina,no,espanol_uno_mas_adultos,adultos_ninguno_analfabeta,0.0,0,0,13.7168894,32.12448674,3.304884591,45.24900125000146,INCLUSION,0.312896
2024-02,Elegible,Vulnerabilidad Baja,2.700708215,1.0,1.0,1.0,1.776038647,1.0,1.0,1.0,sotap,4,average,jefatura_masculina,no,espanol_ningun_adulto,adultos_uno_mas_analfabeta,,0,0,9.472088355,5.532745347,2.436363105,15.131605699340447,INCLUSION,0.284642
2023-09,No Elegible,Vulnerabilidad Baja,1.0,1.0,1.0,1.0,1.0,2.117608696,1.790108696,1.0,pcr_cdmx,3,average,jefatura_femenina,no,espanol_uno_mas_adultos,adultos_ninguno_analfabeta,0.0,0,0,0.0,14.16503897,2.395343965,13.709193850906429,EXCLUSION,0.211680
2024-05,Elegible,Vulnerabilidad Baja,1.0,1.0,2.578385269,1.0,1.0,1.0,1.0,1.043888889,sotap,1,low,,,espanol_uno_mas_adultos,adultos_ninguno_analfabeta,,0,-500,8.975915299,0.386821499,2.277972167,9.6391424255778,INCLUSION,0.194050
2024-03,No Elegible,Vulnerabilidad Moderada,1.0,1.525552408,1.0,1.0,1.776038647,2.823478261,2.580217391,1.0,foten,1,low,,,espanol_uno_mas_adultos,adultos_ninguno_analfabeta,,0,0,3.741369748,32.12448674,3.007954444,34.95245940008045,EXCLUSION,0.277828
2023-10,No Elegible,Vulnerabilidad Baja,1.0,1.0,1.0,1.0,1.0,1.0,1.0,1.0,fupal,1,low,,,espanol_uno_mas_adultos,adultos_ninguno_analfabeta,0.0,0,0,0.0,0.0,2.0,0.0,EXCLUSION,0.230336
2023-08,No Elegible,Vulnerabilidad Baja,1.599560907,1.525552408,1.0,1.0,1.776038647,1.498900966,1.0,1.043888889,sotap,1,low,,,espanol_uno_mas_adultos,adultos_ninguno_analfabeta,-500.0,-500,0,8.393749546,10.43108127,2.540977168,18.75926744378996,EXCLUSION,0.276389
2023-12,Lista de Reserva,Vulnerabilidad Baja,1.0,1.0,1.0,1.0,1.0,1.0,1.0,1.0,sotap,1,low,,,espanol_uno_mas_adultos,adultos_ninguno_analfabeta,0.0,0,0,0.0,0.0,2.0,0.0,EXCLUSION,0.207237
2023-10,Elegible,Vulnerabilidad Baja,1.0,1.0,1.0,1.0,1.0,2.117608696,1.790108696,1.0,sotap,1,low,,,espanol_uno_mas_adultos,adultos_ninguno_analfabeta,,0,0,0.0,14.16503897,2.395343965,13.709193850906429,INCLUSION,0.180860
2024-04,No Elegible,Vulnerabilidad Moderada,1.0,1.0,1.0,1.0,1.776038647,2.823478261,1.790108696,1.0,sotap,1,low,,,espanol_uno_mas_adultos,adultos_ninguno_analfabeta,0.0,0,0,0.0,26.18890898,2.730928248,25.34612370011462,EXCLUSION,0.187091
2024-05,No Elegible,Vulnerabilidad Moderada,1.0,1.0,2.578385269,1.0,1.776038647,2.117608696,1.790108696,1.0,sotap,1,low,,,espanol_uno_mas_adultos,adultos_uno_mas_analfabeta,,0,0,8.975915299,21.88512181,2.877986279,30.44560593426951,EXCLUSION,0.247032
2023-10,Lista de Reserva,Vulnerabilidad Baja,1.0,1.0,2.578385269,1.0,1.0,1.0,1.0,1.0,pcr_cdmx,1,low,,,espanol_uno_mas_adultos,adultos_ninguno_analfabeta,0.0,0,0,8.975915299,0.0,2.267176041,9.26476922923712,EXCLUSION,0.218240
2023-11,No Elegible,Vulnerabilidad Moderada,2.700708215,1.0,2.578385269,1.0,1.0,1.0,1.790108696,1.043888889,sotap,1,low,,,espanol_uno_mas_adultos,adultos_ninguno_analfabeta,0.0,0,0,20.97871872,6.061858428,2.793635574,27.520616629056853,EXCLUSION,0.190367
2024-01,Elegible,Vulnerabilidad Baja,1.0,1.0,1.0,1.0,1.776038647,2.117608696,1.790108696,1.0,pcr_cdmx,2,low,jefatura_femenina,no,espanol_uno_mas_adultos,adultos_ninguno_analfabeta,0.0,0,0,0.0,21.88512181,2.610810239,21.18083670503239,INCLUSION,0.268368
2024-03,Elegible,Vulnerabilidad Elevada,1.0,1.0,2.578385269,1.0,1.776038647,2.117608696,2.580217391,1.738466184,sotap,2,complete,jefatura_femenina,si,espanol_uno_mas_adultos,adultos_ninguno_analfabeta,0.0,0,0,8.975915299,36.78475459,3.29383264,44.86575363177633,INCLUSION,0.257247
2024-02,No Elegible,Vulnerabilidad Elevada,1.0,1.0,2.578385269,1.0,1.776038647,2.117608696,2.580217391,1.738466184,sotap,4,average,jefatura_masculina,no,espanol_ningun_adulto,adultos_ninguno_analfabeta,,0,0,8.975915299,36.78475459,3.29383264,44.86575363177633,EXCLUSION,0.287379
2024-02,Lista de Reserva,Vulnerabilidad Baja,1.0,1.0,2.578385269,1.0,1.0,1.498900966,1.0,1.0,sotap,1,low,,,espanol_ningun_adulto,adultos_ninguno_analfabeta,,0,0,8.975915299,3.815111519,2.373655191,12.95710664444418,EXCLUSION,0.273502
2023-12,Elegible,Vulnerabilidad Baja,1.0,1.0,1.0,1.0,1.0,1.498900966,1.790108696,1.0,sotap,4,average,jefatura_femenina,si,espanol_uno_mas_adultos,adultos_ninguno_analfabeta,0.0,0,-500,0.0,10.02735341,2.279861825,9.70466314991279,INCLUSION,0.232564
2024-02,Elegible,Vulnerabilidad Moderada,1.0,1.0,1.0,1.0,1.776038647,2.823478261,1.790108696,1.0,sotap,4,average,jefatura_masculina,no,espanol_uno_mas_adultos,adultos_ninguno_analfabeta,0.0,0,0,0.0,26.18890898,2.730928248,25.34612370011462,INCLUSION,0.248869
2024-05,No Elegible,Vulnerabilidad Moderada,1.0,1.525552408,1.0,1.0,1.776038647,2.117608696,1.790108696,1.043888889,foten,1,low,,,espanol_uno_mas_adultos,adultos_ninguno_analfabeta,0.0,0,0,3.741369748,22.50821784,2.739565922,25.645651649551347,EXCLUSION,0.216907
2024-07,No Elegible,Vulnerabilidad Moderada,1.0,1.0,2.578385269,1.0,1.776038647,2.823478261,1.790108696,1.0,foten,2,average,jefatura_femenina,si,espanol_uno_mas_adultos,adultos_ninguno_analfabeta,,0,0,8.975915299,26.18890898,2.998104289,34.61089292935174,EXCLUSION,0.277308
2023-12,No Elegible,Vulnerabilidad Baja,1.0,1.0,2.578385269,1.0,1.0,1.0,1.0,1.0,sotap,1,low,,,espanol_ningun_adulto,adultos_ninguno_analfabeta,,0,0,8.975915299,0.0,2.267176041,9.26476922923712,EXCLUSION,0.254392
2024-04,No Elegible,Vulnerabilidad Baja,1.0,1.0,2.578385269,1.0,1.776038647,1.498900966,1.0,1.0,fupal,1,low,,,espanol_uno_mas_adultos,adultos_ninguno_analfabeta,0.0,0,0,8.975915299,9.93697889,2.544515527,18.88196620157803,EXCLUSION,0.201069
2024-05,No Elegible,Vulnerabilidad Baja,1.0,1.0,1.0,1.0,1.0,2.117608696,1.0,1.0,sotap,1,low,,,espanol_uno_mas_adultos,adultos_ninguno_analfabeta,,0,0,0.0,7.392265486,2.206316944,7.154374990395034,EXCLUSION,0.151912
2024-02,Elegible,Vulnerabilidad Elevada,1.599560907,1.0,2.578385269,1.0,1.776038647,2.823478261,2.580217391,1.043888889,sotap,3,low,jefatura_masculina,no,espanol_ningun_adulto,adultos_ninguno_analfabeta,0.0,0,0,14.28054816,32.85812825,3.342138208,46.54083130512371,INCLUSION,0.293547
2023-10,No Elegible,Vulnerabilidad Moderada,1.0,1.0,1.0,1.0,1.776038647,2.823478261,1.790108696,1.0,sotap,3,average,jefatura_masculina,no,espanol_uno_mas_adultos,adultos_ninguno_analfabeta,,0,0,0.0,26.18890898,2.730928248,25.34612370011462,EXCLUSION,0.269793
2023-06,No Elegible,Vulnerabilidad Baja,1.0,1.0,1.0,1.0,1.776038647,2.117608696,1.790108696,1.0,sotap,2,average,jefatura_femenina,si,espanol_uno_mas_adultos,adultos_ninguno_analfabeta,0.0,0,0,0.0,21.88512181,2.610810239,21.18083670503239,EXCLUSION,0.206128
2024-04,Lista de Reserva,Vulnerabilidad Elevada,2.700708215,1.525552408,2.578385269,1.0,1.0,2.117608696,1.790108696,1.043888889,pcr_cdmx,4,average,jefatura_masculina,no,espanol_uno_mas_adultos,adultos_ninguno_analfabeta,0.0,0,0,27.05638709,14.70478802,3.215765515,42.15866191967167,EXCLUSION,0.181524
2023-07,Lista de Reserva,Vulnerabilidad Elevada,1.0,1.0,1.0,1.0,1.776038647,2.823478261,2.580217391,1.043888889,sotap,4,average,jefatura_femenina,si,espanol_uno_mas_adultos,adultos_ninguno_analfabeta,0.0,0,0,0.0,32.85812825,2.917065088,31.80072082478675,EXCLUSION,0.160582
2023-12,Lista de Reserva,Vulnerabilidad Baja,1.0,1.0,1.0,1.0,1.776038647,1.0,1.790108696,1.0,fupal,1,low,,,espanol_uno_mas_adultos,adultos_ninguno_analfabeta,,0,0,0.0,12.01413641,2.33531262,11.62750948618979,EXCLUSION,0.237380
2024-07,No Elegible,Vulnerabilidad Elevada,2.070141643,1.0,1.0,1.0,1.776038647,2.117608696,2.580217391,1.043888889,sotap,2,average,jefatura_femenina,si,espanol_uno_mas_adultos,adultos_ninguno_analfabeta,-500.0,0,0,6.702282231,28.09152966,2.983529432,34.10548451948735,EXCLUSION,0.187397
2024-01,Elegible,Vulnerabilidad Elevada,2.070141643,1.0,2.578385269,1.0,1.776038647,2.117608696,1.790108696,1.043888889,sotap,8,average,jefatura_masculina,no,espanol_uno_mas_adultos,adultos_ninguno_analfabeta,,0,0,17.46888676,22.50821784,3.148177581,39.81493388651453,INCLUSION,0.282210
2023-12,No Elegible,Vulnerabilidad Moderada,1.0,2.051104816,2.578385269,1.0,1.776038647,1.0,1.790108696,1.0,sotap,2,average,jefatura_masculina,no,espanol_uno_mas_adultos,adultos_uno_mas_analfabeta,0.0,0,0,17.3510839,12.01413641,2.851782945,29.536968617175688,EXCLUSION,0.355917
2023-11,Elegible,Vulnerabilidad Baja,1.0,1.0,1.0,1.0,1.776038647,2.117608696,1.790108696,1.0,sotap,2,average,jefatura_femenina,si,espanol_uno_mas_adultos,adultos_ninguno_analfabeta,0.0,0,0,0.0,21.88512181,2.610810239,21.18083670503239,INCLUSION,0.235463
2024-01,No Elegible,Vulnerabilidad Moderada,2.070141643,1.0,1.0,1.0,1.776038647,2.117608696,1.790108696,1.0,sotap,1,low,,,espanol_uno_mas_adultos,adultos_ninguno_analfabeta,0.0,0,0,6.702282231,21.88512181,2.810309585,28.0988050805082,EXCLUSION,0.243028
2024-04,Elegible,Vulnerabilidad Moderada,1.0,1.525552408,1.0,1.0,1.776038647,2.823478261,1.790108696,1.0,pcr_cdmx,2,average,jefatura_femenina,no,espanol_ningun_adulto,adultos_ninguno_analfabeta,,0,0,3.741369748,26.18890898,2.842293421,29.20789446797501,INCLUSION,0.225275
2024-04,No Elegible,Vulnerabilidad Baja,1.0,1.0,1.0,1.0,1.0,2.117608696,1.0,1.0,sotap,1,low,,,espanol_uno_mas_adultos,adultos_uno_mas_analfabeta,0.0,0,0,0.0,7.392265486,2.206316944,7.154374990395034,EXCLUSION,0.212066
2023-12,No Elegible,Vulnerabilidad Severa,2.700708215,1.0,3.251728045,1.0,1.776038647,1.498900966,1.790108696,2.544987923,sotap,4,average,jefatura_femenina,si,espanol_uno_mas_adultos,adultos_uno_mas_analfabeta,0.0,0,0,24.2379543,31.0340229,3.587618702,55.0532729163834,EXCLUSION,0.257522
2023-07,No Elegible,Vulnerabilidad Moderada,1.0,1.0,1.0,1.0,1.776038647,2.823478261,2.580217391,1.0,foten,1,low,,,espanol_uno_mas_adultos,adultos_ninguno_analfabeta,0.0,0,-500,0.0,32.12448674,2.896589272,31.09068863222006,EXCLUSION,0.230910
2024-03,No Elegible,Vulnerabilidad Elevada,1.0,1.0,2.578385269,1.0,1.776038647,2.823478261,1.790108696,1.0,sotap,3,complete,jefatura_femenina,si,espanol_uno_mas_adultos,adultos_ninguno_analfabeta,,0,0,8.975915299,26.18890898,2.998104289,34.61089292935174,EXCLUSION,0.268731
2024-01,Lista de Reserva,Vulnerabilidad Elevada,2.700708215,2.051104816,3.251728045,1.0,1.0,1.498900966,1.0,1.0,sotap,3,average,jefatura_femenina,no,espanol_uno_mas_adultos,adultos_uno_mas_analfabeta,0.0,0,0,35.61565687,3.815111519,3.16661061,40.454141738940535,EXCLUSION,0.303011
2023-10,Lista de Reserva,Vulnerabilidad Baja,1.0,1.0,1.0,1.564135978,1.0,1.0,1.0,1.0,sotap,1,low,,,espanol_uno_mas_adultos,adultos_ninguno_analfabeta,,0,0,3.975239986,0.0,2.118326527,4.103167183989466,EXCLUSION,0.241691
2024-03,No Elegible,Vulnerabilidad Baja,1.0,1.0,1.0,1.0,1.0,1.0,1.0,1.0,sotap,1,low,,,espanol_uno_mas_adultos,adultos_ninguno_analfabeta,0.0,0,0,0.0,0.0,2.0,0.0,EXCLUSION,0.191552
2023-10,Elegible,Vulnerabilidad Moderada,1.0,1.0,1.0,1.0,1.776038647,2.823478261,1.790108696,1.0,sotap,1,low,,,espanol_uno_mas_adultos,adultos_ninguno_analfabeta,0.0,0,0,0.0,26.18890898,2.730928248,25.34612370011462,INCLUSION,0.258329
2023-12,Lista de Reserva,Vulnerabilidad Baja,1.0,1.0,1.0,1.0,1.776038647,1.498900966,1.790108696,1.0,pcr_cdmx,2,average,jefatura_masculina,si,espanol_uno_mas_adultos,adultos_ninguno_analfabeta,,0,0,0.0,17.10850297,2.477495573,16.55793423592243,EXCLUSION,0.255215
2023-10,No Elegible,Vulnerabilidad Elevada,2.700708215,1.0,1.249197356,1.0,1.776038647,2.823478261,1.790108696,1.043888889,sotap,3,average,jefatura_femenina,si,espanol_uno_mas_adultos,adultos_ninguno_analfabeta,0.0,0,0,11.93561888,26.85846924,3.104889798,38.31385587256485,EXCLUSION,0.199493
2023-06,No Elegible,Vulnerabilidad Elevada,2.700708215,2.051104816,1.0,1.0,1.776038647,2.823478261,1.790108696,1.0,sotap,1,low,,,espanol_ningun_adulto,adultos_ninguno_analfabeta,0.0,0,0,17.94487015,26.18890898,3.265073146,43.868477716411775,EXCLUSION,0.188233
2023-12,Lista de Reserva,Vulnerabilidad Severa,2.700708215,1.0,2.578385269,1.0,1.776038647,2.823478261,2.580217391,1.043888889,sotap,2,average,jefatura_femenina,si,espanol_uno_mas_adultos,adultos_ninguno_analfabeta,0.0,0,0,20.97871872,32.85812825,3.541515166,53.45455569191508,EXCLUSION,0.291500
2023-07,Lista de Reserva,Vulnerabilidad Moderada,2.700708215,1.0,1.0,1.0,1.0,1.0,1.790108696,2.544987923,sotap,1,low,,,espanol_ningun_adulto,adultos_ninguno_analfabeta,-500.0,0,0,9.472088355,16.51639539,2.742915015,25.761790900306664,EXCLUSION,0.108167
2023-08,Elegible,Vulnerabilidad Elevada,2.070141643,1.0,3.251728045,1.0,1.776038647,1.498900966,1.0,1.043888889,sotap,3,average,jefatura_masculina,no,espanol_uno_mas_adultos,adultos_uno_mas_analfabeta,0.0,0,0,20.51851115,10.43108127,2.901881398,31.27421600096828,INCLUSION,0.282709
2023-08,Elegible,Vulnerabilidad Moderada,1.0,1.0,1.249197356,1.0,1.776038647,2.117608696,2.580217391,1.043888889,fomon,4,average,jefatura_masculina,no,espanol_ningun_adulto,adultos_ninguno_analfabeta,,0,0,1.921713018,28.09152966,2.841231571,29.1710718086438,INCLUSION,0.267863
2023-07,No Elegible,Vulnerabilidad Moderada,2.700708215,1.0,1.249197356,1.0,1.776038647,1.0,2.580217391,1.0,sotap,1,low,,,espanol_uno_mas_adultos,adultos_ninguno_analfabeta,-500.0,0,0,11.93561888,16.59309681,2.8183849,28.37883339273467,EXCLUSION,0.132391
2024-02,No Elegible por Intenciones,Vulnerabilidad Elevada,1.0,1.0,2.578385269,1.0,1.776038647,2.823478261,2.580217391,1.0,sotap,1,low,,,espanol_uno_mas_adultos,adultos_ninguno_analfabeta,0.0,0,0,8.975915299,32.12448674,3.163765312,40.35545786145718,EXCLUSION,0.292580
2024-06,Lista de Reserva,Vulnerabilidad Baja,1.0,1.525552408,1.0,1.0,1.776038647,1.0,2.580217391,1.043888889,futij,1,low,,,espanol_uno_mas_adultos,adultos_ninguno_analfabeta,,0,0,3.741369748,17.15905947,2.59027177,20.46863454505632,EXCLUSION,0.156134
2023-07,No Elegible,Vulnerabilidad Baja,1.0,1.0,1.0,1.0,1.776038647,1.0,2.580217391,1.043888889,sotap,1,low,,,espanol_uno_mas_adultos,adultos_ninguno_analfabeta,0.0,0,0,0.0,17.15905947,2.478906597,16.60686377719593,EXCLUSION,0.158810
2024-04,No Elegible,Vulnerabilidad Baja,1.0,1.0,2.578385269,1.0,1.776038647,1.498900966,1.0,1.0,sotap,3,average,jefatura_femenina,si,espanol_uno_mas_adultos,adultos_ninguno_analfabeta,0.0,0,0,8.975915299,9.93697889,2.544515527,18.88196620157803,EXCLUSION,0.211401
2024-04,No Elegible por Duplicidad,Vulnerabilidad Elevada,1.0,2.051104816,2.578385269,1.0,1.776038647,2.823478261,1.790108696,1.0,foten,1,low,,,espanol_uno_mas_adultos,adultos_ninguno_analfabeta,,0,0,17.3510839,26.18890898,3.247398574,43.25558283110052,EXCLUSION,0.307311
2024-03,No Elegible,Vulnerabilidad Moderada,1.599560907,1.0,1.0,1.0,1.776038647,2.823478261,2.580217391,1.043888889,fupal,1,low,,,espanol_uno_mas_adultos,adultos_ninguno_analfabeta,0.0,0,0,4.186184624,32.85812825,3.041670568,36.1216210561717,EXCLUSION,0.235103
2023-11,No Elegible,Vulnerabilidad Baja,1.0,1.0,1.0,1.0,1.776038647,1.498900966,1.790108696,1.0,sotap,1,low,,,espanol_uno_mas_adultos,adultos_ninguno_analfabeta,0.0,0,0,0.0,17.10850297,2.477495573,16.55793423592243,EXCLUSION,0.210381
2023-08,No Elegible,Vulnerabilidad Baja,1.0,1.0,1.0,1.0,1.776038647,1.498900966,2.580217391,1.0,sotap,1,low,,,espanol_uno_mas_adultos,adultos_ninguno_analfabeta,0.0,0,0,0.0,22.17502718,2.618901451,21.46141263032042,EXCLUSION,0.221726
2023-07,Lista de Reserva,Vulnerabilidad Elevada,1.0,1.0,3.251728045,1.0,1.776038647,2.117608696,1.790108696,1.0,fupal,1,low,,,espanol_uno_mas_adultos,adultos_ninguno_analfabeta,,0,0,11.51832969,21.88512181,2.953663487,33.06983776278628,EXCLUSION,0.212586
2023-08,No Elegible,Vulnerabilidad Elevada,1.0,1.0,2.578385269,1.0,1.776038647,2.823478261,2.580217391,1.043888889,sotap,1,low,,,espanol_uno_mas_adultos,adultos_ninguno_analfabeta,0.0,0,0,8.975915299,32.85812825,3.184241129,41.06549005402387,EXCLUSION,0.277692
2024-02,Elegible,Vulnerabilidad Elevada,1.0,2.051104816,1.0,1.0,1.776038647,2.823478261,1.790108696,1.0,sotap,2,average,jefatura_femenina,si,espanol_uno_mas_adultos,adultos_ninguno_analfabeta,0.0,0,0,6.609317356,26.18890898,2.927660413,32.16813549794806,INCLUSION,0.267484
2023-08,Lista de Reserva,Vulnerabilidad Baja,1.0,1.0,1.0,1.0,1.0,1.0,1.0,1.0,sotap,1,low,,,espanol_uno_mas_adultos,adultos_ninguno_analfabeta,0.0,0,0,0.0,0.0,2.0,0.0,EXCLUSION,0.212003
2023-09,No Elegible,Vulnerabilidad Baja,1.0,1.0,1.0,1.0,1.776038647,2.117608696,1.0,1.0,sotap,1,low,,,espanol_ningun_adulto,adultos_ninguno_analfabeta,,0,0,0.0,14.06650994,2.392594036,13.61383558362086,EXCLUSION,0.232148
2024-05,No Elegible,Vulnerabilidad Baja,1.0,1.0,1.0,1.0,1.0,1.498900966,1.0,1.0,sotap,4,average,jefatura_masculina,no,espanol_uno_mas_adultos,adultos_ninguno_analfabeta,0.0,0,0,0.0,3.815111519,2.10647915,3.692337415207061,EXCLUSION,0.178101
2024-05,No Elegible,Vulnerabilidad Baja,2.070141643,1.0,1.0,1.0,1.0,1.0,2.580217391,1.0,sotap,3,low,jefatura_masculina,no,espanol_uno_mas_adultos,adultos_ninguno_analfabeta,0.0,0,0,6.702282231,9.580889352,2.466900431,16.190535127239098,EXCLUSION,0.134838
2024-05,No Elegible,Vulnerabilidad Baja,1.0,1.0,1.0,1.0,1.0,1.498900966,1.790108696,1.0,sotap,3,low,jefatura_femenina,no,espanol_uno_mas_adultos,adultos_ninguno_analfabeta,0.0,0,0,0.0,10.02735341,2.279861825,9.70466314991279,EXCLUSION,0.148200
2023-11,Elegible,Vulnerabilidad Elevada,1.0,1.0,2.578385269,1.0,1.776038647,2.823478261,2.580217391,1.0,sotap,1,low,,,espanol_uno_mas_adultos,adultos_ninguno_analfabeta,0.0,0,0,8.975915299,32.12448674,3.163765312,40.35545786145718,INCLUSION,0.290802
2024-01,Lista de Reserva,Vulnerabilidad Elevada,2.070141643,1.0,1.0,1.0,1.776038647,2.117608696,2.580217391,1.043888889,foten,3,average,jefatura_femenina,si,espanol_uno_mas_adultos,adultos_ninguno_analfabeta,,0,0,6.702282231,28.09152966,2.983529432,34.10548451948735,EXCLUSION,0.297938
2024-05,No Elegible,Vulnerabilidad Baja,1.0,1.0,1.0,1.0,1.0,1.0,1.0,1.0,sotap,3,low,jefatura_masculina,no,espanol_uno_mas_adultos,adultos_ninguno_analfabeta,0.0,0,0,0.0,0.0,2.0,0.0,EXCLUSION,0.158293
2024-03,Lista de Reserva,Vulnerabilidad Baja,1.0,1.0,1.0,1.0,1.776038647,2.117608696,1.790108696,1.0,sotap,1,low,,,espanol_uno_mas_adultos,adultos_ninguno_analfabeta,0.0,0,0,0.0,21.88512181,2.610810239,21.18083670503239,EXCLUSION,0.234425
2023-09,No Elegible,Vulnerabilidad Baja,1.0,1.0,2.578385269,1.0,1.0,1.498900966,1.0,1.0,sotap,1,low,,,espanol_uno_mas_adultos,adultos_ninguno_analfabeta,0.0,0,0,8.975915299,3.815111519,2.373655191,12.95710664444418,EXCLUSION,0.211984
2023-10,No Elegible por Intenciones,Vulnerabilidad Elevada,1.0,1.0,1.0,1.0,1.776038647,2.117608696,2.580217391,1.738466184,sotap,2,average,jefatura_femenina,si,espanol_uno_mas_adultos,adultos_ninguno_analfabeta,0.0,0,0,0.0,36.78475459,3.0266566,35.60098440253921,EXCLUSION,0.229663
2023-12,Elegible,Vulnerabilidad Severa,2.700708215,1.525552408,3.251728045,1.0,1.776038647,2.117608696,1.790108696,1.0,sotap,4,average,jefatura_femenina,no,espanol_uno_mas_adultos,adultos_ninguno_analfabeta,0.0,0,0,30.67858802,21.88512181,3.523985487,52.84669236610401,INCLUSION,0.277937
2024-04,No Elegible,Vulnerabilidad Elevada,1.0,1.0,1.0,1.0,1.776038647,2.117608696,2.580217391,1.738466184,pcr_cdmx,1,low,,,espanol_ningun_adulto,adultos_ninguno_analfabeta,,0,0,0.0,36.78475459,3.0266566,35.60098440253921,EXCLUSION,0.180113
2023-11,No Elegible por Intenciones,Vulnerabilidad Baja,1.0,1.0,2.578385269,1.0,1.776038647,1.0,1.790108696,1.043888889,pcr_cdmx,1,low,,,espanol_uno_mas_adultos,adultos_ninguno_analfabeta,0.0,0,0,8.975915299,12.53066404,2.616904864,21.39218396976588,EXCLUSION,0.278093
2024-03,Lista de Reserva,Vulnerabilidad Baja,1.0,1.0,1.0,1.0,1.776038647,1.0,2.580217391,1.043888889,pcr_cdmx,1,low,,,espanol_uno_mas_adultos,adultos_ninguno_analfabeta,0.0,0,0,0.0,17.15905947,2.478906597,16.60686377719593,EXCLUSION,0.240265
2024-02,No Elegible,Vulnerabilidad Elevada,2.070141643,1.0,1.0,1.0,1.776038647,2.823478261,2.580217391,1.043888889,sotap,7,average,jefatura_femenina,no,espanol_uno_mas_adultos,adultos_ninguno_analfabeta,,-500,0,6.702282231,32.85812825,3.116564434,38.71868920026256,EXCLUSION,0.268196
2023-06,No Elegible,Vulnerabilidad Moderada,1.0,1.0,1.0,1.0,1.776038647,2.117608696,2.580217391,1.043888889,sotap,2,average,jefatura_femenina,no,espanol_uno_mas_adultos,adultos_ninguno_analfabeta,,0,0,0.0,28.09152966,2.784030087,27.18751614401154,EXCLUSION,0.170380
2023-11,Elegible,Vulnerabilidad Moderada,2.070141643,1.0,1.0,1.0,1.776038647,2.117608696,1.790108696,1.043888889,foten,1,low,,,espanol_uno_mas_adultos,adultos_ninguno_analfabeta,0.0,0,0,6.702282231,22.50821784,2.827700095,28.70184925716677,INCLUSION,0.228772
2024-02,No Elegible,Vulnerabilidad Elevada,1.0,1.0,2.578385269,1.0,1.776038647,2.823478261,1.790108696,1.043888889,sotap,1,low,,,espanol_ningun_adulto,adultos_ninguno_analfabeta,0.0,0,0,8.975915299,26.85846924,3.016791609,35.25890607062468,EXCLUSION,0.285998
2023-08,Elegible,Vulnerabilidad Elevada,2.700708215,1.0,2.578385269,1.0,1.776038647,2.823478261,1.790108696,1.0,sotap,4,average,jefatura_masculina,no,espanol_uno_mas_adultos,adultos_ninguno_analfabeta,0.0,0,-500,20.97871872,26.18890898,3.355378326,46.99995856724294,INCLUSION,0.297993
2024-06,Lista de Reserva,Vulnerabilidad Moderada,2.700708215,1.0,2.578385269,1.0,1.0,2.117608696,1.0,1.043888889,sotap,1,low,,,espanol_uno_mas_adultos,adultos_ninguno_analfabeta,,0,0,20.97871872,7.858894815,2.843790571,29.25982258808681,EXCLUSION,0.141398
2023-11,Elegible,Vulnerabilidad Baja,1.0,1.525552408,1.0,1.0,1.776038647,1.0,1.0,1.0,pcr_cdmx,1,low,,,espanol_uno_mas_adultos,adultos_ninguno_analfabeta,0.0,0,0,3.741369748,5.532745347,2.265783208,9.21646683684858,INCLUSION,0.237274
2024-02,No Elegible,Vulnerabilidad Elevada,1.0,1.0,3.251728045,1.0,1.776038647,2.823478261,2.580217391,1.0,sotap,3,average,jefatura_femenina,no,espanol_uno_mas_adultos,adultos_ninguno_analfabeta,0.0,0,-500,11.51832969,32.12448674,3.23944252,42.97968968997395,EXCLUSION,0.389748
2024-04,No Elegible,Vulnerabilidad Baja,1.599560907,1.0,1.0,1.0,1.0,1.0,1.790108696,1.043888889,sotap,1,low,,,espanol_uno_mas_adultos,adultos_ninguno_analfabeta,,0,0,4.186184624,6.061858428,2.293790976,10.187681993313475,EXCLUSION,0.134365
2024-05,Lista de Reserva,Vulnerabilidad Elevada,1.0,1.0,1.0,1.0,1.776038647,2.823478261,2.580217391,1.043888889,sotap,4,complete,jefatura_femenina,si,espanol_uno_mas_adultos,adultos_ninguno_analfabeta,,0,0,0.0,32.85812825,2.917065088,31.80072082478675,EXCLUSION,0.172414
2023-09,No Elegible,Vulnerabilidad Baja,1.0,1.0,2.578385269,1.0,1.0,1.498900966,1.0,1.0,pcr_cdmx,1,low,,,espanol_ningun_adulto,adultos_ninguno_analfabeta,0.0,0,0,8.975915299,3.815111519,2.373655191,12.95710664444418,EXCLUSION,0.235255
2023-08,No Elegible,Vulnerabilidad Moderada,1.0,1.0,1.0,1.0,1.776038647,2.823478261,1.790108696,1.043888889,sotap,1,low,,,espanol_uno_mas_adultos,adultos_ninguno_analfabeta,,0,0,0.0,26.85846924,2.749615568,25.99413684138756,EXCLUSION,0.224861
2023-09,No Elegible,Vulnerabilidad Moderada,2.700708215,1.0,1.249197356,1.0,1.0,2.117608696,2.580217391,1.0,sotap,1,low,,,espanol_uno_mas_adultos,adultos_ninguno_analfabeta,-500.0,0,0,11.93561888,18.94985465,2.884161633,30.65974840868563,EXCLUSION,0.134349
2024-05,No Elegible,Vulnerabilidad Severa,2.700708215,2.051104816,3.251728045,1.0,1.776038647,2.823478261,2.580217391,1.043888889,sotap,4,complete,jefatura_masculina,si,espanol_uno_mas_adultos,adultos_uno_mas_analfabeta,,0,0,35.61565687,32.85812825,3.977196548,68.56252514852022,EXCLUSION,0.250211
2024-06,No Elegible,Vulnerabilidad Elevada,1.0,1.0,2.578385269,1.564135978,1.776038647,2.117608696,1.790108696,1.043888889,sotap,1,low,,,espanol_uno_mas_adultos,adultos_ninguno_analfabeta,-500.0,0,0,14.01324416,22.50821784,3.045317329,36.24808525200392,EXCLUSION,0.155955
2023-10,Elegible,Vulnerabilidad Elevada,1.0,1.0,1.0,1.0,1.776038647,2.823478261,2.580217391,1.043888889,pcr_cdmx,2,average,jefatura_masculina,no,espanol_uno_mas_adultos,adultos_ninguno_analfabeta,-500.0,0,0,0.0,32.85812825,2.917065088,31.80072082478675,INCLUSION,0.240143
2024-03,No Elegible,Vulnerabilidad Moderada,2.700708215,1.0,2.578385269,1.0,1.0,1.0,1.790108696,1.0,sotap,2,average,jefatura_femenina,no,espanol_ningun_adulto,adultos_uno_mas_analfabeta,0.0,0,0,20.97871872,5.614422911,2.78114772,27.08758003442943,EXCLUSION,0.241897
2023-11,Elegible,Vulnerabilidad Moderada,1.0,1.0,1.0,1.0,1.776038647,2.823478261,1.790108696,1.0,sotap,1,low,,,espanol_uno_mas_adultos,adultos_ninguno_analfabeta,0.0,0,0,0.0,26.18890898,2.730928248,25.34612370011462,INCLUSION,0.244291
2023-06,No Elegible,Vulnerabilidad Severa,2.700708215,1.0,2.578385269,1.0,1.776038647,2.823478261,2.580217391,1.0,sotap,2,low,jefatura_masculina,no,espanol_ningun_adulto,adultos_uno_mas_analfabeta,0.0,0,0,20.97871872,32.12448674,3.521039349,52.74452349934838,EXCLUSION,0.245769
2023-11,Elegible,Vulnerabilidad Moderada,1.0,1.525552408,1.0,1.0,1.776038647,2.823478261,1.790108696,1.0,sotap,5,low,jefatura_masculina,no,espanol_uno_mas_adultos,adultos_ninguno_analfabeta,,0,0,3.741369748,26.18890898,2.842293421,29.20789446797501,INCLUSION,0.258833
2024-02,No Elegible,Vulnerabilidad Severa,2.700708215,1.0,2.578385269,1.0,1.776038647,2.823478261,2.580217391,1.738466184,sotap,3,complete,jefatura_femenina,si,espanol_uno_mas_adultos,adultos_ninguno_analfabeta,-500.0,0,0,20.97871872,42.19960637,3.802234322,62.49541570453535,EXCLUSION,0.196330
2024-03,No Elegible,Vulnerabilidad Moderada,1.0,1.0,1.0,1.0,1.776038647,2.823478261,2.580217391,1.0,sotap,7,low,jefatura_masculina,no,espanol_ningun_adulto,adultos_ninguno_analfabeta,,0,0,0.0,32.12448674,2.896589272,31.09068863222006,EXCLUSION,0.246070
2023-10,No Elegible,Vulnerabilidad Elevada,1.0,1.0,2.578385269,1.0,1.776038647,2.117608696,2.580217391,1.043888889,sotap,5,high,jefatura_masculina,no,espanol_uno_mas_adultos,adultos_ninguno_analfabeta,,0,0,8.975915299,28.09152966,3.051206127,36.45228537324866,EXCLUSION,0.258515
2024-05,Lista de Reserva,Vulnerabilidad Baja,1.599560907,1.0,1.0,1.0,1.0,1.0,1.790108696,1.043888889,fupal,1,low,,,espanol_uno_mas_adultos,adultos_ninguno_analfabeta,0.0,0,0,4.186184624,6.061858428,2.293790976,10.187681993313475,EXCLUSION,0.155988
2023-06,No Elegible,Vulnerabilidad Moderada,1.599560907,1.0,1.0,1.0,1.776038647,2.823478261,1.790108696,1.043888889,sotap,1,low,,,espanol_uno_mas_adultos,adultos_ninguno_analfabeta,0.0,0,0,4.186184624,26.85846924,2.874221048,30.315037072772505,EXCLUSION,0.193609
2023-12,Lista de Reserva,Vulnerabilidad Baja,1.0,1.0,1.0,1.0,1.776038647,2.117608696,1.790108696,1.043888889,sotap,1,low,,,espanol_uno_mas_adultos,adultos_ninguno_analfabeta,,0,0,0.0,22.50821784,2.628200749,21.78388088169096,EXCLUSION,0.259496
2023-11,No Elegible,Vulnerabilidad Moderada,2.700708215,1.0,2.578385269,1.0,1.776038647,1.0,1.0,1.0,sotap,1,low,,,espanol_uno_mas_adultos,adultos_ninguno_analfabeta,-500.0,0,0,20.97871872,5.532745347,2.778868113,27.008530936116514,EXCLUSION,0.206506
2023-07,No Elegible,Vulnerabilidad Elevada,2.700708215,2.051104816,1.249197356,1.0,1.776038647,2.117608696,1.0,1.043888889,sotap,2,complete,jefatura_femenina,si,espanol_uno_mas_adultos,adultos_ninguno_analfabeta,-500.0,0,0,20.89305637,14.60519526,3.029528919,35.70060128838091,EXCLUSION,0.119511
2023-08,No Elegible,Vulnerabilidad Elevada,2.070141643,1.0,1.0,1.0,1.776038647,2.823478261,2.580217391,1.043888889,foten,2,average,jefatura_masculina,no,espanol_uno_mas_adultos,adultos_ninguno_analfabeta,0.0,0,0,6.702282231,32.85812825,3.116564434,38.71868920026256,EXCLUSION,0.251977
2024-06,No Elegible,Vulnerabilidad Baja,2.070141643,1.0,2.578385269,1.0,1.0,1.0,1.0,1.043888889,sotap,1,low,,,espanol_uno_mas_adultos,adultos_ninguno_analfabeta,,0,0,17.46888676,0.386821499,2.530772958,18.405426201164243,EXCLUSION,0.135100
2023-09,No Elegible,Vulnerabilidad Baja,1.0,1.0,1.0,1.0,1.0,2.117608696,1.790108696,1.0,fomon,1,low,,,espanol_uno_mas_adultos,adultos_uno_mas_analfabeta,0.0,0,0,0.0,14.16503897,2.395343965,13.709193850906429,EXCLUSION,0.256771
2023-09,Lista de Reserva,Vulnerabilidad Baja,1.0,1.0,1.0,1.0,1.776038647,1.0,1.790108696,1.0,fomon,1,low,,,espanol_ningun_adulto,adultos_ninguno_analfabeta,,0,0,0.0,12.01413641,2.33531262,11.62750948618979,EXCLUSION,0.202249
2024-05,No Elegible,Vulnerabilidad Severa,2.700708215,2.051104816,2.578385269,1.0,1.776038647,2.823478261,2.580217391,1.0,sotap,2,complete,jefatura_femenina,si,espanol_uno_mas_adultos,adultos_ninguno_analfabeta,,0,0,31.71522481,32.12448674,3.840620929,63.82654109183068,EXCLUSION,0.212158
2024-05,No Elegible,Vulnerabilidad Elevada,2.700708215,1.0,2.578385269,1.0,1.776038647,2.823478261,1.790108696,1.0,sotap,1,low,,,espanol_uno_mas_adultos,adultos_ninguno_analfabeta,,0,0,20.97871872,26.18890898,3.355378326,46.99995856724294,EXCLUSION,0.186766
2023-08,No Elegible,Vulnerabilidad Elevada,1.0,1.0,2.578385269,1.0,1.776038647,2.117608696,2.580217391,1.043888889,sotap,3,average,jefatura_masculina,no,espanol_uno_mas_adultos,adultos_ninguno_analfabeta,,0,0,8.975915299,28.09152966,3.051206127,36.45228537324866,EXCLUSION,0.274696
2024-03,No Elegible,Vulnerabilidad Baja,1.0,1.0,1.0,1.0,1.0,1.498900966,1.790108696,1.0,sotap,4,average,jefatura_masculina,no,espanol_uno_mas_adultos,adultos_ninguno_analfabeta,,0,0,0.0,10.02735341,2.279861825,9.70466314991279,EXCLUSION,0.220780
2023-10,Elegible,Vulnerabilidad Baja,1.0,1.0,1.0,1.0,1.776038647,1.0,2.580217391,1.0,pcr_cdmx,2,average,jefatura_masculina,no,espanol_uno_mas_adultos,adultos_ninguno_analfabeta,0.0,0,0,0.0,16.59309681,2.46311067,16.059114361557388,INCLUSION,0.228053
2024-04,No Elegible,Vulnerabilidad Baja,2.070141643,1.0,1.0,1.0,1.0,1.498900966,1.790108696,1.043888889,sotap,1,low,,,espanol_uno_mas_adultos,adultos_ninguno_analfabeta,0.0,0,0,6.702282231,10.52243148,2.49317872,17.10177748801793,EXCLUSION,0.144251
2023-11,Elegible,Vulnerabilidad Moderada,1.0,1.0,2.578385269,1.0,1.776038647,2.117608696,1.790108696,1.043888889,sotap,6,average,jefatura_masculina,no,espanol_uno_mas_adultos,adultos_ninguno_analfabeta,0.0,0,-500,8.975915299,22.50821784,2.89537679,31.04865011092808,INCLUSION,0.328247
2024-02,Elegible,Vulnerabilidad Baja,1.0,1.525552408,2.578385269,1.0,1.776038647,1.0,1.0,1.043888889,sotap,1,low,,,espanol_uno_mas_adultos,adultos_ninguno_analfabeta,,0,0,13.7168894,5.979299062,2.575176597,19.94519185666718,INCLUSION,0.232966
2023-08,No Elegible,Vulnerabilidad Elevada,2.070141643,1.0,1.0,1.0,1.776038647,2.117608696,2.580217391,1.043888889,sotap,1,low,,,espanol_uno_mas_adultos,adultos_ninguno_analfabeta,,0,0,6.702282231,28.09152966,2.983529432,34.10548451948735,EXCLUSION,0.201583
2024-03,No Elegible,Vulnerabilidad Elevada,1.599560907,1.0,1.0,1.0,1.776038647,2.823478261,2.580217391,1.0,sotap,2,complete,jefatura_femenina,si,espanol_uno_mas_adultos,adultos_ninguno_analfabeta,,0,0,4.186184624,32.12448674,3.021194752,35.411588863605004,EXCLUSION,0.240298
2023-07,Lista de Reserva,Vulnerabilidad Baja,2.700708215,1.0,1.0,1.0,1.0,1.498900966,1.790108696,1.0,sotap,5,average,jefatura_masculina,no,espanol_uno_mas_adultos,adultos_ninguno_analfabeta,,0,0,9.472088355,10.02735341,2.561806895,19.481572780265047,EXCLUSION,0.130038
2023-08,No Elegible,Vulnerabilidad Severa,2.070141643,2.051104816,1.0,1.0,1.776038647,2.117608696,2.580217391,2.544987923,sotap,3,average,jefatura_femenina,si,espanol_ningun_adulto,adultos_ninguno_analfabeta,0.0,0,0,14.63015408,44.04383881,3.664735924,57.72743110170387,EXCLUSION,0.191925
2024-02,No Elegible,Vulnerabilidad Elevada,2.700708215,1.0,2.578385269,1.0,1.776038647,2.823478261,1.0,1.0,sotap,1,low,,,espanol_ningun_adulto,adultos_ninguno_analfabeta,0.0,0,0,20.97871872,17.78726377,3.120889756,38.86868670174595,EXCLUSION,0.240305
2023-06,Lista de Reserva,Vulnerabilidad Baja,1.599560907,1.0,1.0,1.0,1.0,1.0,2.580217391,1.043888889,sotap,2,low,jefatura_femenina,no,espanol_uno_mas_adultos,adultos_ninguno_analfabeta,-500.0,0,0,4.186184624,10.07114734,2.405689587,14.067947978836404,EXCLUSION,0.123523
2024-06,No Elegible,Vulnerabilidad Baja,1.0,2.051104816,1.0,1.0,1.0,1.498900966,1.0,1.0,sotap,1,low,,,espanol_uno_mas_adultos,adultos_ninguno_analfabeta,0.0,0,0,6.609317356,3.815111519,2.303211315,10.514349213040497,EXCLUSION,0.138594
2024-02,Elegible,Vulnerabilidad Baja,1.0,1.0,1.0,1.0,1.0,1.498900966,1.0,1.0,sotap,1,low,,,espanol_uno_mas_adultos,adultos_ninguno_analfabeta,0.0,0,0,0.0,3.815111519,2.10647915,3.692337415207061,INCLUSION,0.209598
2024-07,Lista de Reserva,Vulnerabilidad Baja,1.0,1.525552408,1.0,1.0,1.0,1.498900966,1.790108696,1.0,sotap,2,average,jefatura_masculina,no,espanol_uno_mas_adultos,adultos_ninguno_analfabeta,0.0,0,0,3.741369748,10.02735341,2.391226998,13.566433917773178,EXCLUSION,0.180162
2023-10,Elegible,Vulnerabilidad Baja,1.0,1.0,3.251728045,1.0,1.0,1.498900966,1.790108696,1.0,sotap,3,average,jefatura_masculina,no,espanol_ningun_adulto,adultos_uno_mas_analfabeta,0.0,0,0,11.51832969,10.02735341,2.622715074,21.59366420766668,INCLUSION,0.285974
2023-12,No Elegible,Vulnerabilidad Baja,1.0,1.0,2.578385269,1.0,1.0,1.0,1.0,1.0,sotap,1,low,,,espanol_uno_mas_adultos,adultos_ninguno_analfabeta,0.0,0,0,8.975915299,0.0,2.267176041,9.26476922923712,EXCLUSION,0.266164
2023-07,Lista de Reserva,Vulnerabilidad Baja,1.0,1.525552408,1.0,1.0,1.776038647,1.0,1.0,1.0,futij,1,low,,,espanol_uno_mas_adultos,adultos_ninguno_analfabeta,,0,0,3.741369748,5.532745347,2.265783208,9.21646683684858,EXCLUSION,0.177209
2023-07,Lista de Reserva,Vulnerabilidad Baja,1.0,1.0,3.251728045,1.0,1.776038647,1.0,1.790108696,1.043888889,fupal,1,low,,,espanol_uno_mas_adultos,adultos_ninguno_analfabeta,0.0,-500,0,11.51832969,12.53066404,2.692582072,24.01641579828265,EXCLUSION,0.264242
2024-01,No Elegible,Vulnerabilidad Moderada,1.0,1.525552408,2.578385269,1.0,1.776038647,1.0,1.790108696,1.0,sotap,1,low,,,espanol_uno_mas_adultos,adultos_ninguno_analfabeta,0.0,0,0,13.7168894,12.01413641,2.743607939,25.785822103971192,EXCLUSION,0.286086
2023-12,Elegible,Vulnerabilidad Elevada,1.0,1.0,2.578385269,1.0,1.776038647,2.823478261,1.790108696,1.0,pcr_cdmx,4,average,jefatura_masculina,no,espanol_ningun_adulto,adultos_ninguno_analfabeta,,0,0,8.975915299,26.18890898,2.998104289,34.61089292935174,INCLUSION,0.362749
2024-05,No Elegible por Intenciones,Vulnerabilidad Baja,1.0,1.0,1.0,1.0,1.0,2.117608696,1.790108696,1.0,foten,2,average,jefatura_masculina,no,espanol_uno_mas_adultos,adultos_ninguno_analfabeta,0.0,0,0,0.0,14.16503897,2.395343965,13.709193850906429,EXCLUSION,0.184514
2024-03,No Elegible,Vulnerabilidad Elevada,1.0,2.051104816,2.578385269,1.0,1.776038647,2.823478261,1.790108696,1.0,fupal,1,low,,,espanol_ningun_adulto,adultos_uno_mas_analfabeta,,0,0,17.3510839,26.18890898,3.247398574,43.25558283110052,EXCLUSION,0.323044
2024-03,No Elegible,Vulnerabilidad Moderada,1.0,1.0,2.578385269,1.0,1.776038647,1.498900966,1.790108696,1.0,sotap,2,average,jefatura_femenina,si,espanol_ningun_adulto,adultos_ninguno_analfabeta,0.0,0,0,8.975915299,17.10850297,2.744671614,25.82270346515955,EXCLUSION,0.244058
2023-08,No Elegible,Vulnerabilidad Baja,1.0,1.0,1.0,1.564135978,1.776038647,2.823478261,1.0,1.043888889,sotap,1,low,,,espanol_uno_mas_adultos,adultos_ninguno_analfabeta,0.0,0,0,3.975239986,18.36611881,2.630921956,21.87824592456485,EXCLUSION,0.324158
2023-08,Lista de Reserva,Vulnerabilidad Moderada,1.0,1.0,1.0,1.0,1.776038647,2.823478261,1.790108696,1.0,sotap,1,low,,,espanol_ningun_adulto,adultos_ninguno_analfabeta,0.0,0,0,0.0,26.18890898,2.730928248,25.34612370011462,EXCLUSION,0.254721
2023-12,Lista de Reserva,Vulnerabilidad Elevada,1.0,1.0,2.578385269,1.0,1.776038647,2.823478261,2.580217391,1.043888889,sotap,1,low,,,espanol_uno_mas_adultos,adultos_uno_mas_analfabeta,0.0,0,0,8.975915299,32.85812825,3.184241129,41.06549005402387,EXCLUSION,0.318903
2024-02,Elegible,Vulnerabilidad Baja,1.0,1.525552408,1.0,1.0,1.776038647,1.498900966,1.790108696,1.0,sotap,1,low,,,espanol_uno_mas_adultos,adultos_ninguno_analfabeta,,0,0,3.741369748,17.10850297,2.588860746,20.41970500378282,INCLUSION,0.213649
2023-06,No Elegible,Vulnerabilidad Baja,1.0,1.0,1.0,1.0,1.776038647,2.117608696,1.790108696,1.0,pcr_cdmx,1,low,,,espanol_uno_mas_adultos,adultos_ninguno_analfabeta,0.0,0,0,0.0,21.88512181,2.610810239,21.18083670503239,EXCLUSION,0.195006
2024-04,No Elegible,Vulnerabilidad Moderada,1.0,1.0,1.0,1.0,1.776038647,2.117608696,2.580217391,1.0,sotap,1,low,,,espanol_uno_mas_adultos,adultos_ninguno_analfabeta,,0,0,0.0,27.40879931,2.764975192,26.526756739404888,EXCLUSION,0.181347
2023-10,Elegible,Vulnerabilidad Baja,1.0,1.0,1.0,1.0,1.776038647,1.498900966,1.790108696,1.0,sotap,1,low,,,espanol_uno_mas_adultos,adultos_ninguno_analfabeta,,0,0,0.0,17.10850297,2.477495573,16.55793423592243,INCLUSION,0.204219
2024-05,No Elegible,Vulnerabilidad Severa,2.070141643,1.0,1.0,1.0,1.776038647,2.823478261,2.580217391,2.544987923,sotap,2,complete,jefatura_femenina,si,espanol_uno_mas_adultos,adultos_ninguno_analfabeta,,0,0,6.702282231,50.0,3.594991325,55.308918375475805,EXCLUSION,0.145154
2023-11,Elegible,Vulnerabilidad Elevada,2.700708215,1.0,3.251728045,1.0,1.776038647,2.117608696,1.790108696,1.0,sotap,3,complete,jefatura_femenina,si,espanol_uno_mas_adultos,adultos_ninguno_analfabeta,0.0,0,0,24.2379543,21.88512181,3.33227434,46.19879261236069,INCLUSION,0.230534
2023-12,No Elegible,Vulnerabilidad Baja,1.0,1.0,1.0,1.0,1.776038647,1.498900966,1.790108696,1.0,pcr_cdmx,1,low,,,espanol_uno_mas_adultos,adultos_ninguno_analfabeta,0.0,0,0,0.0,17.10850297,2.477495573,16.55793423592243,EXCLUSION,0.287213
2024-05,No Elegible,Vulnerabilidad Elevada,2.700708215,2.051104816,3.251728045,1.0,1.0,2.117608696,1.0,1.0,sotap,2,complete,jefatura_femenina,si,espanol_uno_mas_adultos,adultos_ninguno_analfabeta,,0,-500,35.61565687,7.392265486,3.266448403,43.916179314128506,EXCLUSION,0.192142
2023-11,No Elegible,Vulnerabilidad Baja,1.0,1.0,1.0,1.0,1.0,1.0,1.790108696,1.0,futij,1,low,,,espanol_uno_mas_adultos,adultos_ninguno_analfabeta,,0,0,0.0,5.614422911,2.156697643,5.433745167301109,EXCLUSION,0.204478
2024-05,No Elegible,Vulnerabilidad Baja,1.0,1.525552408,1.0,1.0,1.0,1.498900966,1.0,1.0,foten,1,low,,,espanol_ningun_adulto,adultos_uno_mas_analfabeta,,0,0,3.741369748,3.815111519,2.217844323,7.554108183067449,EXCLUSION,0.199195
2023-07,Lista de Reserva,Vulnerabilidad Baja,1.599560907,1.0,1.0,1.0,1.0,2.823478261,1.790108696,1.043888889,sotap,1,low,,,espanol_uno_mas_adultos,adultos_ninguno_analfabeta,,0,0,4.186184624,18.47313819,2.640187803,22.199554361292552,EXCLUSION,0.142084
2024-03,Elegible,Vulnerabilidad Elevada,1.0,2.051104816,1.0,1.0,1.776038647,2.823478261,2.580217391,1.0,sotap,1,low,,,espanol_uno_mas_adultos,adultos_uno_mas_analfabeta,,0,0,6.609317356,32.12448674,3.093321436,37.9127004300535,INCLUSION,0.249712
2023-09,No Elegible,Vulnerabilidad Baja,2.070141643,1.0,1.0,1.0,1.776038647,1.0,1.790108696,1.043888889,sotap,1,low,,,espanol_uno_mas_adultos,adultos_ninguno_analfabeta,,0,0,6.702282231,12.53066404,2.549228169,19.04538311600457,EXCLUSION,0.174972
2024-05,No Elegible,Vulnerabilidad Elevada,2.070141643,1.0,1.0,1.0,1.776038647,2.117608696,2.580217391,1.043888889,sotap,1,low,,,espanol_ningun_adulto,adultos_ninguno_analfabeta,0.0,0,0,6.702282231,28.09152966,2.983529432,34.10548451948735,EXCLUSION,0.166444
2024-03,Lista de Reserva,Vulnerabilidad Baja,1.0,1.0,2.578385269,1.0,1.776038647,1.0,1.790108696,1.043888889,fupal,1,low,,,espanol_uno_mas_adultos,adultos_ninguno_analfabeta,,0,0,8.975915299,12.53066404,2.616904864,21.39218396976588,EXCLUSION,0.255852
2024-03,No Elegible,Vulnerabilidad Baja,1.0,1.0,1.0,1.0,1.776038647,2.117608696,1.790108696,1.0,sotap,3,low,jefatura_femenina,no,espanol_uno_mas_adultos,adultos_ninguno_analfabeta,0.0,0,0,0.0,21.88512181,2.610810239,21.18083670503239,EXCLUSION,0.252326
2024-03,No Elegible,Vulnerabilidad Elevada,2.070141643,1.0,2.578385269,1.0,1.776038647,2.823478261,2.580217391,1.043888889,sotap,2,average,jefatura_masculina,si,espanol_uno_mas_adultos,adultos_uno_mas_analfabeta,0.0,0,0,17.46888676,32.85812825,3.43704192,49.83177382961031,EXCLUSION,0.262366
2023-06,No Elegible,Vulnerabilidad Severa,2.700708215,2.051104816,3.251728045,1.0,1.776038647,1.0,2.580217391,1.043888889,sotap,2,complete,jefatura_masculina,si,espanol_uno_mas_adultos,adultos_ninguno_analfabeta,0.0,0,0,35.61565687,17.15905947,3.539038057,53.3686681009294,EXCLUSION,0.186727
2024-02,Lista de Reserva,Vulnerabilidad Severa,2.070141643,1.0,1.0,1.0,1.776038647,2.823478261,2.580217391,2.544987923,fupal,1,low,,,espanol_uno_mas_adultos,adultos_ninguno_analfabeta,,0,0,6.702282231,50.0,3.594991325,55.308918375475805,EXCLUSION,0.206461
2024-02,Lista de Reserva,Vulnerabilidad Baja,1.0,1.0,2.578385269,1.0,1.0,1.0,1.0,1.0,sotap,1,low,,,espanol_uno_mas_adultos,adultos_ninguno_analfabeta,0.0,0,0,8.975915299,0.0,2.267176041,9.26476922923712,EXCLUSION,0.232250
2024-04,No Elegible,Vulnerabilidad Baja,1.0,2.051104816,1.0,1.0,1.0,1.498900966,1.0,1.043888889,sotap,1,low,,,espanol_uno_mas_adultos,adultos_ninguno_analfabeta,0.0,0,0,6.609317356,4.243121443,2.315157003,10.928585349676254,EXCLUSION,0.154093
2024-05,No Elegible,Vulnerabilidad Baja,1.0,1.0,1.0,1.0,1.0,1.0,1.790108696,1.0,sotap,3,average,jefatura_femenina,no,espanol_uno_mas_adultos,adultos_ninguno_analfabeta,-500.0,0,0,0.0,5.614422911,2.156697643,5.433745167301109,EXCLUSION,0.152546
2024-05,No Elegible,Vulnerabilidad Severa,2.700708215,1.525552408,3.251728045,1.0,1.776038647,1.498900966,2.580217391,1.043888889,sotap,2,complete,jefatura_femenina,si,espanol_uno_mas_adultos,adultos_ninguno_analfabeta,,0,0,30.67858802,22.80125306,3.549554563,53.73334159634776,EXCLUSION,0.194640
2023-07,Lista de Reserva,Vulnerabilidad Elevada,1.0,1.0,2.578385269,1.0,1.776038647,2.117608696,2.580217391,1.738466184,sotap,1,low,,,espanol_uno_mas_adultos,adultos_ninguno_analfabeta,,0,0,8.975915299,36.78475459,3.29383264,44.86575363177633,EXCLUSION,0.204564
2024-03,Lista de Reserva,Vulnerabilidad Moderada,1.0,2.051104816,1.249197356,1.0,1.776038647,2.117608696,1.790108696,1.0,sotap,1,low,,,espanol_uno_mas_adultos,adultos_ninguno_analfabeta,,0,0,8.909093135,21.88512181,2.875997259,30.376633366209827,EXCLUSION,0.222191
2024-02,Lista de Reserva,Vulnerabilidad Severa,2.700708215,2.051104816,3.251728045,1.564135978,1.776038647,2.117608696,1.790108696,1.043888889,sotap,1,low,,,espanol_uno_mas_adultos,adultos_ninguno_analfabeta,,0,0,43.80517382,22.50821784,3.932100408,66.99874900039238,EXCLUSION,0.223219
2024-01,Lista de Reserva,Vulnerabilidad Moderada,1.0,1.0,2.578385269,1.0,1.776038647,2.117608696,1.790108696,1.043888889,sotap,4,average,jefatura_masculina,no,espanol_uno_mas_adultos,adultos_ninguno_analfabeta,0.0,0,0,8.975915299,22.50821784,2.89537679,31.04865011092808,EXCLUSION,0.306138
2024-01,No Elegible,Vulnerabilidad Baja,1.0,1.525552408,1.0,1.0,1.776038647,2.117608696,1.0,1.0,fupal,4,average,jefatura_femenina,no,espanol_uno_mas_adultos,adultos_ninguno_analfabeta,0.0,0,0,3.741369748,14.06650994,2.503959209,17.475606351481247,EXCLUSION,0.305740
2023-06,No Elegible,Vulnerabilidad Elevada,1.0,1.0,2.578385269,1.0,1.776038647,2.823478261,1.790108696,1.0,sotap,4,average,jefatura_femenina,si,espanol_uno_mas_adultos,adultos_uno_mas_analfabeta,,0,0,8.975915299,26.18890898,2.998104289,34.61089292935174,EXCLUSION,0.258698
2024-01,Elegible,Vulnerabilidad Elevada,2.070141643,1.0,2.578385269,1.0,1.0,2.117608696,2.580217391,1.043888889,sotap,2,average,jefatura_femenina,si,espanol_uno_mas_adultos,adultos_ninguno_analfabeta,0.0,0,0,17.46888676,19.54126117,3.065370296,36.94345684911179,INCLUSION,0.203047
2024-04,No Elegible,Vulnerabilidad Baja,2.070141643,1.0,1.0,1.0,1.0,1.498900966,1.790108696,1.043888889,sotap,1,low,,,espanol_uno_mas_adultos,adultos_ninguno_analfabeta,,0,0,6.702282231,10.52243148,2.49317872,17.10177748801793,EXCLUSION,0.132251
2023-11,Lista de Reserva,Vulnerabilidad Baja,1.0,1.0,1.0,1.0,1.776038647,2.117608696,1.790108696,1.0,fomon,5,average,jefatura_masculina,no,espanol_uno_mas_adultos,adultos_ninguno_analfabeta,-500.0,0,0,0.0,21.88512181,2.610810239,21.18083670503239,EXCLUSION,0.268512
2024-05,Lista de Reserva,Vulnerabilidad Moderada,1.0,1.525552408,1.0,1.0,1.776038647,2.823478261,1.790108696,1.0,sotap,5,high,jefatura_masculina,no,espanol_uno_mas_adultos,adultos_ninguno_analfabeta,,-500,0,3.741369748,26.18890898,2.842293421,29.20789446797501,EXCLUSION,0.223541
2024-05,No Elegible,Vulnerabilidad Elevada,1.0,1.0,2.578385269,1.0,1.776038647,2.117608696,2.580217391,1.0,sotap,6,high,jefatura_femenina,no,espanol_uno_mas_adultos,adultos_ninguno_analfabeta,,0,0,8.975915299,27.40879931,3.032151233,35.791525968642006,EXCLUSION,0.207209
2024-05,No Elegible,Vulnerabilidad Elevada,2.700708215,1.0,2.578385269,1.0,1.776038647,2.823478261,1.790108696,1.0,fupal,1,low,,,espanol_uno_mas_adultos,adultos_ninguno_analfabeta,,0,0,20.97871872,26.18890898,3.355378326,46.99995856724294,EXCLUSION,0.203040
2023-06,No Elegible,Vulnerabilidad Moderada,1.0,2.051104816,2.578385269,1.0,1.776038647,1.498900966,1.0,1.0,sotap,1,low,,,espanol_uno_mas_adultos,adultos_ninguno_analfabeta,-500.0,0,0,17.3510839,9.93697889,2.793809812,27.526656103326808,EXCLUSION,0.202192
2023-07,No Elegible,Vulnerabilidad Severa,2.700708215,1.525552408,3.251728045,1.0,1.776038647,2.117608696,1.790108696,1.0,sotap,2,complete,jefatura_masculina,si,espanol_uno_mas_adultos,adultos_ninguno_analfabeta,0.0,0,0,30.67858802,21.88512181,3.523985487,52.84669236610401,EXCLUSION,0.199167
2024-03,Lista de Reserva,Vulnerabilidad Moderada,1.0,1.0,1.0,1.0,1.776038647,1.498900966,2.580217391,1.738466184,sotap,2,low,jefatura_masculina,no,espanol_ningun_adulto,adultos_ninguno_analfabeta,,0,0,0.0,30.77500505,2.858925454,29.78463461248595,EXCLUSION,0.184375
2024-04,Lista de Reserva,Vulnerabilidad Baja,1.0,2.051104816,1.0,1.0,1.776038647,1.0,1.790108696,1.0,sotap,2,average,jefatura_femenina,si,espanol_uno_mas_adultos,adultos_ninguno_analfabeta,0.0,0,0,6.609317356,12.01413641,2.532044784,18.449521284023227,EXCLUSION,0.187339
2024-03,No Elegible,Vulnerabilidad Moderada,1.0,1.0,1.0,1.0,1.776038647,2.823478261,1.790108696,1.0,sotap,1,low,,,espanol_ningun_adulto,adultos_uno_mas_analfabeta,,0,0,0.0,26.18890898,2.730928248,25.34612370011462,EXCLUSION,0.288051
2024-05,No Elegible,Vulnerabilidad Moderada,1.0,1.0,1.0,1.0,1.776038647,2.823478261,1.790108696,1.0,sotap,1,low,,,espanol_uno_mas_adultos,adultos_ninguno_analfabeta,0.0,0,0,0.0,26.18890898,2.730928248,25.34612370011462,EXCLUSION,0.195746
2024-06,Elegible,Vulnerabilidad Moderada,1.0,1.0,1.0,1.0,1.776038647,2.823478261,1.790108696,1.0,sotap,1,low,,,espanol_uno_mas_adultos,adultos_ninguno_analfabeta,,0,0,0.0,26.18890898,2.730928248,25.34612370011462,INCLUSION,0.170485
2024-01,No Elegible,Vulnerabilidad Moderada,1.0,1.0,1.0,1.0,1.776038647,2.823478261,1.790108696,1.0,sotap,1,low,,,espanol_ningun_adulto,adultos_ninguno_analfabeta,0.0,0,0,0.0,26.18890898,2.730928248,25.34612370011462,EXCLUSION,0.293965
2023-12,Lista de Reserva,Vulnerabilidad Baja,1.599560907,1.0,1.0,1.0,1.0,1.498900966,1.790108696,1.0,sotap,1,low,,,espanol_uno_mas_adultos,adultos_ninguno_analfabeta,0.0,0,0,4.186184624,10.02735341,2.404467305,14.025563381297731,EXCLUSION,0.212568
2024-06,No Elegible,Vulnerabilidad Baja,1.0,1.0,1.249197356,1.0,1.0,1.498900966,1.790108696,1.0,foten,4,average,jefatura_masculina,no,espanol_uno_mas_adultos,adultos_ninguno_analfabeta,,0,0,1.921713018,10.02735341,2.337063309,11.688218814545047,EXCLUSION,0.165688
2023-11,Lista de Reserva,Vulnerabilidad Baja,1.0,1.0,2.578385269,1.0,1.0,1.0,1.790108696,1.0,sotap,1,low,,,espanol_uno_mas_adultos,adultos_ninguno_analfabeta,,0,0,8.975915299,5.614422911,2.423873683,14.69851439653823,EXCLUSION,0.210128
2023-09,No Elegible,Vulnerabilidad Elevada,1.0,1.525552408,3.251728045,1.0,1.776038647,2.823478261,2.580217391,1.043888889,sotap,2,average,jefatura_masculina,si,espanol_uno_mas_adultos,adultos_ninguno_analfabeta,-500.0,0,0,16.54244021,32.85812825,3.409465421,48.87551330318476,EXCLUSION,0.239703
2023-12,No Elegible,Vulnerabilidad Elevada,2.070141643,2.051104816,1.0,1.0,1.776038647,2.823478261,1.790108696,1.043888889,sotap,3,low,jefatura_femenina,si,espanol_uno_mas_adultos,adultos_ninguno_analfabeta,,0,0,14.63015408,26.85846924,3.185095016,41.09510390983604,EXCLUSION,0.259810
2024-05,No Elegible,Vulnerabilidad Elevada,2.070141643,1.525552408,1.0,1.0,1.776038647,1.498900966,2.580217391,1.043888889,fomon,3,complete,jefatura_femenina,si,espanol_uno_mas_adultos,adultos_ninguno_analfabeta,-500.0,-500,0,11.1900528,22.80125306,2.969461113,33.61764582443294,EXCLUSION,0.189720
2024-05,Elegible,Vulnerabilidad Severa,2.700708215,2.051104816,3.251728045,1.0,1.776038647,2.823478261,1.790108696,1.0,sotap,2,complete,jefatura_masculina,si,espanol_uno_mas_adultos,adultos_ninguno_analfabeta,0.0,0,0,35.61565687,26.18890898,3.791059708,62.10792802384809,INCLUSION,0.228300
2023-09,Lista de Reserva,Vulnerabilidad Elevada,2.700708215,2.051104816,3.251728045,1.0,1.776038647,1.0,1.790108696,1.043888889,sotap,6,average,jefatura_femenina,no,espanol_uno_mas_adultos,adultos_ninguno_analfabeta,0.0,0,0,35.61565687,12.53066404,3.409860283,48.88921906426224,EXCLUSION,0.180493
2023-07,No Elegible,Vulnerabilidad Elevada,2.700708215,1.0,3.251728045,1.0,1.776038647,2.823478261,1.790108696,1.0,sotap,5,high,jefatura_femenina,no,espanol_uno_mas_adultos,adultos_ninguno_analfabeta,,0,0,24.2379543,26.18890898,3.45239235,50.36407960744292,EXCLUSION,0.177831
2024-02,Elegible,Vulnerabilidad Moderada,1.0,1.0,2.578385269,1.0,1.776038647,2.117608696,1.790108696,1.0,sotap,2,average,jefatura_masculina,no,espanol_uno_mas_adultos,adultos_ninguno_analfabeta,,0,0,8.975915299,21.88512181,2.877986279,30.44560593426951,INCLUSION,0.303460
2024-06,No Elegible,Vulnerabilidad Severa,2.070141643,1.0,2.578385269,1.0,1.776038647,2.823478261,2.580217391,1.738466184,fupal,2,complete,jefatura_femenina,si,espanol_uno_mas_adultos,adultos_uno_mas_analfabeta,,0,0,17.46888676,42.19960637,3.697761076,58.87263384223059,EXCLUSION,0.215871
2023-08,No Elegible,Vulnerabilidad Moderada,1.0,1.0,2.578385269,1.0,1.776038647,2.117608696,1.790108696,1.0,sotap,1,low,,,espanol_uno_mas_adultos,adultos_ninguno_analfabeta,,0,0,8.975915299,21.88512181,2.877986279,30.44560593426951,EXCLUSION,0.260725
2023-07,Lista de Reserva,Vulnerabilidad Elevada,2.070141643,1.0,1.0,1.0,1.776038647,2.823478261,1.790108696,1.043888889,sotap,2,complete,jefatura_femenina,si,espanol_uno_mas_adultos,adultos_ninguno_analfabeta,0.0,0,-500,6.702282231,26.85846924,2.949114914,32.912105216863374,EXCLUSION,0.213351
2023-07,No Elegible,Vulnerabilidad Elevada,2.700708215,1.0,1.249197356,1.0,1.776038647,2.823478261,2.580217391,1.0,fupal,3,complete,jefatura_femenina,si,espanol_uno_mas_adultos,adultos_ninguno_analfabeta,,0,0,11.93561888,32.12448674,3.251863502,43.41040766339734,EXCLUSION,0.181012
2024-03,Lista de Reserva,Vulnerabilidad Baja,1.0,1.0,2.578385269,1.0,1.0,1.0,1.790108696,1.043888889,sotap,1,low,,,espanol_uno_mas_adultos,adultos_ninguno_analfabeta,,0,0,8.975915299,6.061858428,2.436361537,15.13155099116565,EXCLUSION,0.198731
2024-02,Lista de Reserva,Vulnerabilidad Elevada,1.0,1.525552408,2.578385269,1.0,1.776038647,2.823478261,1.790108696,1.0,foten,2,average,jefatura_femenina,si,espanol_uno_mas_adultos,adultos_ninguno_analfabeta,,0,0,13.7168894,26.18890898,3.139223567,39.50443631789602,EXCLUSION,0.312680
2024-04,Elegible,Vulnerabilidad Elevada,2.070141643,1.0,2.578385269,1.0,1.776038647,2.823478261,1.790108696,1.043888889,sotap,1,low,,,espanol_uno_mas_adultos,adultos_ninguno_analfabeta,0.0,0,0,17.46888676,26.85846924,3.2695924,44.02518984621112,INCLUSION,0.207625
2024-05,No Elegible,Vulnerabilidad Elevada,1.0,2.051104816,1.0,1.0,1.776038647,2.823478261,1.790108696,1.0,,4,average,jefatura_masculina,no,espanol_uno_mas_adultos,adultos_ninguno_analfabeta,,0,0,6.609317356,26.18890898,2.927660413,32.16813549794806,EXCLUSION,0.223790
2023-07,Lista de Reserva,Vulnerabilidad Elevada,2.070141643,1.0,1.0,1.0,1.776038647,2.823478261,2.580217391,1.043888889,sotap,2,average,jefatura_masculina,si,espanol_ningun_adulto,adultos_ninguno_analfabeta,-500.0,0,0,6.702282231,32.85812825,3.116564434,38.71868920026256,EXCLUSION,0.164511
2024-02,No Elegible,Vulnerabilidad Elevada,2.700708215,1.0,3.251728045,1.0,1.0,2.117608696,2.580217391,1.0,sotap,2,low,jefatura_femenina,no,espanol_uno_mas_adultos,adultos_ninguno_analfabeta,0.0,0,0,24.2379543,18.94985465,3.250351505,43.35798528483664,EXCLUSION,0.238044
2023-07,Lista de Reserva,Vulnerabilidad Moderada,1.0,1.0,1.0,1.0,1.776038647,2.823478261,1.790108696,1.0,sotap,3,average,jefatura_femenina,si,espanol_uno_mas_adultos,adultos_ninguno_analfabeta,,0,0,0.0,26.18890898,2.730928248,25.34612370011462,EXCLUSION,0.162128
2023-11,Elegible,Vulnerabilidad Baja,1.0,1.525552408,1.0,1.0,1.0,1.0,1.0,1.0,sotap,1,low,,,espanol_uno_mas_adultos,adultos_ninguno_analfabeta,0.0,0,0,3.741369748,0.0,2.111365173,3.861770767860388,INCLUSION,0.228180
2024-06,No Elegible,Vulnerabilidad Baja,1.0,1.525552408,1.0,1.0,1.776038647,1.0,1.0,1.0,sotap,4,average,jefatura_femenina,si,espanol_uno_mas_adultos,adultos_ninguno_analfabeta,,0,0,3.741369748,5.532745347,2.265783208,9.21646683684858,EXCLUSION,0.145049
2024-02,No Elegible,Vulnerabilidad Moderada,1.0,2.051104816,1.0,1.0,1.776038647,2.117608696,1.790108696,1.0,fupal,1,low,,,espanol_uno_mas_adultos,adultos_ninguno_analfabeta,,0,0,6.609317356,21.88512181,2.807542403,28.002848502865827,EXCLUSION,0.285094
2024-02,No Elegible,Vulnerabilidad Elevada,1.0,1.0,2.578385269,1.0,1.776038647,2.823478261,1.790108696,1.043888889,sotap,2,low,jefatura_masculina,no,espanol_uno_mas_adultos,adultos_ninguno_analfabeta,-500.0,0,0,8.975915299,26.85846924,3.016791609,35.25890607062468,EXCLUSION,0.256461
2023-08,No Elegible por Intenciones,Vulnerabilidad Baja,1.0,1.0,1.0,1.0,1.776038647,1.498900966,2.580217391,1.043888889,foten,2,average,jefatura_masculina,no,espanol_ningun_adulto,adultos_ninguno_analfabeta,,0,0,0.0,22.80125306,2.636379315,22.06748593527614,EXCLUSION,0.264548
2024-02,No Elegible,Vulnerabilidad Baja,1.0,2.051104816,1.0,1.0,1.776038647,1.498900966,1.790108696,1.0,sotap,3,low,jefatura_masculina,no,espanol_uno_mas_adultos,adultos_ninguno_analfabeta,-500.0,0,-500,6.609317356,17.10850297,2.674227738,23.379946033755868,EXCLUSION,0.248327
2024-05,No Elegible,Vulnerabilidad Moderada,1.0,1.0,1.0,1.0,1.776038647,2.117608696,2.580217391,1.0,foten,1,low,,,espanol_uno_mas_adultos,adultos_ninguno_analfabeta,,0,0,0.0,27.40879931,2.764975192,26.526756739404888,EXCLUSION,0.189749
2023-07,Lista de Reserva,Vulnerabilidad Baja,1.0,1.0,1.0,1.0,1.776038647,1.0,1.0,1.043888889,sotap,1,low,,,espanol_uno_mas_adultos,adultos_ninguno_analfabeta,0.0,0,0,0.0,5.979299062,2.166881278,5.786879238885778,EXCLUSION,0.175333
2023-07,Lista de Reserva,Vulnerabilidad Moderada,2.700708215,1.0,2.578385269,1.0,1.0,1.0,2.580217391,1.0,sotap,1,low,,,espanol_uno_mas_adultos,adultos_uno_mas_analfabeta,500.0,0,0,20.97871872,9.580889352,2.891851162,30.92640161889161,EXCLUSION,0.143469
2024-03,No Elegible,Vulnerabilidad Baja,1.0,1.0,2.578385269,1.0,1.0,1.0,1.0,1.0,sotap,5,low,jefatura_masculina,no,espanol_uno_mas_adultos,adultos_ninguno_analfabeta,,0,0,8.975915299,0.0,2.267176041,9.26476922923712,EXCLUSION,0.243309
2023-07,No Elegible,Vulnerabilidad Elevada,1.0,1.0,2.578385269,1.0,1.776038647,2.823478261,1.790108696,1.0,sotap,2,complete,jefatura_femenina,si,espanol_uno_mas_adultos,adultos_ninguno_analfabeta,0.0,0,0,8.975915299,26.18890898,2.998104289,34.61089292935174,EXCLUSION,0.208504
2024-01,No Elegible,Vulnerabilidad Baja,1.0,1.0,1.0,1.0,1.776038647,1.498900966,2.580217391,1.0,fomon,1,low,,,espanol_uno_mas_adultos,adultos_ninguno_analfabeta,0.0,0,0,0.0,22.17502718,2.618901451,21.46141263032042,EXCLUSION,0.272200
2024-04,No Elegible,Vulnerabilidad Baja,1.0,1.0,1.0,1.0,1.776038647,1.498900966,1.0,1.0,sotap,1,low,,,espanol_uno_mas_adultos,adultos_ninguno_analfabeta,0.0,0,0,0.0,9.93697889,2.277339487,9.61719697234091,EXCLUSION,0.200994
2023-10,Elegible,Vulnerabilidad Elevada,1.0,1.0,2.578385269,1.564135978,1.776038647,1.498900966,2.580217391,1.738466184,sotap,2,average,jefatura_masculina,no,espanol_uno_mas_adultos,adultos_ninguno_analfabeta,,0,0,14.01324416,30.77500505,3.276042034,44.24883898279891,INCLUSION,0.201431
2024-01,Lista de Reserva,Vulnerabilidad Baja,1.0,1.0,1.0,1.0,1.776038647,1.498900966,1.790108696,1.0,sotap,3,average,jefatura_femenina,no,espanol_uno_mas_adultos,adultos_ninguno_analfabeta,0.0,0,0,0.0,17.10850297,2.477495573,16.55793423592243,EXCLUSION,0.294919
2024-02,No Elegible,Vulnerabilidad Elevada,1.0,1.0,2.578385269,1.0,1.776038647,2.823478261,1.790108696,1.043888889,sotap,2,low,jefatura_masculina,no,espanol_uno_mas_adultos,adultos_ninguno_analfabeta,,0,0,8.975915299,26.85846924,3.016791609,35.25890607062468,EXCLUSION,0.290911
2023-06,No Elegible por Duplicidad,Vulnerabilidad Baja,1.0,1.0,1.0,1.0,1.776038647,2.823478261,1.0,1.043888889,fupal,1,low,,,espanol_uno_mas_adultos,adultos_ninguno_analfabeta,,0,0,0.0,18.36611881,2.51259543,17.77507874057539,EXCLUSION,0.229990
2024-05,No Elegible,Vulnerabilidad Elevada,1.0,1.0,1.0,1.0,1.776038647,2.823478261,2.580217391,1.738466184,foten,4,average,jefatura_masculina,no,espanol_uno_mas_adultos,adultos_ninguno_analfabeta,,0,0,0.0,42.19960637,3.177784244,40.84158083740703,EXCLUSION,0.198676
2024-02,No Elegible,Vulnerabilidad Severa,2.700708215,2.051104816,2.578385269,1.0,1.776038647,2.823478261,1.790108696,1.0,sotap,1,low,,,espanol_uno_mas_adultos,adultos_ninguno_analfabeta,,0,0,31.71522481,26.18890898,3.674959905,58.08197615972523,EXCLUSION,0.267062
2024-05,No Elegible,Vulnerabilidad Elevada,1.0,1.0,2.578385269,1.0,1.776038647,2.823478261,2.580217391,1.738466184,foten,7,high,jefatura_masculina,no,espanol_uno_mas_adultos,adultos_ninguno_analfabeta,0.0,0,0,8.975915299,42.19960637,3.444960285,50.10635006664415,EXCLUSION,0.275446
2023-10,No Elegible,Vulnerabilidad Baja,1.0,1.0,1.0,1.0,1.776038647,1.0,1.790108696,1.0,sotap,1,low,,,espanol_uno_mas_adultos,adultos_ninguno_analfabeta,,0,0,0.0,12.01413641,2.33531262,11.62750948618979,EXCLUSION,0.197286
2023-07,No Elegible,Vulnerabilidad Elevada,2.700708215,1.0,3.251728045,1.0,1.776038647,1.498900966,1.790108696,1.043888889,fupal,7,average,jefatura_femenina,no,espanol_uno_mas_adultos,adultos_ninguno_analfabeta,,0,0,24.2379543,17.68003002,3.214910903,42.12902488125468,EXCLUSION,0.171735
2023-12,Lista de Reserva,Vulnerabilidad Elevada,1.0,1.0,2.578385269,1.0,1.776038647,2.823478261,2.580217391,1.0,fupal,3,low,jefatura_masculina,no,espanol_ningun_adulto,adultos_uno_mas_analfabeta,,0,0,8.975915299,32.12448674,3.163765312,40.35545786145718,EXCLUSION,0.360405
2024-03,No Elegible,Vulnerabilidad Elevada,1.0,1.0,2.578385269,1.0,1.776038647,2.823478261,2.580217391,1.043888889,foten,5,high,jefatura_masculina,no,espanol_uno_mas_adultos,adultos_ninguno_analfabeta,,0,0,8.975915299,32.85812825,3.184241129,41.06549005402387,EXCLUSION,0.312881
2023-10,No Elegible,Vulnerabilidad Baja,1.0,1.0,1.0,1.0,1.0,2.117608696,1.790108696,1.0,foten,1,low,,,espanol_uno_mas_adultos,adultos_ninguno_analfabeta,,0,0,0.0,14.16503897,2.395343965,13.709193850906429,EXCLUSION,0.212155
2023-12,No Elegible,Vulnerabilidad Moderada,1.0,1.0,1.0,1.0,1.776038647,2.117608696,2.580217391,1.0,fupal,1,low,,,espanol_uno_mas_adultos,adultos_ninguno_analfabeta,,0,0,0.0,27.40879931,2.764975192,26.526756739404888,EXCLUSION,0.267237
2023-08,Elegible,Vulnerabilidad Severa,2.700708215,1.0,1.249197356,1.0,1.776038647,2.823478261,2.580217391,2.544987923,sotap,2,complete,jefatura_femenina,si,espanol_uno_mas_adultos,adultos_ninguno_analfabeta,,0,0,11.93561888,50.0,3.750766209,60.71066903117728,INCLUSION,0.160204
2024-05,No Elegible,Vulnerabilidad Baja,1.0,1.0,3.251728045,1.0,1.776038647,1.0,1.790108696,1.043888889,sotap,1,low,,,espanol_uno_mas_adultos,adultos_ninguno_analfabeta,0.0,0,0,11.51832969,12.53066404,2.692582072,24.01641579828265,EXCLUSION,0.189317
2024-05,No Elegible,Vulnerabilidad Baja,1.0,1.525552408,1.0,1.0,1.0,1.498900966,1.0,1.0,pcr_cdmx,1,low,,,espanol_uno_mas_adultos,adultos_ninguno_analfabeta,,0,0,3.741369748,3.815111519,2.217844323,7.554108183067449,EXCLUSION,0.157821
2024-01,Elegible,Vulnerabilidad Elevada,1.0,1.0,2.578385269,1.0,1.776038647,2.823478261,2.580217391,1.043888889,sotap,5,average,jefatura_femenina,no,espanol_uno_mas_adultos,adultos_ninguno_analfabeta,,0,0,8.975915299,32.85812825,3.184241129,41.06549005402387,INCLUSION,0.277877
2023-06,Lista de Reserva,Vulnerabilidad Baja,2.700708215,1.0,1.0,1.0,1.776038647,1.498900966,1.0,1.0,sotap,1,low,,,espanol_uno_mas_adultos,adultos_ninguno_analfabeta,,0,0,9.472088355,9.93697889,2.559284556,19.394106602693164,EXCLUSION,0.149317
2024-01,No Elegible,Vulnerabilidad Elevada,1.0,1.0,2.578385269,1.0,1.0,2.117608696,2.580217391,1.738466184,sotap,4,average,jefatura_masculina,si,espanol_uno_mas_adultos,adultos_ninguno_analfabeta,,0,0,8.975915299,27.07165714,3.022741649,35.46523337081478,EXCLUSION,0.245432
2024-01,Elegible,Vulnerabilidad Elevada,2.700708215,1.0,1.249197356,1.0,1.776038647,2.117608696,2.580217391,1.043888889,sotap,5,average,jefatura_masculina,no,espanol_uno_mas_adultos,adultos_uno_mas_analfabeta,,0,0,11.93561888,28.09152966,3.139304316,39.50723517518882,INCLUSION,0.285183
2024-05,Elegible,Vulnerabilidad Baja,1.0,1.0,1.0,1.0,1.776038647,1.0,2.580217391,1.0,pcr_cdmx,1,low,,,espanol_uno_mas_adultos,adultos_ninguno_analfabeta,,0,0,0.0,16.59309681,2.46311067,16.059114361557388,INCLUSION,0.164104
2024-04,Lista de Reserva,Vulnerabilidad Moderada,2.070141643,2.051104816,1.0,1.0,1.776038647,1.0,1.790108696,1.0,sotap,1,low,,,espanol_uno_mas_adultos,adultos_ninguno_analfabeta,-500.0,0,0,14.63015408,12.01413641,2.770792068,26.72847655463827,EXCLUSION,0.143270
2023-11,No Elegible,Vulnerabilidad Moderada,2.700708215,1.0,2.578385269,1.0,1.0,1.498900966,1.0,1.0,sotap,1,low,,,espanol_ningun_adulto,adultos_uno_mas_analfabeta,0.0,0,0,20.97871872,3.815111519,2.730929228,25.34617228233538,EXCLUSION,0.241670
2023-10,No Elegible,Vulnerabilidad Moderada,1.0,1.525552408,1.0,1.0,1.776038647,2.117608696,1.790108696,1.0,sotap,1,low,,,espanol_ningun_adulto,adultos_uno_mas_analfabeta,,0,0,3.741369748,21.88512181,2.722175411,25.04260747289278,EXCLUSION,0.292657
2024-02,Elegible,Vulnerabilidad Baja,2.700708215,1.0,1.0,1.0,1.0,1.498900966,1.0,1.0,sotap,7,low,jefatura_masculina,no,espanol_uno_mas_adultos,adultos_ninguno_analfabeta,0.0,0,0,9.472088355,3.815111519,2.38842422,13.469247045559316,INCLUSION,0.174015
2024-05,No Elegible,Vulnerabilidad Moderada,1.0,2.051104816,1.0,1.0,1.776038647,1.498900966,2.580217391,1.0,sotap,4,average,jefatura_masculina,no,espanol_uno_mas_adultos,adultos_ninguno_analfabeta,0.0,0,0,6.609317356,22.17502718,2.815633615,28.283424428153857,EXCLUSION,0.191701
2024-01,Lista de Reserva,Vulnerabilidad Baja,1.0,1.0,1.0,1.0,1.776038647,1.498900966,2.580217391,1.043888889,sotap,4,average,jefatura_femenina,si,espanol_uno_mas_adultos,adultos_ninguno_analfabeta,0.0,0,0,0.0,22.80125306,2.636379315,22.06748593527614,EXCLUSION,0.238457
2024-06,No Elegible,Vulnerabilidad Baja,1.0,1.0,1.0,1.0,1.776038647,1.498900966,1.0,1.0,sotap,4,average,jefatura_masculina,no,espanol_uno_mas_adultos,adultos_ninguno_analfabeta,0.0,0,0,0.0,9.93697889,2.277339487,9.61719697234091,EXCLUSION,0.185272
2024-05,No Elegible,Vulnerabilidad Baja,1.0,1.0,1.0,1.0,1.776038647,1.498900966,2.580217391,1.0,sotap,1,low,,,espanol_uno_mas_adultos,adultos_ninguno_analfabeta,0.0,0,-500,0.0,22.17502718,2.618901451,21.46141263032042,EXCLUSION,0.226826
2024-04,No Elegible,Vulnerabilidad Elevada,1.0,1.0,2.578385269,1.0,1.776038647,2.823478261,2.580217391,1.0,sotap,1,low,,,espanol_uno_mas_adultos,adultos_ninguno_analfabeta,0.0,0,0,8.975915299,32.12448674,3.163765312,40.35545786145718,EXCLUSION,0.224075
2024-01,Lista de Reserva,Vulnerabilidad Baja,1.0,1.0,1.0,1.0,1.776038647,1.498900966,1.790108696,1.0,fupal,2,average,jefatura_femenina,si,espanol_uno_mas_adultos,adultos_ninguno_analfabeta,,0,0,0.0,17.10850297,2.477495573,16.55793423592243,EXCLUSION,0.262167
2024-02,Elegible,Vulnerabilidad Elevada,2.700708215,1.0,2.578385269,1.0,1.776038647,2.117608696,1.790108696,1.0,sotap,1,low,,,espanol_uno_mas_adultos,adultos_ninguno_analfabeta,0.0,0,0,20.97871872,21.88512181,3.235260316,42.83467157216072,INCLUSION,0.216326
2023-12,Lista de Reserva,Vulnerabilidad Elevada,2.070141643,1.0,1.0,1.0,1.776038647,2.117608696,2.580217391,1.043888889,sotap,3,average,jefatura_femenina,si,espanol_uno_mas_adultos,adultos_ninguno_analfabeta,0.0,0,0,6.702282231,28.09152966,2.983529432,34.10548451948735,EXCLUSION,0.241138
2023-09,No Elegible,Vulnerabilidad Elevada,1.0,1.0,1.0,1.0,1.776038647,2.823478261,2.580217391,1.043888889,sotap,2,average,jefatura_femenina,si,espanol_ningun_adulto,adultos_uno_mas_analfabeta,0.0,0,0,0.0,32.85812825,2.917065088,31.80072082478675,EXCLUSION,0.262427
2023-09,No Elegible,Vulnerabilidad Baja,2.700708215,1.0,1.0,1.0,1.0,1.498900966,1.0,1.0,sotap,1,low,,,espanol_uno_mas_adultos,adultos_ninguno_analfabeta,0.0,0,0,9.472088355,3.815111519,2.38842422,13.469247045559316,EXCLUSION,0.161926
2023-10,No Elegible,Vulnerabilidad Elevada,2.700708215,1.0,1.249197356,1.0,1.776038647,2.117608696,1.790108696,1.043888889,foten,2,average,jefatura_masculina,no,espanol_uno_mas_adultos,adultos_ninguno_analfabeta,0.0,0,0,11.93561888,22.50821784,2.983474979,34.10359991286824,EXCLUSION,0.241467
2024-02,Lista de Reserva,Vulnerabilidad Severa,2.070141643,1.0,2.578385269,1.0,1.776038647,2.117608696,2.580217391,2.544987923,sotap,3,complete,jefatura_femenina,si,espanol_uno_mas_adultos,adultos_ninguno_analfabeta,,0,0,17.46888676,44.04383881,3.749233307,60.65751703807895,EXCLUSION,0.232174
2023-09,Lista de Reserva,Vulnerabilidad Baja,1.0,1.0,1.0,1.0,1.776038647,1.0,1.790108696,1.0,pcr_cdmx,3,low,jefatura_masculina,no,espanol_uno_mas_adultos,adultos_ninguno_analfabeta,-500.0,0,0,0.0,12.01413641,2.33531262,11.62750948618979,EXCLUSION,0.220249
2024-01,Elegible,Vulnerabilidad Elevada,1.0,1.525552408,2.578385269,1.0,1.776038647,2.117608696,1.790108696,1.0,foten,2,average,jefatura_masculina,no,espanol_uno_mas_adultos,adultos_ninguno_analfabeta,,0,0,13.7168894,21.88512181,3.019105558,35.33914932281379,INCLUSION,0.340701
2023-12,Elegible,Vulnerabilidad Elevada,2.700708215,1.0,3.251728045,1.0,1.776038647,2.117608696,1.790108696,1.0,sotap,4,average,jefatura_masculina,no,espanol_uno_mas_adultos,adultos_ninguno_analfabeta,,0,0,24.2379543,21.88512181,3.33227434,46.19879261236069,INCLUSION,0.264821
2023-12,Elegible,Vulnerabilidad Elevada,2.070141643,2.051104816,1.0,1.0,1.776038647,1.498900966,2.580217391,1.043888889,sotap,2,low,jefatura_masculina,no,espanol_uno_mas_adultos,adultos_ninguno_analfabeta,0.0,0,0,14.63015408,22.80125306,3.071858763,37.16845300372462,INCLUSION,0.217618
2024-06,No Elegible,Vulnerabilidad Elevada,2.700708215,1.0,3.251728045,1.0,1.776038647,2.823478261,1.790108696,1.0,fusal,5,high,jefatura_masculina,no,espanol_uno_mas_adultos,adultos_ninguno_analfabeta,0.0,0,0,24.2379543,26.18890898,3.45239235,50.36407960744292,EXCLUSION,0.236279
2024-01,Elegible,Vulnerabilidad Elevada,1.0,1.0,1.0,1.0,1.776038647,2.823478261,2.580217391,1.043888889,sotap,4,average,jefatura_masculina,no,espanol_ningun_adulto,adultos_uno_mas_analfabeta,0.0,0,0,0.0,32.85812825,2.917065088,31.80072082478675,INCLUSION,0.329243
2023-12,No Elegible,Vulnerabilidad Baja,1.0,1.0,1.0,1.0,1.776038647,2.117608696,1.790108696,1.0,sotap,1,low,,,espanol_uno_mas_adultos,adultos_ninguno_analfabeta,0.0,0,-500,0.0,21.88512181,2.610810239,21.18083670503239,EXCLUSION,0.311916
2023-10,Lista de Reserva,Vulnerabilidad Baja,1.0,1.0,1.0,1.0,1.0,1.0,1.790108696,1.0,fomon,1,low,,,espanol_uno_mas_adultos,adultos_ninguno_analfabeta,,0,0,0.0,5.614422911,2.156697643,5.433745167301109,EXCLUSION,0.217703
2024-06,No Elegible por Duplicidad,Vulnerabilidad Elevada,2.700708215,1.0,2.578385269,1.0,1.776038647,2.823478261,1.790108696,1.0,sotap,2,complete,jefatura_femenina,si,espanol_uno_mas_adultos,adultos_ninguno_analfabeta,0.0,0,0,20.97871872,26.18890898,3.355378326,46.99995856724294,EXCLUSION,0.164323
2023-11,No Elegible,Vulnerabilidad Moderada,1.0,1.0,1.0,1.0,1.776038647,2.117608696,2.580217391,1.043888889,fupal,3,low,jefatura_masculina,no,espanol_uno_mas_adultos,adultos_ninguno_analfabeta,,0,0,0.0,28.09152966,2.784030087,27.18751614401154,EXCLUSION,0.232753
2024-03,No Elegible,Vulnerabilidad Baja,1.0,1.0,1.0,1.0,1.776038647,2.117608696,1.790108696,1.0,sotap,1,low,,,espanol_uno_mas_adultos,adultos_ninguno_analfabeta,0.0,0,0,0.0,21.88512181,2.610810239,21.18083670503239,EXCLUSION,0.246434
2024-02,No Elegible por Duplicidad,Vulnerabilidad Baja,1.0,1.0,1.0,1.0,1.0,1.0,1.0,1.0,sotap,1,low,,,espanol_uno_mas_adultos,adultos_ninguno_analfabeta,0.0,0,0,0.0,0.0,2.0,0.0,EXCLUSION,0.206810
2023-07,Lista de Reserva,Vulnerabilidad Baja,2.070141643,2.051104816,1.0,1.0,1.0,1.0,1.790108696,1.043888889,sotap,4,average,jefatura_femenina,no,espanol_uno_mas_adultos,adultos_ninguno_analfabeta,0.0,0,0,14.63015408,6.061858428,2.604664944,20.96774883037701,EXCLUSION,0.151203
2024-04,No Elegible,Vulnerabilidad Moderada,1.0,1.0,1.0,1.0,1.776038647,2.823478261,1.790108696,1.0,sotap,1,low,,,espanol_uno_mas_adultos,adultos_ninguno_analfabeta,0.0,0,0,0.0,26.18890898,2.730928248,25.34612370011462,EXCLUSION,0.199815
2024-04,No Elegible,Vulnerabilidad Moderada,1.0,1.0,1.0,1.0,1.776038647,2.823478261,2.580217391,1.0,sotap,3,average,jefatura_masculina,no,espanol_uno_mas_adultos,adultos_ninguno_analfabeta,0.0,0,0,0.0,32.12448674,2.896589272,31.09068863222006,EXCLUSION,0.213370
2024-06,Elegible,Vulnerabilidad Baja,1.0,1.0,1.0,1.0,1.776038647,2.117608696,1.790108696,1.0,sotap,1,low,,,espanol_ningun_adulto,adultos_uno_mas_analfabeta,,0,0,0.0,21.88512181,2.610810239,21.18083670503239,INCLUSION,0.205871
2024-06,Lista de Reserva,Vulnerabilidad Elevada,1.0,1.0,2.578385269,1.0,1.776038647,2.823478261,2.580217391,1.738466184,sotap,4,average,jefatura_masculina,si,espanol_uno_mas_adultos,adultos_ninguno_analfabeta,,0,0,8.975915299,42.19960637,3.444960285,50.10635006664415,EXCLUSION,0.166959
2023-10,No Elegible,Vulnerabilidad Severa,2.700708215,2.051104816,3.251728045,1.0,1.776038647,2.823478261,2.580217391,1.043888889,sotap,2,complete,jefatura_femenina,si,espanol_uno_mas_adultos,adultos_uno_mas_analfabeta,,0,0,35.61565687,32.85812825,3.977196548,68.56252514852022,EXCLUSION,0.327493
2023-10,No Elegible,Vulnerabilidad Baja,1.0,1.0,1.0,1.0,1.776038647,2.117608696,1.790108696,1.0,pcr_cdmx,1,low,,,espanol_uno_mas_adultos,adultos_ninguno_analfabeta,0.0,0,0,0.0,21.88512181,2.610810239,21.18083670503239,EXCLUSION,0.270902
2024-07,No Elegible,Vulnerabilidad Baja,1.0,1.0,1.0,1.564135978,1.0,2.117608696,1.0,1.0,sotap,3,low,jefatura_masculina,no,espanol_uno_mas_adultos,adultos_ninguno_analfabeta,,0,0,3.975239986,7.392265486,2.32464347,11.2575421743845,EXCLUSION,0.167507
2024-07,Lista de Reserva,Vulnerabilidad Elevada,2.070141643,1.0,1.0,1.0,1.776038647,1.498900966,2.580217391,2.544987923,fupal,4,low,jefatura_masculina,no,espanol_uno_mas_adultos,adultos_ninguno_analfabeta,,0,0,6.702282231,37.43330939,3.244257006,43.14663643599621,EXCLUSION,0.177972
2023-09,No Elegible,Vulnerabilidad Moderada,1.0,1.0,1.0,1.0,1.776038647,2.117608696,2.580217391,1.0,sotap,1,low,,,espanol_uno_mas_adultos,adultos_ninguno_analfabeta,0.0,0,0,0.0,27.40879931,2.764975192,26.526756739404888,EXCLUSION,0.214500
2023-10,Lista de Reserva,Vulnerabilidad Severa,2.700708215,2.051104816,2.578385269,1.0,1.776038647,2.823478261,2.580217391,2.544987923,foten,2,average,jefatura_femenina,si,espanol_uno_mas_adultos,adultos_uno_mas_analfabeta,,0,0,31.71522481,50.0,4.339523636,81.12680245961062,EXCLUSION,0.257658
2023-08,Lista de Reserva,Vulnerabilidad Elevada,1.0,2.051104816,1.0,1.0,1.776038647,2.823478261,2.580217391,1.0,sotap,4,complete,jefatura_femenina,si,espanol_uno_mas_adultos,adultos_ninguno_analfabeta,,-500,-500,6.609317356,32.12448674,3.093321436,37.9127004300535,EXCLUSION,0.306674
2023-06,Elegible,Vulnerabilidad Moderada,1.0,1.525552408,1.0,1.0,1.776038647,2.117608696,1.790108696,1.0,fupal,2,average,jefatura_masculina,si,espanol_uno_mas_adultos,adultos_ninguno_analfabeta,,0,0,3.741369748,21.88512181,2.722175411,25.04260747289278,INCLUSION,0.190781
2024-05,No Elegible,Vulnerabilidad Moderada,1.0,1.0,1.0,1.0,1.776038647,2.823478261,2.580217391,1.0,sotap,1,low,,,espanol_uno_mas_adultos,adultos_ninguno_analfabeta,0.0,0,0,0.0,32.12448674,2.896589272,31.09068863222006,EXCLUSION,0.184707
2024-04,Lista de Reserva,Vulnerabilidad Baja,1.0,1.525552408,1.0,1.0,1.776038647,1.0,1.790108696,1.043888889,foten,3,average,jefatura_masculina,no,espanol_uno_mas_adultos,adultos_ninguno_analfabeta,,0,0,3.741369748,12.53066404,2.461093996,15.989185508389149,EXCLUSION,0.189376
2024-05,No Elegible por Intenciones,Vulnerabilidad Baja,1.0,1.0,1.0,1.0,1.776038647,1.0,1.0,1.043888889,pcr_cdmx,1,low,,,espanol_uno_mas_adultos,adultos_ninguno_analfabeta,0.0,0,0,0.0,5.979299062,2.166881278,5.786879238885778,EXCLUSION,0.175796
2024-07,No Elegible,Vulnerabilidad Baja,1.0,1.0,3.251728045,1.0,1.0,1.0,1.790108696,1.043888889,sotap,1,low,,,espanol_uno_mas_adultos,adultos_ninguno_analfabeta,,0,0,11.51832969,6.061858428,2.512038745,17.75578281968242,EXCLUSION,0.226947
2024-02,No Elegible,Vulnerabilidad Baja,1.0,1.0,1.0,1.0,1.776038647,1.0,2.580217391,1.043888889,sotap,1,low,,,espanol_uno_mas_adultos,adultos_ninguno_analfabeta,0.0,0,0,0.0,17.15905947,2.478906597,16.60686377719593,EXCLUSION,0.229872
2023-11,Lista de Reserva,Vulnerabilidad Moderada,1.0,1.0,1.0,1.0,1.776038647,2.823478261,1.790108696,1.0,foten,1,low,,,espanol_uno_mas_adultos,adultos_ninguno_analfabeta,,0,0,0.0,26.18890898,2.730928248,25.34612370011462,EXCLUSION,0.272137
2024-05,Lista de Reserva,Vulnerabilidad Moderada,2.700708215,1.0,1.249197356,1.0,1.776038647,1.0,2.580217391,1.043888889,pcr_cdmx,1,low,,,espanol_ningun_adulto,adultos_ninguno_analfabeta,0.0,0,0,11.93561888,17.15905947,2.834180827,28.92658280837321,EXCLUSION,0.158051
2024-02,No Elegible,Vulnerabilidad Elevada,1.0,1.0,2.578385269,1.0,1.776038647,2.117608696,2.580217391,1.043888889,sotap,2,average,jefatura_femenina,si,espanol_ningun_adulto,adultos_uno_mas_analfabeta,,0,0,8.975915299,28.09152966,3.051206127,36.45228537324866,EXCLUSION,0.259090
2023-07,Lista de Reserva,Vulnerabilidad Baja,1.0,1.0,1.0,1.0,1.776038647,1.498900966,1.790108696,1.0,sotap,4,average,jefatura_masculina,no,espanol_uno_mas_adultos,adultos_ninguno_analfabeta,0.0,0,0,0.0,17.10850297,2.477495573,16.55793423592243,EXCLUSION,0.177881
2023-06,No Elegible,Vulnerabilidad Elevada,2.070141643,1.0,1.0,1.0,1.776038647,2.823478261,1.790108696,1.043888889,fupal,3,average,jefatura_femenina,no,espanol_uno_mas_adultos,adultos_ninguno_analfabeta,-500.0,0,0,6.702282231,26.85846924,2.949114914,32.912105216863374,EXCLUSION,0.180305
2023-10,Elegible,Vulnerabilidad Elevada,1.0,1.0,2.578385269,1.0,1.776038647,2.823478261,1.790108696,1.043888889,sotap,2,average,jefatura_femenina,si,espanol_uno_mas_adultos,adultos_ninguno_analfabeta,-500.0,0,0,8.975915299,26.85846924,3.016791609,35.25890607062468,INCLUSION,0.243510
2024-01,No Elegible,Vulnerabilidad Baja,1.0,1.0,1.0,1.0,1.776038647,1.0,1.790108696,1.0,sotap,6,average,jefatura_masculina,no,espanol_uno_mas_adultos,adultos_ninguno_analfabeta,,0,0,0.0,12.01413641,2.33531262,11.62750948618979,EXCLUSION,0.247281
2024-06,No Elegible,Vulnerabilidad Severa,2.070141643,2.051104816,2.578385269,1.0,1.776038647,2.823478261,2.580217391,2.544987923,sotap,2,complete,jefatura_femenina,si,espanol_uno_mas_adultos,adultos_ninguno_analfabeta,,0,0,27.51489601,50.0,4.214497142,76.79130287849782,EXCLUSION,0.165922
2024-02,No Elegible,Vulnerabilidad Moderada,1.0,1.0,1.0,1.0,1.776038647,2.823478261,2.580217391,1.0,futij,1,low,,,espanol_ningun_adulto,adultos_ninguno_analfabeta,0.0,0,0,0.0,32.12448674,2.896589272,31.09068863222006,EXCLUSION,0.267443
2024-03,No Elegible,Vulnerabilidad Elevada,1.0,1.0,3.251728045,1.0,1.776038647,1.498900966,2.580217391,1.043888889,fupal,4,average,jefatura_femenina,si,espanol_uno_mas_adultos,adultos_ninguno_analfabeta,,0,0,11.51832969,22.80125306,2.979232564,33.956486993030026,EXCLUSION,0.253478
2024-01,No Elegible,Vulnerabilidad Baja,1.0,1.0,1.0,1.0,1.0,1.0,1.790108696,1.043888889,foten,1,low,,,espanol_uno_mas_adultos,adultos_ninguno_analfabeta,0.0,0,0,0.0,6.061858428,2.169185496,5.866781761928531,EXCLUSION,0.208388
2023-10,No Elegible,Vulnerabilidad Baja,1.0,1.0,1.0,1.0,1.776038647,2.117608696,1.790108696,1.043888889,sotap,1,low,,,espanol_uno_mas_adultos,adultos_ninguno_analfabeta,,0,-500,0.0,22.50821784,2.628200749,21.78388088169096,EXCLUSION,0.292077
2024-03,Elegible,Vulnerabilidad Elevada,2.700708215,1.0,3.251728045,1.0,1.776038647,2.117608696,2.580217391,1.0,sotap,1,low,,,espanol_uno_mas_adultos,adultos_ninguno_analfabeta,,0,0,24.2379543,27.40879931,3.486439293,51.54471264673319,INCLUSION,0.227285
2024-04,No Elegible,Vulnerabilidad Moderada,2.070141643,1.0,1.0,1.0,1.776038647,2.117608696,1.790108696,1.043888889,fupal,2,average,jefatura_masculina,si,espanol_uno_mas_adultos,adultos_ninguno_analfabeta,,0,0,6.702282231,22.50821784,2.827700095,28.70184925716677,EXCLUSION,0.172126
2024-02,Lista de Reserva,Vulnerabilidad Baja,1.599560907,1.0,1.0,1.0,1.0,2.117608696,1.790108696,1.0,sotap,1,low,,,espanol_uno_mas_adultos,adultos_ninguno_analfabeta,0.0,0,0,4.186184624,14.16503897,2.519949445,18.03009408229137,EXCLUSION,0.201088
2024-04,No Elegible,Vulnerabilidad Baja,1.0,1.0,1.0,1.0,1.0,1.498900966,1.0,1.0,sotap,3,low,jefatura_masculina,no,espanol_uno_mas_adultos,adultos_ninguno_analfabeta,,0,0,0.0,3.815111519,2.10647915,3.692337415207061,EXCLUSION,0.148709
2024-02,No Elegible,Vulnerabilidad Elevada,1.0,1.0,1.0,1.0,1.776038647,2.823478261,2.580217391,1.043888889,sotap,1,low,,,espanol_uno_mas_adultos,adultos_uno_mas_analfabeta,,0,0,0.0,32.85812825,2.917065088,31.80072082478675,EXCLUSION,0.263188
2023-11,No Elegible,Vulnerabilidad Baja,1.0,1.0,1.0,1.0,1.776038647,2.117608696,1.790108696,1.0,sotap,4,average,jefatura_masculina,no,espanol_uno_mas_adultos,adultos_ninguno_analfabeta,,0,0,0.0,21.88512181,2.610810239,21.18083670503239,EXCLUSION,0.225037
2023-09,No Elegible,Vulnerabilidad Baja,2.700708215,1.0,1.249197356,1.0,1.0,1.498900966,1.790108696,1.0,sotap,1,low,,,espanol_uno_mas_adultos,adultos_ninguno_analfabeta,-500.0,0,0,11.93561888,10.02735341,2.635136055,22.02438218109007,EXCLUSION,0.138762
2024-02,Lista de Reserva,Vulnerabilidad Baja,2.700708215,1.0,1.0,1.0,1.776038647,1.0,1.790108696,1.0,sotap,3,low,jefatura_femenina,si,espanol_uno_mas_adultos,adultos_ninguno_analfabeta,,0,0,9.472088355,12.01413641,2.61725769,21.404419116542044,EXCLUSION,0.185254
2023-06,No Elegible,Vulnerabilidad Baja,1.0,1.0,1.0,1.564135978,1.776038647,1.498900966,1.790108696,1.0,sotap,1,low,,,espanol_uno_mas_adultos,adultos_ninguno_analfabeta,,0,0,3.975239986,17.10850297,2.5958221,20.661101419911898,EXCLUSION,0.168637
2024-01,Lista de Reserva,Vulnerabilidad Elevada,1.0,1.0,2.578385269,1.0,1.776038647,2.117608696,2.580217391,1.043888889,sotap,4,average,jefatura_femenina,si,espanol_uno_mas_adultos,adultos_ninguno_analfabeta,,0,0,8.975915299,28.09152966,3.051206127,36.45228537324866,EXCLUSION,0.249184
2023-09,Lista de Reserva,Vulnerabilidad Baja,1.0,1.0,1.0,1.0,1.0,1.498900966,1.790108696,1.0,sotap,1,low,,,espanol_uno_mas_adultos,adultos_ninguno_analfabeta,0.0,0,0,0.0,10.02735341,2.279861825,9.70466314991279,EXCLUSION,0.174641
2024-06,No Elegible,Vulnerabilidad Moderada,2.070141643,1.0,1.0,1.0,1.776038647,1.498900966,2.580217391,1.0,fupal,1,low,,,espanol_uno_mas_adultos,adultos_ninguno_analfabeta,,0,0,6.702282231,22.17502718,2.818400797,28.379381005796237,EXCLUSION,0.139921
2024-05,Elegible,Vulnerabilidad Baja,2.070141643,1.0,2.578385269,1.0,1.0,1.0,1.790108696,1.043888889,sotap,1,low,,,espanol_uno_mas_adultos,adultos_ninguno_analfabeta,0.0,0,0,17.46888676,6.061858428,2.689162328,23.89783476675209,INCLUSION,0.152185
2023-07,Lista de Reserva,Vulnerabilidad Elevada,2.070141643,1.0,1.0,1.0,1.776038647,2.823478261,2.580217391,1.043888889,,5,average,jefatura_masculina,no,espanol_uno_mas_adultos,adultos_ninguno_analfabeta,0.0,0,0,6.702282231,32.85812825,3.116564434,38.71868920026256,EXCLUSION,0.182906
2023-07,Lista de Reserva,Vulnerabilidad Elevada,1.0,1.0,2.578385269,1.0,1.776038647,2.117608696,2.580217391,1.043888889,sotap,4,complete,jefatura_femenina,si,espanol_uno_mas_adultos,adultos_ninguno_analfabeta,0.0,0,0,8.975915299,28.09152966,3.051206127,36.45228537324866,EXCLUSION,0.199830
2023-07,Lista de Reserva,Vulnerabilidad Moderada,1.0,1.525552408,1.0,1.0,1.776038647,2.117608696,1.790108696,1.0,foten,2,average,jefatura_masculina,si,espanol_uno_mas_adultos,adultos_ninguno_analfabeta,,0,0,3.741369748,21.88512181,2.722175411,25.04260747289278,EXCLUSION,0.185528
2024-04,No Elegible,Vulnerabilidad Moderada,2.700708215,1.0,2.578385269,1.0,1.0,1.0,1.790108696,1.043888889,fupal,1,low,,,espanol_uno_mas_adultos,adultos_ninguno_analfabeta,,0,0,20.97871872,6.061858428,2.793635574,27.520616629056853,EXCLUSION,0.146055
2024-04,No Elegible por Intenciones,Vulnerabilidad Severa,2.700708215,1.0,3.251728045,1.564135978,1.776038647,2.823478261,1.790108696,1.043888889,foten,2,average,jefatura_masculina,si,espanol_uno_mas_adultos,adultos_uno_mas_analfabeta,0.0,0,0,31.08118723,26.85846924,3.674774537,58.07554775763619,EXCLUSION,0.275412
2024-01,Elegible,Vulnerabilidad Baja,1.0,1.0,2.578385269,1.0,1.0,1.0,1.790108696,1.0,sotap,6,average,jefatura_femenina,si,espanol_uno_mas_adultos,adultos_ninguno_analfabeta,,0,0,8.975915299,5.614422911,2.423873683,14.69851439653823,INCLUSION,0.186618
2023-07,Lista de Reserva,Vulnerabilidad Moderada,1.0,1.0,2.578385269,1.0,1.776038647,2.117608696,1.790108696,1.0,sotap,3,average,jefatura_masculina,no,espanol_uno_mas_adultos,adultos_ninguno_analfabeta,0.0,0,0,8.975915299,21.88512181,2.877986279,30.44560593426951,EXCLUSION,0.192986
2024-01,Elegible,Vulnerabilidad Baja,1.0,2.051104816,1.0,1.0,1.776038647,2.823478261,1.0,1.0,fomon,1,low,,,espanol_ningun_adulto,adultos_ninguno_analfabeta,,0,0,6.609317356,17.78726377,2.693171842,24.036863632451063,INCLUSION,0.319952
2024-04,Lista de Reserva,Vulnerabilidad Baja,2.700708215,1.0,1.0,1.0,1.0,1.498900966,1.0,1.0,sotap,3,low,jefatura_masculina,no,espanol_ningun_adulto,adultos_ninguno_analfabeta,,0,0,9.472088355,3.815111519,2.38842422,13.469247045559316,EXCLUSION,0.151560
2023-11,Elegible,Vulnerabilidad Baja,1.0,1.0,1.0,1.0,1.0,1.498900966,1.790108696,1.0,sotap,1,low,,,espanol_uno_mas_adultos,adultos_ninguno_analfabeta,,0,0,0.0,10.02735341,2.279861825,9.70466314991279,INCLUSION,0.195041
2023-11,Elegible,Vulnerabilidad Elevada,2.700708215,2.051104816,1.0,1.0,1.776038647,2.823478261,1.790108696,1.0,foten,2,average,jefatura_femenina,si,espanol_uno_mas_adultos,adultos_ninguno_analfabeta,,0,0,17.94487015,26.18890898,3.265073146,43.868477716411775,INCLUSION,0.198933
2023-08,Lista de Reserva,Vulnerabilidad Elevada,2.700708215,1.0,3.251728045,1.0,1.0,2.117608696,1.790108696,1.0,foten,2,average,jefatura_masculina,no,espanol_uno_mas_adultos,adultos_ninguno_analfabeta,,0,0,24.2379543,14.16503897,3.116808067,38.72714975823473,EXCLUSION,0.219361
2023-06,No Elegible,Vulnerabilidad Moderada,1.0,1.0,1.0,1.0,1.776038647,2.823478261,1.790108696,1.0,sotap,4,average,jefatura_femenina,no,espanol_uno_mas_adultos,adultos_ninguno_analfabeta,,0,0,0.0,26.18890898,2.730928248,25.34612370011462,EXCLUSION,0.204997
2024-02,Elegible,Vulnerabilidad Baja,1.0,1.0,1.0,1.0,1.776038647,1.0,2.580217391,1.043888889,fupal,2,average,jefatura_femenina,si,espanol_uno_mas_adultos,adultos_ninguno_analfabeta,0.0,0,0,0.0,17.15905947,2.478906597,16.60686377719593,INCLUSION,0.182676
2023-08,Lista de Reserva,Vulnerabilidad Baja,1.0,1.0,3.251728045,1.0,1.776038647,1.0,1.790108696,1.043888889,sotap,1,low,,,espanol_uno_mas_adultos,adultos_ninguno_analfabeta,0.0,0,0,11.51832969,12.53066404,2.692582072,24.01641579828265,EXCLUSION,0.258065
2023-07,Lista de Reserva,Vulnerabilidad Severa,2.700708215,1.0,3.251728045,1.0,1.776038647,2.117608696,2.580217391,1.043888889,,1,low,,,espanol_uno_mas_adultos,adultos_uno_mas_analfabeta,0.0,0,0,24.2379543,28.09152966,3.505494188,52.20547205133984,EXCLUSION,0.201539
2024-04,Lista de Reserva,Vulnerabilidad Moderada,2.700708215,1.0,1.249197356,1.564135978,1.776038647,1.0,1.790108696,1.0,sotap,1,low,,,espanol_ningun_adulto,adultos_ninguno_analfabeta,0.0,0,-500,17.32315919,12.01413641,2.850951742,29.50814526208318,EXCLUSION,0.194539
2024-03,No Elegible,Vulnerabilidad Baja,1.0,1.0,1.0,1.0,1.0,1.0,1.790108696,1.0,fomon,4,low,jefatura_masculina,no,espanol_uno_mas_adultos,adultos_ninguno_analfabeta,0.0,0,0,0.0,5.614422911,2.156697643,5.433745167301109,EXCLUSION,0.211246
2024-02,No Elegible,Vulnerabilidad Elevada,1.0,2.051104816,3.251728045,1.0,1.776038647,1.0,2.580217391,1.0,sotap,3,low,jefatura_femenina,si,espanol_uno_mas_adultos,adultos_ninguno_analfabeta,,0,0,20.39367297,16.59309681,3.070146345,37.10907612140496,EXCLUSION,0.254333
2024-05,No Elegible,Vulnerabilidad Baja,1.0,1.0,1.0,1.0,1.0,2.117608696,1.790108696,1.0,pcr_cdmx,1,low,,,espanol_uno_mas_adultos,adultos_ninguno_analfabeta,0.0,0,0,0.0,14.16503897,2.395343965,13.709193850906429,EXCLUSION,0.165552
2024-01,Lista de Reserva,Vulnerabilidad Moderada,2.700708215,1.0,1.249197356,1.0,1.776038647,1.498900966,1.790108696,1.0,futij,1,low,,,espanol_uno_mas_adultos,adultos_ninguno_analfabeta,,0,0,11.93561888,17.10850297,2.832769803,28.87765326709971,EXCLUSION,0.210384
2023-08,No Elegible,Vulnerabilidad Baja,1.0,1.525552408,1.0,1.0,1.776038647,1.498900966,1.790108696,1.0,sotap,3,average,jefatura_masculina,no,espanol_uno_mas_adultos,adultos_ninguno_analfabeta,0.0,0,0,3.741369748,17.10850297,2.588860746,20.41970500378282,EXCLUSION,0.227308
2024-05,No Elegible,Vulnerabilidad Baja,1.0,1.0,2.578385269,1.0,1.0,2.117608696,1.0,1.0,sotap,1,low,,,espanol_uno_mas_adultos,adultos_ninguno_analfabeta,0.0,0,0,8.975915299,7.392265486,2.473492984,16.41914421963215,EXCLUSION,0.216925
2024-02,No Elegible,Vulnerabilidad Baja,1.0,1.0,1.0,1.0,1.0,1.498900966,1.0,1.0,sotap,1,low,,,espanol_uno_mas_adultos,adultos_ninguno_analfabeta,,0,0,0.0,3.815111519,2.10647915,3.692337415207061,EXCLUSION,0.211394
2023-08,Elegible,Vulnerabilidad Elevada,1.0,2.051104816,1.0,1.0,1.776038647,2.823478261,1.790108696,1.0,sotap,4,average,jefatura_femenina,si,espanol_uno_mas_adultos,adultos_ninguno_analfabeta,,0,0,6.609317356,26.18890898,2.927660413,32.16813549794806,INCLUSION,0.209372
2023-09,No Elegible,Vulnerabilidad Baja,1.0,1.525552408,1.0,1.0,1.776038647,1.498900966,1.790108696,1.0,sotap,2,average,jefatura_femenina,si,espanol_uno_mas_adultos,adultos_ninguno_analfabeta,0.0,0,0,3.741369748,17.10850297,2.588860746,20.41970500378282,EXCLUSION,0.194572
2024-06,No Elegible,Vulnerabilidad Severa,2.700708215,1.0,3.251728045,1.0,1.776038647,2.823478261,2.580217391,1.0,sotap,4,complete,jefatura_femenina,si,espanol_uno_mas_adultos,adultos_ninguno_analfabeta,,0,0,24.2379543,32.12448674,3.618053373,56.108644539548365,EXCLUSION,0.142891
2024-03,No Elegible,Vulnerabilidad Moderada,1.0,1.0,1.0,1.0,1.776038647,2.823478261,1.790108696,1.0,sotap,1,low,,,espanol_ningun_adulto,adultos_ninguno_analfabeta,,0,0,0.0,26.18890898,2.730928248,25.34612370011462,EXCLUSION,0.248452
2024-03,No Elegible,Vulnerabilidad Elevada,1.0,1.0,2.578385269,1.0,1.776038647,2.823478261,2.580217391,1.043888889,sotap,6,average,jefatura_femenina,no,espanol_uno_mas_adultos,adultos_ninguno_analfabeta,-500.0,0,0,8.975915299,32.85812825,3.184241129,41.06549005402387,EXCLUSION,0.261904
2024-02,Elegible,Vulnerabilidad Elevada,1.0,1.0,1.0,1.0,1.776038647,2.823478261,2.580217391,1.043888889,sotap,2,low,jefatura_masculina,no,espanol_uno_mas_adultos,adultos_uno_mas_analfabeta,0.0,0,-500,0.0,32.85812825,2.917065088,31.80072082478675,INCLUSION,0.289892
2023-08,Lista de Reserva,Vulnerabilidad Moderada,2.700708215,1.0,2.578385269,1.0,1.0,1.498900966,1.0,1.0,sotap,1,low,,,espanol_ningun_adulto,adultos_ninguno_analfabeta,0.0,0,0,20.97871872,3.815111519,2.730929228,25.34617228233538,EXCLUSION,0.195052
2024-06,No Elegible,Vulnerabilidad Baja,1.0,2.051104816,1.0,1.0,1.776038647,1.0,2.580217391,1.043888889,sotap,4,average,jefatura_femenina,si,espanol_uno_mas_adultos,adultos_ninguno_analfabeta,0.0,0,0,6.609317356,17.15905947,2.675638761,23.42887557502937,EXCLUSION,0.162753
2024-06,Lista de Reserva,Vulnerabilidad Elevada,1.0,1.0,2.578385269,1.0,1.776038647,2.117608696,2.580217391,1.0,sotap,1,low,,,espanol_uno_mas_adultos,adultos_ninguno_analfabeta,,0,0,8.975915299,27.40879931,3.032151233,35.791525968642006,EXCLUSION,0.192543
2024-06,No Elegible,Vulnerabilidad Elevada,2.700708215,1.0,3.251728045,1.0,1.776038647,1.0,1.790108696,1.0,sotap,3,low,jefatura_femenina,si,espanol_uno_mas_adultos,adultos_ninguno_analfabeta,0.0,0,0,24.2379543,12.01413641,3.056776721,36.645465393518094,EXCLUSION,0.154350
2024-04,Lista de Reserva,Vulnerabilidad Elevada,1.0,1.0,2.578385269,1.0,1.0,2.117608696,2.580217391,1.738466184,sotap,4,average,jefatura_masculina,si,espanol_uno_mas_adultos,adultos_ninguno_analfabeta,,0,-500,8.975915299,27.07165714,3.022741649,35.46523337081478,EXCLUSION,0.215692
2023-09,Elegible,Vulnerabilidad Baja,1.0,1.0,1.0,1.564135978,1.0,2.117608696,1.0,1.043888889,sotap,4,average,jefatura_femenina,si,espanol_uno_mas_adultos,adultos_ninguno_analfabeta,0.0,0,0,3.975239986,7.858894815,2.33766702,11.709154904947953,INCLUSION,0.200128
2023-10,Lista de Reserva,Vulnerabilidad Baja,1.0,1.0,1.0,1.0,1.0,1.0,2.580217391,1.0,fupal,1,low,,,espanol_uno_mas_adultos,adultos_ninguno_analfabeta,,0,0,0.0,9.580889352,2.267401085,9.272566751763287,EXCLUSION,0.204241
2024-04,No Elegible por Intenciones,Vulnerabilidad Baja,1.0,1.0,2.578385269,1.0,1.0,1.498900966,1.790108696,1.0,sotap,1,low,,,espanol_uno_mas_adultos,adultos_ninguno_analfabeta,,0,0,8.975915299,10.02735341,2.547037866,18.969432379149907,EXCLUSION,0.185420
2023-07,No Elegible,Vulnerabilidad Baja,1.0,1.0,1.0,1.0,1.0,1.498900966,1.0,1.0,fupal,3,low,jefatura_masculina,no,espanol_uno_mas_adultos,adultos_ninguno_analfabeta,,0,0,0.0,3.815111519,2.10647915,3.692337415207061,EXCLUSION,0.184714
2024-06,No Elegible,Vulnerabilidad Baja,1.0,1.0,1.0,1.0,1.776038647,2.117608696,1.790108696,1.0,sotap,1,low,,,espanol_uno_mas_adultos,adultos_ninguno_analfabeta,,0,0,0.0,21.88512181,2.610810239,21.18083670503239,EXCLUSION,0.162963
2024-04,Lista de Reserva,Vulnerabilidad Elevada,1.0,1.0,2.578385269,1.0,1.776038647,2.117608696,1.790108696,1.738466184,sotap,1,low,,,espanol_uno_mas_adultos,adultos_ninguno_analfabeta,,0,0,8.975915299,30.44211729,3.116810651,38.727228742727625,EXCLUSION,0.180641
2023-09,No Elegible,Vulnerabilidad Baja,1.0,1.0,3.251728045,1.0,1.0,1.498900966,1.790108696,1.0,sotap,1,low,,,espanol_uno_mas_adultos,adultos_ninguno_analfabeta,0.0,0,0,11.51832969,10.02735341,2.622715074,21.59366420766668,EXCLUSION,0.216167
2023-09,No Elegible,Vulnerabilidad Elevada,2.070141643,1.0,1.0,1.0,1.776038647,2.823478261,1.790108696,1.043888889,sotap,4,average,jefatura_masculina,no,espanol_uno_mas_adultos,adultos_ninguno_analfabeta,0.0,0,0,6.702282231,26.85846924,2.949114914,32.912105216863374,EXCLUSION,0.201001
2023-08,Elegible,Vulnerabilidad Baja,1.0,1.0,2.578385269,1.0,1.0,1.498900966,1.790108696,1.0,sotap,1,low,,,espanol_uno_mas_adultos,adultos_ninguno_analfabeta,,-500,0,8.975915299,10.02735341,2.547037866,18.969432379149907,INCLUSION,0.248044
2024-04,No Elegible,Vulnerabilidad Baja,1.0,1.0,1.0,1.0,1.0,1.0,2.580217391,1.043888889,fomon,1,low,,,espanol_uno_mas_adultos,adultos_ninguno_analfabeta,,0,0,0.0,10.07114734,2.281084107,9.74704774745146,EXCLUSION,0.165414
2023-08,No Elegible,Vulnerabilidad Baja,1.0,1.525552408,1.0,1.0,1.776038647,1.498900966,1.0,1.0,sotap,1,low,,,espanol_ningun_adulto,adultos_ninguno_analfabeta,,0,0,3.741369748,9.93697889,2.388704659,13.478967740201298,EXCLUSION,0.233308
2023-09,Elegible,Vulnerabilidad Elevada,2.070141643,1.0,2.578385269,1.0,1.776038647,2.117608696,1.790108696,1.043888889,sotap,2,average,jefatura_femenina,si,espanol_uno_mas_adultos,adultos_ninguno_analfabeta,,0,0,17.46888676,22.50821784,3.148177581,39.81493388651453,INCLUSION,0.208517
2024-04,No Elegible,Vulnerabilidad Elevada,1.0,2.051104816,1.0,1.0,1.776038647,2.823478261,1.790108696,1.0,sotap,1,low,,,espanol_uno_mas_adultos,adultos_ninguno_analfabeta,0.0,0,0,6.609317356,26.18890898,2.927660413,32.16813549794806,EXCLUSION,0.197314
2024-06,No Elegible,Vulnerabilidad Baja,1.0,1.0,1.0,1.0,1.776038647,1.0,2.580217391,1.0,sotap,1,low,,,espanol_uno_mas_adultos,adultos_ninguno_analfabeta,,0,0,0.0,16.59309681,2.46311067,16.059114361557388,EXCLUSION,0.148372
2024-05,Lista de Reserva,Vulnerabilidad Baja,1.0,1.0,1.0,1.0,1.0,1.0,1.790108696,1.043888889,sotap,1,low,,,espanol_uno_mas_adultos,adultos_ninguno_analfabeta,0.0,0,0,0.0,6.061858428,2.169185496,5.866781761928531,EXCLUSION,0.153943
2023-10,Lista de Reserva,Vulnerabilidad Baja,1.0,1.0,1.0,1.0,1.0,1.498900966,1.0,1.0,futij,3,low,jefatura_masculina,no,espanol_uno_mas_adultos,adultos_ninguno_analfabeta,,0,0,0.0,3.815111519,2.10647915,3.692337415207061,EXCLUSION,0.246176
2024-01,No Elegible,Vulnerabilidad Baja,1.0,1.0,1.0,1.0,1.776038647,1.0,1.790108696,1.0,sotap,1,low,,,espanol_uno_mas_adultos,adultos_ninguno_analfabeta,,0,0,0.0,12.01413641,2.33531262,11.62750948618979,EXCLUSION,0.243803
2023-09,No Elegible,Vulnerabilidad Elevada,1.0,1.0,3.251728045,1.0,1.776038647,2.117608696,1.790108696,1.0,sotap,1,low,,,espanol_ningun_adulto,adultos_uno_mas_analfabeta,,0,0,11.51832969,21.88512181,2.953663487,33.06983776278628,EXCLUSION,0.299086
2024-03,Lista de Reserva,Vulnerabilidad Severa,2.700708215,1.0,2.578385269,1.0,1.776038647,2.823478261,2.580217391,1.0,sotap,2,complete,jefatura_femenina,si,espanol_ningun_adulto,adultos_ninguno_analfabeta,,0,0,20.97871872,32.12448674,3.521039349,52.74452349934838,EXCLUSION,0.254199
2024-02,Lista de Reserva,Vulnerabilidad Baja,1.0,2.051104816,1.0,1.0,1.0,1.0,1.0,1.0,sotap,5,low,jefatura_masculina,no,espanol_uno_mas_adultos,adultos_ninguno_analfabeta,-500.0,0,0,6.609317356,0.0,2.196732164,6.8220117978334365,EXCLUSION,0.178114
2023-09,Lista de Reserva,Vulnerabilidad Elevada,2.700708215,1.0,3.251728045,1.0,1.776038647,2.117608696,2.580217391,1.0,sotap,1,low,,,espanol_uno_mas_adultos,adultos_ninguno_analfabeta,,0,0,24.2379543,27.40879931,3.486439293,51.54471264673319,EXCLUSION,0.217192
2024-04,No Elegible,Vulnerabilidad Elevada,2.700708215,2.051104816,3.251728045,1.0,1.0,2.117608696,1.0,1.0,sotap,1,low,,,espanol_uno_mas_adultos,adultos_ninguno_analfabeta,,0,0,35.61565687,7.392265486,3.266448403,43.916179314128506,EXCLUSION,0.244896
2023-12,Elegible,Vulnerabilidad Elevada,2.700708215,1.525552408,1.249197356,1.0,1.776038647,1.498900966,1.790108696,1.0,sotap,1,low,,,espanol_uno_mas_adultos,adultos_ninguno_analfabeta,0.0,0,0,17.00620089,17.10850297,2.983700152,34.111411676763524,INCLUSION,0.208640
2024-05,No Elegible,Vulnerabilidad Severa,2.700708215,1.525552408,3.251728045,1.0,1.776038647,2.823478261,1.790108696,1.0,sotap,1,low,,,espanol_uno_mas_adultos,adultos_uno_mas_analfabeta,0.0,0,0,30.67858802,26.18890898,3.644103496,57.01197936118624,EXCLUSION,0.285363
2024-02,No Elegible,Vulnerabilidad Elevada,2.070141643,1.0,1.0,1.0,1.776038647,2.117608696,2.580217391,2.544987923,foten,3,average,jefatura_masculina,no,espanol_uno_mas_adultos,adultos_ninguno_analfabeta,,0,0,6.702282231,44.04383881,3.428755821,49.5444324087312,EXCLUSION,0.231259
2023-11,Lista de Reserva,Vulnerabilidad Elevada,2.700708215,1.0,2.578385269,1.0,1.776038647,2.117608696,1.790108696,1.0,foten,1,low,,,espanol_uno_mas_adultos,adultos_ninguno_analfabeta,-500.0,0,0,20.97871872,21.88512181,3.235260316,42.83467157216072,EXCLUSION,0.252247
2023-06,No Elegible,Vulnerabilidad Moderada,1.0,1.0,1.0,1.0,1.776038647,2.823478261,1.790108696,1.0,foten,3,low,jefatura_femenina,no,espanol_uno_mas_adultos,adultos_ninguno_analfabeta,0.0,0,0,0.0,26.18890898,2.730928248,25.34612370011462,EXCLUSION,0.222340
2024-02,Lista de Reserva,Vulnerabilidad Elevada,1.0,1.0,2.578385269,1.564135978,1.776038647,2.823478261,2.580217391,1.043888889,sotap,1,low,,,espanol_uno_mas_adultos,adultos_ninguno_analfabeta,,0,0,14.01324416,32.85812825,3.334181668,46.26492519509971,EXCLUSION,0.260985
2024-05,Lista de Reserva,Vulnerabilidad Moderada,1.0,1.0,1.0,1.0,1.776038647,2.823478261,1.790108696,1.0,sotap,4,average,jefatura_masculina,no,espanol_uno_mas_adultos,adultos_ninguno_analfabeta,0.0,0,0,0.0,26.18890898,2.730928248,25.34612370011462,EXCLUSION,0.211651
2024-02,Elegible,Vulnerabilidad Elevada,1.0,1.0,3.251728045,1.0,1.776038647,2.823478261,1.790108696,1.043888889,sotap,4,average,jefatura_masculina,no,espanol_uno_mas_adultos,adultos_ninguno_analfabeta,,-500,0,11.51832969,26.85846924,3.092468817,37.88313789914145,INCLUSION,0.386550
2024-04,Lista de Reserva,Vulnerabilidad Elevada,1.0,2.051104816,1.0,1.0,1.776038647,2.117608696,2.580217391,1.0,sotap,4,complete,jefatura_femenina,si,espanol_uno_mas_adultos,adultos_ninguno_analfabeta,,0,0,6.609317356,27.40879931,2.961707356,33.34876853723833,EXCLUSION,0.154229
2024-02,No Elegible,Vulnerabilidad Moderada,1.0,1.0,2.578385269,1.0,1.776038647,1.498900966,1.790108696,1.043888889,fupal,4,average,jefatura_masculina,no,espanol_uno_mas_adultos,adultos_uno_mas_analfabeta,0.0,0,0,8.975915299,17.68003002,2.760622842,26.375838203163497,EXCLUSION,0.359510
2024-01,No Elegible,Vulnerabilidad Baja,1.0,1.0,3.251728045,1.0,1.0,1.498900966,1.0,1.043888889,fupal,1,low,,,espanol_uno_mas_adultos,adultos_ninguno_analfabeta,,0,0,11.51832969,4.243121443,2.461278087,15.995574609596703,EXCLUSION,0.334876
2023-09,No Elegible,Vulnerabilidad Elevada,2.070141643,1.0,1.0,1.0,1.776038647,2.823478261,1.790108696,1.043888889,fomon,1,low,,,espanol_uno_mas_adultos,adultos_uno_mas_analfabeta,0.0,0,0,6.702282231,26.85846924,2.949114914,32.912105216863374,EXCLUSION,0.256625
2024-05,Elegible,Vulnerabilidad Elevada,2.700708215,1.0,1.249197356,1.0,1.776038647,2.823478261,2.580217391,1.0,sotap,4,average,jefatura_masculina,no,espanol_uno_mas_adultos,adultos_ninguno_analfabeta,-500.0,0,0,11.93561888,32.12448674,3.251863502,43.41040766339734,INCLUSION,0.161411
2023-07,Lista de Reserva,Vulnerabilidad Baja,2.070141643,1.0,1.0,1.0,1.0,1.0,1.790108696,1.043888889,pcr_cdmx,1,low,,,espanol_uno_mas_adultos,adultos_ninguno_analfabeta,0.0,0,0,6.702282231,6.061858428,2.368684842,12.78475013740434,EXCLUSION,0.136523
2023-10,Elegible,Vulnerabilidad Elevada,1.0,1.0,2.578385269,1.0,1.776038647,2.823478261,2.580217391,1.043888889,sotap,3,average,jefatura_masculina,no,espanol_uno_mas_adultos,adultos_ninguno_analfabeta,,0,0,8.975915299,32.85812825,3.184241129,41.06549005402387,INCLUSION,0.253796
2023-06,Lista de Reserva,Vulnerabilidad Baja,1.0,1.0,1.0,1.0,1.0,1.0,1.790108696,1.043888889,sotap,7,average,jefatura_masculina,no,espanol_uno_mas_adultos,adultos_ninguno_analfabeta,0.0,0,0,0.0,6.061858428,2.169185496,5.866781761928531,EXCLUSION,0.166174
2023-06,No Elegible,Vulnerabilidad Moderada,1.0,1.525552408,1.0,1.0,1.776038647,2.823478261,1.790108696,1.0,sotap,1,low,,,espanol_uno_mas_adultos,adultos_ninguno_analfabeta,-500.0,0,0,3.741369748,26.18890898,2.842293421,29.20789446797501,EXCLUSION,0.174820
2024-05,No Elegible,Vulnerabilidad Elevada,1.0,1.0,3.251728045,1.0,1.776038647,2.823478261,2.580217391,1.0,sotap,4,low,jefatura_femenina,no,espanol_uno_mas_adultos,adultos_ninguno_analfabeta,-500.0,0,-500,11.51832969,32.12448674,3.23944252,42.97968968997395,EXCLUSION,0.244715
2024-04,No Elegible,Vulnerabilidad Moderada,2.700708215,1.0,1.0,1.0,1.776038647,2.117608696,2.580217391,1.043888889,sotap,3,average,jefatura_masculina,no,espanol_uno_mas_adultos,adultos_ninguno_analfabeta,0.0,0,0,9.472088355,28.09152966,3.065975156,36.9644257743638,EXCLUSION,0.159045
2023-09,Lista de Reserva,Vulnerabilidad Elevada,2.070141643,1.0,1.0,1.0,1.776038647,2.823478261,2.580217391,1.043888889,sotap,3,average,jefatura_femenina,no,espanol_uno_mas_adultos,adultos_ninguno_analfabeta,0.0,0,0,6.702282231,32.85812825,3.116564434,38.71868920026256,EXCLUSION,0.220059
2024-07,No Elegible,Vulnerabilidad Severa,2.700708215,1.0,3.251728045,1.0,1.776038647,2.823478261,2.580217391,1.043888889,futij,3,average,jefatura_femenina,si,espanol_uno_mas_adultos,adultos_uno_mas_analfabeta,,0,0,24.2379543,32.85812825,3.63852919,56.81867673211505,EXCLUSION,0.291463
2024-05,Elegible,Vulnerabilidad Elevada,1.0,1.0,2.578385269,1.0,1.776038647,2.823478261,2.580217391,1.043888889,foten,4,average,jefatura_masculina,no,espanol_uno_mas_adultos,adultos_ninguno_analfabeta,0.0,0,0,8.975915299,32.85812825,3.184241129,41.06549005402387,INCLUSION,0.246358
2024-04,No Elegible,Vulnerabilidad Elevada,2.700708215,1.0,1.0,1.0,1.776038647,2.823478261,1.790108696,1.0,sotap,3,average,jefatura_femenina,si,espanol_uno_mas_adultos,adultos_uno_mas_analfabeta,-500.0,0,0,9.472088355,26.18890898,3.012873318,35.123033330466875,EXCLUSION,0.180465
2024-01,No Elegible,Vulnerabilidad Moderada,1.0,1.0,1.0,1.0,1.776038647,2.823478261,1.790108696,1.0,sotap,1,low,,,espanol_uno_mas_adultos,adultos_ninguno_analfabeta,,0,0,0.0,26.18890898,2.730928248,25.34612370011462,EXCLUSION,0.261737
2024-05,Elegible,Vulnerabilidad Elevada,1.599560907,1.0,1.0,1.0,1.776038647,2.823478261,2.580217391,1.043888889,foten,2,low,jefatura_femenina,si,espanol_uno_mas_adultos,adultos_ninguno_analfabeta,,0,0,4.186184624,32.85812825,3.041670568,36.1216210561717,INCLUSION,0.167228
2023-08,No Elegible,Vulnerabilidad Moderada,2.070141643,1.0,2.578385269,1.0,1.0,1.498900966,1.790108696,1.043888889,foten,1,low,,,espanol_uno_mas_adultos,adultos_ninguno_analfabeta,,0,0,17.46888676,10.52243148,2.813656206,28.214862117365684,EXCLUSION,0.224668
2024-04,Lista de Reserva,Vulnerabilidad Baja,1.0,1.0,2.578385269,1.0,1.0,1.0,1.0,1.0,pcr_cdmx,1,low,,,espanol_uno_mas_adultos,adultos_ninguno_analfabeta,,0,0,8.975915299,0.0,2.267176041,9.26476922923712,EXCLUSION,0.170433
2024-05,No Elegible por Duplicidad,Vulnerabilidad Moderada,1.0,1.0,1.0,1.0,1.776038647,2.823478261,1.790108696,1.0,fupal,1,low,,,espanol_uno_mas_adultos,adultos_ninguno_analfabeta,0.0,0,0,0.0,26.18890898,2.730928248,25.34612370011462,EXCLUSION,0.209190
2024-04,No Elegible,Vulnerabilidad Elevada,2.700708215,1.0,3.251728045,1.0,1.0,2.117608696,2.580217391,1.043888889,foten,2,average,jefatura_femenina,si,espanol_uno_mas_adultos,adultos_ninguno_analfabeta,,0,0,24.2379543,19.54126117,3.266857566,43.93035975161653,EXCLUSION,0.159316
2024-02,No Elegible,Vulnerabilidad Elevada,2.070141643,1.0,2.578385269,2.128271955,1.0,1.498900966,1.790108696,1.043888889,sotap,4,average,jefatura_masculina,no,espanol_uno_mas_adultos,adultos_ninguno_analfabeta,0.0,0,0,28.0817378,10.52243148,3.129557084,39.16924531668392,EXCLUSION,0.356583
2023-11,No Elegible,Vulnerabilidad Baja,2.070141643,1.0,1.0,1.0,1.776038647,1.498900966,1.790108696,1.043888889,sotap,1,low,,,espanol_uno_mas_adultos,adultos_ninguno_analfabeta,0.0,0,0,6.702282231,17.68003002,2.692946147,24.029037349402188,EXCLUSION,0.213454
2023-12,No Elegible por Intenciones,Vulnerabilidad Baja,1.0,1.0,1.0,1.0,1.0,2.117608696,1.0,1.0,fupal,1,low,,,espanol_uno_mas_adultos,adultos_ninguno_analfabeta,0.0,0,0,0.0,7.392265486,2.206316944,7.154374990395034,EXCLUSION,0.229640
2024-01,No Elegible,Vulnerabilidad Baja,1.0,1.0,1.0,1.0,1.0,1.0,1.790108696,1.0,sotap,1,low,,,espanol_uno_mas_adultos,adultos_ninguno_analfabeta,-500.0,0,0,0.0,5.614422911,2.156697643,5.433745167301109,EXCLUSION,0.187876
2023-07,No Elegible,Vulnerabilidad Moderada,1.0,1.0,1.0,1.0,1.776038647,2.117608696,2.580217391,1.043888889,sotap,1,low,,,espanol_ningun_adulto,adultos_ninguno_analfabeta,0.0,0,0,0.0,28.09152966,2.784030087,27.18751614401154,EXCLUSION,0.172529
2023-12,Elegible,Vulnerabilidad Moderada,1.0,1.0,1.0,1.0,1.776038647,2.823478261,1.790108696,1.0,sotap,3,low,jefatura_masculina,no,espanol_ningun_adulto,adultos_ninguno_analfabeta,,0,0,0.0,26.18890898,2.730928248,25.34612370011462,INCLUSION,0.287873
2024-01,Lista de Reserva,Vulnerabilidad Moderada,1.0,1.0,1.0,1.0,1.776038647,2.823478261,2.580217391,1.0,fupal,4,average,jefatura_masculina,no,espanol_uno_mas_adultos,adultos_ninguno_analfabeta,,0,0,0.0,32.12448674,2.896589272,31.09068863222006,EXCLUSION,0.312290
2024-05,Lista de Reserva,Vulnerabilidad Baja,1.0,1.0,1.0,1.0,1.0,1.498900966,1.0,1.0,sotap,1,low,,,espanol_uno_mas_adultos,adultos_ninguno_analfabeta,0.0,0,0,0.0,3.815111519,2.10647915,3.692337415207061,EXCLUSION,0.176670
2024-03,No Elegible,Vulnerabilidad Baja,1.0,1.0,1.0,1.564135978,1.0,1.0,1.0,1.0,sotap,2,low,jefatura_femenina,no,espanol_uno_mas_adultos,adultos_ninguno_analfabeta,0.0,0,0,3.975239986,0.0,2.118326527,4.103167183989466,EXCLUSION,0.193563
2023-10,Elegible,Vulnerabilidad Elevada,1.0,1.525552408,2.578385269,1.0,1.776038647,2.823478261,1.790108696,1.0,sotap,8,average,jefatura_femenina,no,espanol_uno_mas_adultos,adultos_ninguno_analfabeta,,0,0,13.7168894,26.18890898,3.139223567,39.50443631789602,INCLUSION,0.277272
2024-03,Elegible,Vulnerabilidad Baja,1.0,1.0,1.0,1.0,1.776038647,1.498900966,1.790108696,1.043888889,sotap,2,average,jefatura_femenina,si,espanol_uno_mas_adultos,adultos_ninguno_analfabeta,0.0,-500,0,0.0,17.68003002,2.493446802,17.11106897392638,INCLUSION,0.263358
2023-07,Lista de Reserva,Vulnerabilidad Elevada,2.700708215,1.0,2.578385269,1.0,1.776038647,2.823478261,1.790108696,1.0,foten,3,average,jefatura_femenina,no,espanol_uno_mas_adultos,adultos_ninguno_analfabeta,,0,0,20.97871872,26.18890898,3.355378326,46.99995856724294,EXCLUSION,0.220243
2024-01,Elegible por Proceso Acelerado,Vulnerabilidad Baja,1.0,1.0,1.0,1.0,1.0,1.0,1.0,1.0,sotap,1,low,,,espanol_uno_mas_adultos,adultos_uno_mas_analfabeta,,0,0,0.0,0.0,2.0,0.0,INCLUSION,0.234074
2024-05,Elegible,Vulnerabilidad Moderada,1.0,1.0,2.578385269,1.0,1.776038647,2.823478261,1.0,1.0,sotap,1,low,,,espanol_uno_mas_adultos,adultos_ninguno_analfabeta,,0,0,8.975915299,17.78726377,2.763615719,26.47962106385475,INCLUSION,0.224918
2024-07,Lista de Reserva,Vulnerabilidad Baja,1.0,1.0,1.0,1.0,1.776038647,1.0,1.790108696,1.0,fupal,1,low,,,espanol_uno_mas_adultos,adultos_uno_mas_analfabeta,,0,0,0.0,12.01413641,2.33531262,11.62750948618979,EXCLUSION,0.217110
2024-06,No Elegible,Vulnerabilidad Elevada,2.070141643,1.0,1.0,1.0,1.776038647,2.823478261,2.580217391,1.043888889,sotap,5,high,jefatura_femenina,si,espanol_uno_mas_adultos,adultos_ninguno_analfabeta,,0,0,6.702282231,32.85812825,3.116564434,38.71868920026256,EXCLUSION,0.169605
2024-02,Elegible,Vulnerabilidad Baja,1.0,1.0,1.0,1.0,1.776038647,2.117608696,1.790108696,1.0,futij,4,average,jefatura_masculina,no,espanol_uno_mas_adultos,adultos_ninguno_analfabeta,,-500,0,0.0,21.88512181,2.610810239,21.18083670503239,INCLUSION,0.292683
2023-08,No Elegible,Vulnerabilidad Baja,1.0,1.0,1.0,1.0,1.0,1.0,1.0,1.0,sotap,5,high,jefatura_femenina,no,espanol_uno_mas_adultos,adultos_ninguno_analfabeta,,0,0,0.0,0.0,2.0,0.0,EXCLUSION,0.173640
2024-07,No Elegible,Vulnerabilidad Moderada,1.0,1.525552408,2.578385269,1.0,1.776038647,1.0,1.790108696,1.0,sotap,1,low,,,espanol_ningun_adulto,adultos_ninguno_analfabeta,-500.0,0,0,13.7168894,12.01413641,2.743607939,25.785822103971192,EXCLUSION,0.204156
2024-04,No Elegible,Vulnerabilidad Moderada,1.0,1.0,1.0,1.0,1.776038647,2.823478261,1.790108696,1.0,sotap,2,average,jefatura_femenina,si,espanol_ningun_adulto,adultos_ninguno_analfabeta,0.0,0,0,0.0,26.18890898,2.730928248,25.34612370011462,EXCLUSION,0.232827
2024-03,No Elegible,Vulnerabilidad Moderada,1.0,1.525552408,1.0,1.0,1.776038647,2.117608696,1.790108696,1.0,fusal,1,low,,,espanol_uno_mas_adultos,adultos_ninguno_analfabeta,0.0,0,0,3.741369748,21.88512181,2.722175411,25.04260747289278,EXCLUSION,0.254142
2023-07,Lista de Reserva,Vulnerabilidad Baja,1.0,1.0,1.249197356,1.0,1.0,1.0,1.0,1.0,pcr_cdmx,1,low,,,espanol_uno_mas_adultos,adultos_ninguno_analfabeta,0.0,0,0,1.921713018,0.0,2.057201484,1.983555664632258,EXCLUSION,0.149132
2023-09,No Elegible,Vulnerabilidad Moderada,1.0,1.0,1.0,1.0,1.776038647,2.823478261,1.790108696,1.043888889,sotap,1,low,,,espanol_uno_mas_adultos,adultos_uno_mas_analfabeta,,0,0,0.0,26.85846924,2.749615568,25.99413684138756,EXCLUSION,0.246959
2023-11,No Elegible,Vulnerabilidad Elevada,2.700708215,1.0,1.0,1.0,1.776038647,2.823478261,1.790108696,1.0,sotap,5,high,jefatura_femenina,no,espanol_uno_mas_adultos,adultos_ninguno_analfabeta,0.0,0,0,9.472088355,26.18890898,3.012873318,35.123033330466875,EXCLUSION,0.232167
2024-03,No Elegible,Vulnerabilidad Baja,1.0,1.0,1.0,1.0,1.776038647,2.117608696,1.790108696,1.0,sotap,1,low,,,espanol_uno_mas_adultos,adultos_ninguno_analfabeta,,0,0,0.0,21.88512181,2.610810239,21.18083670503239,EXCLUSION,0.226113
2024-02,Elegible,Vulnerabilidad Baja,1.0,1.525552408,1.0,1.0,1.0,1.0,1.0,1.0,sotap,2,average,jefatura_femenina,si,espanol_uno_mas_adultos,adultos_ninguno_analfabeta,0.0,0,0,3.741369748,0.0,2.111365173,3.861770767860388,INCLUSION,0.210137
2023-08,Elegible,Vulnerabilidad Baja,1.0,1.0,1.0,1.0,1.0,1.0,1.0,1.0,sotap,1,low,,,espanol_uno_mas_adultos,adultos_ninguno_analfabeta,500.0,0,0,0.0,0.0,2.0,0.0,INCLUSION,0.212752
2023-08,Elegible,Vulnerabilidad Elevada,2.700708215,1.0,2.578385269,1.0,1.776038647,2.823478261,1.790108696,1.0,fupal,4,average,jefatura_femenina,no,espanol_uno_mas_adultos,adultos_ninguno_analfabeta,,0,0,20.97871872,26.18890898,3.355378326,46.99995856724294,INCLUSION,0.249284
2023-10,Elegible,Vulnerabilidad Severa,2.700708215,1.0,3.251728045,1.0,1.776038647,2.823478261,2.580217391,1.043888889,sotap,1,low,,,espanol_ningun_adulto,adultos_uno_mas_analfabeta,0.0,0,0,24.2379543,32.85812825,3.63852919,56.81867673211505,INCLUSION,0.262080
2023-09,No Elegible,Vulnerabilidad Severa,2.700708215,1.0,3.251728045,1.0,1.776038647,2.823478261,2.580217391,1.0,fupal,4,average,jefatura_femenina,no,espanol_uno_mas_adultos,adultos_ninguno_analfabeta,,0,0,24.2379543,32.12448674,3.618053373,56.108644539548365,EXCLUSION,0.233837
2023-12,Lista de Reserva,Vulnerabilidad Baja,1.0,1.0,1.0,1.0,1.776038647,1.498900966,1.790108696,1.0,sotap,1,low,,,espanol_uno_mas_adultos,adultos_ninguno_analfabeta,500.0,0,0,0.0,17.10850297,2.477495573,16.55793423592243,EXCLUSION,0.244811
2024-07,No Elegible,Vulnerabilidad Severa,2.700708215,1.0,2.578385269,1.0,1.776038647,2.117608696,1.790108696,2.544987923,sotap,2,complete,jefatura_femenina,si,espanol_ningun_adulto,adultos_ninguno_analfabeta,,0,0,20.97871872,37.06714366,3.658988111,57.52812077700585,EXCLUSION,0.217833
2023-10,No Elegible,Vulnerabilidad Elevada,2.700708215,1.0,2.578385269,1.0,1.776038647,1.498900966,1.790108696,2.544987923,,2,low,jefatura_femenina,no,espanol_uno_mas_adultos,adultos_ninguno_analfabeta,-500.0,0,0,20.97871872,31.0340229,3.490604678,51.689151876183416,EXCLUSION,0.227648
2023-06,Lista de Reserva,Vulnerabilidad Baja,1.0,1.0,2.578385269,1.0,1.0,1.498900966,1.0,1.0,sotap,1,low,,,espanol_uno_mas_adultos,adultos_ninguno_analfabeta,0.0,0,0,8.975915299,3.815111519,2.373655191,12.95710664444418,EXCLUSION,0.176046
2024-06,No Elegible,Vulnerabilidad Elevada,1.0,2.051104816,2.578385269,1.0,1.776038647,2.117608696,1.790108696,1.0,sotap,7,high,jefatura_masculina,no,espanol_uno_mas_adultos,adultos_ninguno_analfabeta,,0,0,17.3510839,21.88512181,3.127280564,39.090295836018285,EXCLUSION,0.259667
2024-01,Elegible,Vulnerabilidad Baja,1.0,1.0,1.0,1.0,1.0,1.0,1.790108696,1.0,pcr_cdmx,1,low,,,espanol_uno_mas_adultos,adultos_uno_mas_analfabeta,,0,0,0.0,5.614422911,2.156697643,5.433745167301109,INCLUSION,0.264049
2023-09,Lista de Reserva,Vulnerabilidad Baja,1.0,1.0,1.0,1.0,1.0,1.0,1.0,1.0,sotap,1,low,,,espanol_uno_mas_adultos,adultos_ninguno_analfabeta,,0,0,0.0,0.0,2.0,0.0,EXCLUSION,0.191553
2024-06,Lista de Reserva,Vulnerabilidad Elevada,2.700708215,1.0,3.251728045,1.0,1.776038647,2.117608696,1.790108696,1.0,sotap,3,complete,jefatura_femenina,si,espanol_uno_mas_adultos,adultos_ninguno_analfabeta,,0,0,24.2379543,21.88512181,3.33227434,46.19879261236069,EXCLUSION,0.193508
2024-03,No Elegible,Vulnerabilidad Baja,2.070141643,1.0,1.0,1.0,1.0,1.0,1.790108696,1.043888889,fusal,3,low,jefatura_masculina,no,espanol_uno_mas_adultos,adultos_ninguno_analfabeta,0.0,0,0,6.702282231,6.061858428,2.368684842,12.78475013740434,EXCLUSION,0.207654
2023-10,No Elegible,Vulnerabilidad Elevada,2.700708215,2.051104816,2.578385269,1.0,1.0,1.0,1.0,1.0,sotap,3,low,jefatura_masculina,si,espanol_uno_mas_adultos,adultos_ninguno_analfabeta,0.0,0,0,31.71522481,0.0,2.944031657,32.73585245961061,EXCLUSION,0.226372
2023-06,Lista de Reserva,Vulnerabilidad Elevada,2.700708215,2.051104816,3.251728045,1.0,1.776038647,1.0,1.790108696,1.0,sotap,6,average,jefatura_femenina,no,espanol_uno_mas_adultos,adultos_ninguno_analfabeta,0.0,0,0,35.61565687,12.01413641,3.395444079,48.38931380992327,EXCLUSION,0.212965
2024-02,No Elegible,Vulnerabilidad Baja,2.070141643,1.0,1.0,1.0,1.0,2.117608696,1.790108696,1.043888889,sotap,3,average,jefatura_femenina,si,espanol_uno_mas_adultos,adultos_ninguno_analfabeta,,0,0,6.702282231,14.70478802,2.60990762,21.14954161220419,EXCLUSION,0.208413
2024-01,Lista de Reserva,Vulnerabilidad Elevada,1.0,1.0,2.578385269,1.0,1.776038647,2.823478261,2.580217391,1.043888889,sotap,2,complete,jefatura_femenina,si,espanol_uno_mas_adultos,adultos_uno_mas_analfabeta,0.0,0,0,8.975915299,32.85812825,3.184241129,41.06549005402387,EXCLUSION,0.369363
2024-05,No Elegible,Vulnerabilidad Baja,1.0,1.525552408,1.0,1.0,1.776038647,1.498900966,1.790108696,1.0,sotap,1,low,,,espanol_uno_mas_adultos,adultos_ninguno_analfabeta,0.0,0,0,3.741369748,17.10850297,2.588860746,20.41970500378282,EXCLUSION,0.185839
2023-09,Lista de Reserva,Vulnerabilidad Baja,1.0,1.0,2.578385269,1.0,1.776038647,1.0,1.790108696,1.0,sotap,3,average,jefatura_masculina,no,espanol_uno_mas_adultos,adultos_ninguno_analfabeta,,0,0,8.975915299,12.01413641,2.602488661,20.89227871542691,EXCLUSION,0.244896
2024-01,Elegible por Proceso Acelerado,Vulnerabilidad Baja,1.0,1.0,2.578385269,1.0,1.776038647,1.0,1.790108696,1.0,sotap,4,average,jefatura_masculina,no,espanol_uno_mas_adultos,adultos_ninguno_analfabeta,,0,0,8.975915299,12.01413641,2.602488661,20.89227871542691,INCLUSION,0.296105
2023-11,No Elegible,Vulnerabilidad Moderada,1.0,1.0,1.0,1.0,1.776038647,2.823478261,1.790108696,1.0,sotap,1,low,,,espanol_ningun_adulto,adultos_ninguno_analfabeta,,0,0,0.0,26.18890898,2.730928248,25.34612370011462,EXCLUSION,0.253940
2024-03,No Elegible,Vulnerabilidad Elevada,2.700708215,1.0,2.578385269,1.0,1.776038647,2.823478261,1.790108696,1.0,sotap,2,average,jefatura_femenina,si,espanol_uno_mas_adultos,adultos_ninguno_analfabeta,0.0,0,0,20.97871872,26.18890898,3.355378326,46.99995856724294,EXCLUSION,0.234948
2024-06,Lista de Reserva,Vulnerabilidad Baja,1.0,2.051104816,1.0,1.0,1.776038647,1.498900966,1.790108696,1.0,sotap,3,low,jefatura_masculina,no,espanol_uno_mas_adultos,adultos_ninguno_analfabeta,0.0,0,0,6.609317356,17.10850297,2.674227738,23.379946033755868,EXCLUSION,0.169108
2023-12,Lista de Reserva,Vulnerabilidad Baja,1.0,2.051104816,1.0,1.0,1.0,2.117608696,1.790108696,1.0,foten,2,average,jefatura_femenina,si,espanol_uno_mas_adultos,adultos_ninguno_analfabeta,,0,0,6.609317356,14.16503897,2.59207613,20.531205648739864,EXCLUSION,0.223145
2023-11,No Elegible,Vulnerabilidad Moderada,2.070141643,1.0,1.0,1.0,1.776038647,2.117608696,1.790108696,1.043888889,sotap,3,average,jefatura_femenina,no,espanol_uno_mas_adultos,adultos_ninguno_analfabeta,,0,0,6.702282231,22.50821784,2.827700095,28.70184925716677,EXCLUSION,0.247827
2024-01,No Elegible,Vulnerabilidad Baja,1.0,1.0,1.0,1.0,1.0,1.498900966,1.790108696,1.0,sotap,1,low,,,espanol_uno_mas_adultos,adultos_ninguno_analfabeta,,0,0,0.0,10.02735341,2.279861825,9.70466314991279,EXCLUSION,0.198916
2023-12,No Elegible,Vulnerabilidad Moderada,1.0,1.0,1.0,1.0,1.776038647,2.823478261,2.580217391,1.0,,1,low,,,espanol_uno_mas_adultos,adultos_ninguno_analfabeta,,0,0,0.0,32.12448674,2.896589272,31.09068863222006,EXCLUSION,0.281539
2023-11,No Elegible,Vulnerabilidad Moderada,2.070141643,1.0,2.578385269,1.0,1.0,2.117608696,1.0,1.0,fupal,4,average,jefatura_femenina,no,espanol_uno_mas_adultos,adultos_ninguno_analfabeta,,0,0,17.46888676,7.392265486,2.726293776,25.1854279952186,EXCLUSION,0.287663
2024-04,No Elegible,Vulnerabilidad Moderada,2.070141643,1.0,2.578385269,1.0,1.0,2.117608696,1.0,1.0,sotap,1,low,,,espanol_uno_mas_adultos,adultos_ninguno_analfabeta,,0,0,17.46888676,7.392265486,2.726293776,25.1854279952186,EXCLUSION,0.176688
2024-04,No Elegible,Vulnerabilidad Baja,1.0,1.0,1.0,1.0,1.0,1.498900966,1.790108696,1.0,sotap,4,average,jefatura_masculina,no,espanol_uno_mas_adultos,adultos_ninguno_analfabeta,0.0,0,0,0.0,10.02735341,2.279861825,9.70466314991279,EXCLUSION,0.168259
2023-12,No Elegible,Vulnerabilidad Baja,1.0,1.0,1.0,1.0,1.0,1.0,1.0,1.0,fomon,1,low,,,espanol_uno_mas_adultos,adultos_ninguno_analfabeta,,0,0,0.0,0.0,2.0,0.0,EXCLUSION,0.215528
2023-10,Lista de Reserva,Vulnerabilidad Baja,1.0,1.0,2.578385269,1.0,1.776038647,1.0,1.790108696,1.0,pcr_cdmx,1,low,,,espanol_uno_mas_adultos,adultos_ninguno_analfabeta,0.0,0,0,8.975915299,12.01413641,2.602488661,20.89227871542691,EXCLUSION,0.276636
2024-06,No Elegible,Vulnerabilidad Moderada,1.0,1.0,1.0,1.0,1.776038647,2.117608696,2.580217391,1.043888889,fupal,3,low,jefatura_masculina,no,espanol_uno_mas_adultos,adultos_ninguno_analfabeta,,0,0,0.0,28.09152966,2.784030087,27.18751614401154,EXCLUSION,0.155405
2023-08,No Elegible por Intenciones,Vulnerabilidad Elevada,1.0,1.0,2.578385269,1.0,1.776038647,2.823478261,1.790108696,1.0,foten,1,low,,,espanol_uno_mas_adultos,adultos_ninguno_analfabeta,,0,0,8.975915299,26.18890898,2.998104289,34.61089292935174,EXCLUSION,0.332745
2024-03,No Elegible,Vulnerabilidad Moderada,1.0,2.051104816,1.0,1.0,1.776038647,2.823478261,1.0,1.043888889,foten,1,low,,,espanol_uno_mas_adultos,adultos_ninguno_analfabeta,0.0,0,0,6.609317356,18.36611881,2.709327594,24.597090538408825,EXCLUSION,0.281389
2023-12,Elegible,Vulnerabilidad Baja,1.0,1.0,1.0,1.0,1.0,2.117608696,1.790108696,1.0,fupal,1,low,,,espanol_uno_mas_adultos,adultos_uno_mas_analfabeta,,0,0,0.0,14.16503897,2.395343965,13.709193850906429,INCLUSION,0.236446
2023-08,No Elegible,Vulnerabilidad Severa,2.700708215,1.0,2.578385269,1.0,1.776038647,2.823478261,2.580217391,1.043888889,sotap,6,high,jefatura_femenina,si,espanol_ningun_adulto,adultos_ninguno_analfabeta,-500.0,0,0,20.97871872,32.85812825,3.541515166,53.45455569191508,EXCLUSION,0.220704
2024-04,No Elegible,Vulnerabilidad Baja,1.0,1.0,1.0,1.0,1.0,1.498900966,1.790108696,1.0,sotap,2,average,jefatura_femenina,si,espanol_uno_mas_adultos,adultos_ninguno_analfabeta,-500.0,0,0,0.0,10.02735341,2.279861825,9.70466314991279,EXCLUSION,0.138768
2023-08,Lista de Reserva,Vulnerabilidad Baja,2.700708215,1.0,1.0,1.0,1.0,1.498900966,1.790108696,1.0,sotap,1,low,,,espanol_uno_mas_adultos,adultos_ninguno_analfabeta,-500.0,0,0,9.472088355,10.02735341,2.561806895,19.481572780265047,EXCLUSION,0.148856
2023-09,No Elegible por Intenciones,Vulnerabilidad Elevada,1.0,2.051104816,1.0,1.0,1.776038647,2.823478261,2.580217391,1.0,sotap,3,average,jefatura_femenina,si,espanol_uno_mas_adultos,adultos_ninguno_analfabeta,0.0,0,0,6.609317356,32.12448674,3.093321436,37.9127004300535,EXCLUSION,0.207512
2024-01,Elegible,Vulnerabilidad Elevada,1.0,1.0,1.0,1.0,1.776038647,2.823478261,2.580217391,1.043888889,sotap,2,complete,jefatura_masculina,no,espanol_uno_mas_adultos,adultos_ninguno_analfabeta,0.0,0,0,0.0,32.85812825,2.917065088,31.80072082478675,INCLUSION,0.280731
2023-09,Lista de Reserva,Vulnerabilidad Elevada,2.700708215,1.0,2.578385269,1.0,1.0,2.117608696,1.790108696,2.544987923,fupal,4,average,jefatura_masculina,no,espanol_uno_mas_adultos,adultos_ninguno_analfabeta,,0,0,20.97871872,27.3162731,3.386842878,48.09104298249722,EXCLUSION,0.175269
2024-02,Elegible,Vulnerabilidad Baja,1.0,1.0,1.0,1.0,1.0,1.498900966,1.0,1.0,fupal,3,low,jefatura_masculina,no,espanol_uno_mas_adultos,adultos_ninguno_analfabeta,0.0,-500,0,0.0,3.815111519,2.10647915,3.692337415207061,INCLUSION,0.251581
2024-05,Lista de Reserva,Vulnerabilidad Elevada,1.0,2.051104816,1.0,1.0,1.776038647,2.823478261,1.790108696,1.0,futij,3,average,jefatura_masculina,no,espanol_ningun_adulto,adultos_ninguno_analfabeta,,0,0,6.609317356,26.18890898,2.927660413,32.16813549794806,EXCLUSION,0.237980
2024-07,No Elegible,Vulnerabilidad Elevada,1.0,1.0,2.578385269,1.0,1.776038647,2.823478261,1.790108696,1.0,fupal,3,low,jefatura_femenina,no,espanol_uno_mas_adultos,adultos_ninguno_analfabeta,,0,0,8.975915299,26.18890898,2.998104289,34.61089292935174,EXCLUSION,0.255313
2023-10,Lista de Reserva,Vulnerabilidad Baja,1.0,1.0,2.578385269,1.0,1.0,2.117608696,1.790108696,1.043888889,sotap,1,low,,,espanol_uno_mas_adultos,adultos_uno_mas_analfabeta,-500.0,0,0,8.975915299,14.70478802,2.677584315,23.496342465965498,EXCLUSION,0.246470
2023-06,Elegible,Vulnerabilidad Moderada,1.0,1.0,1.0,1.0,1.776038647,2.823478261,1.790108696,1.0,sotap,2,low,jefatura_masculina,no,espanol_uno_mas_adultos,adultos_ninguno_analfabeta,0.0,0,0,0.0,26.18890898,2.730928248,25.34612370011462,INCLUSION,0.186383
2024-05,No Elegible,Vulnerabilidad Moderada,1.0,1.0,1.0,1.0,1.776038647,2.823478261,1.790108696,1.0,sotap,1,low,,,espanol_uno_mas_adultos,adultos_ninguno_analfabeta,,0,0,0.0,26.18890898,2.730928248,25.34612370011462,EXCLUSION,0.195086
2024-01,Elegible,Vulnerabilidad Elevada,2.700708215,2.051104816,3.251728045,1.0,1.0,2.117608696,1.0,1.0,sotap,4,average,jefatura_femenina,si,espanol_uno_mas_adultos,adultos_ninguno_analfabeta,0.0,0,0,35.61565687,7.392265486,3.266448403,43.916179314128506,INCLUSION,0.210906
2023-11,Elegible,Vulnerabilidad Elevada,1.0,1.0,2.578385269,1.0,1.776038647,2.823478261,2.580217391,1.043888889,sotap,5,low,jefatura_femenina,no,espanol_uno_mas_adultos,adultos_ninguno_analfabeta,-500.0,0,0,8.975915299,32.85812825,3.184241129,41.06549005402387,INCLUSION,0.264419
2023-06,Lista de Reserva,Vulnerabilidad Severa,2.700708215,2.051104816,2.578385269,1.0,1.776038647,2.823478261,2.580217391,1.0,sotap,3,average,jefatura_femenina,no,espanol_uno_mas_adultos,adultos_ninguno_analfabeta,0.0,0,0,31.71522481,32.12448674,3.840620929,63.82654109183068,EXCLUSION,0.200371
2023-11,No Elegible,Vulnerabilidad Elevada,2.700708215,2.051104816,1.249197356,1.0,1.776038647,2.117608696,1.790108696,1.0,sotap,5,average,jefatura_masculina,no,espanol_uno_mas_adultos,adultos_ninguno_analfabeta,0.0,0,0,20.89305637,21.88512181,3.232710501,42.746252522075366,EXCLUSION,0.202222
2024-06,No Elegible,Vulnerabilidad Elevada,1.0,1.0,2.578385269,1.0,1.776038647,2.823478261,2.580217391,1.0,sotap,1,low,,,espanol_uno_mas_adultos,adultos_ninguno_analfabeta,0.0,0,0,8.975915299,32.12448674,3.163765312,40.35545786145718,EXCLUSION,0.191352
2024-04,No Elegible,Vulnerabilidad Moderada,1.0,1.0,1.0,1.0,1.776038647,2.823478261,2.580217391,1.0,sotap,1,low,,,espanol_uno_mas_adultos,adultos_ninguno_analfabeta,0.0,0,0,0.0,32.12448674,2.896589272,31.09068863222006,EXCLUSION,0.197767
2023-08,No Elegible,Vulnerabilidad Elevada,2.070141643,1.525552408,1.0,1.0,1.776038647,2.117608696,2.580217391,1.043888889,sotap,1,low,,,espanol_uno_mas_adultos,adultos_ninguno_analfabeta,0.0,0,0,11.1900528,28.09152966,3.117111884,38.73767603316834,EXCLUSION,0.209413
2023-06,Lista de Reserva,Vulnerabilidad Moderada,1.0,1.0,2.578385269,1.0,1.776038647,2.117608696,1.790108696,1.0,sotap,3,average,jefatura_femenina,no,espanol_uno_mas_adultos,adultos_ninguno_analfabeta,-500.0,0,0,8.975915299,21.88512181,2.877986279,30.44560593426951,EXCLUSION,0.214055
2024-03,No Elegible,Vulnerabilidad Baja,1.0,1.0,1.0,1.564135978,1.0,2.117608696,1.0,1.0,fomon,1,low,,,espanol_uno_mas_adultos,adultos_ninguno_analfabeta,,0,0,3.975239986,7.392265486,2.32464347,11.2575421743845,EXCLUSION,0.221755
2023-07,Lista de Reserva,Vulnerabilidad Baja,2.700708215,1.0,1.0,1.0,1.0,2.117608696,1.0,1.0,fupal,1,low,,,espanol_uno_mas_adultos,adultos_ninguno_analfabeta,,0,0,9.472088355,7.392265486,2.488262013,16.93128462074729,EXCLUSION,0.125609
2023-10,No Elegible,Vulnerabilidad Baja,2.070141643,1.0,1.0,1.0,1.776038647,1.0,1.790108696,1.043888889,sotap,1,low,,,espanol_uno_mas_adultos,adultos_ninguno_analfabeta,-500.0,0,0,6.702282231,12.53066404,2.549228169,19.04538311600457,EXCLUSION,0.175332
2024-04,No Elegible,Vulnerabilidad Baja,1.0,2.051104816,1.0,1.0,1.0,1.0,1.0,1.0,sotap,1,low,,,espanol_uno_mas_adultos,adultos_ninguno_analfabeta,-500.0,0,0,6.609317356,0.0,2.196732164,6.8220117978334365,EXCLUSION,0.135358
2024-05,No Elegible,Vulnerabilidad Severa,2.700708215,1.525552408,3.251728045,1.0,1.776038647,2.823478261,1.790108696,1.0,sotap,4,complete,jefatura_masculina,si,espanol_uno_mas_adultos,adultos_uno_mas_analfabeta,,0,0,30.67858802,26.18890898,3.644103496,57.01197936118624,EXCLUSION,0.256800
2023-09,No Elegible,Vulnerabilidad Elevada,2.070141643,1.525552408,1.0,1.0,1.776038647,2.117608696,1.790108696,2.544987923,sotap,4,average,jefatura_masculina,si,espanol_uno_mas_adultos,adultos_ninguno_analfabeta,,0,0,11.1900528,37.06714366,3.367619831,47.42444579903434,EXCLUSION,0.184679
2023-11,Elegible,Vulnerabilidad Moderada,1.0,1.0,3.251728045,1.0,1.776038647,1.0,2.580217391,1.0,sotap,1,low,,,espanol_uno_mas_adultos,adultos_ninguno_analfabeta,,0,0,11.51832969,16.59309681,2.805963919,27.94811541931128,INCLUSION,0.247492
2024-02,No Elegible,Vulnerabilidad Elevada,2.700708215,1.0,3.251728045,1.0,1.776038647,2.823478261,1.790108696,1.0,fupal,2,average,jefatura_femenina,si,espanol_uno_mas_adultos,adultos_ninguno_analfabeta,,0,0,24.2379543,26.18890898,3.45239235,50.36407960744292,EXCLUSION,0.234206
2024-01,No Elegible,Vulnerabilidad Elevada,1.0,1.525552408,2.578385269,1.0,1.776038647,2.823478261,1.790108696,1.0,pcr_cdmx,5,average,jefatura_femenina,no,espanol_uno_mas_adultos,adultos_ninguno_analfabeta,-500.0,0,0,13.7168894,26.18890898,3.139223567,39.50443631789602,EXCLUSION,0.337468
2024-06,Lista de Reserva,Vulnerabilidad Baja,1.0,1.0,1.0,1.0,1.0,1.0,1.0,1.0,sotap,1,low,,,espanol_uno_mas_adultos,adultos_ninguno_analfabeta,-500.0,0,0,0.0,0.0,2.0,0.0,EXCLUSION,0.125065
2024-02,Elegible,Vulnerabilidad Severa,2.700708215,1.0,3.251728045,1.0,1.776038647,2.823478261,2.580217391,1.043888889,sotap,2,average,jefatura_masculina,no,espanol_uno_mas_adultos,adultos_ninguno_analfabeta,,0,0,24.2379543,32.85812825,3.63852919,56.81867673211505,INCLUSION,0.244403
2024-05,Lista de Reserva,Vulnerabilidad Elevada,2.700708215,1.0,3.251728045,1.0,1.776038647,2.823478261,1.790108696,1.0,sotap,1,low,,,espanol_ningun_adulto,adultos_uno_mas_analfabeta,,0,0,24.2379543,26.18890898,3.45239235,50.36407960744292,EXCLUSION,0.220620
2023-10,Lista de Reserva,Vulnerabilidad Baja,1.0,1.0,1.0,1.564135978,1.0,1.0,1.0,1.0,sotap,1,low,,,espanol_uno_mas_adultos,adultos_uno_mas_analfabeta,,0,0,3.975239986,0.0,2.118326527,4.103167183989466,EXCLUSION,0.209253
2024-01,Elegible por Proceso Acelerado,Vulnerabilidad Baja,2.700708215,1.0,1.249197356,1.0,1.776038647,1.0,1.790108696,1.0,sotap,4,average,jefatura_masculina,no,espanol_uno_mas_adultos,adultos_ninguno_analfabeta,,0,0,11.93561888,12.01413641,2.69058685,23.947228517367076,INCLUSION,0.186959
2023-07,No Elegible,Vulnerabilidad Elevada,1.0,1.0,2.578385269,1.0,1.776038647,2.823478261,1.790108696,1.0,sotap,2,complete,jefatura_femenina,si,espanol_uno_mas_adultos,adultos_ninguno_analfabeta,,0,0,8.975915299,26.18890898,2.998104289,34.61089292935174,EXCLUSION,0.171957
2023-07,No Elegible,Vulnerabilidad Elevada,1.599560907,1.0,1.0,1.0,1.776038647,2.117608696,2.580217391,1.043888889,foten,3,low,jefatura_masculina,si,espanol_uno_mas_adultos,adultos_ninguno_analfabeta,,0,0,4.186184624,28.09152966,2.908635566,31.50841637539648,EXCLUSION,0.163308
2024-03,No Elegible,Vulnerabilidad Baja,1.0,1.0,2.578385269,1.0,1.776038647,1.0,1.790108696,1.0,futij,1,low,,,espanol_uno_mas_adultos,adultos_ninguno_analfabeta,0.0,0,0,8.975915299,12.01413641,2.602488661,20.89227871542691,EXCLUSION,0.260372
2024-03,Elegible,Vulnerabilidad Elevada,2.700708215,1.0,1.0,1.0,1.776038647,2.117608696,2.580217391,1.0,sotap,2,low,jefatura_masculina,no,espanol_uno_mas_adultos,adultos_ninguno_analfabeta,0.0,0,-500,9.472088355,27.40879931,3.046920262,36.303666369757146,INCLUSION,0.231856
2023-08,Lista de Reserva,Vulnerabilidad Moderada,1.0,1.525552408,1.0,1.0,1.776038647,2.823478261,1.790108696,1.0,sotap,7,high,jefatura_masculina,no,espanol_uno_mas_adultos,adultos_ninguno_analfabeta,0.0,0,0,3.741369748,26.18890898,2.842293421,29.20789446797501,EXCLUSION,0.285709
2024-06,No Elegible,Vulnerabilidad Elevada,2.700708215,1.0,1.249197356,1.0,1.776038647,2.117608696,2.580217391,1.0,sotap,1,low,,,espanol_uno_mas_adultos,adultos_ninguno_analfabeta,0.0,0,0,11.93561888,27.40879931,3.120249422,38.84647577058217,EXCLUSION,0.142752
2023-08,No Elegible,Vulnerabilidad Baja,1.0,1.0,1.0,1.0,1.0,1.0,1.0,1.0,fusal,1,low,,,espanol_uno_mas_adultos,adultos_ninguno_analfabeta,,0,0,0.0,0.0,2.0,0.0,EXCLUSION,0.231347
2023-07,No Elegible,Vulnerabilidad Moderada,1.0,1.0,2.578385269,1.564135978,1.776038647,1.0,1.790108696,1.0,foten,4,average,jefatura_masculina,no,espanol_uno_mas_adultos,adultos_ninguno_analfabeta,,0,0,14.01324416,12.01413641,2.7524292,26.09171385650275,EXCLUSION,0.276372
2023-08,Elegible,Vulnerabilidad Baja,1.0,1.0,1.0,1.0,1.0,1.0,1.790108696,1.0,pcr_cdmx,1,low,,,espanol_uno_mas_adultos,adultos_ninguno_analfabeta,0.0,0,0,0.0,5.614422911,2.156697643,5.433745167301109,INCLUSION,0.225534
2023-07,No Elegible por Duplicidad,Vulnerabilidad Elevada,1.0,2.051104816,1.249197356,1.0,1.776038647,2.117608696,2.580217391,1.043888889,sotap,1,low,,,espanol_uno_mas_adultos,adultos_ninguno_analfabeta,,0,0,8.909093135,28.09152966,3.049217106,36.38331280518898,EXCLUSION,0.159515
2024-04,No Elegible por Duplicidad,Vulnerabilidad Elevada,2.070141643,1.0,2.578385269,1.0,1.776038647,2.823478261,2.580217391,1.043888889,sotap,2,complete,jefatura_masculina,si,espanol_uno_mas_adultos,adultos_ninguno_analfabeta,0.0,0,0,17.46888676,32.85812825,3.43704192,49.83177382961031,EXCLUSION,0.187628
2024-01,Elegible,Vulnerabilidad Elevada,2.700708215,1.0,2.578385269,1.0,1.776038647,2.117608696,1.790108696,1.0,sotap,3,complete,jefatura_femenina,si,espanol_uno_mas_adultos,adultos_ninguno_analfabeta,0.0,0,0,20.97871872,21.88512181,3.235260316,42.83467157216072,INCLUSION,0.300505
2024-02,Lista de Reserva,Vulnerabilidad Elevada,2.700708215,1.0,3.251728045,1.0,1.776038647,1.498900966,1.790108696,1.0,sotap,4,average,jefatura_femenina,si,espanol_uno_mas_adultos,adultos_ninguno_analfabeta,0.0,0,0,24.2379543,17.10850297,3.198959675,41.57589014325073,EXCLUSION,0.225631
2023-07,No Elegible,Vulnerabilidad Baja,1.0,1.0,2.578385269,1.0,1.776038647,1.0,1.790108696,1.043888889,sotap,2,low,jefatura_femenina,no,espanol_uno_mas_adultos,adultos_ninguno_analfabeta,-500.0,0,0,8.975915299,12.53066404,2.616904864,21.39218396976588,EXCLUSION,0.145160
2023-11,No Elegible,Vulnerabilidad Moderada,1.0,1.0,1.0,1.0,1.776038647,2.823478261,1.790108696,1.0,sotap,2,average,jefatura_masculina,no,espanol_ningun_adulto,adultos_ninguno_analfabeta,,0,0,0.0,26.18890898,2.730928248,25.34612370011462,EXCLUSION,0.273966
2023-11,Elegible,Vulnerabilidad Elevada,2.700708215,1.0,3.251728045,1.0,1.776038647,2.823478261,1.790108696,1.0,sotap,3,low,jefatura_femenina,si,espanol_uno_mas_adultos,adultos_ninguno_analfabeta,,0,0,24.2379543,26.18890898,3.45239235,50.36407960744292,INCLUSION,0.256203
2023-11,Elegible,Vulnerabilidad Elevada,2.700708215,1.0,3.251728045,1.0,1.776038647,2.117608696,1.790108696,1.043888889,sotap,1,low,,,espanol_ningun_adulto,adultos_uno_mas_analfabeta,,0,0,24.2379543,22.50821784,3.34966485,46.80183678901926,INCLUSION,0.300415
2023-06,No Elegible por Intenciones,Vulnerabilidad Baja,1.0,1.0,1.0,1.0,1.0,1.498900966,1.0,1.0,pcr_cdmx,3,average,jefatura_femenina,no,espanol_uno_mas_adultos,adultos_ninguno_analfabeta,0.0,0,0,0.0,3.815111519,2.10647915,3.692337415207061,EXCLUSION,0.184482
2024-04,No Elegible,Vulnerabilidad Moderada,1.0,1.525552408,1.0,1.0,1.776038647,2.823478261,1.790108696,1.043888889,,3,low,jefatura_masculina,no,espanol_ningun_adulto,adultos_ninguno_analfabeta,,0,0,3.741369748,26.85846924,2.86098074,29.85590760924795,EXCLUSION,0.216688
2024-03,No Elegible,Vulnerabilidad Baja,1.0,1.0,1.0,1.0,1.0,1.498900966,1.0,1.0,sotap,1,low,,,espanol_uno_mas_adultos,adultos_ninguno_analfabeta,500.0,0,0,0.0,3.815111519,2.10647915,3.692337415207061,EXCLUSION,0.223862
2024-02,No Elegible,Vulnerabilidad Elevada,1.0,2.051104816,1.0,1.564135978,1.776038647,2.823478261,1.790108696,1.043888889,,4,average,jefatura_masculina,no,espanol_uno_mas_adultos,adultos_ninguno_analfabeta,,0,0,11.36661491,26.85846924,3.087952892,37.72654078580627,EXCLUSION,0.271810
2024-05,No Elegible,Vulnerabilidad Moderada,1.0,1.0,1.0,1.0,1.776038647,2.823478261,1.790108696,1.0,futij,4,average,jefatura_femenina,no,espanol_uno_mas_adultos,adultos_ninguno_analfabeta,0.0,0,0,0.0,26.18890898,2.730928248,25.34612370011462,EXCLUSION,0.220469
2023-12,Elegible,Vulnerabilidad Baja,1.0,1.0,1.0,1.0,1.0,1.0,2.580217391,1.0,sotap,2,low,jefatura_femenina,no,espanol_uno_mas_adultos,adultos_ninguno_analfabeta,,0,0,0.0,9.580889352,2.267401085,9.272566751763287,INCLUSION,0.174223
2023-06,No Elegible,Vulnerabilidad Elevada,2.700708215,2.051104816,1.249197356,1.0,1.776038647,1.498900966,2.580217391,1.043888889,,4,average,jefatura_masculina,no,espanol_uno_mas_adultos,adultos_uno_mas_analfabeta,,0,0,20.89305637,22.80125306,3.258279578,43.63290175231912,EXCLUSION,0.209682
2024-04,Lista de Reserva,Vulnerabilidad Baja,1.599560907,1.0,1.0,1.0,1.0,1.0,1.790108696,1.043888889,sotap,1,low,,,espanol_uno_mas_adultos,adultos_ninguno_analfabeta,,0,0,4.186184624,6.061858428,2.293790976,10.187681993313475,EXCLUSION,0.143449
2023-12,Lista de Reserva,Vulnerabilidad Severa,2.700708215,1.0,3.251728045,1.564135978,1.776038647,2.823478261,1.790108696,1.043888889,sotap,1,low,,,espanol_uno_mas_adultos,adultos_ninguno_analfabeta,,0,0,31.08118723,26.85846924,3.674774537,58.07554775763619,EXCLUSION,0.258973
2024-02,No Elegible,Vulnerabilidad Elevada,2.070141643,1.0,1.0,1.0,1.776038647,2.823478261,1.790108696,1.043888889,foten,4,average,jefatura_masculina,no,espanol_uno_mas_adultos,adultos_ninguno_analfabeta,-500.0,0,0,6.702282231,26.85846924,2.949114914,32.912105216863374,EXCLUSION,0.236781
2023-06,No Elegible,Vulnerabilidad Elevada,1.599560907,2.051104816,1.0,1.0,1.776038647,2.823478261,2.580217391,1.0,sotap,7,average,jefatura_masculina,no,espanol_uno_mas_adultos,adultos_ninguno_analfabeta,0.0,0,0,11.61905914,32.12448674,3.242440821,43.0836607144044,EXCLUSION,0.218574
2024-02,No Elegible,Vulnerabilidad Baja,1.0,1.0,1.0,1.0,1.776038647,1.0,1.790108696,1.0,sotap,1,low,,,espanol_uno_mas_adultos,adultos_ninguno_analfabeta,,0,0,0.0,12.01413641,2.33531262,11.62750948618979,EXCLUSION,0.213415
2023-08,Lista de Reserva,Vulnerabilidad Baja,1.0,1.0,2.578385269,1.0,1.0,1.0,1.0,1.043888889,sotap,1,low,,,espanol_uno_mas_adultos,adultos_ninguno_analfabeta,0.0,0,0,8.975915299,0.386821499,2.277972167,9.6391424255778,EXCLUSION,0.258998
2024-04,No Elegible,Vulnerabilidad Baja,1.0,1.0,1.0,1.0,1.776038647,1.0,2.580217391,1.0,sotap,1,low,,,espanol_uno_mas_adultos,adultos_ninguno_analfabeta,0.0,0,0,0.0,16.59309681,2.46311067,16.059114361557388,EXCLUSION,0.138713
2023-07,No Elegible,Vulnerabilidad Elevada,1.0,1.0,1.0,1.0,1.776038647,2.117608696,2.580217391,1.738466184,sotap,2,average,jefatura_masculina,no,espanol_uno_mas_adultos,adultos_ninguno_analfabeta,0.0,0,0,0.0,36.78475459,3.0266566,35.60098440253921,EXCLUSION,0.147757
2023-10,No Elegible,Vulnerabilidad Severa,2.070141643,1.0,3.251728045,1.0,1.776038647,2.823478261,2.580217391,1.043888889,sotap,5,high,jefatura_masculina,no,espanol_uno_mas_adultos,adultos_uno_mas_analfabeta,-500.0,0,0,20.51851115,32.85812825,3.527816682,52.9795381821049,EXCLUSION,0.314097
2024-04,No Elegible,Vulnerabilidad Baja,1.0,1.0,1.0,1.0,1.0,1.0,1.790108696,1.0,sotap,1,low,,,espanol_uno_mas_adultos,adultos_ninguno_analfabeta,,0,0,0.0,5.614422911,2.156697643,5.433745167301109,EXCLUSION,0.143991
2024-01,Elegible,Vulnerabilidad Baja,1.0,1.0,1.0,1.0,1.776038647,1.0,1.790108696,1.0,sotap,3,low,jefatura_masculina,no,espanol_uno_mas_adultos,adultos_ninguno_analfabeta,0.0,0,0,0.0,12.01413641,2.33531262,11.62750948618979,INCLUSION,0.206960
2024-05,Lista de Reserva,Vulnerabilidad Baja,1.0,1.0,2.578385269,1.0,1.0,2.117608696,1.790108696,1.0,sotap,1,low,,,espanol_uno_mas_adultos,adultos_ninguno_analfabeta,0.0,0,0,8.975915299,14.16503897,2.662520006,22.973963080143548,EXCLUSION,0.219696
2024-04,No Elegible,Vulnerabilidad Elevada,2.070141643,1.0,1.0,1.0,1.776038647,2.823478261,2.580217391,1.043888889,sotap,3,average,jefatura_femenina,no,espanol_uno_mas_adultos,adultos_ninguno_analfabeta,,0,0,6.702282231,32.85812825,3.116564434,38.71868920026256,EXCLUSION,0.186553
2023-08,Lista de Reserva,Vulnerabilidad Moderada,1.0,1.0,1.0,1.0,1.776038647,2.823478261,2.580217391,1.0,sotap,1,low,,,espanol_uno_mas_adultos,adultos_ninguno_analfabeta,,0,0,0.0,32.12448674,2.896589272,31.09068863222006,EXCLUSION,0.221723
2023-07,No Elegible,Vulnerabilidad Baja,1.0,1.0,1.0,1.0,1.776038647,1.0,2.580217391,1.0,pcr_cdmx,3,average,jefatura_femenina,si,espanol_uno_mas_adultos,adultos_ninguno_analfabeta,0.0,0,0,0.0,16.59309681,2.46311067,16.059114361557388,EXCLUSION,0.160579
2024-06,No Elegible,Vulnerabilidad Moderada,1.0,1.0,1.0,1.0,1.776038647,2.823478261,1.790108696,1.043888889,sotap,1,low,,,espanol_ningun_adulto,adultos_ninguno_analfabeta,-500.0,0,0,0.0,26.85846924,2.749615568,25.99413684138756,EXCLUSION,0.162969
2023-11,Elegible,Vulnerabilidad Moderada,1.0,1.0,2.578385269,1.0,1.776038647,2.117608696,1.790108696,1.0,sotap,3,low,jefatura_masculina,no,espanol_uno_mas_adultos,adultos_ninguno_analfabeta,0.0,0,0,8.975915299,21.88512181,2.877986279,30.44560593426951,INCLUSION,0.297453
2023-08,No Elegible,Vulnerabilidad Moderada,1.0,1.0,1.0,1.0,1.776038647,2.823478261,2.580217391,1.0,sotap,1,low,,,espanol_uno_mas_adultos,adultos_ninguno_analfabeta,,0,0,0.0,32.12448674,2.896589272,31.09068863222006,EXCLUSION,0.214538
2023-09,Lista de Reserva,Vulnerabilidad Baja,1.0,1.0,1.0,1.0,1.776038647,2.117608696,1.790108696,1.0,sotap,1,low,,,espanol_uno_mas_adultos,adultos_ninguno_analfabeta,-500.0,0,0,0.0,21.88512181,2.610810239,21.18083670503239,EXCLUSION,0.206366
2024-04,No Elegible,Vulnerabilidad Baja,1.0,1.0,2.578385269,1.0,1.0,1.0,1.0,1.0,fomon,3,low,jefatura_masculina,no,espanol_uno_mas_adultos,adultos_ninguno_analfabeta,,0,0,8.975915299,0.0,2.267176041,9.26476922923712,EXCLUSION,0.179989
2024-01,No Elegible,Vulnerabilidad Elevada,1.0,2.051104816,1.0,1.0,1.776038647,2.117608696,2.580217391,1.043888889,sotap,4,average,jefatura_femenina,si,espanol_uno_mas_adultos,adultos_ninguno_analfabeta,,0,0,6.609317356,28.09152966,2.980762251,34.00952794184498,EXCLUSION,0.224676
2024-01,No Elegible,Vulnerabilidad Severa,2.070141643,2.051104816,1.0,1.0,1.776038647,2.117608696,2.580217391,2.544987923,sotap,3,complete,jefatura_femenina,si,espanol_uno_mas_adultos,adultos_ninguno_analfabeta,,0,0,14.63015408,44.04383881,3.664735924,57.72743110170387,EXCLUSION,0.250300
2024-06,No Elegible,Vulnerabilidad Baja,1.0,1.0,1.249197356,1.0,1.0,1.498900966,1.0,1.0,sotap,2,low,jefatura_masculina,no,espanol_ningun_adulto,adultos_ninguno_analfabeta,,0,0,1.921713018,3.815111519,2.163680634,5.67589307983932,EXCLUSION,0.159171
2024-06,Lista de Reserva,Vulnerabilidad Baja,1.0,1.0,1.0,1.0,1.776038647,1.0,2.580217391,1.0,sotap,4,average,jefatura_masculina,no,espanol_uno_mas_adultos,adultos_ninguno_analfabeta,0.0,0,0,0.0,16.59309681,2.46311067,16.059114361557388,EXCLUSION,0.161733
2023-07,Elegible,Vulnerabilidad Baja,1.0,1.0,1.0,1.0,1.0,1.0,1.0,1.0,foten,1,low,,,espanol_uno_mas_adultos,adultos_ninguno_analfabeta,-500.0,0,0,0.0,0.0,2.0,0.0,INCLUSION,0.119858
2024-03,Elegible,Vulnerabilidad Baja,1.0,1.0,1.0,1.0,1.0,1.0,1.0,1.0,sotap,1,low,,,espanol_uno_mas_adultos,adultos_ninguno_analfabeta,,0,0,0.0,0.0,2.0,0.0,INCLUSION,0.205562
2024-05,No Elegible,Vulnerabilidad Baja,1.0,1.0,1.249197356,1.0,1.776038647,1.498900966,1.790108696,1.043888889,sotap,1,low,,,espanol_uno_mas_adultos,adultos_ninguno_analfabeta,,0,0,1.921713018,17.68003002,2.550648286,19.09462463855864,EXCLUSION,0.190587
2023-11,Lista de Reserva,Vulnerabilidad Baja,1.0,1.0,1.0,1.0,1.0,1.498900966,1.790108696,1.0,sotap,1,low,,,espanol_uno_mas_adultos,adultos_ninguno_analfabeta,0.0,0,0,0.0,10.02735341,2.279861825,9.70466314991279,EXCLUSION,0.191096
2024-04,Elegible,Vulnerabilidad Baja,1.0,1.0,1.0,1.0,1.776038647,1.498900966,1.790108696,1.0,sotap,1,low,,,espanol_uno_mas_adultos,adultos_ninguno_analfabeta,0.0,0,0,0.0,17.10850297,2.477495573,16.55793423592243,INCLUSION,0.184020
2024-06,No Elegible,Vulnerabilidad Elevada,1.0,1.0,3.251728045,1.0,1.776038647,2.117608696,2.580217391,1.043888889,fupal,5,high,jefatura_masculina,no,espanol_ningun_adulto,adultos_ninguno_analfabeta,,0,0,11.51832969,28.09152966,3.126883335,39.07651720176543,EXCLUSION,0.238250
2024-01,Elegible,Vulnerabilidad Baja,1.0,1.0,1.0,1.0,1.776038647,2.823478261,1.0,1.0,pcr_cdmx,1,low,,,espanol_ningun_adulto,adultos_ninguno_analfabeta,,0,0,0.0,17.78726377,2.496439678,17.21485183461763,INCLUSION,0.328945
2023-07,Lista de Reserva,Vulnerabilidad Elevada,1.0,1.0,2.578385269,1.0,1.776038647,2.823478261,2.580217391,1.043888889,futij,1,low,,,espanol_uno_mas_adultos,adultos_uno_mas_analfabeta,0.0,0,0,8.975915299,32.85812825,3.184241129,41.06549005402387,EXCLUSION,0.254081
2023-07,No Elegible,Vulnerabilidad Baja,1.0,1.0,1.0,1.0,1.0,1.498900966,1.790108696,1.043888889,pcr_cdmx,5,average,jefatura_femenina,si,espanol_uno_mas_adultos,adultos_ninguno_analfabeta,0.0,0,0,0.0,10.52243148,2.293679375,10.18380911254212,EXCLUSION,0.155892
2023-08,Elegible,Vulnerabilidad Baja,1.0,1.525552408,2.578385269,1.0,1.0,1.498900966,1.0,1.0,sotap,3,low,jefatura_masculina,no,espanol_uno_mas_adultos,adultos_ninguno_analfabeta,0.0,0,0,13.7168894,3.815111519,2.51477447,17.85065003298846,INCLUSION,0.223392
2023-10,Elegible,Vulnerabilidad Severa,2.700708215,1.0,3.251728045,1.0,1.776038647,2.823478261,2.580217391,1.043888889,foten,1,low,,,espanol_uno_mas_adultos,adultos_ninguno_analfabeta,0.0,0,0,24.2379543,32.85812825,3.63852919,56.81867673211505,INCLUSION,0.280292
2023-12,No Elegible,Vulnerabilidad Elevada,2.070141643,1.0,1.0,1.0,1.776038647,2.823478261,2.580217391,1.043888889,sotap,3,average,jefatura_femenina,si,espanol_uno_mas_adultos,adultos_ninguno_analfabeta,,0,0,6.702282231,32.85812825,3.116564434,38.71868920026256,EXCLUSION,0.264256
2024-05,No Elegible,Vulnerabilidad Moderada,1.0,1.0,1.0,1.0,1.776038647,2.823478261,1.790108696,1.0,fupal,1,low,,,espanol_uno_mas_adultos,adultos_ninguno_analfabeta,,0,0,0.0,26.18890898,2.730928248,25.34612370011462,EXCLUSION,0.193791
2023-09,Elegible,Vulnerabilidad Baja,1.0,1.0,1.0,1.0,1.776038647,1.0,2.580217391,1.043888889,sotap,1,low,,,espanol_uno_mas_adultos,adultos_ninguno_analfabeta,0.0,0,0,0.0,17.15905947,2.478906597,16.60686377719593,INCLUSION,0.167191
2023-11,Lista de Reserva,Vulnerabilidad Elevada,2.070141643,1.0,1.0,1.0,1.776038647,2.117608696,2.580217391,1.043888889,sotap,4,average,jefatura_masculina,no,espanol_uno_mas_adultos,adultos_ninguno_analfabeta,,0,0,6.702282231,28.09152966,2.983529432,34.10548451948735,EXCLUSION,0.223442
2024-06,No Elegible,Vulnerabilidad Baja,1.0,1.0,2.578385269,1.0,1.776038647,1.0,1.790108696,1.0,sotap,1,low,,,espanol_uno_mas_adultos,adultos_ninguno_analfabeta,-500.0,0,0,8.975915299,12.01413641,2.602488661,20.89227871542691,EXCLUSION,0.157104
2024-07,No Elegible,Vulnerabilidad Severa,2.700708215,2.051104816,3.251728045,1.0,1.776038647,2.117608696,2.580217391,1.043888889,sotap,2,average,jefatura_femenina,no,espanol_uno_mas_adultos,adultos_uno_mas_analfabeta,,0,0,35.61565687,28.09152966,3.844161546,63.94932046774501,EXCLUSION,0.293501
2024-03,Lista de Reserva,Vulnerabilidad Severa,2.070141643,1.0,1.0,1.0,1.776038647,2.823478261,2.580217391,2.544987923,fupal,1,low,,,espanol_uno_mas_adultos,adultos_uno_mas_analfabeta,,0,0,6.702282231,50.0,3.594991325,55.308918375475805,EXCLUSION,0.284678
2023-08,Lista de Reserva,Vulnerabilidad Baja,1.0,1.0,1.0,1.0,1.0,1.0,1.790108696,1.0,pcr_cdmx,1,low,,,espanol_uno_mas_adultos,adultos_ninguno_analfabeta,,0,0,0.0,5.614422911,2.156697643,5.433745167301109,EXCLUSION,0.219520
2024-03,No Elegible,Vulnerabilidad Baja,1.0,1.0,1.0,1.0,1.0,2.117608696,1.0,1.0,fupal,1,low,,,espanol_uno_mas_adultos,adultos_ninguno_analfabeta,-500.0,0,0,0.0,7.392265486,2.206316944,7.154374990395034,EXCLUSION,0.194379
2024-01,No Elegible,Vulnerabilidad Baja,1.0,1.525552408,1.0,1.0,1.776038647,1.498900966,1.790108696,1.0,sotap,4,average,jefatura_masculina,no,espanol_uno_mas_adultos,adultos_ninguno_analfabeta,500.0,0,0,3.741369748,17.10850297,2.588860746,20.41970500378282,EXCLUSION,0.271881
2024-02,No Elegible,Vulnerabilidad Elevada,1.599560907,1.0,2.578385269,1.0,1.776038647,2.823478261,2.580217391,1.043888889,sotap,2,complete,jefatura_femenina,si,espanol_uno_mas_adultos,adultos_ninguno_analfabeta,0.0,0,0,14.28054816,32.85812825,3.342138208,46.54083130512371,EXCLUSION,0.237088
2024-03,Elegible,Vulnerabilidad Moderada,1.0,1.0,1.0,1.0,1.776038647,2.823478261,1.790108696,1.0,fupal,1,low,,,espanol_uno_mas_adultos,adultos_ninguno_analfabeta,,0,0,0.0,26.18890898,2.730928248,25.34612370011462,INCLUSION,0.248560
2024-05,No Elegible,Vulnerabilidad Baja,1.0,1.0,1.0,1.0,1.776038647,1.0,2.580217391,1.0,sotap,1,low,,,espanol_uno_mas_adultos,adultos_ninguno_analfabeta,0.0,0,0,0.0,16.59309681,2.46311067,16.059114361557388,EXCLUSION,0.174425
2024-06,No Elegible,Vulnerabilidad Elevada,1.0,1.0,2.578385269,1.0,1.776038647,2.117608696,2.580217391,1.043888889,sotap,1,low,,,espanol_uno_mas_adultos,adultos_ninguno_analfabeta,-500.0,0,0,8.975915299,28.09152966,3.051206127,36.45228537324866,EXCLUSION,0.170181
2024-04,No Elegible,Vulnerabilidad Baja,1.0,1.0,1.0,1.0,1.0,1.0,1.790108696,1.0,sotap,6,average,jefatura_femenina,si,espanol_uno_mas_adultos,adultos_ninguno_analfabeta,0.0,0,0,0.0,5.614422911,2.156697643,5.433745167301109,EXCLUSION,0.161043
2024-02,No Elegible,Vulnerabilidad Elevada,2.070141643,1.0,3.251728045,1.0,1.0,2.117608696,2.580217391,1.043888889,sotap,3,average,jefatura_femenina,si,espanol_uno_mas_adultos,adultos_ninguno_analfabeta,,0,0,20.51851115,19.54126117,3.156145058,40.09122120160637,EXCLUSION,0.228879
2023-11,Elegible,Vulnerabilidad Severa,2.070141643,2.051104816,3.251728045,1.0,1.776038647,2.823478261,1.790108696,1.043888889,sotap,3,complete,jefatura_masculina,no,espanol_uno_mas_adultos,adultos_uno_mas_analfabeta,0.0,0,0,31.16447961,26.85846924,3.677253808,58.16152056971697,INCLUSION,0.324570
2024-05,No Elegible,Vulnerabilidad Elevada,2.700708215,1.0,1.0,1.0,1.776038647,2.823478261,1.790108696,1.0,sotap,5,low,jefatura_femenina,no,espanol_uno_mas_adultos,adultos_ninguno_analfabeta,,0,0,9.472088355,26.18890898,3.012873318,35.123033330466875,EXCLUSION,0.164771
2023-07,Lista de Reserva,Vulnerabilidad Moderada,1.0,1.0,1.0,1.0,1.776038647,2.823478261,2.580217391,1.0,sotap,6,average,jefatura_masculina,no,espanol_ningun_adulto,adultos_ninguno_analfabeta,,0,0,0.0,32.12448674,2.896589272,31.09068863222006,EXCLUSION,0.176024
2024-04,Elegible,Vulnerabilidad Baja,1.0,1.0,1.0,1.0,1.0,1.498900966,1.0,1.0,sotap,1,low,,,espanol_uno_mas_adultos,adultos_uno_mas_analfabeta,0.0,0,0,0.0,3.815111519,2.10647915,3.692337415207061,INCLUSION,0.174917
2023-11,Elegible,Vulnerabilidad Baja,1.0,2.051104816,1.0,1.0,1.776038647,1.498900966,1.790108696,1.0,sotap,2,low,jefatura_masculina,no,espanol_uno_mas_adultos,adultos_ninguno_analfabeta,0.0,0,0,6.609317356,17.10850297,2.674227738,23.379946033755868,INCLUSION,0.240002
2023-10,Elegible,Vulnerabilidad Elevada,1.0,1.0,1.0,1.0,1.776038647,2.117608696,2.580217391,1.738466184,pcr_cdmx,1,low,,,espanol_uno_mas_adultos,adultos_ninguno_analfabeta,0.0,0,0,0.0,36.78475459,3.0266566,35.60098440253921,INCLUSION,0.273941
2023-12,Lista de Reserva,Vulnerabilidad Elevada,1.0,1.0,2.578385269,1.0,1.776038647,2.823478261,1.790108696,1.0,sotap,1,low,,,espanol_uno_mas_adultos,adultos_ninguno_analfabeta,,0,0,8.975915299,26.18890898,2.998104289,34.61089292935174,EXCLUSION,0.274692
2024-03,No Elegible,Vulnerabilidad Baja,1.0,2.051104816,1.0,1.0,1.776038647,1.498900966,1.790108696,1.0,sotap,1,low,,,espanol_uno_mas_adultos,adultos_ninguno_analfabeta,,0,0,6.609317356,17.10850297,2.674227738,23.379946033755868,EXCLUSION,0.250124
2024-05,No Elegible,Vulnerabilidad Moderada,1.0,1.0,1.0,1.0,1.776038647,2.823478261,1.790108696,1.0,sotap,4,average,jefatura_masculina,no,espanol_ningun_adulto,adultos_ninguno_analfabeta,,0,0,0.0,26.18890898,2.730928248,25.34612370011462,EXCLUSION,0.202440
2024-02,Elegible,Vulnerabilidad Elevada,2.070141643,1.0,2.578385269,1.0,1.776038647,2.823478261,1.790108696,1.043888889,foten,1,low,,,espanol_uno_mas_adultos,adultos_uno_mas_analfabeta,0.0,0,0,17.46888676,26.85846924,3.2695924,44.02518984621112,INCLUSION,0.305150
2024-01,No Elegible,Vulnerabilidad Moderada,1.0,1.0,1.0,1.0,1.776038647,2.117608696,2.580217391,1.0,sotap,2,low,jefatura_masculina,no,espanol_uno_mas_adultos,adultos_ninguno_analfabeta,0.0,0,0,0.0,27.40879931,2.764975192,26.526756739404888,EXCLUSION,0.289469
2023-10,Elegible,Vulnerabilidad Elevada,1.0,1.0,2.578385269,1.0,1.776038647,2.823478261,1.790108696,1.043888889,sotap,1,low,,,espanol_uno_mas_adultos,adultos_uno_mas_analfabeta,,0,0,8.975915299,26.85846924,3.016791609,35.25890607062468,INCLUSION,0.299529
2024-02,Lista de Reserva,Vulnerabilidad Baja,1.0,1.0,1.0,1.0,1.0,1.0,1.790108696,1.043888889,fupal,2,low,jefatura_masculina,no,espanol_uno_mas_adultos,adultos_ninguno_analfabeta,,0,0,0.0,6.061858428,2.169185496,5.866781761928531,EXCLUSION,0.186615
2024-04,No Elegible por Duplicidad,Vulnerabilidad Baja,2.700708215,1.0,1.0,1.0,1.0,1.0,1.790108696,1.0,futij,1,low,,,espanol_uno_mas_adultos,adultos_ninguno_analfabeta,0.0,0,0,9.472088355,5.614422911,2.438642712,15.210654797653364,EXCLUSION,0.139721
2023-09,No Elegible,Vulnerabilidad Elevada,2.070141643,1.0,1.0,1.0,1.776038647,2.823478261,2.580217391,1.043888889,foten,2,average,jefatura_femenina,si,espanol_uno_mas_adultos,adultos_ninguno_analfabeta,-500.0,0,0,6.702282231,32.85812825,3.116564434,38.71868920026256,EXCLUSION,0.184053
2024-05,No Elegible,Vulnerabilidad Baja,1.0,1.0,2.578385269,1.0,1.776038647,1.0,1.790108696,1.0,sotap,1,low,,,espanol_uno_mas_adultos,adultos_ninguno_analfabeta,,0,0,8.975915299,12.01413641,2.602488661,20.89227871542691,EXCLUSION,0.184069
2024-06,No Elegible,Vulnerabilidad Baja,1.0,1.525552408,1.0,1.0,1.776038647,1.0,1.0,1.0,sotap,4,average,jefatura_masculina,no,espanol_uno_mas_adultos,adultos_ninguno_analfabeta,0.0,0,0,3.741369748,5.532745347,2.265783208,9.21646683684858,EXCLUSION,0.167209
2024-02,No Elegible,Vulnerabilidad Baja,2.070141643,1.0,1.0,1.0,1.776038647,1.0,1.790108696,1.043888889,sotap,3,average,jefatura_masculina,no,espanol_uno_mas_adultos,adultos_ninguno_analfabeta,,0,0,6.702282231,12.53066404,2.549228169,19.04538311600457,EXCLUSION,0.207092
2024-01,No Elegible,Vulnerabilidad Elevada,1.0,1.0,2.578385269,1.0,1.776038647,2.117608696,2.580217391,1.043888889,sotap,2,low,jefatura_masculina,no,espanol_ningun_adulto,adultos_uno_mas_analfabeta,0.0,0,0,8.975915299,28.09152966,3.051206127,36.45228537324866,EXCLUSION,0.373010
2024-03,Elegible,Vulnerabilidad Moderada,2.700708215,1.0,1.0,1.0,1.776038647,2.117608696,2.580217391,1.043888889,sotap,5,high,jefatura_masculina,no,espanol_uno_mas_adultos,adultos_ninguno_analfabeta,0.0,0,-500,9.472088355,28.09152966,3.065975156,36.9644257743638,INCLUSION,0.249454
2024-07,Lista de Reserva,Vulnerabilidad Elevada,2.070141643,1.0,1.0,1.0,1.776038647,2.117608696,2.580217391,1.043888889,pcr_cdmx,1,low,,,espanol_ningun_adulto,adultos_uno_mas_analfabeta,0.0,0,0,6.702282231,28.09152966,2.983529432,34.10548451948735,EXCLUSION,0.222561
2023-06,No Elegible,Vulnerabilidad Elevada,1.0,1.0,1.0,1.0,1.776038647,2.823478261,2.580217391,1.043888889,foten,3,average,jefatura_femenina,si,espanol_uno_mas_adultos,adultos_ninguno_analfabeta,0.0,0,0,0.0,32.85812825,2.917065088,31.80072082478675,EXCLUSION,0.198846
2024-01,No Elegible,Vulnerabilidad Baja,1.599560907,1.0,1.249197356,1.0,1.0,1.498900966,1.790108696,1.043888889,futij,1,low,,,espanol_uno_mas_adultos,adultos_ninguno_analfabeta,,0,0,6.347353616,10.52243148,2.482613957,16.735426915258614,EXCLUSION,0.229360
2024-05,No Elegible,Vulnerabilidad Moderada,1.0,1.525552408,1.0,1.0,1.776038647,2.823478261,1.790108696,1.0,sotap,1,low,,,espanol_ningun_adulto,adultos_ninguno_analfabeta,0.0,0,-500,3.741369748,26.18890898,2.842293421,29.20789446797501,EXCLUSION,0.254231
2024-03,No Elegible,Vulnerabilidad Baja,1.0,1.0,1.0,1.0,1.776038647,2.117608696,1.790108696,1.0,sotap,4,average,jefatura_masculina,no,espanol_uno_mas_adultos,adultos_ninguno_analfabeta,,0,0,0.0,21.88512181,2.610810239,21.18083670503239,EXCLUSION,0.251456
2023-10,Lista de Reserva,Vulnerabilidad Severa,2.070141643,1.0,2.578385269,1.0,1.776038647,2.117608696,2.580217391,2.544987923,sotap,5,high,jefatura_femenina,si,espanol_ningun_adulto,adultos_ninguno_analfabeta,0.0,0,0,17.46888676,44.04383881,3.749233307,60.65751703807895,EXCLUSION,0.243175
2024-03,No Elegible,Vulnerabilidad Elevada,1.0,1.0,2.578385269,1.0,1.776038647,2.823478261,1.790108696,1.0,sotap,3,low,jefatura_masculina,no,espanol_uno_mas_adultos,adultos_ninguno_analfabeta,0.0,0,0,8.975915299,26.18890898,2.998104289,34.61089292935174,EXCLUSION,0.257035
2024-01,Elegible por Proceso Acelerado,Vulnerabilidad Moderada,1.0,1.0,1.0,1.0,1.776038647,2.823478261,2.580217391,1.0,fupal,5,average,jefatura_femenina,no,espanol_uno_mas_adultos,adultos_ninguno_analfabeta,,0,0,0.0,32.12448674,2.896589272,31.09068863222006,INCLUSION,0.281252
2024-01,Elegible,Vulnerabilidad Elevada,2.070141643,1.0,1.0,1.0,1.776038647,2.823478261,1.790108696,1.0,sotap,1,low,,,espanol_uno_mas_adultos,adultos_uno_mas_analfabeta,,0,0,6.702282231,26.18890898,2.930427594,32.26409207559043,INCLUSION,0.281052
2024-05,Elegible,Vulnerabilidad Elevada,1.0,2.051104816,2.578385269,1.0,1.776038647,2.823478261,2.580217391,1.0,sotap,3,average,jefatura_femenina,si,espanol_uno_mas_adultos,adultos_ninguno_analfabeta,-500.0,0,0,17.3510839,32.12448674,3.413059597,49.00014776320596,INCLUSION,0.203528
2024-06,No Elegible,Vulnerabilidad Moderada,1.0,2.051104816,1.249197356,1.0,1.776038647,2.117608696,1.790108696,1.0,sotap,5,high,jefatura_masculina,no,espanol_uno_mas_adultos,adultos_ninguno_analfabeta,,0,0,8.909093135,21.88512181,2.875997259,30.376633366209827,EXCLUSION,0.212828
2023-08,No Elegible,Vulnerabilidad Baja,1.0,1.0,1.249197356,1.0,1.0,1.0,1.790108696,1.0,fomon,1,low,,,espanol_uno_mas_adultos,adultos_ninguno_analfabeta,,0,0,1.921713018,5.614422911,2.213899127,7.417300831933367,EXCLUSION,0.190458
2024-04,Lista de Reserva,Vulnerabilidad Baja,2.070141643,1.0,1.0,1.0,1.776038647,1.0,1.790108696,1.043888889,pcr_cdmx,2,low,jefatura_masculina,no,espanol_uno_mas_adultos,adultos_ninguno_analfabeta,,0,0,6.702282231,12.53066404,2.549228169,19.04538311600457,EXCLUSION,0.139435
2024-01,Lista de Reserva,Vulnerabilidad Moderada,2.070141643,1.0,1.0,1.0,1.776038647,2.117608696,1.790108696,1.043888889,sotap,1,low,,,espanol_uno_mas_adultos,adultos_ninguno_analfabeta,,0,0,6.702282231,22.50821784,2.827700095,28.70184925716677,EXCLUSION,0.238145
2024-05,No Elegible,Vulnerabilidad Moderada,1.0,1.525552408,1.0,1.0,1.776038647,2.823478261,1.790108696,1.0,fupal,1,low,,,espanol_uno_mas_adultos,adultos_ninguno_analfabeta,0.0,0,0,3.741369748,26.18890898,2.842293421,29.20789446797501,EXCLUSION,0.233398
2024-01,Lista de Reserva,Vulnerabilidad Baja,2.070141643,1.0,2.578385269,1.0,1.0,1.0,1.790108696,1.0,sotap,1,low,,,espanol_uno_mas_adultos,adultos_ninguno_analfabeta,-500.0,-500,0,17.46888676,5.614422911,2.676674474,23.46479817212467,EXCLUSION,0.274474
2023-10,Elegible,Vulnerabilidad Baja,1.0,1.525552408,1.0,1.0,1.776038647,1.498900966,1.0,1.0,sotap,1,low,,,espanol_uno_mas_adultos,adultos_ninguno_analfabeta,,0,0,3.741369748,9.93697889,2.388704659,13.478967740201298,INCLUSION,0.208324
2024-01,Elegible,Vulnerabilidad Elevada,2.700708215,1.0,1.0,1.0,1.776038647,2.823478261,2.580217391,1.0,sotap,3,average,jefatura_femenina,si,espanol_uno_mas_adultos,adultos_uno_mas_analfabeta,0.0,0,0,9.472088355,32.12448674,3.178534341,40.86759826257232,INCLUSION,0.229540
2023-07,No Elegible,Vulnerabilidad Elevada,2.070141643,1.0,2.578385269,1.0,1.776038647,2.823478261,2.580217391,1.043888889,fupal,2,average,jefatura_femenina,si,espanol_uno_mas_adultos,adultos_ninguno_analfabeta,,0,0,17.46888676,32.85812825,3.43704192,49.83177382961031,EXCLUSION,0.176399
2024-01,Elegible,Vulnerabilidad Moderada,1.0,1.0,2.578385269,1.0,1.776038647,2.117608696,1.790108696,1.0,sotap,1,low,,,espanol_uno_mas_adultos,adultos_ninguno_analfabeta,0.0,0,0,8.975915299,21.88512181,2.877986279,30.44560593426951,INCLUSION,0.310759
2024-02,Elegible,Vulnerabilidad Elevada,2.070141643,1.0,3.251728045,1.0,1.776038647,2.117608696,2.580217391,1.043888889,sotap,1,low,,,espanol_uno_mas_adultos,adultos_ninguno_analfabeta,0.0,0,0,20.51851115,28.09152966,3.39478168,48.36633350132969,INCLUSION,0.246451
2023-11,Lista de Reserva,Vulnerabilidad Baja,1.0,1.0,2.578385269,1.0,1.776038647,1.0,1.790108696,1.0,fusal,1,low,,,espanol_ningun_adulto,adultos_ninguno_analfabeta,,0,0,8.975915299,12.01413641,2.602488661,20.89227871542691,EXCLUSION,0.281819
2023-06,Lista de Reserva,Vulnerabilidad Moderada,1.0,1.0,1.0,1.0,1.776038647,2.823478261,1.790108696,1.0,sotap,1,low,,,espanol_ningun_adulto,adultos_uno_mas_analfabeta,0.0,0,0,0.0,26.18890898,2.730928248,25.34612370011462,EXCLUSION,0.231683
2023-08,No Elegible,Vulnerabilidad Moderada,1.0,1.525552408,1.0,1.0,1.776038647,1.498900966,2.580217391,1.043888889,sotap,5,low,jefatura_masculina,no,espanol_uno_mas_adultos,adultos_ninguno_analfabeta,,0,0,3.741369748,22.80125306,2.747744488,25.929256703136527,EXCLUSION,0.206257
2024-05,No Elegible,Vulnerabilidad Elevada,2.700708215,1.0,1.0,1.0,1.776038647,2.117608696,2.580217391,1.0,sotap,1,low,,,espanol_uno_mas_adultos,adultos_ninguno_analfabeta,,0,0,9.472088355,27.40879931,3.046920262,36.303666369757146,EXCLUSION,0.149095
2023-11,Lista de Reserva,Vulnerabilidad Baja,1.0,1.0,1.0,1.0,1.776038647,1.0,1.790108696,1.0,pcr_cdmx,2,low,jefatura_masculina,no,espanol_uno_mas_adultos,adultos_ninguno_analfabeta,0.0,0,0,0.0,12.01413641,2.33531262,11.62750948618979,EXCLUSION,0.236778
2023-10,Lista de Reserva,Vulnerabilidad Baja,2.700708215,1.0,1.249197356,1.0,1.0,1.0,1.0,2.544987923,sotap,4,complete,jefatura_masculina,si,espanol_uno_mas_adultos,adultos_ninguno_analfabeta,,0,0,11.93561888,9.42508403,2.618326813,21.44149443200785,EXCLUSION,0.152836
2023-11,No Elegible,Vulnerabilidad Baja,1.0,1.0,1.0,1.0,1.776038647,1.498900966,1.0,1.0,pcr_cdmx,1,low,,,espanol_uno_mas_adultos,adultos_ninguno_analfabeta,0.0,0,0,0.0,9.93697889,2.277339487,9.61719697234091,EXCLUSION,0.263856
2024-01,Elegible,Vulnerabilidad Elevada,1.0,1.0,3.251728045,1.0,1.776038647,2.823478261,2.580217391,1.043888889,foten,4,average,jefatura_femenina,no,espanol_uno_mas_adultos,adultos_ninguno_analfabeta,,0,0,11.51832969,32.85812825,3.259918337,43.68972188254064,INCLUSION,0.372834
2024-04,Lista de Reserva,Vulnerabilidad Elevada,1.0,2.051104816,2.578385269,1.0,1.776038647,1.0,2.580217391,1.0,sotap,2,average,jefatura_femenina,si,espanol_uno_mas_adultos,adultos_uno_mas_analfabeta,,0,0,17.3510839,16.59309681,2.979580996,33.968573492543285,EXCLUSION,0.250813
2024-03,Elegible,Vulnerabilidad Baja,2.070141643,1.0,1.0,1.0,1.776038647,1.498900966,1.790108696,1.043888889,sotap,1,low,,,espanol_uno_mas_adultos,adultos_ninguno_analfabeta,0.0,0,0,6.702282231,17.68003002,2.692946147,24.029037349402188,INCLUSION,0.202402
2023-11,Elegible,Vulnerabilidad Elevada,1.0,1.0,2.578385269,1.0,1.776038647,2.823478261,1.790108696,1.0,sotap,1,low,,,espanol_uno_mas_adultos,adultos_ninguno_analfabeta,0.0,0,0,8.975915299,26.18890898,2.998104289,34.61089292935174,INCLUSION,0.280504
2023-06,Lista de Reserva,Vulnerabilidad Baja,1.0,2.051104816,1.0,1.0,1.0,1.498900966,1.0,1.0,sotap,1,low,,,espanol_uno_mas_adultos,adultos_ninguno_analfabeta,,0,0,6.609317356,3.815111519,2.303211315,10.514349213040497,EXCLUSION,0.212439
2024-02,No Elegible,Vulnerabilidad Baja,1.0,1.0,1.0,1.0,1.776038647,1.0,2.580217391,1.738466184,pcr_cdmx,1,low,,,espanol_ningun_adulto,adultos_uno_mas_analfabeta,0.0,0,0,0.0,24.36547812,2.680036586,23.58137266862028,EXCLUSION,0.298809
2024-01,Lista de Reserva,Vulnerabilidad Severa,2.070141643,1.0,3.251728045,1.0,1.776038647,2.117608696,2.580217391,2.544987923,sotap,2,low,jefatura_masculina,no,espanol_uno_mas_adultos,adultos_uno_mas_analfabeta,0.0,0,0,20.51851115,44.04383881,3.840008069,63.80528139057354,EXCLUSION,0.300608
2023-10,No Elegible,Vulnerabilidad Baja,1.0,1.0,1.0,1.0,1.0,2.117608696,1.790108696,1.0,fupal,1,low,,,espanol_uno_mas_adultos,adultos_ninguno_analfabeta,0.0,0,0,0.0,14.16503897,2.395343965,13.709193850906429,EXCLUSION,0.207651
2024-05,Elegible,Vulnerabilidad Baja,1.0,2.051104816,1.0,1.0,1.776038647,1.0,1.790108696,1.0,fupal,2,low,jefatura_femenina,no,espanol_uno_mas_adultos,adultos_ninguno_analfabeta,,0,0,6.609317356,12.01413641,2.532044784,18.449521284023227,INCLUSION,0.163545
2023-08,No Elegible por Intenciones,Vulnerabilidad Elevada,1.0,1.525552408,2.578385269,1.0,1.776038647,2.823478261,1.790108696,1.0,sotap,2,average,jefatura_masculina,no,espanol_uno_mas_adultos,adultos_ninguno_analfabeta,0.0,0,0,13.7168894,26.18890898,3.139223567,39.50443631789602,EXCLUSION,0.271332
2024-01,Lista de Reserva,Vulnerabilidad Elevada,2.700708215,1.0,1.0,1.0,1.776038647,2.823478261,1.790108696,1.0,sotap,1,low,,,espanol_uno_mas_adultos,adultos_ninguno_analfabeta,,0,0,9.472088355,26.18890898,3.012873318,35.123033330466875,EXCLUSION,0.250461
2023-06,Lista de Reserva,Vulnerabilidad Moderada,1.0,1.0,1.0,1.0,1.776038647,2.823478261,1.790108696,1.0,sotap,4,average,jefatura_femenina,si,espanol_uno_mas_adultos,adultos_ninguno_analfabeta,-500.0,0,0,0.0,26.18890898,2.730928248,25.34612370011462,EXCLUSION,0.192981
2024-06,No Elegible,Vulnerabilidad Moderada,2.070141643,1.0,1.0,1.0,1.776038647,1.0,1.790108696,2.544987923,foten,1,low,,,espanol_uno_mas_adultos,adultos_ninguno_analfabeta,,0,0,6.702282231,24.59957006,2.8860694,30.725899671374957,EXCLUSION,0.143474
2024-01,No Elegible,Vulnerabilidad Baja,1.0,1.0,1.0,1.0,1.776038647,2.117608696,1.790108696,1.0,sotap,4,average,jefatura_masculina,no,espanol_uno_mas_adultos,adultos_ninguno_analfabeta,-500.0,0,0,0.0,21.88512181,2.610810239,21.18083670503239,EXCLUSION,0.236315
2023-12,Elegible,Vulnerabilidad Moderada,2.700708215,1.0,2.578385269,1.0,1.0,1.0,1.790108696,1.043888889,sotap,1,low,,,espanol_uno_mas_adultos,adultos_ninguno_analfabeta,,0,0,20.97871872,6.061858428,2.793635574,27.520616629056853,INCLUSION,0.190584
2024-04,No Elegible,Vulnerabilidad Moderada,1.0,1.0,1.0,1.0,1.776038647,2.823478261,1.790108696,1.043888889,sotap,2,low,jefatura_femenina,no,espanol_uno_mas_adultos,adultos_ninguno_analfabeta,0.0,0,0,0.0,26.85846924,2.749615568,25.99413684138756,EXCLUSION,0.203657
2024-06,No Elegible,Vulnerabilidad Baja,1.0,1.525552408,1.0,1.0,1.776038647,2.823478261,1.0,1.043888889,sotap,1,low,,,espanol_uno_mas_adultos,adultos_ninguno_analfabeta,500.0,0,0,3.741369748,18.36611881,2.623960602,21.636849508435777,EXCLUSION,0.214719
2024-06,No Elegible,Vulnerabilidad Elevada,2.070141643,1.0,2.578385269,1.0,1.776038647,1.0,2.580217391,1.043888889,sotap,3,low,jefatura_masculina,no,espanol_uno_mas_adultos,adultos_ninguno_analfabeta,,0,0,17.46888676,17.15905947,2.998883429,34.63791678201949,EXCLUSION,0.144297
2024-06,No Elegible,Vulnerabilidad Elevada,2.070141643,1.0,1.0,1.0,1.776038647,2.823478261,2.580217391,1.043888889,sotap,6,average,jefatura_masculina,no,espanol_uno_mas_adultos,adultos_ninguno_analfabeta,,0,0,6.702282231,32.85812825,3.116564434,38.71868920026256,EXCLUSION,0.165247
2024-04,Elegible,Vulnerabilidad Baja,1.0,1.0,1.0,1.0,1.0,2.823478261,1.0,1.0,sotap,2,low,jefatura_femenina,no,espanol_uno_mas_adultos,adultos_uno_mas_analfabeta,,0,0,0.0,10.61532135,2.296271916,10.27370969363565,INCLUSION,0.218614
2023-11,Elegible,Vulnerabilidad Elevada,1.0,2.051104816,1.0,1.0,1.776038647,2.823478261,2.580217391,1.0,sotap,1,low,,,espanol_ningun_adulto,adultos_ninguno_analfabeta,,0,0,6.609317356,32.12448674,3.093321436,37.9127004300535,INCLUSION,0.233314
2024-04,No Elegible,Vulnerabilidad Elevada,2.700708215,2.051104816,1.0,1.0,1.776038647,2.823478261,1.790108696,1.0,sotap,1,low,,,espanol_ningun_adulto,adultos_ninguno_analfabeta,0.0,0,0,17.94487015,26.18890898,3.265073146,43.868477716411775,EXCLUSION,0.190510
2024-06,No Elegible,Vulnerabilidad Elevada,1.0,1.0,1.0,1.0,1.776038647,2.823478261,2.580217391,1.043888889,sotap,1,low,,,espanol_uno_mas_adultos,adultos_uno_mas_analfabeta,,0,0,0.0,32.85812825,2.917065088,31.80072082478675,EXCLUSION,0.188532
2023-08,No Elegible,Vulnerabilidad Baja,1.0,1.0,1.0,1.0,1.776038647,1.498900966,1.0,1.0,sotap,1,low,,,espanol_uno_mas_adultos,adultos_ninguno_analfabeta,,0,0,0.0,9.93697889,2.277339487,9.61719697234091,EXCLUSION,0.226770
2023-09,No Elegible,Vulnerabilidad Baja,1.0,1.525552408,1.0,1.0,1.776038647,1.0,1.790108696,1.043888889,sotap,1,low,,,espanol_ningun_adulto,adultos_ninguno_analfabeta,,0,0,3.741369748,12.53066404,2.461093996,15.989185508389149,EXCLUSION,0.207614
2023-06,No Elegible,Vulnerabilidad Baja,1.0,1.0,1.0,1.0,1.776038647,2.117608696,1.790108696,1.0,sotap,1,low,,,espanol_uno_mas_adultos,adultos_ninguno_analfabeta,0.0,0,0,0.0,21.88512181,2.610810239,21.18083670503239,EXCLUSION,0.192952
2023-06,Lista de Reserva,Vulnerabilidad Elevada,2.700708215,1.0,3.251728045,1.0,1.776038647,1.498900966,1.790108696,1.043888889,sotap,1,low,,,espanol_uno_mas_adultos,adultos_ninguno_analfabeta,,0,0,24.2379543,17.68003002,3.214910903,42.12902488125468,EXCLUSION,0.190959
2024-02,Elegible,Vulnerabilidad Moderada,1.0,1.0,1.0,1.0,1.776038647,2.823478261,1.790108696,1.0,foten,1,low,,,espanol_uno_mas_adultos,adultos_ninguno_analfabeta,0.0,0,0,0.0,26.18890898,2.730928248,25.34612370011462,INCLUSION,0.273665
2024-04,No Elegible,Vulnerabilidad Elevada,1.0,1.0,3.251728045,1.0,1.776038647,2.823478261,2.580217391,1.043888889,sotap,1,low,,,espanol_uno_mas_adultos,adultos_ninguno_analfabeta,0.0,0,0,11.51832969,32.85812825,3.259918337,43.68972188254064,EXCLUSION,0.242206
2024-03,Elegible,Vulnerabilidad Elevada,2.700708215,2.051104816,1.249197356,1.0,1.776038647,2.117608696,2.580217391,1.043888889,fupal,4,average,jefatura_femenina,no,espanol_uno_mas_adultos,adultos_uno_mas_analfabeta,,0,0,20.89305637,28.09152966,3.405930349,48.752931961054514,INCLUSION,0.277235
2023-11,No Elegible,Vulnerabilidad Moderada,2.700708215,1.0,3.251728045,1.0,1.0,1.498900966,1.0,1.043888889,sotap,1,low,,,espanol_ningun_adulto,adultos_ninguno_analfabeta,0.0,0,0,24.2379543,4.243121443,2.83988894,29.12452945917112,EXCLUSION,0.233435
2023-12,Elegible,Vulnerabilidad Moderada,1.0,1.0,1.0,1.0,1.776038647,2.823478261,2.580217391,1.0,sotap,4,average,jefatura_masculina,no,espanol_uno_mas_adultos,adultos_ninguno_analfabeta,,0,0,0.0,32.12448674,2.896589272,31.09068863222006,INCLUSION,0.263427
2023-10,No Elegible,Vulnerabilidad Moderada,1.0,1.0,1.0,1.0,1.776038647,2.823478261,2.580217391,1.0,sotap,1,low,,,espanol_uno_mas_adultos,adultos_ninguno_analfabeta,0.0,0,0,0.0,32.12448674,2.896589272,31.09068863222006,EXCLUSION,0.243871
2024-01,No Elegible,Vulnerabilidad Baja,1.599560907,1.525552408,1.0,1.0,1.0,1.0,1.0,1.043888889,pcr_cdmx,1,low,,,espanol_ningun_adulto,adultos_ninguno_analfabeta,0.0,0,0,8.393749546,0.386821499,2.260643489,9.038241996480508,EXCLUSION,0.244549
2023-06,Lista de Reserva,Vulnerabilidad Severa,2.700708215,1.0,3.251728045,1.0,1.776038647,2.117608696,2.580217391,1.043888889,sotap,2,low,jefatura_masculina,no,espanol_ningun_adulto,adultos_uno_mas_analfabeta,0.0,0,0,24.2379543,28.09152966,3.505494188,52.20547205133984,EXCLUSION,0.241977
2024-05,No Elegible,Vulnerabilidad Elevada,1.0,1.0,1.0,1.0,1.776038647,2.823478261,2.580217391,1.043888889,pcr_cdmx,3,average,jefatura_femenina,si,espanol_ningun_adulto,adultos_ninguno_analfabeta,0.0,0,0,0.0,32.85812825,2.917065088,31.80072082478675,EXCLUSION,0.222107
2024-06,No Elegible,Vulnerabilidad Moderada,1.0,1.0,2.578385269,1.0,1.0,2.823478261,1.790108696,1.0,fupal,3,low,jefatura_masculina,no,espanol_uno_mas_adultos,adultos_ninguno_analfabeta,,0,0,8.975915299,17.8931401,2.76657071,26.58209018767902,EXCLUSION,0.177899
2023-07,No Elegible,Vulnerabilidad Elevada,2.700708215,1.0,3.251728045,1.0,1.776038647,2.117608696,1.790108696,1.0,sotap,5,average,jefatura_masculina,no,espanol_uno_mas_adultos,adultos_ninguno_analfabeta,0.0,0,0,24.2379543,21.88512181,3.33227434,46.19879261236069,EXCLUSION,0.196705
2024-07,Lista de Reserva,Vulnerabilidad Baja,1.0,1.0,1.0,1.0,1.776038647,2.117608696,1.790108696,1.0,sotap,3,low,jefatura_masculina,no,espanol_uno_mas_adultos,adultos_ninguno_analfabeta,,0,0,0.0,21.88512181,2.610810239,21.18083670503239,EXCLUSION,0.223095
2024-01,No Elegible,Vulnerabilidad Moderada,1.0,1.0,1.0,1.0,1.776038647,2.117608696,2.580217391,1.043888889,sotap,1,low,,,espanol_uno_mas_adultos,adultos_ninguno_analfabeta,,0,0,0.0,28.09152966,2.784030087,27.18751614401154,EXCLUSION,0.256147
2023-10,Elegible,Vulnerabilidad Baja,1.0,1.0,1.0,1.0,1.0,1.498900966,1.0,1.0,fupal,1,low,,,espanol_ningun_adulto,adultos_ninguno_analfabeta,,0,0,0.0,3.815111519,2.10647915,3.692337415207061,INCLUSION,0.241968
2023-09,Elegible,Vulnerabilidad Severa,1.0,1.0,3.251728045,1.0,1.776038647,2.823478261,1.790108696,2.544987923,sotap,3,complete,jefatura_femenina,si,espanol_uno_mas_adultos,adultos_ninguno_analfabeta,0.0,0,0,11.51832969,42.50305317,3.529106644,53.02426347369012,INCLUSION,0.214766
2023-11,No Elegible,Vulnerabilidad Baja,1.0,1.0,1.0,1.0,1.776038647,1.498900966,1.790108696,1.0,sotap,3,low,jefatura_femenina,no,espanol_ningun_adulto,adultos_ninguno_analfabeta,,0,0,0.0,17.10850297,2.477495573,16.55793423592243,EXCLUSION,0.264692
2024-02,No Elegible,Vulnerabilidad Baja,1.0,1.0,1.0,1.0,1.0,1.0,1.0,1.0,pcr_cdmx,1,low,,,espanol_uno_mas_adultos,adultos_ninguno_analfabeta,0.0,0,0,0.0,0.0,2.0,0.0,EXCLUSION,0.231835
2023-07,No Elegible por Intenciones,Vulnerabilidad Elevada,1.0,2.051104816,1.0,1.0,1.776038647,2.823478261,1.790108696,1.0,foten,2,average,jefatura_femenina,si,espanol_uno_mas_adultos,adultos_ninguno_analfabeta,0.0,0,0,6.609317356,26.18890898,2.927660413,32.16813549794806,EXCLUSION,0.217651
2024-05,No Elegible por Intenciones,Vulnerabilidad Elevada,2.700708215,1.0,3.251728045,1.0,1.0,1.498900966,1.790108696,1.043888889,sotap,3,average,jefatura_masculina,no,espanol_uno_mas_adultos,adultos_ninguno_analfabeta,,0,-500,24.2379543,10.52243148,3.015143476,35.20176501987042,EXCLUSION,0.217108
2024-05,No Elegible,Vulnerabilidad Elevada,2.070141643,1.0,3.251728045,1.0,1.0,1.498900966,1.790108696,1.043888889,sotap,1,low,,,espanol_ningun_adulto,adultos_uno_mas_analfabeta,,0,0,20.51851115,10.52243148,2.904430968,31.362626469860267,EXCLUSION,0.175856
2023-11,No Elegible por Intenciones,Vulnerabilidad Baja,2.070141643,1.0,1.0,1.0,1.0,1.0,1.790108696,1.043888889,sotap,2,low,jefatura_femenina,no,espanol_uno_mas_adultos,adultos_ninguno_analfabeta,0.0,0,0,6.702282231,6.061858428,2.368684842,12.78475013740434,EXCLUSION,0.205291
2023-09,Lista de Reserva,Vulnerabilidad Elevada,1.0,1.0,1.0,1.0,1.776038647,2.823478261,2.580217391,1.043888889,sotap,6,low,jefatura_masculina,no,espanol_uno_mas_adultos,adultos_uno_mas_analfabeta,0.0,0,0,0.0,32.85812825,2.917065088,31.80072082478675,EXCLUSION,0.256270
2023-10,No Elegible,Vulnerabilidad Baja,1.0,1.0,1.0,1.0,1.0,1.498900966,1.0,1.0,fomon,1,low,,,espanol_ningun_adulto,adultos_uno_mas_analfabeta,,0,0,0.0,3.815111519,2.10647915,3.692337415207061,EXCLUSION,0.264048
2024-02,No Elegible,Vulnerabilidad Elevada,1.0,1.0,2.578385269,1.0,1.776038647,2.823478261,2.580217391,1.043888889,foten,2,average,jefatura_femenina,si,espanol_uno_mas_adultos,adultos_uno_mas_analfabeta,0.0,0,0,8.975915299,32.85812825,3.184241129,41.06549005402387,EXCLUSION,0.352067
2024-04,No Elegible,Vulnerabilidad Baja,2.070141643,1.0,1.0,1.0,1.0,1.0,1.790108696,1.043888889,sotap,1,low,,,espanol_uno_mas_adultos,adultos_ninguno_analfabeta,,0,0,6.702282231,6.061858428,2.368684842,12.78475013740434,EXCLUSION,0.127306
2023-08,Lista de Reserva,Vulnerabilidad Severa,2.700708215,1.0,3.251728045,1.0,1.776038647,2.117608696,2.580217391,1.043888889,sotap,1,low,,,espanol_uno_mas_adultos,adultos_ninguno_analfabeta,0.0,0,0,24.2379543,28.09152966,3.505494188,52.20547205133984,EXCLUSION,0.233348
2024-04,No Elegible por Duplicidad,Vulnerabilidad Moderada,2.070141643,1.0,1.0,1.0,1.776038647,2.117608696,1.790108696,1.043888889,sotap,4,average,jefatura_masculina,no,espanol_uno_mas_adultos,adultos_ninguno_analfabeta,0.0,0,0,6.702282231,22.50821784,2.827700095,28.70184925716677,EXCLUSION,0.193437
2024-05,Elegible,Vulnerabilidad Elevada,2.070141643,1.0,2.578385269,1.0,1.776038647,2.823478261,1.0,1.738466184,sotap,1,low,,,espanol_uno_mas_adultos,adultos_ninguno_analfabeta,-500.0,0,0,17.46888676,25.73669646,3.238283901,42.93951683604431,INCLUSION,0.168662
2024-01,Elegible,Vulnerabilidad Elevada,1.0,2.051104816,2.578385269,1.0,1.776038647,2.117608696,1.790108696,1.0,foten,3,low,jefatura_femenina,si,espanol_uno_mas_adultos,adultos_ninguno_analfabeta,-500.0,0,0,17.3510839,21.88512181,3.127280564,39.090295836018285,INCLUSION,0.261780
2023-11,Elegible,Vulnerabilidad Baja,1.0,1.0,1.0,1.0,1.776038647,1.0,2.580217391,1.0,pcr_cdmx,1,low,,,espanol_uno_mas_adultos,adultos_ninguno_analfabeta,0.0,0,0,0.0,16.59309681,2.46311067,16.059114361557388,INCLUSION,0.207508
2023-07,No Elegible,Vulnerabilidad Elevada,1.0,1.0,2.578385269,1.0,1.776038647,2.823478261,1.790108696,1.0,foten,3,average,jefatura_masculina,no,espanol_uno_mas_adultos,adultos_ninguno_analfabeta,-500.0,0,0,8.975915299,26.18890898,2.998104289,34.61089292935174,EXCLUSION,0.240205
2023-09,Lista de Reserva,Vulnerabilidad Elevada,2.070141643,1.0,1.0,1.0,1.776038647,2.117608696,2.580217391,1.043888889,foten,3,average,jefatura_masculina,si,espanol_ningun_adulto,adultos_uno_mas_analfabeta,,0,0,6.702282231,28.09152966,2.983529432,34.10548451948735,EXCLUSION,0.276099
2024-05,No Elegible,Vulnerabilidad Elevada,2.070141643,1.0,1.0,1.0,1.776038647,1.498900966,2.580217391,2.544987923,sotap,1,low,,,espanol_uno_mas_adultos,adultos_ninguno_analfabeta,500.0,0,0,6.702282231,37.43330939,3.244257006,43.14663643599621,EXCLUSION,0.123858
2023-10,Elegible,Vulnerabilidad Baja,1.0,1.0,1.0,1.0,1.0,2.823478261,1.790108696,1.0,fupal,1,low,,,espanol_uno_mas_adultos,adultos_ninguno_analfabeta,0.0,0,0,0.0,17.8931401,2.49939467,17.3173209584419,INCLUSION,0.230110
2024-05,No Elegible por Intenciones,Vulnerabilidad Baja,1.0,1.0,1.0,1.0,1.776038647,2.117608696,1.790108696,1.043888889,sotap,2,average,jefatura_femenina,si,espanol_uno_mas_adultos,adultos_ninguno_analfabeta,,0,0,0.0,22.50821784,2.628200749,21.78388088169096,EXCLUSION,0.180456
2024-06,Lista de Reserva,Vulnerabilidad Moderada,1.0,1.0,1.0,1.0,1.776038647,2.823478261,1.790108696,1.0,futij,4,average,jefatura_masculina,no,espanol_uno_mas_adultos,adultos_ninguno_analfabeta,,0,0,0.0,26.18890898,2.730928248,25.34612370011462,EXCLUSION,0.218646
2024-07,No Elegible,Vulnerabilidad Elevada,2.070141643,2.051104816,2.578385269,1.0,1.0,2.117608696,1.790108696,1.043888889,fupal,1,low,,,espanol_uno_mas_adultos,adultos_ninguno_analfabeta,0.0,0,0,27.51489601,14.70478802,3.229413438,42.63192611522619,EXCLUSION,0.274399
2024-06,Lista de Reserva,Vulnerabilidad Elevada,2.070141643,1.0,1.0,1.0,1.776038647,2.823478261,2.580217391,1.043888889,sotap,4,average,jefatura_masculina,no,espanol_uno_mas_adultos,adultos_ninguno_analfabeta,,0,0,6.702282231,32.85812825,3.116564434,38.71868920026256,EXCLUSION,0.166015
2024-03,Lista de Reserva,Vulnerabilidad Baja,1.0,1.0,2.578385269,1.0,1.0,1.0,1.790108696,1.0,sotap,1,low,,,espanol_uno_mas_adultos,adultos_ninguno_analfabeta,,0,0,8.975915299,5.614422911,2.423873683,14.69851439653823,EXCLUSION,0.236755
2024-02,No Elegible,Vulnerabilidad Baja,1.0,1.0,2.578385269,1.0,1.776038647,1.0,1.790108696,1.0,pcr_cdmx,1,low,,,espanol_uno_mas_adultos,adultos_ninguno_analfabeta,0.0,0,0,8.975915299,12.01413641,2.602488661,20.89227871542691,EXCLUSION,0.280883
2023-07,Lista de Reserva,Vulnerabilidad Baja,2.700708215,1.0,1.0,1.0,1.776038647,1.0,1.790108696,1.0,sotap,1,low,,,espanol_uno_mas_adultos,adultos_ninguno_analfabeta,500.0,0,0,9.472088355,12.01413641,2.61725769,21.404419116542044,EXCLUSION,0.141442
2023-07,Lista de Reserva,Vulnerabilidad Moderada,1.0,1.525552408,1.0,1.0,1.776038647,2.823478261,1.790108696,1.0,sotap,3,average,jefatura_masculina,no,espanol_uno_mas_adultos,adultos_ninguno_analfabeta,0.0,0,0,3.741369748,26.18890898,2.842293421,29.20789446797501,EXCLUSION,0.206702
2023-08,No Elegible,Vulnerabilidad Moderada,1.0,2.051104816,1.0,1.0,1.776038647,2.823478261,1.0,1.043888889,sotap,3,average,jefatura_masculina,no,espanol_ningun_adulto,adultos_ninguno_analfabeta,0.0,0,0,6.609317356,18.36611881,2.709327594,24.597090538408825,EXCLUSION,0.319820
2023-10,Lista de Reserva,Vulnerabilidad Baja,1.0,1.0,1.0,1.0,1.0,2.117608696,1.790108696,1.0,sotap,1,low,,,espanol_uno_mas_adultos,adultos_ninguno_analfabeta,0.0,0,0,0.0,14.16503897,2.395343965,13.709193850906429,EXCLUSION,0.221057
2023-07,No Elegible,Vulnerabilidad Baja,1.0,1.0,1.0,1.564135978,1.0,1.498900966,1.0,1.0,sotap,4,average,jefatura_masculina,no,espanol_uno_mas_adultos,adultos_ninguno_analfabeta,0.0,0,0,3.975239986,3.815111519,2.224805677,7.795504599196527,EXCLUSION,0.164552
2023-10,No Elegible,Vulnerabilidad Baja,1.0,1.525552408,1.0,1.0,1.0,1.498900966,1.0,1.0,sotap,1,low,,,espanol_uno_mas_adultos,adultos_ninguno_analfabeta,,0,0,3.741369748,3.815111519,2.217844323,7.554108183067449,EXCLUSION,0.185282
2024-05,No Elegible,Vulnerabilidad Baja,1.0,1.0,3.251728045,1.0,1.776038647,1.0,1.790108696,1.043888889,sotap,1,low,,,espanol_uno_mas_adultos,adultos_ninguno_analfabeta,,0,0,11.51832969,12.53066404,2.692582072,24.01641579828265,EXCLUSION,0.214159
2024-06,No Elegible,Vulnerabilidad Baja,2.070141643,1.0,1.0,1.0,1.0,2.117608696,1.790108696,1.043888889,sotap,2,average,jefatura_masculina,no,espanol_uno_mas_adultos,adultos_ninguno_analfabeta,,0,0,6.702282231,14.70478802,2.60990762,21.14954161220419,EXCLUSION,0.151159
2024-03,No Elegible,Vulnerabilidad Baja,1.0,1.0,1.0,1.0,1.0,1.498900966,1.790108696,1.0,sotap,1,low,,,espanol_uno_mas_adultos,adultos_ninguno_analfabeta,-500.0,0,0,0.0,10.02735341,2.279861825,9.70466314991279,EXCLUSION,0.168647
2023-11,No Elegible,Vulnerabilidad Elevada,2.070141643,1.0,1.0,1.0,1.776038647,2.823478261,2.580217391,1.043888889,fupal,5,high,jefatura_masculina,no,espanol_ningun_adulto,adultos_ninguno_analfabeta,,0,0,6.702282231,32.85812825,3.116564434,38.71868920026256,EXCLUSION,0.257947
2023-07,No Elegible,Vulnerabilidad Moderada,2.700708215,1.0,3.251728045,1.0,1.0,1.0,1.790108696,1.0,sotap,1,low,,,espanol_uno_mas_adultos,adultos_ninguno_analfabeta,,0,0,24.2379543,5.614422911,2.878161744,30.45170107462941,EXCLUSION,0.140539
2024-02,Elegible,Vulnerabilidad Elevada,2.070141643,1.0,1.0,1.0,1.776038647,2.823478261,1.790108696,1.043888889,sotap,4,average,jefatura_masculina,no,espanol_uno_mas_adultos,adultos_ninguno_analfabeta,0.0,0,0,6.702282231,26.85846924,2.949114914,32.912105216863374,INCLUSION,0.235540
2024-04,No Elegible por Duplicidad,Vulnerabilidad Baja,1.0,1.0,1.0,1.0,1.776038647,2.117608696,1.790108696,1.0,sotap,5,average,jefatura_masculina,no,espanol_uno_mas_adultos,adultos_ninguno_analfabeta,,0,0,0.0,21.88512181,2.610810239,21.18083670503239,EXCLUSION,0.196392
2023-08,No Elegible,Vulnerabilidad Elevada,2.700708215,1.0,2.578385269,1.0,1.776038647,2.823478261,1.790108696,1.0,fupal,2,average,jefatura_masculina,si,espanol_uno_mas_adultos,adultos_ninguno_analfabeta,,0,0,20.97871872,26.18890898,3.355378326,46.99995856724294,EXCLUSION,0.270399
2024-02,No Elegible,Vulnerabilidad Baja,1.0,1.0,1.0,1.0,1.776038647,2.823478261,1.0,1.0,sotap,1,low,,,espanol_uno_mas_adultos,adultos_ninguno_analfabeta,-500.0,0,0,0.0,17.78726377,2.496439678,17.21485183461763,EXCLUSION,0.247324
2023-09,Lista de Reserva,Vulnerabilidad Elevada,2.700708215,1.0,3.251728045,1.0,1.776038647,2.823478261,1.790108696,1.043888889,sotap,3,complete,jefatura_femenina,si,espanol_uno_mas_adultos,adultos_ninguno_analfabeta,-500.0,0,0,24.2379543,26.85846924,3.471079669,51.01209274871586,EXCLUSION,0.242163
2024-04,No Elegible,Vulnerabilidad Baja,1.0,1.0,1.0,1.0,1.0,1.0,1.0,1.0,sotap,3,low,jefatura_masculina,no,espanol_uno_mas_adultos,adultos_ninguno_analfabeta,,0,0,0.0,0.0,2.0,0.0,EXCLUSION,0.173811
2024-04,Elegible,Vulnerabilidad Baja,1.0,1.0,1.0,1.0,1.776038647,1.0,2.580217391,1.043888889,sotap,1,low,,,espanol_uno_mas_adultos,adultos_ninguno_analfabeta,,0,0,0.0,17.15905947,2.478906597,16.60686377719593,INCLUSION,0.156429
2024-06,No Elegible,Vulnerabilidad Baja,1.0,1.0,1.0,1.0,1.776038647,2.117608696,1.790108696,1.0,sotap,1,low,,,espanol_ningun_adulto,adultos_uno_mas_analfabeta,,0,0,0.0,21.88512181,2.610810239,21.18083670503239,EXCLUSION,0.209624
2024-06,No Elegible,Vulnerabilidad Severa,2.070141643,2.051104816,2.578385269,1.0,1.776038647,2.117608696,2.580217391,1.043888889,sotap,3,average,jefatura_femenina,si,espanol_uno_mas_adultos,adultos_ninguno_analfabeta,0.0,0,0,27.51489601,28.09152966,3.60303525,55.58786902250935,EXCLUSION,0.193344
2023-12,No Elegible,Vulnerabilidad Baja,1.0,1.0,1.0,1.0,1.776038647,1.498900966,1.790108696,1.0,pcr_cdmx,1,low,,,espanol_uno_mas_adultos,adultos_ninguno_analfabeta,,0,0,0.0,17.10850297,2.477495573,16.55793423592243,EXCLUSION,0.250466
2024-04,No Elegible,Vulnerabilidad Moderada,2.700708215,1.0,1.0,1.0,1.776038647,2.117608696,1.790108696,1.0,sotap,1,low,,,espanol_ningun_adulto,adultos_uno_mas_analfabeta,,0,0,9.472088355,21.88512181,2.892755308,30.95774633538465,EXCLUSION,0.205954
2024-02,Elegible,Vulnerabilidad Baja,1.0,1.0,1.0,1.0,1.0,2.117608696,1.790108696,1.0,sotap,2,average,jefatura_masculina,no,espanol_ningun_adulto,adultos_ninguno_analfabeta,,0,0,0.0,14.16503897,2.395343965,13.709193850906429,INCLUSION,0.219104
2024-02,No Elegible,Vulnerabilidad Elevada,2.700708215,1.0,3.251728045,1.0,1.776038647,2.117608696,2.580217391,1.0,sotap,3,average,jefatura_masculina,no,espanol_uno_mas_adultos,adultos_ninguno_analfabeta,0.0,0,0,24.2379543,27.40879931,3.486439293,51.54471264673319,EXCLUSION,0.274400
2023-07,No Elegible,Vulnerabilidad Elevada,2.700708215,1.0,2.578385269,1.0,1.776038647,1.498900966,1.790108696,1.0,sotap,2,average,jefatura_masculina,no,espanol_uno_mas_adultos,adultos_ninguno_analfabeta,0.0,0,0,20.97871872,17.10850297,3.101945651,38.21176910305076,EXCLUSION,0.199721
2023-07,No Elegible,Vulnerabilidad Baja,1.0,1.525552408,1.0,1.0,1.0,1.0,1.0,1.0,sotap,4,average,jefatura_masculina,no,espanol_uno_mas_adultos,adultos_ninguno_analfabeta,0.0,0,0,3.741369748,0.0,2.111365173,3.861770767860388,EXCLUSION,0.161457
2023-07,No Elegible,Vulnerabilidad Severa,2.700708215,1.0,3.251728045,1.0,1.776038647,2.823478261,2.580217391,1.0,sotap,2,complete,jefatura_femenina,si,espanol_uno_mas_adultos,adultos_ninguno_analfabeta,0.0,0,0,24.2379543,32.12448674,3.618053373,56.108644539548365,EXCLUSION,0.177544
2024-06,No Elegible,Vulnerabilidad Moderada,1.0,1.0,1.0,1.0,1.776038647,2.823478261,1.790108696,1.0,sotap,1,low,,,espanol_ningun_adulto,adultos_ninguno_analfabeta,,0,0,0.0,26.18890898,2.730928248,25.34612370011462,EXCLUSION,0.187054
2023-08,No Elegible,Vulnerabilidad Moderada,1.0,1.0,2.578385269,1.0,1.776038647,2.117608696,1.790108696,1.0,sotap,3,average,jefatura_masculina,no,espanol_uno_mas_adultos,adultos_ninguno_analfabeta,,0,0,8.975915299,21.88512181,2.877986279,30.44560593426951,EXCLUSION,0.284140
2023-12,Elegible,Vulnerabilidad Baja,1.0,1.0,1.249197356,1.0,1.776038647,1.498900966,1.790108696,1.043888889,sotap,1,low,,,espanol_ningun_adulto,adultos_ninguno_analfabeta,0.0,0,0,1.921713018,17.68003002,2.550648286,19.09462463855864,INCLUSION,0.232727
2024-05,Elegible,Vulnerabilidad Moderada,1.0,1.525552408,2.578385269,1.0,1.776038647,1.0,1.790108696,1.043888889,foten,2,average,jefatura_femenina,si,espanol_uno_mas_adultos,adultos_ninguno_analfabeta,,0,0,13.7168894,12.53066404,2.758024142,26.28572735831016,INCLUSION,0.198942
2023-07,Lista de Reserva,Vulnerabilidad Baja,1.0,1.0,2.578385269,1.0,1.0,1.0,1.790108696,1.0,sotap,1,low,,,espanol_uno_mas_adultos,adultos_ninguno_analfabeta,0.0,0,0,8.975915299,5.614422911,2.423873683,14.69851439653823,EXCLUSION,0.150924
2023-12,No Elegible por Intenciones,Vulnerabilidad Baja,1.0,1.0,2.578385269,1.0,1.0,1.498900966,1.0,1.0,sotap,1,low,,,espanol_uno_mas_adultos,adultos_ninguno_analfabeta,,0,0,8.975915299,3.815111519,2.373655191,12.95710664444418,EXCLUSION,0.240702
2024-01,Elegible,Vulnerabilidad Moderada,2.070141643,1.0,1.0,1.0,1.776038647,1.0,1.790108696,1.738466184,fupal,1,low,,,espanol_uno_mas_adultos,adultos_ninguno_analfabeta,-500.0,0,0,6.702282231,19.10762501,2.732790095,25.410690905029,INCLUSION,0.229997
2023-08,Lista de Reserva,Vulnerabilidad Baja,1.0,1.525552408,2.578385269,1.0,1.0,1.0,1.790108696,1.0,sotap,1,low,,,espanol_uno_mas_adultos,adultos_ninguno_analfabeta,-500.0,0,0,13.7168894,5.614422911,2.564992962,19.59205778508251,EXCLUSION,0.252919
2024-01,Lista de Reserva,Vulnerabilidad Elevada,2.700708215,1.0,1.0,1.0,1.776038647,2.823478261,1.790108696,1.0,sotap,4,average,jefatura_masculina,no,espanol_uno_mas_adultos,adultos_ninguno_analfabeta,,0,0,9.472088355,26.18890898,3.012873318,35.123033330466875,EXCLUSION,0.245111
2023-10,Elegible,Vulnerabilidad Moderada,1.0,1.0,2.578385269,1.0,1.776038647,1.498900966,1.790108696,1.0,foten,1,low,,,espanol_uno_mas_adultos,adultos_ninguno_analfabeta,0.0,0,0,8.975915299,17.10850297,2.744671614,25.82270346515955,INCLUSION,0.289321
2024-03,Elegible,Vulnerabilidad Elevada,2.700708215,1.0,3.251728045,1.0,1.776038647,2.117608696,1.790108696,1.043888889,pcr_cdmx,6,average,jefatura_femenina,no,espanol_uno_mas_adultos,adultos_ninguno_analfabeta,,0,0,24.2379543,22.50821784,3.34966485,46.80183678901926,INCLUSION,0.252695
2024-02,No Elegible,Vulnerabilidad Moderada,1.0,1.0,1.0,1.0,1.776038647,2.823478261,2.580217391,1.0,sotap,1,low,,,espanol_ningun_adulto,adultos_uno_mas_analfabeta,0.0,0,0,0.0,32.12448674,2.896589272,31.09068863222006,EXCLUSION,0.291270
2024-04,Lista de Reserva,Vulnerabilidad Elevada,1.0,2.051104816,1.0,1.0,1.776038647,2.117608696,2.580217391,1.043888889,sotap,1,low,,,espanol_uno_mas_adultos,adultos_uno_mas_analfabeta,,0,0,6.609317356,28.09152966,2.980762251,34.00952794184498,EXCLUSION,0.223260
2024-04,No Elegible por Intenciones,Vulnerabilidad Moderada,1.0,1.0,1.0,1.0,1.776038647,2.823478261,1.790108696,1.0,sotap,3,low,jefatura_femenina,no,espanol_uno_mas_adultos,adultos_ninguno_analfabeta,0.0,-500,0,0.0,26.18890898,2.730928248,25.34612370011462,EXCLUSION,0.255175
2023-08,Lista de Reserva,Vulnerabilidad Baja,1.0,1.0,1.0,1.0,1.0,1.0,1.0,1.0,sotap,1,low,,,espanol_uno_mas_adultos,adultos_ninguno_analfabeta,,0,0,0.0,0.0,2.0,0.0,EXCLUSION,0.208147
2024-06,Lista de Reserva,Vulnerabilidad Moderada,2.700708215,1.0,1.0,1.0,1.0,1.0,1.790108696,2.544987923,sotap,4,average,jefatura_masculina,no,espanol_uno_mas_adultos,adultos_ninguno_analfabeta,0.0,0,0,9.472088355,16.51639539,2.742915015,25.761790900306664,EXCLUSION,0.118954
2024-02,No Elegible,Vulnerabilidad Moderada,1.0,1.0,1.0,1.0,1.776038647,2.823478261,1.790108696,1.0,sotap,1,low,,,espanol_ningun_adulto,adultos_ninguno_analfabeta,0.0,0,0,0.0,26.18890898,2.730928248,25.34612370011462,EXCLUSION,0.254309
2024-06,No Elegible,Vulnerabilidad Moderada,1.0,2.051104816,1.0,1.0,1.776038647,2.117608696,1.790108696,1.0,sotap,1,low,,,espanol_uno_mas_adultos,adultos_ninguno_analfabeta,,0,0,6.609317356,21.88512181,2.807542403,28.002848502865827,EXCLUSION,0.164106
2024-02,Elegible,Vulnerabilidad Elevada,2.700708215,1.0,1.0,1.0,1.776038647,2.823478261,2.580217391,1.0,foten,3,average,jefatura_femenina,si,espanol_uno_mas_adultos,adultos_ninguno_analfabeta,0.0,0,-500,9.472088355,32.12448674,3.178534341,40.86759826257232,INCLUSION,0.242693
2024-05,No Elegible por Intenciones,Vulnerabilidad Baja,1.0,1.525552408,1.0,1.0,1.776038647,1.498900966,1.790108696,1.0,sotap,1,low,,,espanol_uno_mas_adultos,adultos_ninguno_analfabeta,,0,0,3.741369748,17.10850297,2.588860746,20.41970500378282,EXCLUSION,0.183726
2024-05,Elegible,Vulnerabilidad Elevada,1.0,2.051104816,2.578385269,1.564135978,1.776038647,2.823478261,1.790108696,1.0,sotap,2,complete,jefatura_femenina,si,espanol_uno_mas_adultos,adultos_ninguno_analfabeta,,0,0,23.37941737,26.18890898,3.42683724,49.4779141004986,INCLUSION,0.193470
2024-06,Lista de Reserva,Vulnerabilidad Elevada,1.0,1.0,1.0,1.0,1.776038647,2.823478261,2.580217391,1.043888889,foten,3,average,jefatura_masculina,no,espanol_uno_mas_adultos,adultos_ninguno_analfabeta,0.0,0,0,0.0,32.85812825,2.917065088,31.80072082478675,EXCLUSION,0.188836
2024-01,Elegible,Vulnerabilidad Baja,1.0,1.0,1.0,1.0,1.0,1.0,1.0,1.0,pcr_cdmx,1,low,,,espanol_uno_mas_adultos,adultos_ninguno_analfabeta,,0,-500,0.0,0.0,2.0,0.0,INCLUSION,0.259781
2023-11,Elegible,Vulnerabilidad Elevada,2.700708215,1.0,2.578385269,1.0,1.776038647,2.823478261,1.790108696,1.0,sotap,1,low,,,espanol_uno_mas_adultos,adultos_ninguno_analfabeta,0.0,0,0,20.97871872,26.18890898,3.355378326,46.99995856724294,INCLUSION,0.264857
2024-06,No Elegible,Vulnerabilidad Baja,1.0,1.0,1.0,1.0,1.0,1.498900966,1.0,1.0,sotap,1,low,,,espanol_uno_mas_adultos,adultos_ninguno_analfabeta,,0,0,0.0,3.815111519,2.10647915,3.692337415207061,EXCLUSION,0.139016
2023-10,Lista de Reserva,Vulnerabilidad Baja,1.0,1.0,2.578385269,1.0,1.0,1.0,1.0,1.0,sotap,1,low,,,espanol_uno_mas_adultos,adultos_ninguno_analfabeta,0.0,0,0,8.975915299,0.0,2.267176041,9.26476922923712,EXCLUSION,0.228504
2024-01,Elegible,Vulnerabilidad Moderada,1.0,1.0,2.578385269,1.0,1.776038647,2.117608696,1.790108696,1.043888889,sotap,4,average,jefatura_masculina,no,espanol_uno_mas_adultos,adultos_ninguno_analfabeta,0.0,0,0,8.975915299,22.50821784,2.89537679,31.04865011092808,INCLUSION,0.318809
2023-12,Elegible,Vulnerabilidad Elevada,1.0,1.0,3.251728045,1.0,1.776038647,2.823478261,2.580217391,1.043888889,foten,1,low,,,espanol_uno_mas_adultos,adultos_ninguno_analfabeta,0.0,0,0,11.51832969,32.85812825,3.259918337,43.68972188254064,INCLUSION,0.310584
2024-05,Elegible,Vulnerabilidad Moderada,1.0,2.051104816,2.578385269,1.0,1.776038647,1.0,1.790108696,1.0,sotap,4,average,jefatura_femenina,no,espanol_uno_mas_adultos,adultos_ninguno_analfabeta,0.0,0,0,17.3510839,12.01413641,2.851782945,29.536968617175688,INCLUSION,0.195034
2023-07,No Elegible,Vulnerabilidad Moderada,1.0,1.0,2.578385269,1.0,1.776038647,2.117608696,1.790108696,1.0,sotap,5,high,jefatura_masculina,no,espanol_uno_mas_adultos,adultos_ninguno_analfabeta,,0,0,8.975915299,21.88512181,2.877986279,30.44560593426951,EXCLUSION,0.201842
2024-02,Elegible,Vulnerabilidad Baja,1.0,1.0,1.0,1.0,1.776038647,2.117608696,1.790108696,1.0,sotap,1,low,,,espanol_uno_mas_adultos,adultos_ninguno_analfabeta,,-500,0,0.0,21.88512181,2.610810239,21.18083670503239,INCLUSION,0.269059
2023-07,No Elegible,Vulnerabilidad Moderada,2.070141643,1.0,2.578385269,1.0,1.776038647,1.0,1.790108696,1.0,sotap,1,low,,,espanol_uno_mas_adultos,adultos_ninguno_analfabeta,0.0,0,0,17.46888676,12.01413641,2.855289452,29.658562491013356,EXCLUSION,0.163816
2024-04,Lista de Reserva,Vulnerabilidad Elevada,1.0,1.0,1.0,1.0,1.776038647,2.823478261,2.580217391,1.043888889,sotap,3,average,jefatura_masculina,no,espanol_uno_mas_adultos,adultos_ninguno_analfabeta,0.0,0,0,0.0,32.85812825,2.917065088,31.80072082478675,EXCLUSION,0.216298
2024-01,Lista de Reserva,Vulnerabilidad Baja,1.0,1.0,1.0,1.0,1.776038647,2.117608696,1.790108696,1.0,futij,1,low,,,espanol_uno_mas_adultos,adultos_ninguno_analfabeta,,0,0,0.0,21.88512181,2.610810239,21.18083670503239,EXCLUSION,0.259052
2023-09,No Elegible,Vulnerabilidad Baja,1.0,1.0,1.0,1.0,1.0,1.498900966,1.0,1.0,sotap,1,low,,,espanol_uno_mas_adultos,adultos_ninguno_analfabeta,,0,0,0.0,3.815111519,2.10647915,3.692337415207061,EXCLUSION,0.181200
2023-07,No Elegible,Vulnerabilidad Baja,1.0,1.0,1.0,1.0,1.776038647,1.0,1.790108696,1.0,fomon,1,low,,,espanol_uno_mas_adultos,adultos_ninguno_analfabeta,,0,0,0.0,12.01413641,2.33531262,11.62750948618979,EXCLUSION,0.159104
2024-03,Elegible,Vulnerabilidad Moderada,1.0,1.525552408,1.0,1.0,1.776038647,2.823478261,1.790108696,1.0,sotap,1,low,,,espanol_uno_mas_adultos,adultos_ninguno_analfabeta,,0,0,3.741369748,26.18890898,2.842293421,29.20789446797501,INCLUSION,0.226058
2024-02,Lista de Reserva,Vulnerabilidad Elevada,2.700708215,1.0,3.251728045,1.0,1.776038647,2.117608696,1.790108696,1.0,sotap,4,average,jefatura_femenina,no,espanol_uno_mas_adultos,adultos_ninguno_analfabeta,0.0,0,0,24.2379543,21.88512181,3.33227434,46.19879261236069,EXCLUSION,0.265343
2023-07,No Elegible,Vulnerabilidad Baja,1.0,1.525552408,1.0,1.0,1.0,1.0,1.790108696,1.043888889,fupal,2,average,jefatura_masculina,no,espanol_uno_mas_adultos,adultos_ninguno_analfabeta,,0,0,3.741369748,6.061858428,2.280550669,9.72855252978892,EXCLUSION,0.167164
2024-05,No Elegible,Vulnerabilidad Baja,1.0,1.0,1.0,1.0,1.776038647,2.117608696,1.790108696,1.0,sotap,2,low,jefatura_femenina,no,espanol_uno_mas_adultos,adultos_ninguno_analfabeta,0.0,0,0,0.0,21.88512181,2.610810239,21.18083670503239,EXCLUSION,0.177358
2024-05,No Elegible,Vulnerabilidad Baja,1.0,1.525552408,1.0,1.0,1.776038647,2.823478261,1.0,1.0,sotap,1,low,,,espanol_uno_mas_adultos,adultos_ninguno_analfabeta,,0,0,3.741369748,17.78726377,2.607804851,21.076622602478015,EXCLUSION,0.198110
2023-08,No Elegible,Vulnerabilidad Baja,1.0,1.0,2.578385269,1.0,1.0,1.498900966,1.790108696,1.043888889,sotap,3,average,jefatura_masculina,no,espanol_uno_mas_adultos,adultos_ninguno_analfabeta,0.0,0,0,8.975915299,10.52243148,2.560855415,19.44857834177924,EXCLUSION,0.222758
2024-06,Lista de Reserva,Vulnerabilidad Baja,1.0,1.0,1.0,1.0,1.776038647,2.117608696,1.790108696,1.0,pcr_cdmx,1,low,,,espanol_uno_mas_adultos,adultos_ninguno_analfabeta,0.0,0,0,0.0,21.88512181,2.610810239,21.18083670503239,EXCLUSION,0.201989
2023-10,Elegible,Vulnerabilidad Elevada,2.070141643,2.051104816,1.0,1.0,1.776038647,2.117608696,1.790108696,1.0,foten,1,low,,,espanol_uno_mas_adultos,adultos_uno_mas_analfabeta,0.0,0,0,14.63015408,21.88512181,3.046289687,36.28180377348088,INCLUSION,0.266231
2023-10,No Elegible,Vulnerabilidad Elevada,2.070141643,1.0,2.578385269,1.0,1.776038647,2.823478261,1.790108696,1.0,sotap,4,average,jefatura_femenina,si,espanol_ningun_adulto,adultos_uno_mas_analfabeta,,0,0,17.46888676,26.18890898,3.25090508,43.37717670493818,EXCLUSION,0.277989
2023-08,No Elegible,Vulnerabilidad Baja,1.0,1.0,1.0,1.0,1.0,1.498900966,1.0,1.0,sotap,2,low,jefatura_masculina,no,espanol_uno_mas_adultos,adultos_ninguno_analfabeta,0.0,0,0,0.0,3.815111519,2.10647915,3.692337415207061,EXCLUSION,0.211094
2023-06,No Elegible,Vulnerabilidad Baja,1.0,1.0,1.0,1.0,1.0,1.0,1.790108696,1.0,sotap,1,low,,,espanol_uno_mas_adultos,adultos_ninguno_analfabeta,0.0,0,0,0.0,5.614422911,2.156697643,5.433745167301109,EXCLUSION,0.154654
2023-09,Lista de Reserva,Vulnerabilidad Baja,1.0,2.051104816,1.0,1.0,1.0,1.0,1.790108696,1.0,sotap,1,low,,,espanol_uno_mas_adultos,adultos_ninguno_analfabeta,0.0,0,0,6.609317356,5.614422911,2.353429807,12.255756965134545,EXCLUSION,0.164912
2024-03,No Elegible,Vulnerabilidad Elevada,1.0,2.051104816,1.0,1.0,1.776038647,2.823478261,2.580217391,1.0,sotap,4,average,jefatura_masculina,no,espanol_uno_mas_adultos,adultos_ninguno_analfabeta,,0,0,6.609317356,32.12448674,3.093321436,37.9127004300535,EXCLUSION,0.238718
2024-04,Lista de Reserva,Vulnerabilidad Severa,2.700708215,1.0,3.251728045,1.0,1.776038647,2.823478261,2.580217391,2.544987923,fupal,4,average,jefatura_femenina,si,espanol_uno_mas_adultos,adultos_uno_mas_analfabeta,,0,0,24.2379543,50.0,4.11695608,73.40890590732829,EXCLUSION,0.233323
2023-07,No Elegible,Vulnerabilidad Moderada,2.070141643,1.0,3.251728045,1.0,1.776038647,1.498900966,1.0,1.0,sotap,3,low,jefatura_masculina,no,espanol_ningun_adulto,adultos_ninguno_analfabeta,,0,0,20.51851115,9.93697889,2.88809108,30.79601432965906,EXCLUSION,0.211637
2023-09,Elegible,Vulnerabilidad Moderada,1.0,1.0,2.578385269,1.0,1.776038647,2.117608696,1.790108696,1.0,foten,3,average,jefatura_masculina,no,espanol_ningun_adulto,adultos_uno_mas_analfabeta,,0,0,8.975915299,21.88512181,2.877986279,30.44560593426951,INCLUSION,0.347348
2024-01,No Elegible,Vulnerabilidad Moderada,1.0,1.0,1.0,1.0,1.776038647,2.823478261,2.580217391,1.0,sotap,3,low,jefatura_femenina,no,espanol_uno_mas_adultos,adultos_ninguno_analfabeta,0.0,0,0,0.0,32.12448674,2.896589272,31.09068863222006,EXCLUSION,0.245735
2023-09,No Elegible,Vulnerabilidad Baja,1.599560907,1.0,1.249197356,1.0,1.0,1.498900966,1.790108696,1.043888889,foten,1,low,,,espanol_uno_mas_adultos,adultos_ninguno_analfabeta,0.0,0,0,6.347353616,10.52243148,2.482613957,16.735426915258614,EXCLUSION,0.203047
2024-04,Elegible,Vulnerabilidad Severa,2.070141643,1.0,2.578385269,1.0,1.776038647,2.823478261,2.580217391,2.544987923,sotap,1,low,,,espanol_uno_mas_adultos,adultos_uno_mas_analfabeta,0.0,0,0,17.46888676,50.0,3.915468811,66.42200300482355,INCLUSION,0.217117
2024-01,Lista de Reserva,Vulnerabilidad Elevada,2.070141643,1.0,1.0,1.0,1.776038647,1.498900966,2.580217391,2.544987923,sotap,1,low,,,espanol_ningun_adulto,adultos_uno_mas_analfabeta,0.0,0,0,6.702282231,37.43330939,3.244257006,43.14663643599621,EXCLUSION,0.222758
2023-08,No Elegible por Intenciones,Vulnerabilidad Moderada,2.070141643,1.0,1.0,1.0,1.776038647,1.498900966,2.580217391,1.043888889,sotap,3,average,jefatura_femenina,no,espanol_uno_mas_adultos,adultos_ninguno_analfabeta,,0,0,6.702282231,22.80125306,2.835878661,28.985454310751948,EXCLUSION,0.180452
2024-01,No Elegible,Vulnerabilidad Baja,1.0,1.0,1.0,1.0,1.776038647,1.0,1.790108696,1.0,sotap,2,average,jefatura_femenina,si,espanol_uno_mas_adultos,adultos_ninguno_analfabeta,-500.0,0,0,0.0,12.01413641,2.33531262,11.62750948618979,EXCLUSION,0.255543
2023-11,Lista de Reserva,Vulnerabilidad Elevada,2.700708215,2.051104816,2.578385269,1.0,1.776038647,1.0,1.790108696,1.0,sotap,4,average,jefatura_femenina,no,espanol_uno_mas_adultos,adultos_ninguno_analfabeta,0.0,0,0,31.71522481,12.01413641,3.279344277,44.363361945800406,EXCLUSION,0.245922
2024-03,No Elegible,Vulnerabilidad Baja,2.700708215,1.0,1.249197356,1.0,1.0,1.498900966,1.0,1.0,sotap,4,average,jefatura_femenina,si,espanol_uno_mas_adultos,adultos_ninguno_analfabeta,,0,0,11.93561888,3.815111519,2.46175338,16.012056446384342,EXCLUSION,0.194835
2023-06,No Elegible,Vulnerabilidad Moderada,1.0,1.0,1.0,1.0,1.776038647,2.823478261,1.790108696,1.0,sotap,4,average,jefatura_femenina,no,espanol_uno_mas_adultos,adultos_ninguno_analfabeta,0.0,0,0,0.0,26.18890898,2.730928248,25.34612370011462,EXCLUSION,0.212499
2024-02,No Elegible,Vulnerabilidad Baja,1.0,1.0,1.0,1.0,1.0,1.0,1.790108696,1.0,sotap,1,low,,,espanol_uno_mas_adultos,adultos_ninguno_analfabeta,0.0,0,0,0.0,5.614422911,2.156697643,5.433745167301109,EXCLUSION,0.192208
2024-04,No Elegible,Vulnerabilidad Baja,1.0,1.0,2.578385269,1.0,1.0,1.0,1.790108696,1.0,sotap,1,low,,,espanol_uno_mas_adultos,adultos_ninguno_analfabeta,0.0,0,0,8.975915299,5.614422911,2.423873683,14.69851439653823,EXCLUSION,0.182974
2023-11,No Elegible,Vulnerabilidad Baja,1.0,1.0,1.0,1.0,1.776038647,2.117608696,1.790108696,1.0,foten,2,average,jefatura_masculina,no,espanol_uno_mas_adultos,adultos_ninguno_analfabeta,0.0,0,0,0.0,21.88512181,2.610810239,21.18083670503239,EXCLUSION,0.287509
2024-02,No Elegible,Vulnerabilidad Elevada,2.700708215,1.0,3.251728045,1.0,1.776038647,1.498900966,1.790108696,1.0,sotap,4,average,jefatura_masculina,no,espanol_ningun_adulto,adultos_ninguno_analfabeta,0.0,-500,0,24.2379543,17.10850297,3.198959675,41.57589014325073,EXCLUSION,0.339430
2024-06,Lista de Reserva,Vulnerabilidad Baja,1.0,1.0,1.0,1.0,1.776038647,2.117608696,1.790108696,1.0,sotap,2,low,jefatura_masculina,no,espanol_uno_mas_adultos,adultos_ninguno_analfabeta,0.0,0,0,0.0,21.88512181,2.610810239,21.18083670503239,EXCLUSION,0.154867
2023-10,No Elegible,Vulnerabilidad Moderada,2.070141643,1.0,1.0,1.0,1.776038647,1.498900966,2.580217391,1.043888889,sotap,4,average,jefatura_masculina,no,espanol_uno_mas_adultos,adultos_ninguno_analfabeta,0.0,0,0,6.702282231,22.80125306,2.835878661,28.985454310751948,EXCLUSION,0.176537
2023-07,No Elegible,Vulnerabilidad Elevada,1.599560907,1.0,1.0,1.0,1.776038647,2.823478261,2.580217391,1.043888889,sotap,2,average,jefatura_femenina,si,espanol_uno_mas_adultos,adultos_ninguno_analfabeta,-500.0,0,0,4.186184624,32.85812825,3.041670568,36.1216210561717,EXCLUSION,0.139635
2023-08,No Elegible,Vulnerabilidad Elevada,2.700708215,2.051104816,1.0,1.0,1.776038647,2.823478261,1.790108696,1.0,sotap,4,average,jefatura_femenina,no,espanol_uno_mas_adultos,adultos_ninguno_analfabeta,0.0,0,0,17.94487015,26.18890898,3.265073146,43.868477716411775,EXCLUSION,0.248980
2024-02,Lista de Reserva,Vulnerabilidad Elevada,2.700708215,1.0,3.251728045,1.0,1.776038647,2.117608696,1.790108696,1.0,foten,4,average,jefatura_femenina,no,espanol_uno_mas_adultos,adultos_ninguno_analfabeta,,0,0,24.2379543,21.88512181,3.33227434,46.19879261236069,EXCLUSION,0.250449
2024-02,Lista de Reserva,Vulnerabilidad Elevada,2.700708215,1.525552408,1.249197356,1.0,1.776038647,2.823478261,1.790108696,1.0,sotap,4,average,jefatura_femenina,no,espanol_uno_mas_adultos,adultos_ninguno_analfabeta,0.0,0,0,17.00620089,26.18890898,3.237132827,42.89960114095571,EXCLUSION,0.242071
2024-04,No Elegible,Vulnerabilidad Moderada,2.700708215,1.0,2.578385269,1.0,1.0,1.0,1.790108696,1.0,sotap,1,low,,,espanol_uno_mas_adultos,adultos_ninguno_analfabeta,,0,0,20.97871872,5.614422911,2.78114772,27.08758003442943,EXCLUSION,0.144239
2024-03,No Elegible,Vulnerabilidad Baja,1.0,1.0,1.0,1.0,1.0,1.0,1.790108696,1.0,sotap,1,low,,,espanol_uno_mas_adultos,adultos_ninguno_analfabeta,-500.0,0,0,0.0,5.614422911,2.156697643,5.433745167301109,EXCLUSION,0.183868
2023-06,No Elegible,Vulnerabilidad Elevada,1.0,1.0,2.578385269,1.0,1.776038647,2.117608696,2.580217391,1.043888889,sotap,1,low,,,espanol_uno_mas_adultos,adultos_ninguno_analfabeta,,0,0,8.975915299,28.09152966,3.051206127,36.45228537324866,EXCLUSION,0.191998
2024-01,Elegible,Vulnerabilidad Moderada,1.0,1.0,1.0,1.0,1.776038647,2.823478261,2.580217391,1.0,sotap,3,low,jefatura_masculina,no,espanol_uno_mas_adultos,adultos_ninguno_analfabeta,,0,0,0.0,32.12448674,2.896589272,31.09068863222006,INCLUSION,0.246240
2023-11,No Elegible,Vulnerabilidad Elevada,1.0,1.525552408,2.578385269,1.0,1.776038647,2.117608696,2.580217391,1.043888889,sotap,4,average,jefatura_femenina,si,espanol_uno_mas_adultos,adultos_ninguno_analfabeta,0.0,0,0,13.7168894,28.09152966,3.192325406,41.34582876179294,EXCLUSION,0.268737
2023-07,Elegible,Vulnerabilidad Elevada,1.0,1.0,2.578385269,1.0,1.776038647,2.823478261,2.580217391,1.043888889,fupal,1,low,,,espanol_uno_mas_adultos,adultos_ninguno_analfabeta,,0,0,8.975915299,32.85812825,3.184241129,41.06549005402387,INCLUSION,0.192034
2023-10,No Elegible por Intenciones,Vulnerabilidad Elevada,2.070141643,1.0,3.251728045,1.0,1.776038647,2.117608696,2.580217391,1.043888889,sotap,2,average,jefatura_femenina,si,espanol_uno_mas_adultos,adultos_ninguno_analfabeta,0.0,0,0,20.51851115,28.09152966,3.39478168,48.36633350132969,EXCLUSION,0.222556
2024-02,Lista de Reserva,Vulnerabilidad Baja,1.0,1.525552408,1.0,1.0,1.0,2.823478261,1.0,1.0,sotap,2,low,jefatura_masculina,no,espanol_uno_mas_adultos,adultos_ninguno_analfabeta,0.0,0,0,3.741369748,10.61532135,2.407637089,14.13548046149604,EXCLUSION,0.262424
2023-07,Lista de Reserva,Vulnerabilidad Baja,1.0,1.0,2.578385269,1.0,1.0,2.117608696,1.790108696,1.0,sotap,2,low,jefatura_femenina,no,espanol_uno_mas_adultos,adultos_ninguno_analfabeta,-500.0,0,0,8.975915299,14.16503897,2.662520006,22.973963080143548,EXCLUSION,0.145789
2024-04,No Elegible,Vulnerabilidad Baja,1.0,1.0,1.0,1.0,1.0,1.0,1.0,1.0,sotap,1,low,,,espanol_uno_mas_adultos,adultos_ninguno_analfabeta,0.0,0,0,0.0,0.0,2.0,0.0,EXCLUSION,0.157406
2024-02,Elegible,Vulnerabilidad Moderada,1.0,2.051104816,1.0,1.0,1.776038647,2.117608696,1.790108696,1.0,sotap,1,low,,,espanol_ningun_adulto,adultos_ninguno_analfabeta,0.0,0,0,6.609317356,21.88512181,2.807542403,28.002848502865827,INCLUSION,0.276147
2023-09,Lista de Reserva,Vulnerabilidad Baja,1.0,1.0,1.0,1.0,1.0,2.117608696,1.0,1.0,foten,1,low,,,espanol_uno_mas_adultos,adultos_ninguno_analfabeta,,0,0,0.0,7.392265486,2.206316944,7.154374990395034,EXCLUSION,0.185207
2024-06,No Elegible,Vulnerabilidad Moderada,1.0,1.0,1.0,1.0,1.776038647,2.823478261,2.580217391,1.0,foten,2,low,jefatura_masculina,no,espanol_ningun_adulto,adultos_ninguno_analfabeta,,0,0,0.0,32.12448674,2.896589272,31.09068863222006,EXCLUSION,0.208883
2024-04,Elegible,Vulnerabilidad Moderada,1.0,1.0,1.0,1.0,1.776038647,2.117608696,2.580217391,1.043888889,fupal,1,low,,,espanol_uno_mas_adultos,adultos_ninguno_analfabeta,,0,0,0.0,28.09152966,2.784030087,27.18751614401154,INCLUSION,0.170304
2023-10,No Elegible,Vulnerabilidad Moderada,1.0,1.0,1.0,1.0,1.776038647,2.823478261,1.790108696,1.0,fupal,1,low,,,espanol_uno_mas_adultos,adultos_ninguno_analfabeta,,0,0,0.0,26.18890898,2.730928248,25.34612370011462,EXCLUSION,0.271766
2023-08,Lista de Reserva,Vulnerabilidad Baja,2.070141643,1.0,1.0,1.0,1.776038647,1.498900966,1.790108696,1.043888889,sotap,1,low,,,espanol_uno_mas_adultos,adultos_ninguno_analfabeta,,0,0,6.702282231,17.68003002,2.692946147,24.029037349402188,EXCLUSION,0.196505
2023-07,No Elegible,Vulnerabilidad Severa,2.700708215,1.0,3.251728045,1.0,1.776038647,2.823478261,2.580217391,1.0,sotap,3,complete,jefatura_femenina,si,espanol_uno_mas_adultos,adultos_ninguno_analfabeta,0.0,0,0,24.2379543,32.12448674,3.618053373,56.108644539548365,EXCLUSION,0.157738
2023-12,Elegible,Vulnerabilidad Moderada,1.0,1.0,1.0,1.0,1.776038647,2.823478261,2.580217391,1.0,sotap,1,low,,,espanol_ningun_adulto,adultos_ninguno_analfabeta,-500.0,0,0,0.0,32.12448674,2.896589272,31.09068863222006,INCLUSION,0.240025
2024-02,No Elegible,Vulnerabilidad Moderada,1.599560907,1.0,2.578385269,1.0,1.0,1.498900966,1.790108696,1.043888889,foten,1,low,,,espanol_uno_mas_adultos,adultos_ninguno_analfabeta,,0,0,14.28054816,10.52243148,2.718752494,24.92391959287908,EXCLUSION,0.224060
2023-09,Elegible,Vulnerabilidad Moderada,1.0,2.051104816,1.0,1.0,1.776038647,2.117608696,1.790108696,1.0,sotap,1,low,,,espanol_uno_mas_adultos,adultos_ninguno_analfabeta,0.0,0,0,6.609317356,21.88512181,2.807542403,28.002848502865827,INCLUSION,0.222711
2023-07,No Elegible,Vulnerabilidad Baja,1.0,1.0,1.0,1.0,1.0,1.498900966,1.0,1.0,foten,1,low,,,espanol_uno_mas_adultos,adultos_ninguno_analfabeta,0.0,0,0,0.0,3.815111519,2.10647915,3.692337415207061,EXCLUSION,0.158520
2023-09,No Elegible,Vulnerabilidad Elevada,2.070141643,1.0,2.578385269,1.0,1.776038647,1.498900966,1.790108696,1.043888889,foten,2,average,jefatura_femenina,si,espanol_uno_mas_adultos,adultos_ninguno_analfabeta,,0,0,17.46888676,17.68003002,3.013423633,35.14212197874994,EXCLUSION,0.223199
2024-06,Lista de Reserva,Vulnerabilidad Baja,1.0,1.0,1.0,1.0,1.0,2.117608696,1.0,1.0,sotap,1,low,,,espanol_ningun_adulto,adultos_uno_mas_analfabeta,,0,0,0.0,7.392265486,2.206316944,7.154374990395034,EXCLUSION,0.207438
2023-07,Lista de Reserva,Vulnerabilidad Severa,2.700708215,2.051104816,3.251728045,1.0,1.776038647,2.823478261,2.580217391,1.0,,2,average,jefatura_femenina,si,espanol_uno_mas_adultos,adultos_ninguno_analfabeta,,0,0,35.61565687,32.12448674,3.956720731,67.85249295595354,EXCLUSION,0.171476
2023-12,Lista de Reserva,Vulnerabilidad Baja,1.0,1.0,1.0,1.0,1.0,1.0,1.790108696,1.0,sotap,1,low,,,espanol_uno_mas_adultos,adultos_ninguno_analfabeta,,0,0,0.0,5.614422911,2.156697643,5.433745167301109,EXCLUSION,0.204487
2024-03,No Elegible,Vulnerabilidad Baja,1.0,1.0,1.0,1.0,1.0,1.0,2.580217391,1.0,sotap,3,low,jefatura_masculina,no,espanol_uno_mas_adultos,adultos_ninguno_analfabeta,0.0,0,0,0.0,9.580889352,2.267401085,9.272566751763287,EXCLUSION,0.189240
2023-09,Elegible,Vulnerabilidad Severa,2.070141643,1.0,2.578385269,1.0,1.776038647,2.823478261,2.580217391,2.544987923,,1,low,,,espanol_uno_mas_adultos,adultos_uno_mas_analfabeta,,0,0,17.46888676,50.0,3.915468811,66.42200300482355,INCLUSION,0.276639
2024-03,No Elegible,Vulnerabilidad Baja,1.0,1.0,2.578385269,1.0,1.0,1.0,1.0,1.043888889,sotap,3,low,jefatura_femenina,si,espanol_uno_mas_adultos,adultos_ninguno_analfabeta,-500.0,0,0,8.975915299,0.386821499,2.277972167,9.6391424255778,EXCLUSION,0.220012
2024-01,No Elegible,Vulnerabilidad Baja,1.0,1.0,1.0,1.0,1.0,1.498900966,1.0,1.0,foten,4,average,jefatura_masculina,no,espanol_uno_mas_adultos,adultos_ninguno_analfabeta,,0,0,0.0,3.815111519,2.10647915,3.692337415207061,EXCLUSION,0.289340
2023-07,Lista de Reserva,Vulnerabilidad Severa,2.700708215,2.051104816,2.578385269,1.564135978,1.0,2.117608696,1.0,2.544987923,sotap,2,complete,jefatura_femenina,si,espanol_uno_mas_adultos,adultos_ninguno_analfabeta,,0,0,39.44321718,18.76190405,3.697703903,58.87066656783652,EXCLUSION,0.121757
2023-10,No Elegible,Vulnerabilidad Baja,1.0,1.0,1.0,1.564135978,1.0,1.0,1.0,1.043888889,sotap,3,low,jefatura_femenina,no,espanol_uno_mas_adultos,adultos_ninguno_analfabeta,0.0,0,0,3.975239986,0.386821499,2.129122653,4.477540380330147,EXCLUSION,0.266281
2024-01,Elegible,Vulnerabilidad Moderada,1.0,2.051104816,1.0,1.0,1.776038647,2.117608696,1.790108696,1.0,sotap,1,low,,,espanol_uno_mas_adultos,adultos_ninguno_analfabeta,,0,0,6.609317356,21.88512181,2.807542403,28.002848502865827,INCLUSION,0.263639
2024-01,Elegible por Proceso Acelerado,Vulnerabilidad Elevada,1.0,1.0,1.0,1.0,1.776038647,2.823478261,2.580217391,1.043888889,foten,3,average,jefatura_masculina,no,espanol_uno_mas_adultos,adultos_ninguno_analfabeta,,0,0,0.0,32.85812825,2.917065088,31.80072082478675,INCLUSION,0.301176
2024-05,No Elegible,Vulnerabilidad Baja,1.0,1.0,1.0,1.0,1.776038647,1.0,1.790108696,1.0,sotap,3,low,jefatura_masculina,no,espanol_uno_mas_adultos,adultos_ninguno_analfabeta,-500.0,0,0,0.0,12.01413641,2.33531262,11.62750948618979,EXCLUSION,0.183777
2023-07,No Elegible,Vulnerabilidad Baja,2.700708215,1.0,1.0,1.0,1.0,1.0,1.790108696,1.0,sotap,1,low,,,espanol_uno_mas_adultos,adultos_ninguno_analfabeta,0.0,0,-500,9.472088355,5.614422911,2.438642712,15.210654797653364,EXCLUSION,0.136078
2023-06,No Elegible,Vulnerabilidad Baja,1.0,1.0,1.0,1.0,1.0,2.117608696,1.0,1.0,foten,1,low,,,espanol_uno_mas_adultos,adultos_ninguno_analfabeta,,-500,0,0.0,7.392265486,2.206316944,7.154374990395034,EXCLUSION,0.264468
2023-06,Lista de Reserva,Vulnerabilidad Baja,1.0,1.0,1.0,1.0,1.0,2.117608696,1.790108696,1.0,sotap,1,low,,,espanol_uno_mas_adultos,adultos_ninguno_analfabeta,-500.0,0,0,0.0,14.16503897,2.395343965,13.709193850906429,EXCLUSION,0.137186
2023-10,Lista de Reserva,Vulnerabilidad Elevada,1.0,1.525552408,2.578385269,1.0,1.776038647,2.823478261,1.790108696,1.0,sotap,1,low,,,espanol_uno_mas_adultos,adultos_uno_mas_analfabeta,,0,0,13.7168894,26.18890898,3.139223567,39.50443631789602,EXCLUSION,0.367332
2023-09,No Elegible,Vulnerabilidad Baja,1.0,1.0,2.578385269,1.0,1.0,1.0,1.0,1.0,sotap,1,low,,,espanol_uno_mas_adultos,adultos_ninguno_analfabeta,0.0,0,0,8.975915299,0.0,2.267176041,9.26476922923712,EXCLUSION,0.203102
2023-12,No Elegible,Vulnerabilidad Baja,1.0,1.0,1.0,1.0,1.0,1.498900966,1.0,1.0,sotap,1,low,,,espanol_uno_mas_adultos,adultos_ninguno_analfabeta,,0,0,0.0,3.815111519,2.10647915,3.692337415207061,EXCLUSION,0.213142
2023-07,No Elegible,Vulnerabilidad Elevada,2.070141643,1.0,1.0,1.0,1.776038647,2.823478261,2.580217391,1.0,sotap,4,average,jefatura_masculina,no,espanol_uno_mas_adultos,adultos_uno_mas_analfabeta,0.0,0,0,6.702282231,32.12448674,3.096088617,38.008657007695874,EXCLUSION,0.194116
2023-08,No Elegible,Vulnerabilidad Baja,1.0,1.0,1.0,1.0,1.0,2.117608696,1.0,1.0,sotap,3,low,jefatura_masculina,no,espanol_uno_mas_adultos,adultos_ninguno_analfabeta,,0,0,0.0,7.392265486,2.206316944,7.154374990395034,EXCLUSION,0.192098
2024-06,No Elegible,Vulnerabilidad Elevada,2.700708215,1.0,2.578385269,1.0,1.0,1.498900966,1.790108696,1.0,sotap,1,low,,,espanol_uno_mas_adultos,adultos_ninguno_analfabeta,0.0,0,0,20.97871872,10.02735341,2.904311903,31.35849801704111,EXCLUSION,0.154707
2023-08,No Elegible,Vulnerabilidad Baja,1.0,1.0,1.0,1.0,1.0,2.117608696,1.0,1.0,sotap,1,low,,,espanol_uno_mas_adultos,adultos_ninguno_analfabeta,,0,0,0.0,7.392265486,2.206316944,7.154374990395034,EXCLUSION,0.194266
2023-12,No Elegible,Vulnerabilidad Baja,1.0,1.0,2.578385269,1.0,1.0,1.0,1.0,1.0,sotap,1,low,,,espanol_uno_mas_adultos,adultos_ninguno_analfabeta,-500.0,-500,0,8.975915299,0.0,2.267176041,9.26476922923712,EXCLUSION,0.285136
2023-08,Lista de Reserva,Vulnerabilidad Moderada,2.700708215,1.525552408,1.249197356,1.0,1.0,1.498900966,1.790108696,1.043888889,sotap,2,average,jefatura_masculina,si,espanol_uno_mas_adultos,adultos_ninguno_analfabeta,,0,0,17.00620089,10.52243148,2.799883953,27.737286553383207,EXCLUSION,0.153030
2024-03,No Elegible,Vulnerabilidad Elevada,1.0,1.525552408,1.249197356,1.0,1.776038647,2.823478261,2.580217391,1.0,fupal,2,average,jefatura_femenina,si,espanol_uno_mas_adultos,adultos_uno_mas_analfabeta,,0,0,5.877094669,32.12448674,3.071526181,37.15691408476315,EXCLUSION,0.299593
2023-09,No Elegible,Vulnerabilidad Severa,2.070141643,1.0,2.578385269,1.0,1.776038647,2.823478261,2.580217391,2.544987923,fupal,3,complete,jefatura_femenina,si,espanol_uno_mas_adultos,adultos_ninguno_analfabeta,,0,0,17.46888676,50.0,3.915468811,66.42200300482355,EXCLUSION,0.215239
2023-07,Lista de Reserva,Vulnerabilidad Moderada,1.0,1.0,1.0,1.0,1.776038647,2.117608696,2.580217391,1.043888889,sotap,1,low,,,espanol_ningun_adulto,adultos_ninguno_analfabeta,-500.0,0,0,0.0,28.09152966,2.784030087,27.18751614401154,EXCLUSION,0.162544
2023-12,Elegible,Vulnerabilidad Elevada,2.700708215,1.0,3.251728045,1.0,1.0,1.498900966,1.790108696,1.0,sotap,4,average,jefatura_masculina,no,espanol_uno_mas_adultos,adultos_ninguno_analfabeta,0.0,0,0,24.2379543,10.02735341,3.001325926,34.72261905724109,INCLUSION,0.232396
2023-07,Lista de Reserva,Vulnerabilidad Baja,2.070141643,1.0,1.0,1.0,1.0,1.0,1.790108696,1.0,sotap,1,low,,,espanol_uno_mas_adultos,adultos_ninguno_analfabeta,,0,0,6.702282231,5.614422911,2.356196989,12.35171354277692,EXCLUSION,0.122327
2023-09,No Elegible,Vulnerabilidad Baja,2.070141643,2.051104816,1.0,1.0,1.0,1.0,1.0,1.043888889,sotap,1,low,,,espanol_uno_mas_adultos,adultos_ninguno_analfabeta,,0,0,14.63015408,0.386821499,2.446275574,15.475340264789162,EXCLUSION,0.151811
2024-02,Lista de Reserva,Vulnerabilidad Moderada,1.0,1.0,2.578385269,1.0,1.776038647,2.117608696,1.790108696,1.0,fupal,1,low,,,espanol_uno_mas_adultos,adultos_ninguno_analfabeta,0.0,0,0,8.975915299,21.88512181,2.877986279,30.44560593426951,EXCLUSION,0.290937
2023-08,Elegible,Vulnerabilidad Moderada,1.0,1.0,1.0,1.0,1.776038647,2.823478261,1.790108696,1.0,foten,4,average,jefatura_masculina,no,espanol_uno_mas_adultos,adultos_ninguno_analfabeta,,0,0,0.0,26.18890898,2.730928248,25.34612370011462,INCLUSION,0.261192
2023-08,No Elegible,Vulnerabilidad Baja,1.0,1.0,1.0,1.0,1.0,1.0,1.0,1.0,sotap,4,average,jefatura_femenina,si,espanol_uno_mas_adultos,adultos_ninguno_analfabeta,-500.0,0,0,0.0,0.0,2.0,0.0,EXCLUSION,0.189716
2023-07,No Elegible,Vulnerabilidad Baja,1.0,1.0,1.0,1.0,1.776038647,2.117608696,1.790108696,1.043888889,sotap,4,low,jefatura_masculina,no,espanol_uno_mas_adultos,adultos_ninguno_analfabeta,,0,0,0.0,22.50821784,2.628200749,21.78388088169096,EXCLUSION,0.158034
2024-03,Lista de Reserva,Vulnerabilidad Elevada,2.700708215,1.0,1.249197356,1.0,1.776038647,2.823478261,1.790108696,1.043888889,sotap,2,complete,jefatura_masculina,si,espanol_uno_mas_adultos,adultos_ninguno_analfabeta,,0,0,11.93561888,26.85846924,3.104889798,38.31385587256485,EXCLUSION,0.188047
2024-04,No Elegible,Vulnerabilidad Elevada,2.070141643,1.0,1.0,1.0,1.776038647,2.823478261,2.580217391,1.043888889,fupal,4,average,jefatura_femenina,si,espanol_uno_mas_adultos,adultos_ninguno_analfabeta,-500.0,0,0,6.702282231,32.85812825,3.116564434,38.71868920026256,EXCLUSION,0.183530
2024-06,No Elegible,Vulnerabilidad Baja,1.0,1.0,1.0,1.0,1.776038647,1.498900966,1.790108696,1.0,pcr_cdmx,1,low,,,espanol_uno_mas_adultos,adultos_ninguno_analfabeta,,0,0,0.0,17.10850297,2.477495573,16.55793423592243,EXCLUSION,0.188953
2024-04,No Elegible,Vulnerabilidad Baja,1.0,1.0,1.0,1.0,1.0,2.117608696,1.790108696,1.0,pcr_cdmx,2,average,jefatura_masculina,si,espanol_uno_mas_adultos,adultos_ninguno_analfabeta,,0,0,0.0,14.16503897,2.395343965,13.709193850906429,EXCLUSION,0.182083
2024-05,Lista de Reserva,Vulnerabilidad Moderada,1.0,1.0,1.0,1.0,1.776038647,2.823478261,1.790108696,1.0,sotap,1,low,,,espanol_uno_mas_adultos,adultos_ninguno_analfabeta,,0,0,0.0,26.18890898,2.730928248,25.34612370011462,EXCLUSION,0.195086
2023-08,Elegible,Vulnerabilidad Baja,1.0,1.0,1.0,1.0,1.0,1.0,1.790108696,1.0,sotap,3,average,jefatura_femenina,si,espanol_uno_mas_adultos,adultos_ninguno_analfabeta,0.0,0,0,0.0,5.614422911,2.156697643,5.433745167301109,INCLUSION,0.167356
2023-07,Lista de Reserva,Vulnerabilidad Moderada,1.0,1.0,1.0,1.0,1.776038647,2.823478261,2.580217391,1.0,sotap,3,average,jefatura_masculina,no,espanol_ningun_adulto,adultos_ninguno_analfabeta,,0,0,0.0,32.12448674,2.896589272,31.09068863222006,EXCLUSION,0.195470
2023-07,No Elegible por Intenciones,Vulnerabilidad Moderada,1.0,1.0,2.578385269,1.0,1.776038647,1.498900966,1.790108696,1.0,sotap,4,average,jefatura_masculina,no,espanol_ningun_adulto,adultos_ninguno_analfabeta,,0,0,8.975915299,17.10850297,2.744671614,25.82270346515955,EXCLUSION,0.210660
2023-12,Elegible,Vulnerabilidad Elevada,2.700708215,1.0,3.251728045,1.0,1.776038647,2.117608696,1.790108696,1.043888889,sotap,6,high,jefatura_masculina,no,espanol_uno_mas_adultos,adultos_ninguno_analfabeta,,0,0,24.2379543,22.50821784,3.34966485,46.80183678901926,INCLUSION,0.262686
2023-11,Elegible,Vulnerabilidad Elevada,2.070141643,2.051104816,1.0,1.0,1.776038647,2.117608696,2.580217391,1.043888889,sotap,4,average,jefatura_masculina,no,espanol_ningun_adulto,adultos_uno_mas_analfabeta,,0,0,14.63015408,28.09152966,3.219509535,42.28848321246002,INCLUSION,0.227439
2024-06,No Elegible,Vulnerabilidad Moderada,1.0,1.0,1.0,1.0,1.776038647,2.823478261,1.790108696,1.0,sotap,1,low,,,espanol_uno_mas_adultos,adultos_ninguno_analfabeta,0.0,0,0,0.0,26.18890898,2.730928248,25.34612370011462,EXCLUSION,0.179567
2024-04,No Elegible,Vulnerabilidad Severa,1.599560907,1.0,1.0,1.0,1.776038647,2.823478261,2.580217391,2.544987923,foten,4,average,jefatura_femenina,si,espanol_uno_mas_adultos,adultos_uno_mas_analfabeta,,0,0,4.186184624,50.0,3.520097459,52.71185023138494,EXCLUSION,0.197160
2024-02,No Elegible,Vulnerabilidad Baja,1.0,1.0,1.0,1.0,1.0,1.0,1.0,1.0,fupal,1,low,,,espanol_uno_mas_adultos,adultos_ninguno_analfabeta,0.0,0,0,0.0,0.0,2.0,0.0,EXCLUSION,0.226127
2024-05,No Elegible,Vulnerabilidad Elevada,1.0,2.051104816,1.0,1.0,1.776038647,2.823478261,2.580217391,1.0,foten,2,average,jefatura_masculina,si,espanol_uno_mas_adultos,adultos_uno_mas_analfabeta,,-500,0,6.609317356,32.12448674,3.093321436,37.9127004300535,EXCLUSION,0.266816
2024-02,Lista de Reserva,Vulnerabilidad Baja,1.0,1.0,1.0,1.0,1.0,1.0,1.0,1.0,sotap,3,low,jefatura_masculina,no,espanol_uno_mas_adultos,adultos_ninguno_analfabeta,-500.0,0,0,0.0,0.0,2.0,0.0,EXCLUSION,0.176522
2023-08,No Elegible,Vulnerabilidad Elevada,1.0,1.0,2.578385269,1.0,1.776038647,1.498900966,2.580217391,1.043888889,sotap,1,low,,,espanol_ningun_adulto,adultos_ninguno_analfabeta,,0,0,8.975915299,22.80125306,2.903555356,31.332255164513256,EXCLUSION,0.244765
2024-02,Elegible,Vulnerabilidad Elevada,1.0,2.051104816,1.0,1.0,1.776038647,2.823478261,2.580217391,1.043888889,sotap,5,high,jefatura_femenina,no,espanol_uno_mas_adultos,adultos_ninguno_analfabeta,,0,0,6.609317356,32.85812825,3.113797253,38.62273262262019,INCLUSION,0.287039
2024-07,No Elegible,Vulnerabilidad Baja,1.0,1.0,2.578385269,1.0,1.0,1.0,1.0,1.0,sotap,1,low,,,espanol_uno_mas_adultos,adultos_ninguno_analfabeta,,0,0,8.975915299,0.0,2.267176041,9.26476922923712,EXCLUSION,0.171609
2024-06,Lista de Reserva,Vulnerabilidad Elevada,1.0,1.0,2.578385269,1.0,1.776038647,2.823478261,1.790108696,1.0,sotap,3,average,jefatura_masculina,no,espanol_ningun_adulto,adultos_ninguno_analfabeta,0.0,0,0,8.975915299,26.18890898,2.998104289,34.61089292935174,EXCLUSION,0.237065
2024-03,No Elegible,Vulnerabilidad Baja,2.070141643,1.0,1.0,1.0,1.0,1.0,1.790108696,1.0,sotap,1,low,,,espanol_uno_mas_adultos,adultos_ninguno_analfabeta,0.0,0,0,6.702282231,5.614422911,2.356196989,12.35171354277692,EXCLUSION,0.176274
2023-06,No Elegible,Vulnerabilidad Baja,1.0,1.0,1.0,1.0,1.0,2.823478261,1.790108696,1.0,sotap,4,average,jefatura_femenina,no,espanol_uno_mas_adultos,adultos_ninguno_analfabeta,,0,0,0.0,17.8931401,2.49939467,17.3173209584419,EXCLUSION,0.199397
2023-07,No Elegible,Vulnerabilidad Baja,1.0,2.051104816,1.0,1.0,1.776038647,1.498900966,1.790108696,1.0,sotap,1,low,,,espanol_uno_mas_adultos,adultos_ninguno_analfabeta,,0,0,6.609317356,17.10850297,2.674227738,23.379946033755868,EXCLUSION,0.161991
2023-10,No Elegible,Vulnerabilidad Elevada,1.0,1.0,2.578385269,1.0,1.776038647,2.823478261,2.580217391,1.043888889,sotap,1,low,,,espanol_ningun_adulto,adultos_ninguno_analfabeta,0.0,0,0,8.975915299,32.85812825,3.184241129,41.06549005402387,EXCLUSION,0.272092
2023-10,No Elegible,Vulnerabilidad Baja,1.0,1.0,1.0,1.0,1.776038647,2.117608696,1.790108696,1.043888889,sotap,1,low,,,espanol_uno_mas_adultos,adultos_ninguno_analfabeta,0.0,-500,0,0.0,22.50821784,2.628200749,21.78388088169096,EXCLUSION,0.290527
2023-09,No Elegible,Vulnerabilidad Elevada,2.070141643,1.0,1.0,1.0,1.776038647,2.117608696,2.580217391,1.043888889,fupal,1,low,,,espanol_uno_mas_adultos,adultos_ninguno_analfabeta,,0,0,6.702282231,28.09152966,2.983529432,34.10548451948735,EXCLUSION,0.198026
2023-08,No Elegible,Vulnerabilidad Baja,2.700708215,1.0,1.0,1.0,1.0,1.0,1.790108696,1.0,sotap,1,low,,,espanol_ningun_adulto,adultos_uno_mas_analfabeta,,0,0,9.472088355,5.614422911,2.438642712,15.210654797653364,EXCLUSION,0.179370
2024-06,No Elegible,Vulnerabilidad Moderada,1.0,2.051104816,1.0,1.0,1.776038647,2.117608696,1.790108696,1.0,fupal,1,low,,,espanol_uno_mas_adultos,adultos_ninguno_analfabeta,0.0,0,0,6.609317356,21.88512181,2.807542403,28.002848502865827,EXCLUSION,0.178839
2023-09,Elegible,Vulnerabilidad Baja,1.0,1.0,1.0,1.0,1.0,1.0,1.0,1.0,fupal,4,average,jefatura_femenina,si,espanol_uno_mas_adultos,adultos_ninguno_analfabeta,,0,0,0.0,0.0,2.0,0.0,INCLUSION,0.191013
2024-07,No Elegible,Vulnerabilidad Baja,1.0,1.0,1.0,1.0,1.776038647,1.498900966,1.790108696,1.0,sotap,3,average,jefatura_femenina,si,espanol_uno_mas_adultos,adultos_ninguno_analfabeta,,0,0,0.0,17.10850297,2.477495573,16.55793423592243,EXCLUSION,0.187170
2024-06,Lista de Reserva,Vulnerabilidad Baja,1.0,1.0,1.0,1.0,1.0,1.0,1.0,1.0,sotap,1,low,,,espanol_uno_mas_adultos,adultos_ninguno_analfabeta,,0,0,0.0,0.0,2.0,0.0,EXCLUSION,0.127787
2024-06,Lista de Reserva,Vulnerabilidad Moderada,1.0,1.0,1.0,1.0,1.776038647,2.823478261,1.790108696,1.0,pcr_cdmx,4,average,jefatura_femenina,si,espanol_uno_mas_adultos,adultos_ninguno_analfabeta,-500.0,-500,0,0.0,26.18890898,2.730928248,25.34612370011462,EXCLUSION,0.221686
2024-01,Elegible,Vulnerabilidad Elevada,2.070141643,1.0,2.578385269,1.0,1.776038647,2.823478261,2.580217391,1.043888889,fupal,3,low,jefatura_femenina,no,espanol_uno_mas_adultos,adultos_ninguno_analfabeta,,0,0,17.46888676,32.85812825,3.43704192,49.83177382961031,INCLUSION,0.264084
2024-02,No Elegible,Vulnerabilidad Elevada,1.0,1.0,2.578385269,1.0,1.776038647,2.117608696,2.580217391,1.738466184,pcr_cdmx,1,low,,,espanol_ningun_adulto,adultos_ninguno_analfabeta,0.0,0,0,8.975915299,36.78475459,3.29383264,44.86575363177633,EXCLUSION,0.290944
2023-12,Elegible,Vulnerabilidad Elevada,2.700708215,1.0,3.251728045,1.0,1.776038647,2.117608696,1.790108696,1.0,sotap,5,average,jefatura_femenina,no,espanol_uno_mas_adultos,adultos_ninguno_analfabeta,,0,0,24.2379543,21.88512181,3.33227434,46.19879261236069,INCLUSION,0.247106
2024-04,No Elegible,Vulnerabilidad Elevada,1.0,1.0,3.251728045,1.0,1.776038647,2.117608696,1.790108696,1.0,sotap,1,low,,,espanol_uno_mas_adultos,adultos_ninguno_analfabeta,,0,0,11.51832969,21.88512181,2.953663487,33.06983776278628,EXCLUSION,0.208410
2024-03,No Elegible,Vulnerabilidad Baja,2.700708215,1.0,1.249197356,1.0,1.0,1.0,1.0,1.0,sotap,1,low,,,espanol_uno_mas_adultos,adultos_ninguno_analfabeta,0.0,0,0,11.93561888,0.0,2.35527423,12.31971903117728,EXCLUSION,0.175061
2023-07,No Elegible,Vulnerabilidad Elevada,2.700708215,1.0,1.0,1.0,1.776038647,2.823478261,1.790108696,1.0,sotap,2,complete,jefatura_femenina,si,espanol_uno_mas_adultos,adultos_ninguno_analfabeta,0.0,0,0,9.472088355,26.18890898,3.012873318,35.123033330466875,EXCLUSION,0.148011
2023-12,Elegible,Vulnerabilidad Moderada,2.700708215,1.0,2.578385269,1.0,1.0,1.0,1.790108696,1.0,sotap,1,low,,,espanol_uno_mas_adultos,adultos_ninguno_analfabeta,0.0,0,0,20.97871872,5.614422911,2.78114772,27.08758003442943,INCLUSION,0.209259
2024-03,Lista de Reserva,Vulnerabilidad Moderada,1.0,1.0,1.0,1.0,1.776038647,2.823478261,1.790108696,1.0,sotap,1,low,,,espanol_uno_mas_adultos,adultos_ninguno_analfabeta,0.0,0,0,0.0,26.18890898,2.730928248,25.34612370011462,EXCLUSION,0.244305
2023-06,No Elegible,Vulnerabilidad Elevada,2.700708215,1.0,1.249197356,1.0,1.776038647,2.117608696,1.790108696,1.043888889,fupal,4,average,jefatura_masculina,si,espanol_uno_mas_adultos,adultos_ninguno_analfabeta,0.0,0,0,11.93561888,22.50821784,2.983474979,34.10359991286824,EXCLUSION,0.153852
2023-07,No Elegible,Vulnerabilidad Moderada,2.070141643,1.0,1.0,1.0,1.776038647,1.498900966,2.580217391,1.043888889,sotap,1,low,,,espanol_uno_mas_adultos,adultos_ninguno_analfabeta,,0,0,6.702282231,22.80125306,2.835878661,28.985454310751948,EXCLUSION,0.141582
2024-03,No Elegible,Vulnerabilidad Baja,1.0,1.0,1.0,1.0,1.776038647,2.117608696,1.790108696,1.0,sotap,1,low,,,espanol_uno_mas_adultos,adultos_ninguno_analfabeta,,0,0,0.0,21.88512181,2.610810239,21.18083670503239,EXCLUSION,0.240035
2023-11,Lista de Reserva,Vulnerabilidad Moderada,1.0,1.0,1.0,1.0,1.776038647,2.823478261,1.790108696,1.0,sotap,2,average,jefatura_femenina,si,espanol_uno_mas_adultos,adultos_ninguno_analfabeta,,0,0,0.0,26.18890898,2.730928248,25.34612370011462,EXCLUSION,0.242597
2023-10,No Elegible,Vulnerabilidad Baja,2.070141643,1.525552408,1.0,1.0,1.776038647,1.0,1.0,1.0,sotap,1,low,,,espanol_ningun_adulto,adultos_ninguno_analfabeta,,0,0,11.1900528,5.532745347,2.487499832,16.904855958144992,EXCLUSION,0.231897
2024-07,No Elegible,Vulnerabilidad Baja,1.0,1.0,3.251728045,1.0,1.776038647,1.0,1.790108696,1.0,sotap,1,low,,,espanol_uno_mas_adultos,adultos_ninguno_analfabeta,-500.0,0,0,11.51832969,12.01413641,2.678165869,23.51651054394368,EXCLUSION,0.216366
2023-08,Elegible,Vulnerabilidad Moderada,1.0,1.525552408,1.0,1.0,1.776038647,2.823478261,1.790108696,1.0,sotap,1,low,,,espanol_uno_mas_adultos,adultos_ninguno_analfabeta,0.0,0,0,3.741369748,26.18890898,2.842293421,29.20789446797501,INCLUSION,0.253544
2024-02,No Elegible,Vulnerabilidad Baja,2.070141643,1.0,1.0,1.0,1.776038647,1.0,1.790108696,1.043888889,sotap,1,low,,,espanol_uno_mas_adultos,adultos_ninguno_analfabeta,,0,0,6.702282231,12.53066404,2.549228169,19.04538311600457,EXCLUSION,0.173896
2023-07,No Elegible,Vulnerabilidad Elevada,2.700708215,1.0,3.251728045,1.0,1.776038647,2.117608696,1.790108696,1.0,sotap,3,average,jefatura_masculina,no,espanol_uno_mas_adultos,adultos_ninguno_analfabeta,0.0,0,0,24.2379543,21.88512181,3.33227434,46.19879261236069,EXCLUSION,0.201038
2023-07,Lista de Reserva,Vulnerabilidad Baja,2.070141643,1.0,1.0,1.0,1.0,1.0,1.0,1.043888889,sotap,1,low,,,espanol_uno_mas_adultos,adultos_ninguno_analfabeta,,0,0,6.702282231,0.386821499,2.210295472,7.2923415718164915,EXCLUSION,0.124675
2024-02,No Elegible,Vulnerabilidad Baja,2.700708215,1.0,2.578385269,1.0,1.0,1.0,1.0,1.0,fupal,2,low,jefatura_femenina,no,espanol_uno_mas_adultos,adultos_ninguno_analfabeta,,0,0,20.97871872,0.0,2.624450078,21.65383486712832,EXCLUSION,0.223432
2024-02,No Elegible por Duplicidad,Vulnerabilidad Severa,2.700708215,2.051104816,3.251728045,1.0,1.776038647,2.823478261,2.580217391,1.043888889,foten,1,low,,,espanol_uno_mas_adultos,adultos_ninguno_analfabeta,0.0,0,0,35.61565687,32.85812825,3.977196548,68.56252514852022,EXCLUSION,0.279929
2024-01,Elegible,Vulnerabilidad Moderada,2.070141643,1.0,1.0,1.0,1.776038647,2.117608696,1.790108696,1.043888889,sotap,4,average,jefatura_femenina,si,espanol_uno_mas_adultos,adultos_ninguno_analfabeta,0.0,0,0,6.702282231,22.50821784,2.827700095,28.70184925716677,INCLUSION,0.249922
2024-04,No Elegible por Duplicidad,Vulnerabilidad Elevada,1.599560907,1.0,2.578385269,1.0,1.776038647,2.823478261,1.790108696,1.043888889,sotap,3,low,jefatura_masculina,no,espanol_uno_mas_adultos,adultos_ninguno_analfabeta,0.0,0,0,14.28054816,26.85846924,3.174688687,40.73424732172453,EXCLUSION,0.229666
2024-03,Elegible,Vulnerabilidad Baja,1.0,1.0,1.0,1.0,1.0,1.498900966,1.790108696,1.738466184,sotap,1,low,,,espanol_uno_mas_adultos,adultos_uno_mas_analfabeta,,0,0,0.0,16.8262746,2.469618625,16.2847882570974,INCLUSION,0.201445
2024-06,Lista de Reserva,Vulnerabilidad Baja,1.0,1.0,1.0,1.564135978,1.0,1.498900966,1.790108696,1.0,sotap,1,low,,,espanol_uno_mas_adultos,adultos_ninguno_analfabeta,,0,0,3.975239986,10.02735341,2.398188352,13.807830333902256,EXCLUSION,0.116335
2024-02,No Elegible,Vulnerabilidad Baja,1.0,1.0,1.0,1.0,1.0,2.117608696,1.790108696,1.0,sotap,3,low,jefatura_masculina,si,espanol_uno_mas_adultos,adultos_ninguno_analfabeta,,0,0,0.0,14.16503897,2.395343965,13.709193850906429,EXCLUSION,0.198456
2024-06,Lista de Reserva,Vulnerabilidad Elevada,1.0,1.0,2.578385269,1.0,1.776038647,2.823478261,2.580217391,1.0,foten,4,average,jefatura_femenina,si,espanol_uno_mas_adultos,adultos_uno_mas_analfabeta,,0,0,8.975915299,32.12448674,3.163765312,40.35545786145718,EXCLUSION,0.228576
2023-10,No Elegible,Vulnerabilidad Elevada,2.700708215,1.0,1.249197356,1.0,1.776038647,2.117608696,1.790108696,1.0,sotap,3,average,jefatura_femenina,si,espanol_uno_mas_adultos,adultos_ninguno_analfabeta,0.0,0,0,11.93561888,21.88512181,2.966084469,33.50055573620967,EXCLUSION,0.180049
2024-05,No Elegible,Vulnerabilidad Elevada,2.070141643,1.0,2.578385269,1.0,1.776038647,2.117608696,2.580217391,1.043888889,fusal,5,high,jefatura_masculina,no,espanol_uno_mas_adultos,adultos_ninguno_analfabeta,0.0,0,0,17.46888676,28.09152966,3.304006918,45.2185691488351,EXCLUSION,0.217937
2023-06,No Elegible,Vulnerabilidad Moderada,1.0,1.0,1.0,1.0,1.776038647,2.823478261,2.580217391,1.0,foten,1,low,,,espanol_uno_mas_adultos,adultos_ninguno_analfabeta,,0,0,0.0,32.12448674,2.896589272,31.09068863222006,EXCLUSION,0.203941
2024-02,Lista de Reserva,Vulnerabilidad Moderada,1.0,1.0,1.0,1.0,1.776038647,2.823478261,1.790108696,1.0,sotap,1,low,,,espanol_uno_mas_adultos,adultos_ninguno_analfabeta,,0,0,0.0,26.18890898,2.730928248,25.34612370011462,EXCLUSION,0.240109
2023-07,No Elegible,Vulnerabilidad Elevada,1.0,1.0,1.0,1.0,1.776038647,2.823478261,2.580217391,1.043888889,sotap,1,low,,,espanol_uno_mas_adultos,adultos_ninguno_analfabeta,0.0,0,0,0.0,32.85812825,2.917065088,31.80072082478675,EXCLUSION,0.168526
2023-08,No Elegible,Vulnerabilidad Baja,2.700708215,1.0,1.0,1.0,1.0,1.498900966,2.580217391,1.043888889,sotap,1,low,,,espanol_uno_mas_adultos,adultos_ninguno_analfabeta,,0,0,9.472088355,14.95862607,2.699437924,24.254152154793587,EXCLUSION,0.154358
2023-08,Lista de Reserva,Vulnerabilidad Moderada,1.0,1.0,1.0,1.0,1.776038647,2.117608696,2.580217391,1.043888889,sotap,1,low,,,espanol_uno_mas_adultos,adultos_ninguno_analfabeta,,0,0,0.0,28.09152966,2.784030087,27.18751614401154,EXCLUSION,0.216270
2023-06,No Elegible,Vulnerabilidad Moderada,1.0,1.0,1.0,1.0,1.776038647,2.823478261,2.580217391,1.0,sotap,3,average,jefatura_masculina,no,espanol_uno_mas_adultos,adultos_ninguno_analfabeta,,0,0,0.0,32.12448674,2.896589272,31.09068863222006,EXCLUSION,0.207904
2023-09,Lista de Reserva,Vulnerabilidad Elevada,1.0,1.0,2.578385269,1.0,1.776038647,2.823478261,2.580217391,1.0,foten,4,average,jefatura_masculina,no,espanol_uno_mas_adultos,adultos_ninguno_analfabeta,-500.0,0,0,8.975915299,32.12448674,3.163765312,40.35545786145718,EXCLUSION,0.275521
2023-12,No Elegible,Vulnerabilidad Elevada,2.070141643,1.0,1.0,1.0,1.776038647,2.823478261,1.790108696,1.043888889,foten,2,average,jefatura_femenina,si,espanol_uno_mas_adultos,adultos_ninguno_analfabeta,,0,0,6.702282231,26.85846924,2.949114914,32.912105216863374,EXCLUSION,0.248012
2023-09,No Elegible,Vulnerabilidad Baja,1.0,1.0,1.0,1.0,1.776038647,1.498900966,1.790108696,1.0,sotap,4,average,jefatura_masculina,no,espanol_ningun_adulto,adultos_ninguno_analfabeta,,0,0,0.0,17.10850297,2.477495573,16.55793423592243,EXCLUSION,0.196457
2023-12,Elegible,Vulnerabilidad Baja,1.0,1.0,2.578385269,1.0,1.0,1.0,2.580217391,1.043888889,sotap,1,low,,,espanol_uno_mas_adultos,adultos_ninguno_analfabeta,0.0,-500,0,8.975915299,10.07114734,2.548260147,19.01181697668858,INCLUSION,0.279355
2024-06,No Elegible,Vulnerabilidad Elevada,2.700708215,1.0,2.578385269,1.0,1.776038647,2.823478261,1.790108696,1.043888889,sotap,3,complete,jefatura_femenina,si,espanol_uno_mas_adultos,adultos_ninguno_analfabeta,0.0,0,0,20.97871872,26.85846924,3.374065645,47.64797170851588,EXCLUSION,0.163689
2023-10,No Elegible por Intenciones,Vulnerabilidad Baja,1.0,1.0,1.0,1.0,1.776038647,1.0,1.790108696,1.0,sotap,1,low,,,espanol_uno_mas_adultos,adultos_ninguno_analfabeta,0.0,0,0,0.0,12.01413641,2.33531262,11.62750948618979,EXCLUSION,0.199517
2024-01,No Elegible,Vulnerabilidad Moderada,1.0,1.525552408,1.0,1.0,1.776038647,2.823478261,1.790108696,1.0,sotap,1,low,,,espanol_uno_mas_adultos,adultos_ninguno_analfabeta,,0,0,3.741369748,26.18890898,2.842293421,29.20789446797501,EXCLUSION,0.272057
2023-11,Lista de Reserva,Vulnerabilidad Baja,1.0,1.0,1.0,1.0,1.0,1.0,1.790108696,1.0,sotap,1,low,,,espanol_uno_mas_adultos,adultos_ninguno_analfabeta,-500.0,0,0,0.0,5.614422911,2.156697643,5.433745167301109,EXCLUSION,0.177479
2023-06,No Elegible,Vulnerabilidad Moderada,1.0,2.051104816,2.578385269,1.564135978,1.0,1.498900966,1.0,1.0,sotap,1,low,,,espanol_ningun_adulto,adultos_ninguno_analfabeta,0.0,0,0,23.37941737,3.815111519,2.802388142,27.82412781559103,EXCLUSION,0.238442
2024-03,Elegible,Vulnerabilidad Baja,1.0,1.0,1.0,1.0,1.776038647,2.117608696,1.0,1.0,sotap,4,average,jefatura_masculina,no,espanol_uno_mas_adultos,adultos_ninguno_analfabeta,0.0,0,0,0.0,14.06650994,2.392594036,13.61383558362086,INCLUSION,0.243867
2024-05,No Elegible,Vulnerabilidad Baja,1.0,1.0,1.0,1.0,1.776038647,2.117608696,1.790108696,1.0,sotap,1,low,,,espanol_uno_mas_adultos,adultos_ninguno_analfabeta,,0,0,0.0,21.88512181,2.610810239,21.18083670503239,EXCLUSION,0.196157
2023-06,No Elegible,Vulnerabilidad Severa,2.700708215,1.0,2.578385269,1.0,1.776038647,2.823478261,2.580217391,1.043888889,sotap,3,average,jefatura_femenina,si,espanol_ningun_adulto,adultos_ninguno_analfabeta,,0,0,20.97871872,32.85812825,3.541515166,53.45455569191508,EXCLUSION,0.156597
2023-06,Lista de Reserva,Vulnerabilidad Baja,1.0,1.0,1.0,1.0,1.0,1.498900966,1.790108696,1.043888889,pcr_cdmx,1,low,,,espanol_ningun_adulto,adultos_ninguno_analfabeta,,0,0,0.0,10.52243148,2.293679375,10.18380911254212,EXCLUSION,0.164984
2023-07,No Elegible,Vulnerabilidad Elevada,2.700708215,1.0,2.578385269,1.0,1.776038647,2.117608696,1.790108696,1.0,sotap,1,low,,,espanol_uno_mas_adultos,adultos_ninguno_analfabeta,,0,0,20.97871872,21.88512181,3.235260316,42.83467157216072,EXCLUSION,0.164635
2023-09,No Elegible,Vulnerabilidad Baja,1.0,1.0,1.0,1.0,1.0,1.498900966,1.0,1.0,foten,1,low,,,espanol_uno_mas_adultos,adultos_ninguno_analfabeta,-500.0,0,0,0.0,3.815111519,2.10647915,3.692337415207061,EXCLUSION,0.216640
2024-03,Lista de Reserva,Vulnerabilidad Moderada,1.0,1.0,2.578385269,1.0,1.776038647,2.117608696,1.790108696,1.043888889,foten,1,low,,,espanol_uno_mas_adultos,adultos_ninguno_analfabeta,,0,0,8.975915299,22.50821784,2.89537679,31.04865011092808,EXCLUSION,0.268616
2023-12,Lista de Reserva,Vulnerabilidad Baja,1.0,1.0,1.0,1.0,1.776038647,1.0,1.790108696,1.0,sotap,2,low,jefatura_masculina,no,espanol_uno_mas_adultos,adultos_ninguno_analfabeta,,0,0,0.0,12.01413641,2.33531262,11.62750948618979,EXCLUSION,0.231547
2024-06,No Elegible,Vulnerabilidad Baja,1.0,1.0,1.0,1.0,1.776038647,2.117608696,1.0,1.0,sotap,4,average,jefatura_femenina,si,espanol_uno_mas_adultos,adultos_ninguno_analfabeta,0.0,0,0,0.0,14.06650994,2.392594036,13.61383558362086,EXCLUSION,0.187772
2024-06,No Elegible,Vulnerabilidad Baja,1.0,1.0,1.0,1.0,1.776038647,1.0,1.790108696,1.0,sotap,1,low,,,espanol_uno_mas_adultos,adultos_ninguno_analfabeta,0.0,0,0,0.0,12.01413641,2.33531262,11.62750948618979,EXCLUSION,0.171962
2023-06,Lista de Reserva,Vulnerabilidad Severa,2.700708215,1.0,2.578385269,1.0,1.776038647,2.823478261,2.580217391,1.0,foten,4,average,jefatura_masculina,no,espanol_uno_mas_adultos,adultos_ninguno_analfabeta,,0,0,20.97871872,32.12448674,3.521039349,52.74452349934838,EXCLUSION,0.219660
2024-02,No Elegible,Vulnerabilidad Elevada,2.700708215,1.0,3.251728045,1.0,1.776038647,2.823478261,1.790108696,1.0,sotap,1,low,,,espanol_ningun_adulto,adultos_ninguno_analfabeta,,0,0,24.2379543,26.18890898,3.45239235,50.36407960744292,EXCLUSION,0.287216
2024-01,Lista de Reserva,Vulnerabilidad Moderada,1.0,1.0,1.0,1.0,1.776038647,2.823478261,2.580217391,1.0,sotap,3,low,jefatura_masculina,no,espanol_ningun_adulto,adultos_ninguno_analfabeta,,0,0,0.0,32.12448674,2.896589272,31.09068863222006,EXCLUSION,0.285799
2024-05,Lista de Reserva,Vulnerabilidad Elevada,1.0,1.0,2.578385269,1.0,1.776038647,1.498900966,2.580217391,1.043888889,sotap,1,low,,,espanol_ningun_adulto,adultos_ninguno_analfabeta,0.0,0,0,8.975915299,22.80125306,2.903555356,31.332255164513256,EXCLUSION,0.208117
2023-12,Elegible,Vulnerabilidad Elevada,1.0,1.525552408,2.578385269,1.0,1.776038647,2.823478261,1.790108696,1.0,foten,3,average,jefatura_femenina,si,espanol_uno_mas_adultos,adultos_ninguno_analfabeta,0.0,0,0,13.7168894,26.18890898,3.139223567,39.50443631789602,INCLUSION,0.351984
2023-08,Lista de Reserva,Vulnerabilidad Moderada,1.0,1.0,3.251728045,1.0,1.776038647,1.0,2.580217391,1.0,futij,1,low,,,espanol_uno_mas_adultos,adultos_ninguno_analfabeta,0.0,0,0,11.51832969,16.59309681,2.805963919,27.94811541931128,EXCLUSION,0.269355
2023-10,Elegible,Vulnerabilidad Moderada,1.0,1.0,1.0,1.0,1.776038647,2.823478261,2.580217391,1.0,sotap,9,average,jefatura_femenina,no,espanol_uno_mas_adultos,adultos_ninguno_analfabeta,,0,0,0.0,32.12448674,2.896589272,31.09068863222006,INCLUSION,0.210986
2024-03,No Elegible,Vulnerabilidad Elevada,2.070141643,1.0,1.0,1.0,1.776038647,2.823478261,1.790108696,1.043888889,sotap,4,average,jefatura_masculina,no,espanol_uno_mas_adultos,adultos_ninguno_analfabeta,,0,-500,6.702282231,26.85846924,2.949114914,32.912105216863374,EXCLUSION,0.293545
2023-11,Elegible,Vulnerabilidad Baja,1.0,1.0,1.0,1.0,1.0,1.0,1.0,1.0,sotap,1,low,,,espanol_uno_mas_adultos,adultos_ninguno_analfabeta,-500.0,0,0,0.0,0.0,2.0,0.0,INCLUSION,0.170142
2023-07,Elegible,Vulnerabilidad Baja,1.599560907,1.0,1.0,1.0,1.0,1.0,1.790108696,1.043888889,pcr_cdmx,1,low,,,espanol_uno_mas_adultos,adultos_ninguno_analfabeta,,0,0,4.186184624,6.061858428,2.293790976,10.187681993313475,INCLUSION,0.130855
2024-06,No Elegible,Vulnerabilidad Elevada,1.599560907,1.0,1.0,1.564135978,1.776038647,2.823478261,2.580217391,1.043888889,sotap,4,average,jefatura_femenina,si,espanol_uno_mas_adultos,adultos_ninguno_analfabeta,,0,0,8.656761296,32.85812825,3.174741228,40.73606535605333,EXCLUSION,0.191726
2024-01,Elegible,Vulnerabilidad Moderada,1.0,1.0,1.0,1.0,1.776038647,2.823478261,1.790108696,1.0,fupal,1,low,,,espanol_uno_mas_adultos,adultos_ninguno_analfabeta,,0,0,0.0,26.18890898,2.730928248,25.34612370011462,INCLUSION,0.281421
2024-04,No Elegible por Duplicidad,Vulnerabilidad Baja,1.0,1.0,1.0,1.0,1.776038647,2.117608696,1.790108696,1.0,sotap,1,low,,,espanol_uno_mas_adultos,adultos_ninguno_analfabeta,0.0,0,0,0.0,21.88512181,2.610810239,21.18083670503239,EXCLUSION,0.175850
2023-09,Elegible,Vulnerabilidad Severa,2.700708215,1.0,3.251728045,1.0,1.776038647,2.117608696,2.580217391,1.043888889,foten,3,average,jefatura_masculina,no,espanol_uno_mas_adultos,adultos_ninguno_analfabeta,,0,0,24.2379543,28.09152966,3.505494188,52.20547205133984,INCLUSION,0.240643
2023-07,No Elegible,Vulnerabilidad Elevada,2.070141643,1.0,1.0,1.0,1.776038647,2.823478261,1.790108696,1.043888889,sotap,2,low,jefatura_masculina,no,espanol_uno_mas_adultos,adultos_ninguno_analfabeta,0.0,0,0,6.702282231,26.85846924,2.949114914,32.912105216863374,EXCLUSION,0.180132
2023-11,No Elegible,Vulnerabilidad Baja,1.0,1.0,1.0,1.0,1.0,1.498900966,1.0,1.0,futij,2,average,jefatura_femenina,si,espanol_uno_mas_adultos,adultos_ninguno_analfabeta,0.0,0,0,0.0,3.815111519,2.10647915,3.692337415207061,EXCLUSION,0.230780
2024-04,No Elegible,Vulnerabilidad Elevada,2.070141643,1.0,1.0,1.0,1.776038647,1.498900966,2.580217391,2.544987923,foten,2,average,jefatura_masculina,si,espanol_uno_mas_adultos,adultos_uno_mas_analfabeta,,0,0,6.702282231,37.43330939,3.244257006,43.14663643599621,EXCLUSION,0.185586
2023-08,No Elegible,Vulnerabilidad Moderada,1.0,1.0,1.0,1.0,1.776038647,2.823478261,1.790108696,1.0,sotap,4,average,jefatura_masculina,no,espanol_uno_mas_adultos,adultos_ninguno_analfabeta,0.0,0,0,0.0,26.18890898,2.730928248,25.34612370011462,EXCLUSION,0.249056
2024-01,No Elegible,Vulnerabilidad Elevada,2.700708215,1.0,2.578385269,1.0,1.776038647,2.823478261,1.790108696,1.0,sotap,1,low,,,espanol_uno_mas_adultos,adultos_ninguno_analfabeta,,0,0,20.97871872,26.18890898,3.355378326,46.99995856724294,EXCLUSION,0.264319
2024-04,No Elegible,Vulnerabilidad Elevada,1.0,1.0,1.0,1.0,1.776038647,2.823478261,2.580217391,1.043888889,fupal,1,low,,,espanol_uno_mas_adultos,adultos_ninguno_analfabeta,0.0,0,0,0.0,32.85812825,2.917065088,31.80072082478675,EXCLUSION,0.190928
2023-10,Lista de Reserva,Vulnerabilidad Elevada,1.0,1.0,1.0,1.0,1.776038647,2.823478261,2.580217391,1.043888889,fupal,5,high,jefatura_masculina,no,espanol_ningun_adulto,adultos_ninguno_analfabeta,,0,0,0.0,32.85812825,2.917065088,31.80072082478675,EXCLUSION,0.271311
2024-01,Lista de Reserva,Vulnerabilidad Elevada,1.0,2.051104816,2.578385269,1.0,1.776038647,2.823478261,1.790108696,1.0,sotap,3,average,jefatura_femenina,si,espanol_uno_mas_adultos,adultos_uno_mas_analfabeta,0.0,0,0,17.3510839,26.18890898,3.247398574,43.25558283110052,EXCLUSION,0.403980
2024-06,No Elegible,Vulnerabilidad Moderada,2.700708215,1.0,1.0,1.0,1.776038647,1.0,2.580217391,1.0,foten,1,low,,,espanol_uno_mas_adultos,adultos_ninguno_analfabeta,0.0,0,0,9.472088355,16.59309681,2.74505574,25.83602399190964,EXCLUSION,0.125523
2023-12,No Elegible,Vulnerabilidad Severa,2.700708215,1.0,3.251728045,1.0,1.776038647,2.117608696,2.580217391,1.043888889,sotap,6,high,jefatura_femenina,si,espanol_ningun_adulto,adultos_ninguno_analfabeta,-500.0,0,0,24.2379543,28.09152966,3.505494188,52.20547205133984,EXCLUSION,0.216530
2024-03,Elegible,Vulnerabilidad Elevada,2.070141643,1.0,1.0,1.0,1.776038647,1.498900966,2.580217391,2.544987923,foten,1,low,,,espanol_uno_mas_adultos,adultos_ninguno_analfabeta,0.0,0,0,6.702282231,37.43330939,3.244257006,43.14663643599621,INCLUSION,0.202293
2024-02,Elegible,Vulnerabilidad Elevada,1.0,1.525552408,1.0,1.0,1.776038647,2.823478261,2.580217391,1.0,sotap,1,low,,,espanol_uno_mas_adultos,adultos_ninguno_analfabeta,,0,0,3.741369748,32.12448674,3.007954444,34.95245940008045,INCLUSION,0.227296
2023-09,Elegible,Vulnerabilidad Severa,1.0,2.051104816,2.578385269,1.564135978,1.776038647,2.823478261,2.580217391,1.0,sotap,2,complete,jefatura_femenina,si,espanol_ningun_adulto,adultos_uno_mas_analfabeta,,0,0,23.37941737,32.12448674,3.592498263,55.22247903260403,INCLUSION,0.322079
2024-05,No Elegible,Vulnerabilidad Elevada,2.070141643,1.0,1.0,1.0,1.776038647,1.0,2.580217391,2.544987923,sotap,4,average,jefatura_masculina,no,espanol_uno_mas_adultos,adultos_uno_mas_analfabeta,,0,0,6.702282231,30.38303782,3.047485057,36.32324965539039,EXCLUSION,0.176275
2023-07,No Elegible,Vulnerabilidad Elevada,1.0,1.0,2.578385269,1.0,1.776038647,2.823478261,1.790108696,1.0,fupal,3,average,jefatura_femenina,si,espanol_uno_mas_adultos,adultos_ninguno_analfabeta,,0,0,8.975915299,26.18890898,2.998104289,34.61089292935174,EXCLUSION,0.211387
2024-03,Elegible,Vulnerabilidad Elevada,1.0,1.0,3.251728045,1.0,1.776038647,2.117608696,2.580217391,1.738466184,sotap,1,low,,,espanol_ningun_adulto,adultos_ninguno_analfabeta,-500.0,0,0,11.51832969,36.78475459,3.369509848,47.4899854602931,INCLUSION,0.245131
2024-01,No Elegible,Vulnerabilidad Elevada,2.700708215,1.0,1.249197356,1.0,1.776038647,1.0,1.790108696,2.544987923,foten,2,average,jefatura_femenina,si,espanol_uno_mas_adultos,adultos_ninguno_analfabeta,,0,0,11.93561888,24.59957006,3.041844284,36.12765032707642,EXCLUSION,0.234384
2023-10,No Elegible,Vulnerabilidad Elevada,2.700708215,1.0,1.249197356,1.0,1.776038647,2.823478261,1.790108696,1.043888889,sotap,6,average,jefatura_masculina,no,espanol_uno_mas_adultos,adultos_ninguno_analfabeta,,0,0,11.93561888,26.85846924,3.104889798,38.31385587256485,EXCLUSION,0.243775
2023-07,No Elegible por Duplicidad,Vulnerabilidad Baja,1.0,1.0,1.0,1.0,1.776038647,2.823478261,1.0,1.0,foten,4,average,jefatura_masculina,no,espanol_uno_mas_adultos,adultos_ninguno_analfabeta,,0,0,0.0,17.78726377,2.496439678,17.21485183461763,EXCLUSION,0.215531
2024-01,Elegible,Vulnerabilidad Elevada,2.700708215,1.525552408,1.249197356,1.0,1.776038647,2.117608696,1.790108696,1.043888889,sotap,1,low,,,espanol_ningun_adulto,adultos_ninguno_analfabeta,,0,0,17.00620089,22.50821784,3.134405327,39.33735832253205,INCLUSION,0.238275
2023-11,No Elegible,Vulnerabilidad Elevada,2.070141643,1.0,1.0,1.0,1.776038647,2.823478261,2.580217391,1.043888889,sotap,1,low,,,espanol_uno_mas_adultos,adultos_ninguno_analfabeta,0.0,0,0,6.702282231,32.85812825,3.116564434,38.71868920026256,EXCLUSION,0.225371
2024-05,Elegible,Vulnerabilidad Baja,1.0,1.0,1.0,1.0,1.776038647,2.117608696,1.0,1.738466184,pcr_cdmx,4,average,jefatura_masculina,no,espanol_ningun_adulto,adultos_ninguno_analfabeta,,0,0,0.0,21.46429064,2.599064908,20.77354830291416,INCLUSION,0.211575
2024-06,No Elegible,Vulnerabilidad Baja,1.0,1.0,1.0,1.0,1.776038647,2.117608696,1.790108696,1.0,sotap,1,low,,,espanol_uno_mas_adultos,adultos_ninguno_analfabeta,,0,0,0.0,21.88512181,2.610810239,21.18083670503239,EXCLUSION,0.162963
2024-06,No Elegible,Vulnerabilidad Moderada,1.0,2.051104816,1.0,2.128271955,1.0,1.0,2.580217391,1.0,sotap,3,average,jefatura_masculina,no,espanol_ningun_adulto,adultos_ninguno_analfabeta,,0,0,14.96519485,9.580889352,2.712853317,24.719356537231132,EXCLUSION,0.244374
2024-06,No Elegible,Vulnerabilidad Moderada,1.0,1.0,1.0,1.0,1.776038647,2.823478261,2.580217391,1.0,sotap,5,average,jefatura_femenina,si,espanol_uno_mas_adultos,adultos_ninguno_analfabeta,0.0,0,0,0.0,32.12448674,2.896589272,31.09068863222006,EXCLUSION,0.159400
2023-08,No Elegible,Vulnerabilidad Elevada,1.0,2.051104816,2.578385269,1.564135978,1.776038647,2.823478261,1.790108696,1.0,sotap,1,low,,,espanol_uno_mas_adultos,adultos_ninguno_analfabeta,0.0,0,0,23.37941737,26.18890898,3.42683724,49.4779141004986,EXCLUSION,0.312539
2023-10,Elegible,Vulnerabilidad Elevada,1.0,1.0,2.578385269,1.0,1.776038647,2.823478261,2.580217391,1.738466184,sotap,3,complete,jefatura_femenina,si,espanol_uno_mas_adultos,adultos_ninguno_analfabeta,,-500,0,8.975915299,42.19960637,3.444960285,50.10635006664415,INCLUSION,0.267304
2024-02,Lista de Reserva,Vulnerabilidad Elevada,1.0,1.0,2.578385269,1.0,1.776038647,2.823478261,2.580217391,1.0,sotap,1,low,,,espanol_ningun_adulto,adultos_ninguno_analfabeta,0.0,0,0,8.975915299,32.12448674,3.163765312,40.35545786145718,EXCLUSION,0.283568
2024-03,No Elegible,Vulnerabilidad Elevada,2.070141643,1.0,1.0,1.0,1.776038647,2.823478261,2.580217391,1.043888889,foten,1,low,,,espanol_uno_mas_adultos,adultos_ninguno_analfabeta,0.0,0,0,6.702282231,32.85812825,3.116564434,38.71868920026256,EXCLUSION,0.238763
2023-08,No Elegible,Vulnerabilidad Baja,2.070141643,1.0,1.0,1.0,1.0,1.0,1.0,1.0,futij,1,low,,,espanol_uno_mas_adultos,adultos_ninguno_analfabeta,,0,0,6.702282231,0.0,2.199499346,6.917968375475811,EXCLUSION,0.180276
2024-04,No Elegible por Duplicidad,Vulnerabilidad Baja,1.0,1.0,2.578385269,1.0,1.776038647,1.0,1.790108696,1.043888889,sotap,1,low,,,espanol_uno_mas_adultos,adultos_ninguno_analfabeta,,0,0,8.975915299,12.53066404,2.616904864,21.39218396976588,EXCLUSION,0.192027
2023-12,Lista de Reserva,Vulnerabilidad Elevada,1.599560907,1.0,2.578385269,1.0,1.776038647,1.0,1.790108696,2.544987923,sotap,3,low,jefatura_femenina,no,espanol_uno_mas_adultos,adultos_ninguno_analfabeta,-500.0,0,0,14.28054816,24.59957006,3.111643173,38.5480417762361,EXCLUSION,0.219332
2023-09,No Elegible por Intenciones,Vulnerabilidad Baja,1.0,1.0,1.0,1.0,1.776038647,1.0,1.790108696,1.0,pcr_cdmx,1,low,,,espanol_uno_mas_adultos,adultos_ninguno_analfabeta,0.0,0,0,0.0,12.01413641,2.33531262,11.62750948618979,EXCLUSION,0.243869
2024-05,No Elegible,Vulnerabilidad Moderada,1.0,1.0,1.0,1.0,1.776038647,2.823478261,1.790108696,1.0,futij,4,average,jefatura_femenina,si,espanol_uno_mas_adultos,adultos_ninguno_analfabeta,,0,0,0.0,26.18890898,2.730928248,25.34612370011462,EXCLUSION,0.209886
2023-10,No Elegible,Vulnerabilidad Elevada,1.0,1.0,2.578385269,1.0,1.776038647,2.117608696,2.580217391,1.043888889,foten,2,average,jefatura_masculina,no,espanol_uno_mas_adultos,adultos_ninguno_analfabeta,,0,0,8.975915299,28.09152966,3.051206127,36.45228537324866,EXCLUSION,0.301829
2023-07,Lista de Reserva,Vulnerabilidad Baja,2.700708215,1.0,1.249197356,1.0,1.776038647,1.498900966,1.0,1.0,sotap,1,low,,,espanol_uno_mas_adultos,adultos_ninguno_analfabeta,500.0,0,0,11.93561888,9.93697889,2.632613717,21.936916003518192,EXCLUSION,0.162021
2023-10,No Elegible,Vulnerabilidad Moderada,1.0,1.0,1.0,1.0,1.776038647,2.823478261,1.790108696,1.0,fupal,1,low,,,espanol_uno_mas_adultos,adultos_ninguno_analfabeta,0.0,0,0,0.0,26.18890898,2.730928248,25.34612370011462,EXCLUSION,0.272176
2024-06,Elegible,Vulnerabilidad Baja,2.070141643,1.0,1.0,1.0,1.0,2.117608696,1.790108696,1.043888889,pcr_cdmx,1,low,,,espanol_ningun_adulto,adultos_ninguno_analfabeta,0.0,0,0,6.702282231,14.70478802,2.60990762,21.14954161220419,INCLUSION,0.145304
2024-02,No Elegible,Vulnerabilidad Elevada,2.070141643,1.0,1.0,1.0,1.776038647,2.117608696,2.580217391,2.544987923,sotap,2,complete,jefatura_femenina,si,espanol_uno_mas_adultos,adultos_ninguno_analfabeta,,0,0,6.702282231,44.04383881,3.428755821,49.5444324087312,EXCLUSION,0.165265
2023-10,No Elegible,Vulnerabilidad Baja,1.0,1.0,1.0,1.0,1.0,1.0,1.790108696,1.0,sotap,2,average,jefatura_femenina,si,espanol_uno_mas_adultos,adultos_ninguno_analfabeta,,0,0,0.0,5.614422911,2.156697643,5.433745167301109,EXCLUSION,0.194468
2023-10,Elegible,Vulnerabilidad Elevada,1.0,1.0,1.0,1.0,1.776038647,2.823478261,2.580217391,1.043888889,sotap,2,average,jefatura_femenina,si,espanol_uno_mas_adultos,adultos_ninguno_analfabeta,0.0,0,0,0.0,32.85812825,2.917065088,31.80072082478675,INCLUSION,0.228492
2023-12,Elegible,Vulnerabilidad Elevada,1.0,2.051104816,1.0,1.0,1.776038647,2.823478261,1.790108696,1.0,sotap,2,average,jefatura_masculina,no,espanol_ningun_adulto,adultos_ninguno_analfabeta,0.0,0,0,6.609317356,26.18890898,2.927660413,32.16813549794806,INCLUSION,0.281761
2024-03,No Elegible,Vulnerabilidad Baja,1.0,1.0,1.0,1.0,1.0,1.0,1.790108696,1.0,sotap,1,low,,,espanol_uno_mas_adultos,adultos_ninguno_analfabeta,0.0,0,0,0.0,5.614422911,2.156697643,5.433745167301109,EXCLUSION,0.193301
2023-11,No Elegible,Vulnerabilidad Elevada,2.070141643,1.0,1.0,1.0,1.776038647,1.498900966,2.580217391,2.544987923,futij,2,average,jefatura_femenina,si,espanol_ningun_adulto,adultos_ninguno_analfabeta,,0,0,6.702282231,37.43330939,3.244257006,43.14663643599621,EXCLUSION,0.239254
2023-10,Lista de Reserva,Vulnerabilidad Baja,1.0,1.0,1.0,1.0,1.0,1.498900966,1.0,1.0,sotap,3,low,jefatura_masculina,no,espanol_ningun_adulto,adultos_ninguno_analfabeta,,0,0,0.0,3.815111519,2.10647915,3.692337415207061,EXCLUSION,0.228053
2023-06,No Elegible,Vulnerabilidad Moderada,1.0,1.0,2.578385269,1.0,1.0,2.823478261,1.790108696,1.0,sotap,1,low,,,espanol_ningun_adulto,adultos_ninguno_analfabeta,,0,0,8.975915299,17.8931401,2.76657071,26.58209018767902,EXCLUSION,0.242709
2024-05,Lista de Reserva,Vulnerabilidad Baja,1.0,1.0,1.0,1.0,1.0,2.117608696,2.580217391,1.0,sotap,2,low,jefatura_femenina,no,espanol_ningun_adulto,adultos_ninguno_analfabeta,,0,0,0.0,18.94985465,2.528887403,18.340029377508348,EXCLUSION,0.183649
2024-05,Lista de Reserva,Vulnerabilidad Severa,2.070141643,1.0,1.0,1.0,1.776038647,2.823478261,2.580217391,2.544987923,futij,3,average,jefatura_femenina,si,espanol_uno_mas_adultos,adultos_ninguno_analfabeta,,0,0,6.702282231,50.0,3.594991325,55.308918375475805,EXCLUSION,0.191444
2023-08,No Elegible,Vulnerabilidad Baja,1.0,1.0,1.0,1.0,1.776038647,2.117608696,1.790108696,1.0,sotap,1,low,,,espanol_ningun_adulto,adultos_ninguno_analfabeta,,0,0,0.0,21.88512181,2.610810239,21.18083670503239,EXCLUSION,0.239229
2024-04,No Elegible,Vulnerabilidad Baja,1.0,1.0,2.578385269,1.0,1.776038647,1.0,1.790108696,1.0,sotap,1,low,,,espanol_uno_mas_adultos,adultos_ninguno_analfabeta,0.0,0,0,8.975915299,12.01413641,2.602488661,20.89227871542691,EXCLUSION,0.204623
2024-02,No Elegible,Vulnerabilidad Baja,1.0,1.525552408,1.0,1.564135978,1.776038647,1.498900966,1.0,1.0,sotap,1,low,,,espanol_uno_mas_adultos,adultos_ninguno_analfabeta,0.0,0,0,8.159313021,9.93697889,2.52020864,18.039084845669716,EXCLUSION,0.208644
2023-07,Lista de Reserva,Vulnerabilidad Baja,1.0,1.0,1.0,1.0,1.776038647,1.498900966,1.0,1.0,sotap,1,low,,,espanol_uno_mas_adultos,adultos_uno_mas_analfabeta,,0,0,0.0,9.93697889,2.277339487,9.61719697234091,EXCLUSION,0.177728
2023-08,Elegible,Vulnerabilidad Baja,1.0,1.0,1.0,1.0,1.0,1.0,2.580217391,1.0,fomon,2,average,jefatura_femenina,si,espanol_uno_mas_adultos,adultos_ninguno_analfabeta,0.0,0,0,0.0,9.580889352,2.267401085,9.272566751763287,INCLUSION,0.195654
2023-12,No Elegible por Duplicidad,Vulnerabilidad Baja,1.0,1.525552408,1.0,1.0,1.776038647,1.0,1.0,1.0,sotap,1,low,,,espanol_uno_mas_adultos,adultos_ninguno_analfabeta,,0,0,3.741369748,5.532745347,2.265783208,9.21646683684858,EXCLUSION,0.233227
2023-07,Lista de Reserva,Vulnerabilidad Baja,1.0,1.0,1.0,1.0,1.0,1.498900966,1.0,1.0,futij,2,low,jefatura_masculina,no,espanol_ningun_adulto,adultos_ninguno_analfabeta,,0,-500,0.0,3.815111519,2.10647915,3.692337415207061,EXCLUSION,0.198883
2024-06,No Elegible,Vulnerabilidad Baja,1.0,2.051104816,1.0,1.0,1.0,1.0,1.0,1.0,fusal,2,average,jefatura_femenina,si,espanol_uno_mas_adultos,adultos_ninguno_analfabeta,-500.0,0,0,6.609317356,0.0,2.196732164,6.8220117978334365,EXCLUSION,0.131205
2024-04,No Elegible,Vulnerabilidad Moderada,2.700708215,1.0,2.578385269,1.0,1.0,2.117608696,1.0,1.0,sotap,1,low,,,espanol_ningun_adulto,adultos_ninguno_analfabeta,,0,0,20.97871872,7.392265486,2.830767021,28.808209857523355,EXCLUSION,0.174283
2023-11,No Elegible,Vulnerabilidad Moderada,1.0,1.0,1.0,1.0,1.776038647,2.823478261,2.580217391,1.0,sotap,1,low,,,espanol_ningun_adulto,adultos_ninguno_analfabeta,,0,0,0.0,32.12448674,2.896589272,31.09068863222006,EXCLUSION,0.252016
2023-10,No Elegible por Intenciones,Vulnerabilidad Moderada,1.0,1.0,1.0,1.0,1.776038647,2.823478261,1.790108696,1.0,sotap,4,average,jefatura_masculina,no,espanol_uno_mas_adultos,adultos_ninguno_analfabeta,0.0,0,0,0.0,26.18890898,2.730928248,25.34612370011462,EXCLUSION,0.238985
2023-11,No Elegible,Vulnerabilidad Moderada,1.0,1.0,1.0,1.0,1.776038647,2.823478261,2.580217391,1.0,sotap,1,low,,,espanol_ningun_adulto,adultos_ninguno_analfabeta,0.0,0,0,0.0,32.12448674,2.896589272,31.09068863222006,EXCLUSION,0.258626
2023-09,Elegible,Vulnerabilidad Baja,1.0,1.0,1.0,1.0,1.776038647,2.117608696,1.790108696,1.0,fupal,1,low,,,espanol_uno_mas_adultos,adultos_ninguno_analfabeta,0.0,0,0,0.0,21.88512181,2.610810239,21.18083670503239,INCLUSION,0.240318
2023-10,No Elegible,Vulnerabilidad Moderada,1.0,1.0,1.0,1.0,1.776038647,2.117608696,2.580217391,1.043888889,sotap,4,average,jefatura_femenina,si,espanol_uno_mas_adultos,adultos_ninguno_analfabeta,,0,0,0.0,28.09152966,2.784030087,27.18751614401154,EXCLUSION,0.231384
2023-10,No Elegible,Vulnerabilidad Moderada,2.700708215,1.0,1.249197356,1.0,1.776038647,1.498900966,1.790108696,1.0,pcr_cdmx,1,low,,,espanol_uno_mas_adultos,adultos_ninguno_analfabeta,-500.0,0,0,11.93561888,17.10850297,2.832769803,28.87765326709971,EXCLUSION,0.189418
2023-07,No Elegible,Vulnerabilidad Baja,1.0,1.0,2.578385269,1.0,1.0,1.0,1.790108696,1.043888889,foten,1,low,,,espanol_uno_mas_adultos,adultos_ninguno_analfabeta,,0,0,8.975915299,6.061858428,2.436361537,15.13155099116565,EXCLUSION,0.197982
2024-02,Elegible,Vulnerabilidad Moderada,1.0,1.0,1.0,1.0,1.776038647,2.823478261,1.790108696,1.0,sotap,1,low,,,espanol_uno_mas_adultos,adultos_ninguno_analfabeta,,0,0,0.0,26.18890898,2.730928248,25.34612370011462,INCLUSION,0.240109
2023-08,Elegible,Vulnerabilidad Moderada,1.0,1.0,1.0,1.0,1.776038647,2.823478261,2.580217391,1.0,sotap,1,low,,,espanol_ningun_adulto,adultos_ninguno_analfabeta,0.0,0,-500,0.0,32.12448674,2.896589272,31.09068863222006,INCLUSION,0.297552
2023-06,No Elegible,Vulnerabilidad Moderada,1.0,1.0,1.0,1.0,1.776038647,2.117608696,2.580217391,1.043888889,foten,3,average,jefatura_masculina,no,espanol_uno_mas_adultos,adultos_ninguno_analfabeta,,0,0,0.0,28.09152966,2.784030087,27.18751614401154,EXCLUSION,0.189319
2023-09,Elegible,Vulnerabilidad Elevada,2.700708215,1.0,2.578385269,2.128271955,1.776038647,1.0,2.580217391,1.0,sotap,1,low,,,espanol_uno_mas_adultos,adultos_ninguno_analfabeta,,0,0,32.32102758,16.59309681,3.425174581,49.42026493010937,INCLUSION,0.155255
2024-05,Lista de Reserva,Vulnerabilidad Baja,1.0,1.0,1.0,1.0,1.776038647,1.498900966,1.790108696,1.0,sotap,2,low,jefatura_masculina,no,espanol_uno_mas_adultos,adultos_ninguno_analfabeta,,-500,0,0.0,17.10850297,2.477495573,16.55793423592243,EXCLUSION,0.245332
2024-04,No Elegible,Vulnerabilidad Elevada,1.0,2.051104816,2.578385269,1.0,1.776038647,2.823478261,1.790108696,1.0,fupal,3,average,jefatura_femenina,no,espanol_uno_mas_adultos,adultos_ninguno_analfabeta,-500.0,0,0,17.3510839,26.18890898,3.247398574,43.25558283110052,EXCLUSION,0.292285
2023-09,Lista de Reserva,Vulnerabilidad Elevada,1.0,2.051104816,2.578385269,1.0,1.776038647,2.117608696,1.790108696,1.0,sotap,4,average,jefatura_femenina,si,espanol_uno_mas_adultos,adultos_ninguno_analfabeta,0.0,0,0,17.3510839,21.88512181,3.127280564,39.090295836018285,EXCLUSION,0.266492
2024-03,Elegible,Vulnerabilidad Baja,1.0,1.0,1.0,1.0,1.776038647,2.117608696,1.790108696,1.0,foten,1,low,,,espanol_ningun_adulto,adultos_ninguno_analfabeta,,0,0,0.0,21.88512181,2.610810239,21.18083670503239,INCLUSION,0.259150
2024-05,Lista de Reserva,Vulnerabilidad Elevada,2.070141643,1.0,1.0,1.0,1.776038647,2.823478261,1.790108696,1.0,sotap,4,average,jefatura_masculina,no,espanol_uno_mas_adultos,adultos_ninguno_analfabeta,-500.0,0,0,6.702282231,26.18890898,2.930427594,32.26409207559043,EXCLUSION,0.176911
2024-01,No Elegible,Vulnerabilidad Elevada,2.070141643,1.0,1.0,1.0,1.776038647,2.823478261,2.580217391,1.043888889,foten,2,average,jefatura_femenina,si,espanol_uno_mas_adultos,adultos_uno_mas_analfabeta,0.0,0,0,6.702282231,32.85812825,3.116564434,38.71868920026256,EXCLUSION,0.279614
2024-03,Elegible,Vulnerabilidad Elevada,1.0,1.525552408,3.251728045,1.0,1.776038647,2.117608696,1.790108696,1.0,sotap,2,complete,jefatura_femenina,si,espanol_uno_mas_adultos,adultos_ninguno_analfabeta,0.0,0,0,16.54244021,21.88512181,3.103210571,38.2556291834304,INCLUSION,0.254656
2024-01,No Elegible,Vulnerabilidad Baja,2.700708215,1.0,2.578385269,1.0,1.0,1.0,1.0,1.0,sotap,1,low,,,espanol_uno_mas_adultos,adultos_ninguno_analfabeta,0.0,0,0,20.97871872,0.0,2.624450078,21.65383486712832,EXCLUSION,0.235241
2024-05,No Elegible,Vulnerabilidad Baja,1.0,1.0,1.0,1.0,1.0,2.117608696,1.0,1.0,,1,low,,,espanol_uno_mas_adultos,adultos_ninguno_analfabeta,-500.0,0,0,0.0,7.392265486,2.206316944,7.154374990395034,EXCLUSION,0.196585
2024-01,Lista de Reserva,Vulnerabilidad Baja,1.0,1.0,1.0,1.0,1.776038647,2.117608696,1.0,1.0,sotap,5,average,jefatura_femenina,no,espanol_uno_mas_adultos,adultos_ninguno_analfabeta,0.0,0,-500,0.0,14.06650994,2.392594036,13.61383558362086,EXCLUSION,0.352659
2023-09,Lista de Reserva,Vulnerabilidad Moderada,1.0,1.0,1.0,1.0,1.776038647,2.823478261,2.580217391,1.0,fupal,1,low,,,espanol_ningun_adulto,adultos_ninguno_analfabeta,,0,0,0.0,32.12448674,2.896589272,31.09068863222006,EXCLUSION,0.242818
2024-01,Elegible,Vulnerabilidad Baja,1.0,1.0,1.0,1.0,1.0,1.498900966,1.0,1.0,fupal,1,low,,,espanol_uno_mas_adultos,adultos_uno_mas_analfabeta,0.0,0,0,0.0,3.815111519,2.10647915,3.692337415207061,INCLUSION,0.267461
2023-09,No Elegible,Vulnerabilidad Severa,2.700708215,1.525552408,2.578385269,1.0,1.776038647,2.823478261,1.790108696,1.0,,2,average,jefatura_femenina,si,espanol_uno_mas_adultos,adultos_ninguno_analfabeta,0.0,0,0,27.05638709,26.18890898,3.536285489,53.27321238305791,EXCLUSION,0.254114
2023-07,Elegible,Vulnerabilidad Baja,1.0,1.0,1.0,1.0,1.776038647,2.823478261,1.0,1.0,pcr_cdmx,1,low,,,espanol_uno_mas_adultos,adultos_ninguno_analfabeta,,0,0,0.0,17.78726377,2.496439678,17.21485183461763,INCLUSION,0.196320
2024-03,Elegible,Vulnerabilidad Moderada,1.0,1.0,1.0,1.0,1.776038647,2.117608696,2.580217391,1.043888889,sotap,1,low,,,espanol_uno_mas_adultos,adultos_ninguno_analfabeta,,0,0,0.0,28.09152966,2.784030087,27.18751614401154,INCLUSION,0.216356
2024-06,Lista de Reserva,Vulnerabilidad Baja,1.0,1.0,2.578385269,1.0,1.0,1.498900966,1.0,1.0,sotap,2,average,jefatura_masculina,si,espanol_uno_mas_adultos,adultos_ninguno_analfabeta,-500.0,0,0,8.975915299,3.815111519,2.373655191,12.95710664444418,EXCLUSION,0.146662
2024-03,No Elegible,Vulnerabilidad Baja,1.0,1.0,1.0,1.0,1.0,1.498900966,2.580217391,1.0,sotap,3,average,jefatura_femenina,si,espanol_uno_mas_adultos,adultos_ninguno_analfabeta,0.0,0,0,0.0,14.41616583,2.402352876,13.95223919742477,EXCLUSION,0.209991
2023-08,Lista de Reserva,Vulnerabilidad Baja,1.0,1.0,1.0,1.0,1.776038647,1.498900966,1.790108696,1.0,sotap,3,average,jefatura_masculina,no,espanol_uno_mas_adultos,adultos_ninguno_analfabeta,,0,0,0.0,17.10850297,2.477495573,16.55793423592243,EXCLUSION,0.209731
2024-01,Lista de Reserva,Vulnerabilidad Moderada,1.0,1.0,1.0,1.0,1.776038647,2.823478261,2.580217391,1.0,foten,1,low,,,espanol_ningun_adulto,adultos_uno_mas_analfabeta,,0,0,0.0,32.12448674,2.896589272,31.09068863222006,EXCLUSION,0.326275
2024-03,No Elegible,Vulnerabilidad Baja,1.0,1.525552408,1.0,1.0,1.776038647,1.498900966,1.790108696,1.0,sotap,2,average,jefatura_masculina,no,espanol_uno_mas_adultos,adultos_ninguno_analfabeta,0.0,0,0,3.741369748,17.10850297,2.588860746,20.41970500378282,EXCLUSION,0.227148
2023-08,Elegible,Vulnerabilidad Baja,1.0,1.0,1.0,1.0,1.0,1.0,1.0,1.0,sotap,1,low,,,espanol_uno_mas_adultos,adultos_ninguno_analfabeta,0.0,0,0,0.0,0.0,2.0,0.0,INCLUSION,0.184771
2023-08,Elegible,Vulnerabilidad Elevada,1.0,1.0,2.578385269,1.0,1.776038647,2.823478261,1.790108696,1.0,sotap,1,low,,,espanol_ningun_adulto,adultos_ninguno_analfabeta,0.0,0,0,8.975915299,26.18890898,2.998104289,34.61089292935174,INCLUSION,0.289427
2023-09,Elegible,Vulnerabilidad Baja,1.0,1.0,1.0,1.0,1.776038647,1.498900966,1.790108696,1.0,sotap,1,low,,,espanol_uno_mas_adultos,adultos_ninguno_analfabeta,0.0,0,0,0.0,17.10850297,2.477495573,16.55793423592243,INCLUSION,0.207165
2023-11,Elegible,Vulnerabilidad Baja,1.0,1.0,1.0,1.0,1.0,1.0,1.790108696,1.0,sotap,5,average,jefatura_masculina,no,espanol_uno_mas_adultos,adultos_ninguno_analfabeta,,0,0,0.0,5.614422911,2.156697643,5.433745167301109,INCLUSION,0.189136
2024-05,Lista de Reserva,Vulnerabilidad Severa,2.700708215,2.051104816,3.251728045,1.0,1.776038647,2.823478261,2.580217391,1.0,fupal,2,average,jefatura_femenina,si,espanol_ningun_adulto,adultos_uno_mas_analfabeta,,0,0,35.61565687,32.12448674,3.956720731,67.85249295595354,EXCLUSION,0.276257
2023-10,Elegible,Vulnerabilidad Baja,1.0,1.0,1.249197356,1.0,1.776038647,2.117608696,1.790108696,1.043888889,sotap,1,low,,,espanol_uno_mas_adultos,adultos_ninguno_analfabeta,0.0,0,0,1.921713018,22.50821784,2.685402233,23.767436546323214,INCLUSION,0.221194
2024-06,No Elegible,Vulnerabilidad Elevada,2.070141643,2.051104816,1.0,1.0,1.776038647,1.498900966,1.790108696,1.043888889,fupal,1,low,,,espanol_uno_mas_adultos,adultos_ninguno_analfabeta,,0,0,14.63015408,17.68003002,2.92892625,32.21203604237486,EXCLUSION,0.157609
2024-01,Lista de Reserva,Vulnerabilidad Baja,1.0,1.525552408,1.0,1.0,1.776038647,1.498900966,1.0,1.0,sotap,4,average,jefatura_femenina,si,espanol_uno_mas_adultos,adultos_ninguno_analfabeta,,-500,0,3.741369748,9.93697889,2.388704659,13.478967740201298,EXCLUSION,0.302221
2024-04,No Elegible,Vulnerabilidad Elevada,1.0,2.051104816,2.578385269,1.0,1.776038647,2.823478261,1.790108696,1.0,futij,3,average,jefatura_masculina,no,espanol_ningun_adulto,adultos_ninguno_analfabeta,,0,0,17.3510839,26.18890898,3.247398574,43.25558283110052,EXCLUSION,0.290366
2023-08,No Elegible,Vulnerabilidad Baja,2.070141643,1.0,1.0,1.0,1.776038647,1.498900966,1.790108696,1.043888889,pcr_cdmx,1,low,,,espanol_uno_mas_adultos,adultos_ninguno_analfabeta,0.0,0,0,6.702282231,17.68003002,2.692946147,24.029037349402188,EXCLUSION,0.225074
2023-09,Elegible,Vulnerabilidad Elevada,2.070141643,1.0,1.0,1.0,1.776038647,2.117608696,1.790108696,2.544987923,sotap,1,low,,,espanol_uno_mas_adultos,adultos_ninguno_analfabeta,,0,0,6.702282231,37.06714366,3.234037379,42.792254285353344,INCLUSION,0.166673
2024-06,No Elegible,Vulnerabilidad Baja,1.0,1.0,1.0,1.0,1.0,1.498900966,1.790108696,1.0,fusal,2,low,jefatura_masculina,no,espanol_uno_mas_adultos,adultos_ninguno_analfabeta,0.0,0,0,0.0,10.02735341,2.279861825,9.70466314991279,EXCLUSION,0.186571
2023-10,No Elegible,Vulnerabilidad Baja,1.0,1.0,1.0,1.0,1.776038647,2.117608696,1.0,1.0,sotap,2,average,jefatura_femenina,si,espanol_uno_mas_adultos,adultos_ninguno_analfabeta,0.0,0,0,0.0,14.06650994,2.392594036,13.61383558362086,EXCLUSION,0.273907
2024-01,Elegible,Vulnerabilidad Baja,2.070141643,1.0,1.0,1.0,1.776038647,1.498900966,1.790108696,1.0,sotap,1,low,,,espanol_uno_mas_adultos,adultos_ninguno_analfabeta,,0,0,6.702282231,17.10850297,2.676994919,23.47590261139824,INCLUSION,0.225174
2023-07,Lista de Reserva,Vulnerabilidad Elevada,2.700708215,1.0,2.578385269,1.0,1.776038647,2.823478261,1.790108696,1.0,foten,3,average,jefatura_femenina,no,espanol_ningun_adulto,adultos_uno_mas_analfabeta,0.0,0,0,20.97871872,26.18890898,3.355378326,46.99995856724294,EXCLUSION,0.224348
2023-10,Lista de Reserva,Vulnerabilidad Severa,2.700708215,1.0,3.251728045,1.564135978,1.776038647,2.823478261,1.790108696,1.043888889,sotap,7,high,jefatura_masculina,no,espanol_uno_mas_adultos,adultos_uno_mas_analfabeta,-500.0,0,0,31.08118723,26.85846924,3.674774537,58.07554775763619,EXCLUSION,0.237363
2024-05,Lista de Reserva,Vulnerabilidad Moderada,1.0,1.0,1.0,1.0,1.776038647,2.823478261,1.790108696,1.043888889,fupal,1,low,,,espanol_uno_mas_adultos,adultos_ninguno_analfabeta,0.0,0,0,0.0,26.85846924,2.749615568,25.99413684138756,EXCLUSION,0.208601
2023-07,Lista de Reserva,Vulnerabilidad Baja,1.0,1.0,1.0,1.0,1.0,1.0,1.790108696,1.0,sotap,1,low,,,espanol_ningun_adulto,adultos_uno_mas_analfabeta,,0,0,0.0,5.614422911,2.156697643,5.433745167301109,EXCLUSION,0.164061
2023-07,No Elegible,Vulnerabilidad Baja,1.0,1.0,1.0,1.0,1.776038647,2.117608696,1.790108696,1.0,fupal,1,low,,,espanol_uno_mas_adultos,adultos_ninguno_analfabeta,,0,0,0.0,21.88512181,2.610810239,21.18083670503239,EXCLUSION,0.167605
2023-07,Elegible,Vulnerabilidad Moderada,1.0,1.0,2.578385269,1.0,1.776038647,2.117608696,1.790108696,1.0,pcr_cdmx,2,average,jefatura_masculina,no,espanol_uno_mas_adultos,adultos_ninguno_analfabeta,,0,0,8.975915299,21.88512181,2.877986279,30.44560593426951,INCLUSION,0.200676
2023-08,No Elegible por Intenciones,Vulnerabilidad Baja,1.0,1.525552408,1.0,1.0,1.0,1.498900966,1.0,1.0,sotap,1,low,,,espanol_uno_mas_adultos,adultos_ninguno_analfabeta,,0,0,3.741369748,3.815111519,2.217844323,7.554108183067449,EXCLUSION,0.188638
2024-04,Lista de Reserva,Vulnerabilidad Moderada,2.700708215,1.0,1.249197356,1.0,1.776038647,1.498900966,1.790108696,1.0,fupal,3,low,jefatura_masculina,no,espanol_uno_mas_adultos,adultos_ninguno_analfabeta,,0,0,11.93561888,17.10850297,2.832769803,28.87765326709971,EXCLUSION,0.187881
2024-02,No Elegible,Vulnerabilidad Elevada,1.0,1.0,2.578385269,1.0,1.776038647,2.823478261,1.790108696,1.0,sotap,1,low,,,espanol_uno_mas_adultos,adultos_ninguno_analfabeta,,0,0,8.975915299,26.18890898,2.998104289,34.61089292935174,EXCLUSION,0.294128
2024-06,No Elegible,Vulnerabilidad Elevada,2.700708215,1.525552408,3.251728045,1.0,1.776038647,2.823478261,1.0,1.0,sotap,1,low,,,espanol_uno_mas_adultos,adultos_ninguno_analfabeta,0.0,0,0,30.67858802,17.78726377,3.409614926,48.88070749568925,EXCLUSION,0.185239
2024-02,Lista de Reserva,Vulnerabilidad Baja,1.0,1.0,1.0,1.0,1.0,1.0,1.0,1.0,sotap,1,low,,,espanol_uno_mas_adultos,adultos_ninguno_analfabeta,0.0,0,0,0.0,0.0,2.0,0.0,EXCLUSION,0.208487
2024-06,Lista de Reserva,Vulnerabilidad Moderada,1.0,1.0,1.0,1.0,1.776038647,2.823478261,1.790108696,1.0,sotap,1,low,,,espanol_ningun_adulto,adultos_ninguno_analfabeta,,0,-500,0.0,26.18890898,2.730928248,25.34612370011462,EXCLUSION,0.228521
2023-11,Elegible,Vulnerabilidad Baja,2.070141643,1.0,1.0,1.0,1.776038647,1.498900966,1.790108696,1.043888889,pcr_cdmx,1,low,,,espanol_ningun_adulto,adultos_ninguno_analfabeta,,0,0,6.702282231,17.68003002,2.692946147,24.029037349402188,INCLUSION,0.243334
2024-01,Elegible,Vulnerabilidad Baja,1.0,1.0,2.578385269,1.564135978,1.0,1.0,1.0,1.0,sotap,1,low,,,espanol_uno_mas_adultos,adultos_ninguno_analfabeta,0.0,0,0,14.01324416,0.0,2.41711658,14.46420437031296,INCLUSION,0.257577
2023-12,Elegible,Vulnerabilidad Baja,1.0,1.0,1.0,1.0,1.0,2.117608696,1.790108696,1.043888889,fupal,2,average,jefatura_masculina,no,espanol_uno_mas_adultos,adultos_ninguno_analfabeta,,0,0,0.0,14.70478802,2.410408275,14.23157323672838,INCLUSION,0.236373
2024-06,Lista de Reserva,Vulnerabilidad Elevada,2.070141643,2.051104816,1.0,1.0,1.776038647,2.823478261,1.790108696,1.043888889,foten,2,average,jefatura_masculina,no,espanol_uno_mas_adultos,adultos_uno_mas_analfabeta,,0,0,14.63015408,26.85846924,3.185095016,41.09510390983604,EXCLUSION,0.231241
2023-07,Lista de Reserva,Vulnerabilidad Elevada,1.0,1.525552408,1.0,1.0,1.776038647,2.823478261,2.580217391,1.0,foten,3,average,jefatura_femenina,si,espanol_uno_mas_adultos,adultos_ninguno_analfabeta,,0,0,3.741369748,32.12448674,3.007954444,34.95245940008045,EXCLUSION,0.166243
2023-09,Lista de Reserva,Vulnerabilidad Elevada,1.0,2.051104816,2.578385269,1.0,1.776038647,2.823478261,2.580217391,1.043888889,sotap,1,low,,,espanol_uno_mas_adultos,adultos_ninguno_analfabeta,,0,0,17.3510839,32.85812825,3.433535414,49.710179955772645,EXCLUSION,0.241087
2023-10,Elegible,Vulnerabilidad Baja,1.0,1.0,2.578385269,1.0,1.0,1.498900966,1.790108696,1.043888889,sotap,3,low,jefatura_masculina,no,espanol_uno_mas_adultos,adultos_ninguno_analfabeta,,0,0,8.975915299,10.52243148,2.560855415,19.44857834177924,INCLUSION,0.240119
2024-06,No Elegible por Duplicidad,Vulnerabilidad Moderada,1.0,1.0,1.0,1.0,1.776038647,2.117608696,2.580217391,1.043888889,sotap,1,low,,,espanol_uno_mas_adultos,adultos_ninguno_analfabeta,0.0,0,0,0.0,28.09152966,2.784030087,27.18751614401154,EXCLUSION,0.163954
2023-10,Lista de Reserva,Vulnerabilidad Baja,1.0,1.0,1.0,1.0,1.0,1.498900966,1.0,1.0,sotap,1,low,,,espanol_uno_mas_adultos,adultos_ninguno_analfabeta,0.0,0,0,0.0,3.815111519,2.10647915,3.692337415207061,EXCLUSION,0.221339
2023-11,Elegible,Vulnerabilidad Baja,1.0,1.0,2.578385269,1.0,1.0,2.117608696,1.790108696,1.0,fupal,4,average,jefatura_masculina,no,espanol_uno_mas_adultos,adultos_ninguno_analfabeta,,0,0,8.975915299,14.16503897,2.662520006,22.973963080143548,INCLUSION,0.236380
2023-09,Lista de Reserva,Vulnerabilidad Severa,2.700708215,1.0,3.251728045,1.0,1.776038647,2.117608696,2.580217391,1.043888889,sotap,3,complete,jefatura_femenina,si,espanol_uno_mas_adultos,adultos_ninguno_analfabeta,,0,0,24.2379543,28.09152966,3.505494188,52.20547205133984,EXCLUSION,0.244065
2024-05,No Elegible,Vulnerabilidad Elevada,1.0,1.525552408,2.578385269,1.0,1.776038647,2.823478261,2.580217391,1.043888889,sotap,3,low,jefatura_masculina,no,espanol_uno_mas_adultos,adultos_uno_mas_analfabeta,,0,0,13.7168894,32.85812825,3.325360407,45.95903344256815,EXCLUSION,0.273890
2024-02,Lista de Reserva,Vulnerabilidad Elevada,2.070141643,1.0,1.0,1.0,1.776038647,2.117608696,2.580217391,1.043888889,sotap,2,complete,jefatura_femenina,si,espanol_uno_mas_adultos,adultos_ninguno_analfabeta,,0,0,6.702282231,28.09152966,2.983529432,34.10548451948735,EXCLUSION,0.183823
2023-11,Elegible,Vulnerabilidad Baja,1.0,1.0,2.578385269,1.0,1.776038647,1.0,1.790108696,1.043888889,fomon,2,low,jefatura_masculina,no,espanol_uno_mas_adultos,adultos_ninguno_analfabeta,0.0,0,0,8.975915299,12.53066404,2.616904864,21.39218396976588,INCLUSION,0.260527
2023-10,No Elegible,Vulnerabilidad Baja,1.0,1.0,1.0,1.0,1.776038647,2.117608696,1.790108696,1.0,pcr_cdmx,4,average,jefatura_masculina,no,espanol_uno_mas_adultos,adultos_ninguno_analfabeta,-500.0,0,0,0.0,21.88512181,2.610810239,21.18083670503239,EXCLUSION,0.243837
2023-08,No Elegible,Vulnerabilidad Elevada,1.0,1.525552408,2.578385269,1.0,1.776038647,2.823478261,2.580217391,1.0,sotap,1,low,,,espanol_uno_mas_adultos,adultos_ninguno_analfabeta,,0,0,13.7168894,32.12448674,3.304884591,45.24900125000146,EXCLUSION,0.247064
2024-06,No Elegible,Vulnerabilidad Moderada,1.0,1.0,1.0,1.0,1.776038647,2.117608696,2.580217391,1.043888889,fupal,1,low,,,espanol_ningun_adulto,adultos_ninguno_analfabeta,,0,0,0.0,28.09152966,2.784030087,27.18751614401154,EXCLUSION,0.186191
2023-06,No Elegible,Vulnerabilidad Elevada,1.0,1.0,2.578385269,1.0,1.776038647,2.117608696,2.580217391,1.043888889,sotap,2,complete,jefatura_femenina,si,espanol_uno_mas_adultos,adultos_ninguno_analfabeta,,0,0,8.975915299,28.09152966,3.051206127,36.45228537324866,EXCLUSION,0.195648
2023-11,No Elegible por Duplicidad,Vulnerabilidad Severa,2.700708215,1.0,2.578385269,1.0,1.776038647,2.823478261,2.580217391,1.043888889,sotap,3,average,jefatura_femenina,si,espanol_uno_mas_adultos,adultos_uno_mas_analfabeta,,0,0,20.97871872,32.85812825,3.541515166,53.45455569191508,EXCLUSION,0.306798
2024-02,Elegible,Vulnerabilidad Moderada,1.0,1.525552408,2.578385269,1.0,1.776038647,1.0,1.790108696,1.0,foten,1,low,,,espanol_uno_mas_adultos,adultos_ninguno_analfabeta,,0,0,13.7168894,12.01413641,2.743607939,25.785822103971192,INCLUSION,0.265795
2023-07,Lista de Reserva,Vulnerabilidad Baja,1.0,1.0,2.578385269,1.0,1.0,1.0,1.790108696,1.0,sotap,1,low,,,espanol_uno_mas_adultos,adultos_ninguno_analfabeta,,0,0,8.975915299,5.614422911,2.423873683,14.69851439653823,EXCLUSION,0.143630
2023-10,Elegible,Vulnerabilidad Severa,2.700708215,2.051104816,3.251728045,1.0,1.776038647,2.823478261,2.580217391,1.043888889,sotap,1,low,,,espanol_uno_mas_adultos,adultos_uno_mas_analfabeta,,0,-500,35.61565687,32.85812825,3.977196548,68.56252514852022,INCLUSION,0.288865
2024-04,No Elegible,Vulnerabilidad Baja,1.0,1.0,1.0,1.0,1.0,1.498900966,2.580217391,1.0,sotap,3,average,jefatura_masculina,no,espanol_uno_mas_adultos,adultos_ninguno_analfabeta,,0,0,0.0,14.41616583,2.402352876,13.95223919742477,EXCLUSION,0.154922
2024-06,No Elegible por Intenciones,Vulnerabilidad Elevada,2.070141643,1.0,2.578385269,1.0,1.776038647,2.823478261,2.580217391,1.043888889,sotap,3,complete,jefatura_femenina,si,espanol_uno_mas_adultos,adultos_ninguno_analfabeta,-500.0,0,0,17.46888676,32.85812825,3.43704192,49.83177382961031,EXCLUSION,0.143770
2024-05,No Elegible,Vulnerabilidad Baja,1.0,1.0,1.0,1.0,1.776038647,2.117608696,1.790108696,1.0,sotap,4,average,jefatura_femenina,si,espanol_uno_mas_adultos,adultos_ninguno_analfabeta,,0,0,0.0,21.88512181,2.610810239,21.18083670503239,EXCLUSION,0.188488
2024-02,Elegible,Vulnerabilidad Moderada,1.0,1.0,1.0,1.0,1.776038647,2.823478261,1.790108696,1.0,fupal,1,low,,,espanol_uno_mas_adultos,adultos_ninguno_analfabeta,,0,0,0.0,26.18890898,2.730928248,25.34612370011462,INCLUSION,0.267101
2023-07,No Elegible,Vulnerabilidad Elevada,2.700708215,1.0,2.578385269,1.0,1.776038647,1.0,1.790108696,1.0,foten,4,average,jefatura_femenina,no,espanol_uno_mas_adultos,adultos_ninguno_analfabeta,,0,0,20.97871872,12.01413641,2.959762698,33.28134435331811,EXCLUSION,0.177646
2023-10,Elegible,Vulnerabilidad Elevada,1.0,1.0,2.578385269,1.0,1.776038647,2.823478261,2.580217391,1.043888889,sotap,1,low,,,espanol_uno_mas_adultos,adultos_ninguno_analfabeta,,0,0,8.975915299,32.85812825,3.184241129,41.06549005402387,INCLUSION,0.240921
2024-05,No Elegible,Vulnerabilidad Baja,1.0,1.0,1.0,1.0,1.0,1.498900966,1.790108696,1.0,fomon,2,low,jefatura_femenina,no,espanol_uno_mas_adultos,adultos_ninguno_analfabeta,-500.0,0,0,0.0,10.02735341,2.279861825,9.70466314991279,EXCLUSION,0.162469
2023-09,Elegible,Vulnerabilidad Baja,1.0,1.0,1.0,1.0,1.776038647,2.117608696,1.790108696,1.0,sotap,2,low,jefatura_masculina,no,espanol_uno_mas_adultos,adultos_ninguno_analfabeta,0.0,0,0,0.0,21.88512181,2.610810239,21.18083670503239,INCLUSION,0.193872
2024-01,No Elegible,Vulnerabilidad Severa,1.0,1.525552408,2.578385269,1.0,1.776038647,2.823478261,2.580217391,2.544987923,sotap,3,complete,jefatura_femenina,si,espanol_uno_mas_adultos,adultos_ninguno_analfabeta,,0,0,13.7168894,50.0,3.803787298,62.5492626177814,EXCLUSION,0.299263
2023-11,No Elegible por Duplicidad,Vulnerabilidad Elevada,2.700708215,1.525552408,2.578385269,1.0,1.776038647,1.498900966,1.790108696,1.043888889,sotap,1,low,,,espanol_uno_mas_adultos,adultos_ninguno_analfabeta,,0,0,27.05638709,17.68003002,3.298804042,45.03815765686967,EXCLUSION,0.232966
2023-11,Elegible,Vulnerabilidad Baja,1.0,1.0,1.0,1.0,1.776038647,1.498900966,2.580217391,1.043888889,fomon,4,average,jefatura_masculina,no,espanol_uno_mas_adultos,adultos_ninguno_analfabeta,0.0,-500,0,0.0,22.80125306,2.636379315,22.06748593527614,INCLUSION,0.267020
2024-06,No Elegible,Vulnerabilidad Elevada,2.070141643,1.0,2.578385269,1.0,1.776038647,2.823478261,2.580217391,1.043888889,sotap,4,average,jefatura_femenina,si,espanol_uno_mas_adultos,adultos_ninguno_analfabeta,-500.0,0,0,17.46888676,32.85812825,3.43704192,49.83177382961031,EXCLUSION,0.183401
2023-07,Lista de Reserva,Vulnerabilidad Severa,2.070141643,1.0,1.0,1.0,1.776038647,2.823478261,2.580217391,2.544987923,sotap,1,low,,,espanol_ningun_adulto,adultos_uno_mas_analfabeta,,0,0,6.702282231,50.0,3.594991325,55.308918375475805,EXCLUSION,0.197879
2024-05,No Elegible,Vulnerabilidad Moderada,1.0,1.0,1.0,1.0,1.776038647,2.823478261,1.790108696,1.0,sotap,1,low,,,espanol_uno_mas_adultos,adultos_ninguno_analfabeta,,0,0,0.0,26.18890898,2.730928248,25.34612370011462,EXCLUSION,0.185833
2024-05,No Elegible,Vulnerabilidad Moderada,1.0,1.0,1.0,1.0,1.776038647,2.823478261,1.790108696,1.0,foten,2,low,jefatura_masculina,no,espanol_uno_mas_adultos,adultos_ninguno_analfabeta,-500.0,0,0,0.0,26.18890898,2.730928248,25.34612370011462,EXCLUSION,0.201007
2023-10,No Elegible,Vulnerabilidad Elevada,1.0,1.0,3.251728045,1.0,1.776038647,2.823478261,2.580217391,1.0,foten,2,average,jefatura_femenina,si,espanol_uno_mas_adultos,adultos_ninguno_analfabeta,0.0,0,0,11.51832969,32.12448674,3.23944252,42.97968968997395,EXCLUSION,0.292557
2023-10,Elegible,Vulnerabilidad Elevada,1.0,1.0,3.251728045,1.0,1.776038647,2.823478261,1.790108696,1.0,sotap,1,low,,,espanol_uno_mas_adultos,adultos_ninguno_analfabeta,0.0,0,0,11.51832969,26.18890898,3.073781497,37.23512475786851,INCLUSION,0.303324
2023-11,Elegible,Vulnerabilidad Elevada,1.0,1.0,2.578385269,1.0,1.776038647,2.823478261,2.580217391,1.0,sotap,3,low,jefatura_masculina,no,espanol_uno_mas_adultos,adultos_ninguno_analfabeta,,0,0,8.975915299,32.12448674,3.163765312,40.35545786145718,INCLUSION,0.273449
2024-01,No Elegible,Vulnerabilidad Elevada,1.0,1.0,2.578385269,1.0,1.776038647,2.823478261,2.580217391,1.043888889,sotap,4,average,jefatura_masculina,no,espanol_uno_mas_adultos,adultos_ninguno_analfabeta,0.0,0,0,8.975915299,32.85812825,3.184241129,41.06549005402387,EXCLUSION,0.332353
2023-12,No Elegible,Vulnerabilidad Elevada,1.0,2.051104816,1.0,1.0,1.776038647,2.823478261,2.580217391,1.0,sotap,1,low,,,espanol_uno_mas_adultos,adultos_uno_mas_analfabeta,,0,0,6.609317356,32.12448674,3.093321436,37.9127004300535,EXCLUSION,0.322579
2024-03,No Elegible,Vulnerabilidad Moderada,2.070141643,1.0,1.249197356,1.0,1.776038647,2.117608696,1.790108696,1.043888889,sotap,1,low,,,espanol_uno_mas_adultos,adultos_ninguno_analfabeta,0.0,0,0,9.00737574,22.50821784,2.896313237,31.0811229803799,EXCLUSION,0.218395
2024-05,No Elegible,Vulnerabilidad Moderada,2.700708215,1.0,1.0,1.0,1.776038647,1.0,2.580217391,1.0,sotap,4,average,jefatura_masculina,no,espanol_ningun_adulto,adultos_ninguno_analfabeta,,0,0,9.472088355,16.59309681,2.74505574,25.83602399190964,EXCLUSION,0.169632
2023-11,No Elegible,Vulnerabilidad Baja,1.0,1.0,1.0,1.0,1.776038647,2.117608696,1.0,1.043888889,fupal,2,average,jefatura_femenina,si,espanol_uno_mas_adultos,adultos_ninguno_analfabeta,0.0,0,0,0.0,14.60519526,2.407628657,14.13518547133794,EXCLUSION,0.241005
2023-08,No Elegible,Vulnerabilidad Elevada,1.0,2.051104816,1.0,1.0,1.776038647,2.823478261,1.790108696,1.0,sotap,1,low,,,espanol_ningun_adulto,adultos_ninguno_analfabeta,,0,0,6.609317356,26.18890898,2.927660413,32.16813549794806,EXCLUSION,0.233052
2024-03,No Elegible,Vulnerabilidad Elevada,1.0,1.0,2.578385269,1.0,1.776038647,2.117608696,2.580217391,1.043888889,sotap,1,low,,,espanol_uno_mas_adultos,adultos_ninguno_analfabeta,500.0,0,0,8.975915299,28.09152966,3.051206127,36.45228537324866,EXCLUSION,0.249016
2024-03,Elegible,Vulnerabilidad Baja,2.700708215,1.0,1.249197356,1.0,1.776038647,1.498900966,1.0,1.0,sotap,1,low,,,espanol_uno_mas_adultos,adultos_ninguno_analfabeta,,0,0,11.93561888,9.93697889,2.632613717,21.936916003518192,INCLUSION,0.198222
2023-08,Elegible,Vulnerabilidad Baja,1.0,1.525552408,2.578385269,1.0,1.0,1.0,1.790108696,1.0,pcr_cdmx,4,average,jefatura_masculina,no,espanol_uno_mas_adultos,adultos_ninguno_analfabeta,0.0,0,0,13.7168894,5.614422911,2.564992962,19.59205778508251,INCLUSION,0.232063
2023-08,Lista de Reserva,Vulnerabilidad Elevada,2.700708215,1.0,2.578385269,1.0,1.776038647,2.823478261,1.790108696,1.0,sotap,2,average,jefatura_femenina,si,espanol_uno_mas_adultos,adultos_uno_mas_analfabeta,,0,0,20.97871872,26.18890898,3.355378326,46.99995856724294,EXCLUSION,0.288673
2024-05,No Elegible,Vulnerabilidad Moderada,1.0,1.0,2.578385269,1.0,1.0,2.117608696,2.580217391,1.043888889,sotap,1,low,,,espanol_ningun_adulto,adultos_ninguno_analfabeta,0.0,0,-500,8.975915299,19.54126117,2.812569505,28.177173073525346,EXCLUSION,0.246242
2024-06,Elegible,Vulnerabilidad Elevada,1.0,1.0,2.578385269,1.0,1.776038647,2.823478261,1.790108696,1.0,sotap,3,average,jefatura_femenina,si,espanol_uno_mas_adultos,adultos_ninguno_analfabeta,0.0,0,0,8.975915299,26.18890898,2.998104289,34.61089292935174,INCLUSION,0.215806
2024-01,No Elegible,Vulnerabilidad Baja,1.0,1.0,1.0,1.0,1.776038647,1.498900966,1.790108696,1.0,foten,1,low,,,espanol_ningun_adulto,adultos_ninguno_analfabeta,,0,0,0.0,17.10850297,2.477495573,16.55793423592243,EXCLUSION,0.286712
2024-02,No Elegible,Vulnerabilidad Moderada,1.0,1.0,2.578385269,1.0,1.776038647,2.117608696,1.790108696,1.0,foten,1,low,,,espanol_uno_mas_adultos,adultos_ninguno_analfabeta,,0,0,8.975915299,21.88512181,2.877986279,30.44560593426951,EXCLUSION,0.270493
2024-06,Lista de Reserva,Vulnerabilidad Baja,1.0,1.0,1.0,1.0,1.0,2.117608696,1.790108696,1.0,pcr_cdmx,1,low,,,espanol_ningun_adulto,adultos_ninguno_analfabeta,,0,0,0.0,14.16503897,2.395343965,13.709193850906429,EXCLUSION,0.170201
2024-04,Elegible,Vulnerabilidad Elevada,1.0,2.051104816,2.578385269,1.0,1.776038647,2.823478261,1.790108696,1.043888889,futij,1,low,,,espanol_uno_mas_adultos,adultos_ninguno_analfabeta,,0,0,17.3510839,26.85846924,3.266085893,43.90359597237346,INCLUSION,0.209996
2024-05,Lista de Reserva,Vulnerabilidad Baja,1.0,1.0,1.0,1.0,1.776038647,1.498900966,1.790108696,1.0,futij,2,average,jefatura_femenina,si,espanol_uno_mas_adultos,adultos_ninguno_analfabeta,0.0,0,0,0.0,17.10850297,2.477495573,16.55793423592243,EXCLUSION,0.195202
2024-02,No Elegible,Vulnerabilidad Baja,2.700708215,1.0,1.0,1.0,1.0,1.0,1.790108696,1.0,sotap,1,low,,,espanol_ningun_adulto,adultos_uno_mas_analfabeta,,0,0,9.472088355,5.614422911,2.438642712,15.210654797653364,EXCLUSION,0.203777
2024-05,Elegible,Vulnerabilidad Baja,1.0,1.0,1.0,1.0,1.0,2.117608696,1.0,1.0,foten,3,average,jefatura_femenina,si,espanol_uno_mas_adultos,adultos_ninguno_analfabeta,,0,0,0.0,7.392265486,2.206316944,7.154374990395034,INCLUSION,0.199902
2023-11,Lista de Reserva,Vulnerabilidad Baja,1.0,1.0,1.0,1.564135978,1.0,1.0,1.0,1.0,pcr_cdmx,1,low,,,espanol_uno_mas_adultos,adultos_ninguno_analfabeta,,0,0,3.975239986,0.0,2.118326527,4.103167183989466,EXCLUSION,0.188952
2023-10,Lista de Reserva,Vulnerabilidad Elevada,2.070141643,1.0,1.0,1.0,1.776038647,2.823478261,2.580217391,1.043888889,sotap,2,average,jefatura_femenina,si,espanol_uno_mas_adultos,adultos_ninguno_analfabeta,,0,0,6.702282231,32.85812825,3.116564434,38.71868920026256,EXCLUSION,0.186996
2023-08,No Elegible,Vulnerabilidad Moderada,1.0,1.525552408,1.0,1.0,1.776038647,2.117608696,1.790108696,1.0,sotap,1,low,,,espanol_uno_mas_adultos,adultos_ninguno_analfabeta,0.0,0,0,3.741369748,21.88512181,2.722175411,25.04260747289278,EXCLUSION,0.250270
2024-01,Lista de Reserva,Vulnerabilidad Baja,1.0,1.525552408,1.0,1.0,1.0,2.117608696,1.0,1.0,sotap,3,average,jefatura_masculina,si,espanol_uno_mas_adultos,adultos_ninguno_analfabeta,0.0,0,0,3.741369748,7.392265486,2.317682116,11.016145758255425,EXCLUSION,0.225023
2024-03,No Elegible,Vulnerabilidad Baja,1.0,1.0,1.0,1.0,1.776038647,1.498900966,1.790108696,1.0,sotap,2,low,jefatura_masculina,no,espanol_ningun_adulto,adultos_ninguno_analfabeta,,0,0,0.0,17.10850297,2.477495573,16.55793423592243,EXCLUSION,0.220562
2024-03,No Elegible,Vulnerabilidad Moderada,1.0,2.051104816,2.578385269,1.0,1.776038647,1.0,1.790108696,1.0,sotap,1,low,,,espanol_ningun_adulto,adultos_uno_mas_analfabeta,,0,0,17.3510839,12.01413641,2.851782945,29.536968617175688,EXCLUSION,0.340694
2024-02,Lista de Reserva,Vulnerabilidad Baja,1.0,1.0,1.0,1.0,1.776038647,1.0,1.790108696,1.0,foten,1,low,,,espanol_uno_mas_adultos,adultos_ninguno_analfabeta,0.0,0,0,0.0,12.01413641,2.33531262,11.62750948618979,EXCLUSION,0.242160
2023-06,No Elegible,Vulnerabilidad Baja,1.0,1.0,1.0,1.0,1.776038647,1.0,1.790108696,1.0,sotap,3,low,jefatura_femenina,no,espanol_uno_mas_adultos,adultos_ninguno_analfabeta,0.0,0,0,0.0,12.01413641,2.33531262,11.62750948618979,EXCLUSION,0.188949
2024-06,No Elegible,Vulnerabilidad Baja,1.0,1.0,1.0,1.0,1.776038647,1.0,1.790108696,1.0,sotap,1,low,,,espanol_uno_mas_adultos,adultos_ninguno_analfabeta,,0,0,0.0,12.01413641,2.33531262,11.62750948618979,EXCLUSION,0.150251
2023-06,Lista de Reserva,Vulnerabilidad Baja,1.0,1.0,1.0,1.0,1.776038647,2.117608696,1.0,1.0,sotap,1,low,,,espanol_ningun_adulto,adultos_ninguno_analfabeta,0.0,0,0,0.0,14.06650994,2.392594036,13.61383558362086,EXCLUSION,0.220037
2023-09,No Elegible,Vulnerabilidad Elevada,1.0,1.0,3.251728045,1.0,1.776038647,2.823478261,2.580217391,1.0,foten,3,average,jefatura_masculina,no,espanol_ningun_adulto,adultos_ninguno_analfabeta,,0,0,11.51832969,32.12448674,3.23944252,42.97968968997395,EXCLUSION,0.315654
2024-05,No Elegible,Vulnerabilidad Moderada,1.0,1.0,1.0,1.0,1.776038647,2.823478261,1.790108696,1.043888889,sotap,4,average,jefatura_femenina,no,espanol_uno_mas_adultos,adultos_ninguno_analfabeta,0.0,0,0,0.0,26.85846924,2.749615568,25.99413684138756,EXCLUSION,0.206171
2024-04,Lista de Reserva,Vulnerabilidad Moderada,1.0,1.0,1.0,1.0,1.776038647,2.823478261,2.580217391,1.0,sotap,3,average,jefatura_masculina,no,espanol_uno_mas_adultos,adultos_ninguno_analfabeta,0.0,0,-500,0.0,32.12448674,2.896589272,31.09068863222006,EXCLUSION,0.204052
2024-02,No Elegible,Vulnerabilidad Elevada,2.700708215,1.0,3.251728045,1.0,1.776038647,2.117608696,2.580217391,1.0,sotap,4,average,jefatura_masculina,no,espanol_uno_mas_adultos,adultos_ninguno_analfabeta,,0,0,24.2379543,27.40879931,3.486439293,51.54471264673319,EXCLUSION,0.269861
2024-05,Lista de Reserva,Vulnerabilidad Moderada,1.0,1.0,2.578385269,1.0,1.0,2.823478261,1.790108696,1.043888889,sotap,3,average,jefatura_masculina,no,espanol_uno_mas_adultos,adultos_ninguno_analfabeta,0.0,0,0,8.975915299,18.47313819,2.782758364,27.143423359144727,EXCLUSION,0.188418
2024-03,Lista de Reserva,Vulnerabilidad Baja,1.0,1.0,2.578385269,1.0,1.776038647,1.0,1.790108696,1.043888889,fomon,3,low,jefatura_masculina,no,espanol_uno_mas_adultos,adultos_ninguno_analfabeta,,0,0,8.975915299,12.53066404,2.616904864,21.39218396976588,EXCLUSION,0.282431
2023-09,No Elegible,Vulnerabilidad Baja,1.0,1.0,1.0,1.0,1.0,1.498900966,1.790108696,1.0,pcr_cdmx,1,low,,,espanol_ningun_adulto,adultos_uno_mas_analfabeta,,0,0,0.0,10.02735341,2.279861825,9.70466314991279,EXCLUSION,0.249099
2024-04,No Elegible,Vulnerabilidad Elevada,1.0,1.0,2.578385269,1.0,1.776038647,2.823478261,1.790108696,1.0,sotap,2,low,jefatura_masculina,no,espanol_uno_mas_adultos,adultos_ninguno_analfabeta,0.0,0,0,8.975915299,26.18890898,2.998104289,34.61089292935174,EXCLUSION,0.232143
2024-03,Lista de Reserva,Vulnerabilidad Moderada,2.700708215,1.0,1.0,1.0,1.776038647,2.117608696,1.790108696,1.0,sotap,2,low,jefatura_masculina,no,espanol_uno_mas_adultos,adultos_ninguno_analfabeta,0.0,0,0,9.472088355,21.88512181,2.892755308,30.95774633538465,EXCLUSION,0.177812
2024-01,Elegible por Proceso Acelerado,Vulnerabilidad Elevada,2.700708215,1.0,1.249197356,1.0,1.776038647,2.117608696,1.790108696,1.0,foten,3,average,jefatura_femenina,si,espanol_uno_mas_adultos,adultos_ninguno_analfabeta,0.0,0,0,11.93561888,21.88512181,2.966084469,33.50055573620967,INCLUSION,0.257494
2024-02,No Elegible,Vulnerabilidad Baja,1.0,1.0,1.249197356,1.0,1.0,1.498900966,1.790108696,1.0,sotap,1,low,,,espanol_uno_mas_adultos,adultos_ninguno_analfabeta,,0,0,1.921713018,10.02735341,2.337063309,11.688218814545047,EXCLUSION,0.180324
2023-07,No Elegible,Vulnerabilidad Baja,2.070141643,1.0,1.0,1.0,1.0,1.0,1.790108696,1.043888889,sotap,1,low,,,espanol_uno_mas_adultos,adultos_ninguno_analfabeta,0.0,0,0,6.702282231,6.061858428,2.368684842,12.78475013740434,EXCLUSION,0.119609
2024-02,No Elegible,Vulnerabilidad Elevada,2.070141643,1.0,1.0,1.0,1.776038647,2.823478261,2.580217391,1.043888889,sotap,1,low,,,espanol_uno_mas_adultos,adultos_ninguno_analfabeta,0.0,0,0,6.702282231,32.85812825,3.116564434,38.71868920026256,EXCLUSION,0.202793
2023-07,Lista de Reserva,Vulnerabilidad Elevada,1.0,1.525552408,2.578385269,1.0,1.776038647,2.823478261,1.790108696,1.0,sotap,1,low,,,espanol_uno_mas_adultos,adultos_uno_mas_analfabeta,,0,0,13.7168894,26.18890898,3.139223567,39.50443631789602,EXCLUSION,0.281629
2023-06,Lista de Reserva,Vulnerabilidad Moderada,1.599560907,1.0,1.0,1.0,1.776038647,2.823478261,1.790108696,1.043888889,sotap,1,low,,,espanol_ningun_adulto,adultos_ninguno_analfabeta,,0,0,4.186184624,26.85846924,2.874221048,30.315037072772505,EXCLUSION,0.186739
2024-02,Elegible,Vulnerabilidad Baja,1.0,1.0,1.0,1.0,1.0,1.0,1.790108696,1.043888889,foten,1,low,,,espanol_uno_mas_adultos,adultos_ninguno_analfabeta,0.0,0,0,0.0,6.061858428,2.169185496,5.866781761928531,INCLUSION,0.222590
2024-02,No Elegible,Vulnerabilidad Baja,1.0,1.0,2.578385269,1.0,1.0,1.0,1.0,1.0,sotap,1,low,,,espanol_ningun_adulto,adultos_ninguno_analfabeta,,0,0,8.975915299,0.0,2.267176041,9.26476922923712,EXCLUSION,0.236575
2023-07,No Elegible,Vulnerabilidad Elevada,2.070141643,1.0,3.251728045,1.0,1.776038647,1.0,2.580217391,2.544987923,sotap,4,average,jefatura_masculina,no,espanol_ningun_adulto,adultos_ninguno_analfabeta,0.0,-500,0,20.51851115,30.38303782,3.458737305,50.58409863723273,EXCLUSION,0.217023
2023-09,No Elegible,Vulnerabilidad Elevada,1.0,1.0,2.578385269,1.0,1.776038647,2.117608696,2.580217391,1.0,sotap,3,average,jefatura_masculina,si,espanol_uno_mas_adultos,adultos_ninguno_analfabeta,0.0,-500,0,8.975915299,27.40879931,3.032151233,35.791525968642006,EXCLUSION,0.309157
2023-11,No Elegible,Vulnerabilidad Elevada,1.0,1.0,2.578385269,1.0,1.776038647,2.823478261,1.790108696,1.043888889,foten,1,low,,,espanol_uno_mas_adultos,adultos_uno_mas_analfabeta,,0,0,8.975915299,26.85846924,3.016791609,35.25890607062468,EXCLUSION,0.374988
2024-02,No Elegible por Intenciones,Vulnerabilidad Severa,2.700708215,2.051104816,3.251728045,1.0,1.776038647,2.823478261,1.790108696,1.0,sotap,2,low,jefatura_masculina,no,espanol_uno_mas_adultos,adultos_ninguno_analfabeta,,0,0,35.61565687,26.18890898,3.791059708,62.10792802384809,EXCLUSION,0.275603
2024-02,No Elegible,Vulnerabilidad Baja,1.0,1.0,1.0,1.0,1.776038647,2.117608696,1.790108696,1.0,fupal,1,low,,,espanol_uno_mas_adultos,adultos_ninguno_analfabeta,,0,0,0.0,21.88512181,2.610810239,21.18083670503239,EXCLUSION,0.252409
2023-08,No Elegible,Vulnerabilidad Elevada,1.0,1.525552408,2.578385269,1.0,1.776038647,2.823478261,1.790108696,1.0,sotap,1,low,,,espanol_uno_mas_adultos,adultos_ninguno_analfabeta,0.0,0,0,13.7168894,26.18890898,3.139223567,39.50443631789602,EXCLUSION,0.278508
2024-06,No Elegible,Vulnerabilidad Elevada,2.070141643,1.0,1.0,1.0,1.776038647,1.0,2.580217391,2.544987923,sotap,2,low,jefatura_masculina,no,espanol_uno_mas_adultos,adultos_ninguno_analfabeta,0.0,0,-500,6.702282231,30.38303782,3.047485057,36.32324965539039,EXCLUSION,0.193050
2023-12,Lista de Reserva,Vulnerabilidad Baja,1.0,1.525552408,1.0,1.0,1.0,1.498900966,1.0,1.0,sotap,4,average,jefatura_femenina,si,espanol_uno_mas_adultos,adultos_ninguno_analfabeta,0.0,0,0,3.741369748,3.815111519,2.217844323,7.554108183067449,EXCLUSION,0.208639
2023-07,Lista de Reserva,Vulnerabilidad Elevada,2.070141643,1.0,1.0,1.0,1.776038647,1.498900966,2.580217391,2.544987923,sotap,1,low,,,espanol_uno_mas_adultos,adultos_ninguno_analfabeta,,0,0,6.702282231,37.43330939,3.244257006,43.14663643599621,EXCLUSION,0.114263
2023-11,No Elegible,Vulnerabilidad Moderada,2.070141643,1.0,1.249197356,1.564135978,1.0,1.498900966,1.790108696,1.043888889,sotap,6,average,jefatura_masculina,no,espanol_uno_mas_adultos,adultos_ninguno_analfabeta,,0,0,14.04842721,10.52243148,2.711843209,24.684328758587128,EXCLUSION,0.232808
2023-09,Elegible,Vulnerabilidad Elevada,2.070141643,1.0,1.0,1.0,1.776038647,2.117608696,2.580217391,2.544987923,sotap,1,low,,,espanol_uno_mas_adultos,adultos_ninguno_analfabeta,,0,0,6.702282231,44.04383881,3.428755821,49.5444324087312,INCLUSION,0.167423
2023-10,No Elegible,Vulnerabilidad Elevada,2.700708215,1.0,3.251728045,1.0,1.776038647,1.498900966,1.790108696,1.0,sotap,2,complete,jefatura_femenina,si,espanol_uno_mas_adultos,adultos_ninguno_analfabeta,,0,0,24.2379543,17.10850297,3.198959675,41.57589014325073,EXCLUSION,0.243371
2024-05,No Elegible,Vulnerabilidad Baja,1.0,1.0,1.0,1.0,1.0,1.498900966,1.0,1.0,fupal,2,average,jefatura_femenina,si,espanol_uno_mas_adultos,adultos_ninguno_analfabeta,,0,0,0.0,3.815111519,2.10647915,3.692337415207061,EXCLUSION,0.146877
2024-03,Elegible,Vulnerabilidad Baja,1.0,1.0,1.0,1.0,1.0,2.117608696,1.790108696,1.0,sotap,2,average,jefatura_femenina,si,espanol_uno_mas_adultos,adultos_ninguno_analfabeta,0.0,0,0,0.0,14.16503897,2.395343965,13.709193850906429,INCLUSION,0.221192
2024-03,Elegible,Vulnerabilidad Elevada,1.0,2.051104816,2.578385269,1.0,1.776038647,2.823478261,2.580217391,1.043888889,sotap,4,average,jefatura_masculina,no,espanol_uno_mas_adultos,adultos_ninguno_analfabeta,-500.0,0,0,17.3510839,32.85812825,3.433535414,49.710179955772645,INCLUSION,0.245684
2023-08,Lista de Reserva,Vulnerabilidad Elevada,2.700708215,1.0,2.578385269,1.0,1.776038647,2.117608696,2.580217391,1.0,foten,2,average,jefatura_femenina,si,espanol_uno_mas_adultos,adultos_ninguno_analfabeta,0.0,0,0,20.97871872,27.40879931,3.389425269,48.18059160653321,EXCLUSION,0.231623
2024-02,No Elegible,Vulnerabilidad Baja,2.700708215,1.0,1.0,1.0,1.0,1.0,1.0,1.0,pcr_cdmx,4,low,jefatura_masculina,no,espanol_uno_mas_adultos,adultos_ninguno_analfabeta,0.0,0,0,9.472088355,0.0,2.28194507,9.776909630352256,EXCLUSION,0.187564
2024-01,Elegible,Vulnerabilidad Baja,1.0,1.0,1.0,1.0,1.776038647,1.0,1.790108696,1.0,sotap,3,average,jefatura_masculina,no,espanol_uno_mas_adultos,adultos_ninguno_analfabeta,,0,0,0.0,12.01413641,2.33531262,11.62750948618979,INCLUSION,0.256779
2023-09,Elegible,Vulnerabilidad Elevada,1.0,1.0,1.0,1.564135978,1.776038647,1.498900966,2.580217391,1.738466184,sotap,2,low,jefatura_masculina,no,espanol_ningun_adulto,adultos_uno_mas_analfabeta,0.0,0,0,3.975239986,30.77500505,2.977251981,33.887801796475415,INCLUSION,0.212481
2023-08,Elegible,Vulnerabilidad Moderada,1.0,1.0,1.249197356,1.0,1.776038647,2.823478261,1.790108696,1.043888889,sotap,1,low,,,espanol_uno_mas_adultos,adultos_ninguno_analfabeta,0.0,0,0,1.921713018,26.85846924,2.806817052,27.97769250601982,INCLUSION,0.255069
2024-04,No Elegible,Vulnerabilidad Moderada,2.700708215,2.051104816,2.578385269,1.0,1.0,1.0,1.0,1.0,fupal,1,low,,,espanol_uno_mas_adultos,adultos_ninguno_analfabeta,0.0,0,0,31.71522481,0.0,2.944031657,32.73585245961061,EXCLUSION,0.156426
2024-01,Elegible,Vulnerabilidad Moderada,1.0,1.0,1.0,1.0,1.776038647,2.823478261,1.790108696,1.0,sotap,1,low,,,espanol_ningun_adulto,adultos_ninguno_analfabeta,,0,0,0.0,26.18890898,2.730928248,25.34612370011462,INCLUSION,0.275945
2023-07,No Elegible,Vulnerabilidad Elevada,1.0,1.0,1.249197356,1.564135978,1.776038647,2.823478261,1.790108696,1.043888889,sotap,1,low,,,espanol_uno_mas_adultos,adultos_ninguno_analfabeta,-500.0,0,0,6.124342631,26.85846924,2.931912031,32.31556694259577,EXCLUSION,0.167297
2024-05,Elegible,Vulnerabilidad Baja,1.0,1.0,2.578385269,1.0,1.776038647,1.0,1.790108696,1.0,sotap,1,low,,,espanol_uno_mas_adultos,adultos_ninguno_analfabeta,0.0,0,0,8.975915299,12.01413641,2.602488661,20.89227871542691,INCLUSION,0.198256
2024-01,Lista de Reserva,Vulnerabilidad Baja,1.0,1.525552408,1.0,1.564135978,1.0,2.117608696,1.0,1.0,sotap,4,low,jefatura_masculina,no,espanol_uno_mas_adultos,adultos_ninguno_analfabeta,0.0,0,0,8.159313021,7.392265486,2.449186097,15.576262863723835,EXCLUSION,0.236225
2023-09,No Elegible,Vulnerabilidad Baja,1.0,1.0,1.0,1.0,1.0,2.823478261,1.790108696,1.0,sotap,1,low,,,espanol_uno_mas_adultos,adultos_ninguno_analfabeta,,0,0,0.0,17.8931401,2.49939467,17.3173209584419,EXCLUSION,0.215048
2024-05,No Elegible,Vulnerabilidad Moderada,1.0,1.525552408,1.0,1.0,1.776038647,2.823478261,1.790108696,1.0,sotap,6,average,jefatura_masculina,no,espanol_ningun_adulto,adultos_ninguno_analfabeta,,0,0,3.741369748,26.18890898,2.842293421,29.20789446797501,EXCLUSION,0.202248
2023-07,No Elegible,Vulnerabilidad Baja,1.0,1.0,1.0,1.0,1.0,1.498900966,1.0,1.0,sotap,4,average,jefatura_masculina,no,espanol_uno_mas_adultos,adultos_ninguno_analfabeta,,0,0,0.0,3.815111519,2.10647915,3.692337415207061,EXCLUSION,0.144977
2024-05,No Elegible,Vulnerabilidad Baja,1.0,1.0,1.0,1.0,1.776038647,1.0,1.790108696,1.0,pcr_cdmx,1,low,,,espanol_uno_mas_adultos,adultos_ninguno_analfabeta,0.0,0,0,0.0,12.01413641,2.33531262,11.62750948618979,EXCLUSION,0.207422
2023-10,Elegible,Vulnerabilidad Elevada,2.700708215,1.0,2.578385269,1.0,1.776038647,2.117608696,1.790108696,1.0,foten,5,high,jefatura_masculina,no,espanol_uno_mas_adultos,adultos_ninguno_analfabeta,,0,0,20.97871872,21.88512181,3.235260316,42.83467157216072,INCLUSION,0.245033
2023-07,No Elegible,Vulnerabilidad Baja,1.0,1.0,1.0,1.564135978,1.0,1.0,2.580217391,1.0,sotap,1,low,,,espanol_ningun_adulto,adultos_ninguno_analfabeta,,0,0,3.975239986,9.580889352,2.385727611,13.375733935752754,EXCLUSION,0.163971
2023-12,No Elegible,Vulnerabilidad Baja,1.0,1.0,2.578385269,1.0,1.0,1.498900966,1.790108696,1.0,fusal,1,low,,,espanol_uno_mas_adultos,adultos_ninguno_analfabeta,,0,0,8.975915299,10.02735341,2.547037866,18.969432379149907,EXCLUSION,0.286831
2023-07,Lista de Reserva,Vulnerabilidad Baja,1.0,1.0,2.578385269,1.0,1.776038647,2.117608696,1.0,1.0,sotap,1,low,,,espanol_ningun_adulto,adultos_ninguno_analfabeta,,0,0,8.975915299,14.06650994,2.659770077,22.87860481285798,EXCLUSION,0.211650
2024-06,No Elegible,Vulnerabilidad Baja,1.0,1.0,1.0,1.0,1.0,2.117608696,1.790108696,1.0,sotap,1,low,,,espanol_uno_mas_adultos,adultos_ninguno_analfabeta,500.0,0,0,0.0,14.16503897,2.395343965,13.709193850906429,EXCLUSION,0.162198
2024-05,No Elegible,Vulnerabilidad Elevada,2.070141643,1.0,1.0,1.0,1.776038647,2.117608696,2.580217391,1.043888889,sotap,5,low,jefatura_masculina,no,espanol_uno_mas_adultos,adultos_ninguno_analfabeta,0.0,0,0,6.702282231,28.09152966,2.983529432,34.10548451948735,EXCLUSION,0.145839
2024-04,No Elegible,Vulnerabilidad Baja,1.0,1.0,1.0,1.0,1.776038647,2.117608696,1.790108696,1.043888889,sotap,1,low,,,espanol_uno_mas_adultos,adultos_ninguno_analfabeta,0.0,0,0,0.0,22.50821784,2.628200749,21.78388088169096,EXCLUSION,0.193471
2024-04,No Elegible,Vulnerabilidad Elevada,2.700708215,1.0,1.249197356,1.0,1.776038647,2.823478261,1.790108696,1.043888889,foten,4,average,jefatura_femenina,no,espanol_uno_mas_adultos,adultos_ninguno_analfabeta,,0,0,11.93561888,26.85846924,3.104889798,38.31385587256485,EXCLUSION,0.214700
2023-08,Elegible,Vulnerabilidad Baja,1.0,1.0,1.0,1.0,1.0,2.117608696,1.790108696,1.0,sotap,1,low,,,espanol_uno_mas_adultos,adultos_ninguno_analfabeta,0.0,0,0,0.0,14.16503897,2.395343965,13.709193850906429,INCLUSION,0.182347
2024-01,No Elegible,Vulnerabilidad Baja,1.0,1.0,1.0,1.0,1.776038647,1.0,1.790108696,1.0,sotap,2,low,jefatura_masculina,no,espanol_uno_mas_adultos,adultos_ninguno_analfabeta,0.0,0,0,0.0,12.01413641,2.33531262,11.62750948618979,EXCLUSION,0.253770
2023-08,No Elegible por Intenciones,Vulnerabilidad Baja,1.0,1.0,2.578385269,1.0,1.0,1.498900966,1.790108696,1.043888889,fomon,1,low,,,espanol_uno_mas_adultos,adultos_ninguno_analfabeta,,0,0,8.975915299,10.52243148,2.560855415,19.44857834177924,EXCLUSION,0.255656
2023-06,No Elegible,Vulnerabilidad Baja,1.0,1.0,1.0,1.0,1.776038647,1.0,1.790108696,1.0,sotap,1,low,,,espanol_uno_mas_adultos,adultos_ninguno_analfabeta,0.0,0,0,0.0,12.01413641,2.33531262,11.62750948618979,EXCLUSION,0.159062
2024-05,Lista de Reserva,Vulnerabilidad Baja,1.0,1.0,1.0,1.0,1.776038647,1.0,2.580217391,1.0,sotap,1,low,,,espanol_uno_mas_adultos,adultos_ninguno_analfabeta,,0,0,0.0,16.59309681,2.46311067,16.059114361557388,EXCLUSION,0.155742
2024-04,Elegible,Vulnerabilidad Baja,1.0,1.0,1.0,1.0,1.0,1.498900966,1.790108696,1.0,sotap,1,low,,,espanol_uno_mas_adultos,adultos_ninguno_analfabeta,0.0,-500,0,0.0,10.02735341,2.279861825,9.70466314991279,INCLUSION,0.206697
2024-06,No Elegible,Vulnerabilidad Moderada,1.0,1.525552408,1.0,1.0,1.776038647,2.117608696,2.580217391,1.0,fupal,1,low,,,espanol_uno_mas_adultos,adultos_ninguno_analfabeta,,0,0,3.741369748,27.40879931,2.876340364,30.38852750726528,EXCLUSION,0.180472
2024-05,No Elegible,Vulnerabilidad Baja,1.0,1.0,1.0,1.0,1.776038647,1.498900966,1.790108696,1.0,sotap,1,low,,,espanol_uno_mas_adultos,adultos_ninguno_analfabeta,0.0,-500,0,0.0,17.10850297,2.477495573,16.55793423592243,EXCLUSION,0.234997
2024-05,No Elegible,Vulnerabilidad Moderada,1.0,1.525552408,1.249197356,1.0,1.776038647,2.117608696,1.790108696,1.043888889,sotap,1,low,,,espanol_uno_mas_adultos,adultos_ninguno_analfabeta,,0,0,5.877094669,22.50821784,2.803137659,27.85010633423405,EXCLUSION,0.178907
2024-01,Lista de Reserva,Vulnerabilidad Elevada,1.0,1.0,3.251728045,1.0,1.776038647,2.823478261,2.580217391,1.0,foten,3,average,jefatura_masculina,no,espanol_uno_mas_adultos,adultos_ninguno_analfabeta,0.0,0,0,11.51832969,32.12448674,3.23944252,42.97968968997395,EXCLUSION,0.361961
2023-12,Elegible,Vulnerabilidad Elevada,2.070141643,1.0,1.0,1.0,1.776038647,2.117608696,2.580217391,1.043888889,sotap,2,complete,jefatura_femenina,si,espanol_uno_mas_adultos,adultos_ninguno_analfabeta,,0,0,6.702282231,28.09152966,2.983529432,34.10548451948735,INCLUSION,0.204831
2024-03,Lista de Reserva,Vulnerabilidad Elevada,1.0,1.0,2.578385269,1.0,1.776038647,2.823478261,1.790108696,1.043888889,sotap,3,average,jefatura_masculina,no,espanol_uno_mas_adultos,adultos_ninguno_analfabeta,0.0,0,0,8.975915299,26.85846924,3.016791609,35.25890607062468,EXCLUSION,0.296498
2023-06,No Elegible,Vulnerabilidad Baja,1.0,1.525552408,1.0,1.0,1.0,1.0,1.790108696,1.0,futij,4,average,jefatura_masculina,no,espanol_uno_mas_adultos,adultos_ninguno_analfabeta,0.0,0,0,3.741369748,5.614422911,2.268062815,9.295515935161497,EXCLUSION,0.173492
2023-08,No Elegible,Vulnerabilidad Moderada,1.0,1.525552408,1.0,1.0,1.776038647,2.117608696,2.580217391,1.043888889,sotap,1,low,,,espanol_uno_mas_adultos,adultos_ninguno_analfabeta,,0,0,3.741369748,28.09152966,2.895395259,31.049286911871928,EXCLUSION,0.220503
2023-08,No Elegible,Vulnerabilidad Baja,1.0,1.0,2.578385269,1.0,1.0,1.0,1.790108696,1.0,fupal,1,low,,,espanol_uno_mas_adultos,adultos_ninguno_analfabeta,0.0,0,0,8.975915299,5.614422911,2.423873683,14.69851439653823,EXCLUSION,0.216084
2023-07,Lista de Reserva,Vulnerabilidad Baja,1.0,1.0,1.0,1.0,1.776038647,1.498900966,1.790108696,1.0,sotap,4,average,jefatura_femenina,no,espanol_uno_mas_adultos,adultos_ninguno_analfabeta,,0,0,0.0,17.10850297,2.477495573,16.55793423592243,EXCLUSION,0.158841
2024-02,Elegible por Proceso Acelerado,Vulnerabilidad Baja,1.0,1.0,1.0,1.0,1.776038647,2.117608696,1.790108696,1.0,fomon,1,low,,,espanol_uno_mas_adultos,adultos_ninguno_analfabeta,,0,0,0.0,21.88512181,2.610810239,21.18083670503239,INCLUSION,0.256913
2023-08,Lista de Reserva,Vulnerabilidad Moderada,1.0,1.0,1.0,1.0,1.776038647,2.117608696,2.580217391,1.043888889,sotap,3,low,jefatura_masculina,no,espanol_uno_mas_adultos,adultos_ninguno_analfabeta,,0,0,0.0,28.09152966,2.784030087,27.18751614401154,EXCLUSION,0.213890
2024-05,Lista de Reserva,Vulnerabilidad Baja,1.0,1.0,1.0,1.0,1.776038647,2.117608696,1.790108696,1.0,foten,1,low,,,espanol_ningun_adulto,adultos_uno_mas_analfabeta,,0,0,0.0,21.88512181,2.610810239,21.18083670503239,EXCLUSION,0.235155
2023-12,Elegible,Vulnerabilidad Elevada,2.070141643,1.0,3.251728045,1.0,1.776038647,2.117608696,2.580217391,1.043888889,sotap,6,average,jefatura_masculina,no,espanol_uno_mas_adultos,adultos_ninguno_analfabeta,,0,0,20.51851115,28.09152966,3.39478168,48.36633350132969,INCLUSION,0.289399
2024-05,Lista de Reserva,Vulnerabilidad Baja,1.0,1.0,1.0,1.0,1.776038647,1.0,1.790108696,1.0,sotap,1,low,,,espanol_uno_mas_adultos,adultos_ninguno_analfabeta,,0,0,0.0,12.01413641,2.33531262,11.62750948618979,EXCLUSION,0.157696
2023-07,No Elegible,Vulnerabilidad Moderada,1.0,1.0,1.0,1.0,1.776038647,2.117608696,2.580217391,1.0,sotap,2,low,jefatura_masculina,no,espanol_uno_mas_adultos,adultos_ninguno_analfabeta,-500.0,0,0,0.0,27.40879931,2.764975192,26.526756739404888,EXCLUSION,0.173660
2023-08,Elegible,Vulnerabilidad Baja,1.0,1.0,1.0,1.0,1.0,2.117608696,1.790108696,1.0,sotap,1,low,,,espanol_uno_mas_adultos,adultos_ninguno_analfabeta,,0,0,0.0,14.16503897,2.395343965,13.709193850906429,INCLUSION,0.191962
2024-02,Elegible,Vulnerabilidad Baja,1.0,1.0,2.578385269,1.0,1.0,1.498900966,1.0,1.0,pcr_cdmx,1,low,,,espanol_uno_mas_adultos,adultos_ninguno_analfabeta,,0,0,8.975915299,3.815111519,2.373655191,12.95710664444418,INCLUSION,0.249237
2024-01,Elegible,Vulnerabilidad Moderada,1.0,1.525552408,2.578385269,1.0,1.776038647,1.0,1.790108696,1.0,pcr_cdmx,2,average,jefatura_femenina,no,espanol_ningun_adulto,adultos_ninguno_analfabeta,,0,0,13.7168894,12.01413641,2.743607939,25.785822103971192,INCLUSION,0.319221
2023-06,No Elegible,Vulnerabilidad Elevada,1.0,2.051104816,1.0,1.0,1.776038647,2.823478261,1.790108696,1.0,sotap,1,low,,,espanol_ningun_adulto,adultos_uno_mas_analfabeta,,0,0,6.609317356,26.18890898,2.927660413,32.16813549794806,EXCLUSION,0.237096
2024-07,Lista de Reserva,Vulnerabilidad Baja,1.0,1.0,1.0,1.0,1.0,1.0,1.790108696,1.0,foten,1,low,,,espanol_uno_mas_adultos,adultos_ninguno_analfabeta,,0,0,0.0,5.614422911,2.156697643,5.433745167301109,EXCLUSION,0.194544
2023-11,No Elegible,Vulnerabilidad Elevada,2.700708215,1.0,2.578385269,1.0,1.776038647,2.823478261,1.790108696,1.0,sotap,1,low,,,espanol_uno_mas_adultos,adultos_uno_mas_analfabeta,0.0,0,0,20.97871872,26.18890898,3.355378326,46.99995856724294,EXCLUSION,0.289333
2024-05,No Elegible,Vulnerabilidad Severa,2.070141643,1.0,2.578385269,1.0,1.776038647,2.823478261,1.790108696,2.544987923,sotap,5,low,jefatura_masculina,no,espanol_uno_mas_adultos,adultos_uno_mas_analfabeta,0.0,0,0,17.46888676,42.50305317,3.706230227,59.166315420759794,EXCLUSION,0.241796
2024-03,No Elegible,Vulnerabilidad Elevada,2.070141643,1.0,2.578385269,1.0,1.776038647,2.117608696,1.790108696,1.043888889,foten,1,low,,,espanol_uno_mas_adultos,adultos_ninguno_analfabeta,,0,0,17.46888676,22.50821784,3.148177581,39.81493388651453,EXCLUSION,0.250879
2024-02,Elegible,Vulnerabilidad Moderada,2.700708215,1.0,3.251728045,1.0,1.0,1.0,1.790108696,1.0,fupal,4,average,jefatura_femenina,no,espanol_uno_mas_adultos,adultos_ninguno_analfabeta,,0,0,24.2379543,5.614422911,2.878161744,30.45170107462941,INCLUSION,0.243397
2023-08,No Elegible por Intenciones,Vulnerabilidad Moderada,1.0,1.0,1.0,1.0,1.776038647,2.823478261,2.580217391,1.0,sotap,1,low,,,espanol_uno_mas_adultos,adultos_ninguno_analfabeta,,0,0,0.0,32.12448674,2.896589272,31.09068863222006,EXCLUSION,0.221723
2023-08,Elegible,Vulnerabilidad Elevada,1.0,1.0,1.0,1.0,1.776038647,2.823478261,2.580217391,1.738466184,sotap,4,average,jefatura_masculina,no,espanol_uno_mas_adultos,adultos_ninguno_analfabeta,,0,0,0.0,42.19960637,3.177784244,40.84158083740703,INCLUSION,0.226353
2024-04,No Elegible,Vulnerabilidad Elevada,1.0,1.0,2.578385269,1.0,1.776038647,2.823478261,2.580217391,1.0,sotap,3,complete,jefatura_femenina,no,espanol_uno_mas_adultos,adultos_ninguno_analfabeta,0.0,0,0,8.975915299,32.12448674,3.163765312,40.35545786145718,EXCLUSION,0.233139
2024-04,No Elegible,Vulnerabilidad Moderada,1.0,1.0,2.578385269,1.0,1.776038647,1.498900966,1.790108696,1.043888889,sotap,5,high,jefatura_masculina,no,espanol_uno_mas_adultos,adultos_ninguno_analfabeta,,-500,0,8.975915299,17.68003002,2.760622842,26.375838203163497,EXCLUSION,0.256160
2024-06,No Elegible,Vulnerabilidad Baja,2.070141643,1.0,1.0,1.0,1.776038647,1.0,2.580217391,1.043888889,fupal,1,low,,,espanol_uno_mas_adultos,adultos_ninguno_analfabeta,,0,0,6.702282231,17.15905947,2.678405943,23.524832152671745,EXCLUSION,0.149791
2023-12,No Elegible,Vulnerabilidad Baja,1.0,1.0,1.0,1.0,1.776038647,1.498900966,1.790108696,1.0,sotap,2,average,jefatura_femenina,si,espanol_ningun_adulto,adultos_ninguno_analfabeta,,-500,0,0.0,17.10850297,2.477495573,16.55793423592243,EXCLUSION,0.342940
2023-07,No Elegible,Vulnerabilidad Elevada,2.700708215,2.051104816,2.578385269,1.0,1.0,1.0,1.0,1.0,sotap,2,low,jefatura_masculina,no,espanol_uno_mas_adultos,adultos_ninguno_analfabeta,-500.0,0,0,31.71522481,0.0,2.944031657,32.73585245961061,EXCLUSION,0.171597
2023-12,No Elegible,Vulnerabilidad Baja,1.0,1.0,1.0,1.0,1.0,1.0,1.0,1.0,sotap,4,average,jefatura_masculina,no,espanol_ningun_adulto,adultos_ninguno_analfabeta,,0,0,0.0,0.0,2.0,0.0,EXCLUSION,0.231093
2024-01,No Elegible,Vulnerabilidad Elevada,1.0,1.0,3.251728045,1.0,1.776038647,2.117608696,1.790108696,1.043888889,fupal,5,low,jefatura_femenina,no,espanol_uno_mas_adultos,adultos_ninguno_analfabeta,0.0,0,0,11.51832969,22.50821784,2.971053998,33.67288193944485,EXCLUSION,0.344408
2024-04,No Elegible,Vulnerabilidad Baja,1.0,1.0,1.0,1.0,1.0,1.498900966,1.790108696,1.0,sotap,3,average,jefatura_masculina,no,espanol_uno_mas_adultos,adultos_ninguno_analfabeta,0.0,0,0,0.0,10.02735341,2.279861825,9.70466314991279,EXCLUSION,0.181244
2024-04,No Elegible por Intenciones,Vulnerabilidad Baja,1.0,1.525552408,1.249197356,1.0,1.776038647,1.498900966,1.790108696,1.0,pcr_cdmx,2,average,jefatura_femenina,si,espanol_uno_mas_adultos,adultos_ninguno_analfabeta,0.0,0,0,5.877094669,17.10850297,2.652432483,22.62415968846552,EXCLUSION,0.219796
2023-08,Lista de Reserva,Vulnerabilidad Severa,2.700708215,2.051104816,3.251728045,1.0,1.776038647,1.0,2.580217391,1.0,sotap,2,average,jefatura_femenina,si,espanol_uno_mas_adultos,adultos_uno_mas_analfabeta,,0,0,35.61565687,16.59309681,3.52324213,52.82091868529086,EXCLUSION,0.277387
2024-05,Lista de Reserva,Vulnerabilidad Moderada,1.0,1.0,1.0,1.0,1.776038647,2.823478261,1.790108696,1.0,foten,4,average,jefatura_masculina,no,espanol_ningun_adulto,adultos_uno_mas_analfabeta,,0,0,0.0,26.18890898,2.730928248,25.34612370011462,EXCLUSION,0.267063
2024-03,No Elegible,Vulnerabilidad Baja,1.0,1.525552408,1.0,1.0,1.0,1.0,1.0,1.0,sotap,2,average,jefatura_femenina,si,espanol_uno_mas_adultos,adultos_ninguno_analfabeta,0.0,0,0,3.741369748,0.0,2.111365173,3.861770767860388,EXCLUSION,0.211166
2023-10,No Elegible,Vulnerabilidad Baja,1.0,1.0,2.578385269,1.0,1.0,2.117608696,1.790108696,1.0,sotap,1,low,,,espanol_uno_mas_adultos,adultos_ninguno_analfabeta,0.0,0,0,8.975915299,14.16503897,2.662520006,22.973963080143548,EXCLUSION,0.213746
2024-06,Lista de Reserva,Vulnerabilidad Baja,1.0,1.0,1.0,1.0,1.0,1.498900966,1.0,1.0,sotap,1,low,,,espanol_uno_mas_adultos,adultos_ninguno_analfabeta,,0,0,0.0,3.815111519,2.10647915,3.692337415207061,EXCLUSION,0.159788
2023-10,Lista de Reserva,Vulnerabilidad Moderada,1.0,1.525552408,1.0,1.0,1.776038647,2.117608696,1.790108696,1.0,sotap,1,low,,,espanol_uno_mas_adultos,adultos_ninguno_analfabeta,,0,0,3.741369748,21.88512181,2.722175411,25.04260747289278,EXCLUSION,0.245844
2024-02,Lista de Reserva,Vulnerabilidad Moderada,1.0,1.0,1.0,1.0,1.776038647,2.823478261,2.580217391,1.0,fupal,1,low,,,espanol_uno_mas_adultos,adultos_ninguno_analfabeta,0.0,0,0,0.0,32.12448674,2.896589272,31.09068863222006,EXCLUSION,0.246406
2024-03,Elegible,Vulnerabilidad Moderada,2.700708215,1.0,3.251728045,1.0,1.0,1.0,1.790108696,1.0,sotap,4,average,jefatura_masculina,no,espanol_ningun_adulto,adultos_ninguno_analfabeta,,0,0,24.2379543,5.614422911,2.878161744,30.45170107462941,INCLUSION,0.212843
2023-10,No Elegible por Duplicidad,Vulnerabilidad Baja,1.0,1.0,2.578385269,1.0,1.0,1.0,1.790108696,1.0,sotap,4,average,jefatura_femenina,si,espanol_uno_mas_adultos,adultos_ninguno_analfabeta,0.0,0,0,8.975915299,5.614422911,2.423873683,14.69851439653823,EXCLUSION,0.191760
2023-09,No Elegible,Vulnerabilidad Elevada,2.070141643,1.0,2.578385269,1.0,1.776038647,2.823478261,1.790108696,1.043888889,foten,4,average,jefatura_masculina,no,espanol_uno_mas_adultos,adultos_uno_mas_analfabeta,,0,0,17.46888676,26.85846924,3.2695924,44.02518984621112,EXCLUSION,0.300115
2023-07,No Elegible por Duplicidad,Vulnerabilidad Baja,1.0,1.525552408,1.0,1.0,1.776038647,1.0,2.580217391,1.0,pcr_cdmx,3,low,jefatura_femenina,no,espanol_uno_mas_adultos,adultos_ninguno_analfabeta,0.0,0,0,3.741369748,16.59309681,2.574475843,19.920885129417776,EXCLUSION,0.171830
2023-12,No Elegible,Vulnerabilidad Elevada,2.070141643,1.0,2.578385269,1.0,1.776038647,2.117608696,1.790108696,1.043888889,foten,5,high,jefatura_masculina,no,espanol_uno_mas_adultos,adultos_ninguno_analfabeta,,-500,0,17.46888676,22.50821784,3.148177581,39.81493388651453,EXCLUSION,0.358349
2023-08,Elegible,Vulnerabilidad Elevada,1.0,1.0,3.251728045,1.0,1.776038647,2.117608696,2.580217391,1.043888889,fupal,3,low,jefatura_masculina,no,espanol_uno_mas_adultos,adultos_ninguno_analfabeta,,0,-500,11.51832969,28.09152966,3.126883335,39.07651720176543,INCLUSION,0.310839
2023-10,No Elegible,Vulnerabilidad Baja,1.0,1.0,1.0,1.0,1.776038647,1.498900966,1.790108696,1.0,sotap,1,low,,,espanol_uno_mas_adultos,adultos_ninguno_analfabeta,0.0,0,0,0.0,17.10850297,2.477495573,16.55793423592243,EXCLUSION,0.232633
2023-06,No Elegible por Intenciones,Vulnerabilidad Elevada,1.0,1.0,2.578385269,1.0,1.776038647,2.823478261,1.790108696,1.043888889,fupal,4,average,jefatura_femenina,no,espanol_uno_mas_adultos,adultos_ninguno_analfabeta,,0,0,8.975915299,26.85846924,3.016791609,35.25890607062468,EXCLUSION,0.270694
2023-06,No Elegible,Vulnerabilidad Baja,1.0,1.0,1.0,1.0,1.0,1.0,1.790108696,1.0,sotap,4,low,jefatura_femenina,no,espanol_uno_mas_adultos,adultos_ninguno_analfabeta,0.0,0,0,0.0,5.614422911,2.156697643,5.433745167301109,EXCLUSION,0.155047
2024-03,No Elegible,Vulnerabilidad Elevada,2.700708215,1.0,1.249197356,1.0,1.776038647,2.823478261,2.580217391,1.0,pcr_cdmx,2,low,jefatura_masculina,no,espanol_uno_mas_adultos,adultos_ninguno_analfabeta,,0,0,11.93561888,32.12448674,3.251863502,43.41040766339734,EXCLUSION,0.224508
2024-06,No Elegible,Vulnerabilidad Baja,2.070141643,1.0,1.0,1.0,1.0,1.0,1.790108696,1.043888889,fupal,3,low,jefatura_masculina,si,espanol_uno_mas_adultos,adultos_ninguno_analfabeta,,0,0,6.702282231,6.061858428,2.368684842,12.78475013740434,EXCLUSION,0.109145
2023-11,Elegible,Vulnerabilidad Elevada,1.0,1.0,3.251728045,1.0,1.776038647,2.823478261,2.580217391,1.0,sotap,2,average,jefatura_femenina,si,espanol_uno_mas_adultos,adultos_ninguno_analfabeta,,0,0,11.51832969,32.12448674,3.23944252,42.97968968997395,INCLUSION,0.297060
2024-04,No Elegible,Vulnerabilidad Elevada,2.070141643,1.525552408,1.0,1.0,1.776038647,1.498900966,1.790108696,2.544987923,fupal,4,average,jefatura_femenina,no,espanol_uno_mas_adultos,adultos_uno_mas_analfabeta,,0,0,11.1900528,31.0340229,3.199236398,41.5854768982119,EXCLUSION,0.192334
2023-10,No Elegible,Vulnerabilidad Baja,1.0,1.525552408,1.0,1.0,1.776038647,1.498900966,1.790108696,1.0,sotap,4,average,jefatura_masculina,no,espanol_ningun_adulto,adultos_ninguno_analfabeta,,0,0,3.741369748,17.10850297,2.588860746,20.41970500378282,EXCLUSION,0.266109
2023-07,Lista de Reserva,Vulnerabilidad Moderada,1.0,1.0,1.0,1.0,1.776038647,2.823478261,1.790108696,1.043888889,fupal,1,low,,,espanol_uno_mas_adultos,adultos_ninguno_analfabeta,,0,0,0.0,26.85846924,2.749615568,25.99413684138756,EXCLUSION,0.206266
2023-09,Lista de Reserva,Vulnerabilidad Elevada,1.0,1.0,2.578385269,1.0,1.776038647,2.823478261,2.580217391,1.043888889,sotap,3,average,jefatura_femenina,si,espanol_uno_mas_adultos,adultos_ninguno_analfabeta,,0,0,8.975915299,32.85812825,3.184241129,41.06549005402387,EXCLUSION,0.214837
2024-05,Elegible,Vulnerabilidad Baja,1.0,1.0,1.0,1.0,1.0,1.498900966,1.0,1.0,sotap,1,low,,,espanol_uno_mas_adultos,adultos_ninguno_analfabeta,0.0,0,0,0.0,3.815111519,2.10647915,3.692337415207061,INCLUSION,0.150548
2023-09,Lista de Reserva,Vulnerabilidad Baja,1.0,1.0,1.0,1.0,1.0,1.0,1.0,1.0,pcr_cdmx,1,low,,,espanol_uno_mas_adultos,adultos_ninguno_analfabeta,,0,0,0.0,0.0,2.0,0.0,EXCLUSION,0.187805
2024-04,Elegible,Vulnerabilidad Elevada,1.0,1.0,1.0,1.0,1.776038647,2.823478261,2.580217391,1.738466184,sotap,2,average,jefatura_femenina,si,espanol_uno_mas_adultos,adultos_ninguno_analfabeta,,0,0,0.0,42.19960637,3.177784244,40.84158083740703,INCLUSION,0.187915
2024-02,Lista de Reserva,Vulnerabilidad Baja,1.0,1.0,2.578385269,1.0,1.0,1.0,1.790108696,1.0,sotap,3,low,jefatura_masculina,no,espanol_ningun_adulto,adultos_ninguno_analfabeta,,0,0,8.975915299,5.614422911,2.423873683,14.69851439653823,EXCLUSION,0.228007
2024-05,Elegible,Vulnerabilidad Severa,2.070141643,1.0,3.251728045,1.0,1.776038647,2.823478261,2.580217391,1.043888889,sotap,3,complete,jefatura_femenina,si,espanol_uno_mas_adultos,adultos_ninguno_analfabeta,0.0,0,0,20.51851115,32.85812825,3.527816682,52.9795381821049,INCLUSION,0.176621
2023-08,Lista de Reserva,Vulnerabilidad Elevada,1.0,1.0,1.0,1.0,1.776038647,2.823478261,2.580217391,1.043888889,sotap,2,average,jefatura_femenina,si,espanol_uno_mas_adultos,adultos_ninguno_analfabeta,,0,0,0.0,32.85812825,2.917065088,31.80072082478675,EXCLUSION,0.244421
2023-07,No Elegible,Vulnerabilidad Baja,1.0,2.051104816,1.0,1.0,1.0,2.117608696,1.0,1.0,sotap,1,low,,,espanol_uno_mas_adultos,adultos_ninguno_analfabeta,0.0,0,0,6.609317356,7.392265486,2.403049108,13.97638678822847,EXCLUSION,0.141291
2024-04,No Elegible,Vulnerabilidad Baja,1.0,1.0,1.0,1.0,1.776038647,1.498900966,1.790108696,1.0,pcr_cdmx,1,low,,,espanol_uno_mas_adultos,adultos_ninguno_analfabeta,,0,0,0.0,17.10850297,2.477495573,16.55793423592243,EXCLUSION,0.177978
2023-09,Lista de Reserva,Vulnerabilidad Baja,2.070141643,1.0,1.0,1.0,1.0,1.0,1.0,1.043888889,sotap,3,low,jefatura_masculina,no,espanol_uno_mas_adultos,adultos_ninguno_analfabeta,0.0,0,0,6.702282231,0.386821499,2.210295472,7.2923415718164915,EXCLUSION,0.160088
2023-11,No Elegible,Vulnerabilidad Baja,1.0,1.0,1.0,1.0,1.776038647,1.498900966,1.790108696,1.0,sotap,1,low,,,espanol_uno_mas_adultos,adultos_ninguno_analfabeta,-500.0,0,0,0.0,17.10850297,2.477495573,16.55793423592243,EXCLUSION,0.219622
2023-07,No Elegible,Vulnerabilidad Moderada,1.0,1.0,1.0,1.0,1.776038647,2.823478261,1.790108696,1.0,fusal,7,average,jefatura_masculina,no,espanol_uno_mas_adultos,adultos_ninguno_analfabeta,0.0,0,0,0.0,26.18890898,2.730928248,25.34612370011462,EXCLUSION,0.221903
2023-09,Lista de Reserva,Vulnerabilidad Elevada,1.0,1.0,3.251728045,1.0,1.776038647,2.117608696,2.580217391,1.043888889,sotap,1,low,,,espanol_uno_mas_adultos,adultos_ninguno_analfabeta,-500.0,0,0,11.51832969,28.09152966,3.126883335,39.07651720176543,EXCLUSION,0.223926
2023-07,Lista de Reserva,Vulnerabilidad Baja,1.0,1.0,1.0,1.0,1.776038647,1.0,1.790108696,1.0,pcr_cdmx,1,low,,,espanol_uno_mas_adultos,adultos_ninguno_analfabeta,-500.0,0,0,0.0,12.01413641,2.33531262,11.62750948618979,EXCLUSION,0.154804
2023-09,Lista de Reserva,Vulnerabilidad Elevada,2.700708215,1.0,2.578385269,1.0,1.0,2.117608696,1.790108696,1.0,foten,1,low,,,espanol_uno_mas_adultos,adultos_ninguno_analfabeta,0.0,0,0,20.97871872,14.16503897,3.019794043,35.36302871803475,EXCLUSION,0.218814
2024-05,No Elegible por Duplicidad,Vulnerabilidad Baja,1.0,1.0,1.0,1.0,1.776038647,2.117608696,1.790108696,1.0,foten,1,low,,,espanol_uno_mas_adultos,adultos_ninguno_analfabeta,0.0,0,0,0.0,21.88512181,2.610810239,21.18083670503239,EXCLUSION,0.195163
2024-02,Elegible,Vulnerabilidad Baja,1.0,1.0,1.0,1.0,1.776038647,1.498900966,1.790108696,1.0,sotap,5,average,jefatura_masculina,no,espanol_ningun_adulto,adultos_ninguno_analfabeta,,0,0,0.0,17.10850297,2.477495573,16.55793423592243,INCLUSION,0.234488
2023-12,Elegible,Vulnerabilidad Elevada,2.700708215,1.0,1.0,1.0,1.776038647,2.823478261,2.580217391,1.0,foten,3,average,jefatura_femenina,si,espanol_uno_mas_adultos,adultos_ninguno_analfabeta,,0,0,9.472088355,32.12448674,3.178534341,40.86759826257232,INCLUSION,0.221662
2023-06,Lista de Reserva,Vulnerabilidad Baja,2.070141643,1.0,1.0,1.0,1.0,1.0,1.0,1.043888889,fupal,1,low,,,espanol_uno_mas_adultos,adultos_ninguno_analfabeta,,0,0,6.702282231,0.386821499,2.210295472,7.2923415718164915,EXCLUSION,0.158495
2024-04,No Elegible,Vulnerabilidad Elevada,2.070141643,1.0,2.578385269,1.0,1.776038647,2.823478261,2.580217391,1.043888889,sotap,2,average,jefatura_femenina,si,espanol_uno_mas_adultos,adultos_ninguno_analfabeta,,0,0,17.46888676,32.85812825,3.43704192,49.83177382961031,EXCLUSION,0.176052
2024-02,No Elegible,Vulnerabilidad Baja,1.0,1.0,2.578385269,1.0,1.0,1.0,1.0,1.043888889,sotap,3,low,jefatura_masculina,no,espanol_ningun_adulto,adultos_uno_mas_analfabeta,,0,0,8.975915299,0.386821499,2.277972167,9.6391424255778,EXCLUSION,0.261194
2023-09,No Elegible,Vulnerabilidad Baja,1.0,1.0,2.578385269,1.0,1.0,1.0,1.790108696,1.0,sotap,2,average,jefatura_masculina,si,espanol_uno_mas_adultos,adultos_ninguno_analfabeta,-500.0,0,0,8.975915299,5.614422911,2.423873683,14.69851439653823,EXCLUSION,0.185006
2024-03,No Elegible,Vulnerabilidad Elevada,2.070141643,1.0,2.578385269,1.0,1.776038647,1.498900966,1.790108696,1.043888889,sotap,2,average,jefatura_femenina,si,espanol_uno_mas_adultos,adultos_ninguno_analfabeta,0.0,0,0,17.46888676,17.68003002,3.013423633,35.14212197874994,EXCLUSION,0.249157
2024-05,No Elegible,Vulnerabilidad Elevada,2.700708215,2.051104816,1.249197356,1.0,1.776038647,1.0,1.790108696,1.0,sotap,1,low,,,espanol_uno_mas_adultos,adultos_ninguno_analfabeta,0.0,0,0,20.89305637,12.01413641,2.957212882,33.19292530323276,EXCLUSION,0.166286
2023-06,Lista de Reserva,Vulnerabilidad Moderada,1.0,1.0,1.0,1.0,1.776038647,2.823478261,2.580217391,1.0,sotap,1,low,,,espanol_ningun_adulto,adultos_ninguno_analfabeta,-500.0,0,0,0.0,32.12448674,2.896589272,31.09068863222006,EXCLUSION,0.177623
2024-03,No Elegible,Vulnerabilidad Elevada,2.070141643,1.0,1.0,1.0,1.776038647,2.823478261,1.790108696,1.043888889,sotap,5,high,jefatura_masculina,no,espanol_uno_mas_adultos,adultos_ninguno_analfabeta,,0,0,6.702282231,26.85846924,2.949114914,32.912105216863374,EXCLUSION,0.224622
2024-06,Lista de Reserva,Vulnerabilidad Moderada,1.0,2.051104816,1.0,1.0,1.776038647,1.498900966,2.580217391,1.0,foten,1,low,,,espanol_uno_mas_adultos,adultos_ninguno_analfabeta,,0,0,6.609317356,22.17502718,2.815633615,28.283424428153857,EXCLUSION,0.165448
2024-05,Lista de Reserva,Vulnerabilidad Baja,1.0,2.051104816,1.0,1.0,1.776038647,1.0,2.580217391,1.043888889,futij,1,low,,,espanol_uno_mas_adultos,adultos_ninguno_analfabeta,0.0,0,0,6.609317356,17.15905947,2.675638761,23.42887557502937,EXCLUSION,0.178575
2024-06,Lista de Reserva,Vulnerabilidad Severa,2.700708215,1.0,3.251728045,1.0,1.776038647,2.823478261,2.580217391,1.0,sotap,3,complete,jefatura_femenina,si,espanol_uno_mas_adultos,adultos_ninguno_analfabeta,0.0,0,0,24.2379543,32.12448674,3.618053373,56.108644539548365,EXCLUSION,0.193983
2023-07,No Elegible por Intenciones,Vulnerabilidad Elevada,1.0,2.051104816,1.0,1.0,1.776038647,2.117608696,2.580217391,1.0,sotap,4,average,jefatura_femenina,si,espanol_uno_mas_adultos,adultos_uno_mas_analfabeta,0.0,0,0,6.609317356,27.40879931,2.961707356,33.34876853723833,EXCLUSION,0.209964
2023-06,No Elegible,Vulnerabilidad Elevada,2.070141643,1.0,2.578385269,1.564135978,1.776038647,1.498900966,2.580217391,1.043888889,foten,3,average,jefatura_masculina,no,espanol_ningun_adulto,adultos_ninguno_analfabeta,,0,0,23.51115944,22.80125306,3.336209726,46.33525799721478,EXCLUSION,0.295281
2024-04,Lista de Reserva,Vulnerabilidad Baja,1.0,1.0,1.0,1.0,1.0,1.498900966,1.790108696,1.0,sotap,3,low,jefatura_masculina,no,espanol_uno_mas_adultos,adultos_ninguno_analfabeta,0.0,0,0,0.0,10.02735341,2.279861825,9.70466314991279,EXCLUSION,0.147447
2024-04,No Elegible por Intenciones,Vulnerabilidad Severa,2.700708215,1.0,2.578385269,1.0,1.776038647,2.823478261,2.580217391,1.0,,5,average,jefatura_masculina,no,espanol_uno_mas_adultos,adultos_ninguno_analfabeta,,0,0,20.97871872,32.12448674,3.521039349,52.74452349934838,EXCLUSION,0.198116
2024-04,Lista de Reserva,Vulnerabilidad Severa,2.070141643,1.0,3.251728045,1.0,1.776038647,2.823478261,2.580217391,1.043888889,sotap,5,high,jefatura_masculina,no,espanol_uno_mas_adultos,adultos_uno_mas_analfabeta,-500.0,0,0,20.51851115,32.85812825,3.527816682,52.9795381821049,EXCLUSION,0.239976
2023-07,No Elegible,Vulnerabilidad Moderada,1.0,1.0,1.0,1.0,1.776038647,2.823478261,1.790108696,1.0,foten,1,low,,,espanol_uno_mas_adultos,adultos_ninguno_analfabeta,,0,0,0.0,26.18890898,2.730928248,25.34612370011462,EXCLUSION,0.185594
2024-05,No Elegible,Vulnerabilidad Elevada,2.700708215,1.0,3.251728045,1.0,1.776038647,1.0,2.580217391,1.0,sotap,3,average,jefatura_femenina,no,espanol_uno_mas_adultos,adultos_uno_mas_analfabeta,-500.0,0,0,24.2379543,16.59309681,3.184574771,41.07707026888569,EXCLUSION,0.209220
2023-11,Elegible,Vulnerabilidad Elevada,1.0,1.0,1.0,1.0,1.776038647,2.823478261,2.580217391,1.043888889,sotap,1,low,,,espanol_ningun_adulto,adultos_uno_mas_analfabeta,0.0,0,0,0.0,32.85812825,2.917065088,31.80072082478675,INCLUSION,0.272292
2023-08,Elegible,Vulnerabilidad Elevada,1.0,1.0,3.251728045,1.0,1.776038647,2.823478261,2.580217391,1.043888889,foten,3,average,jefatura_femenina,no,espanol_uno_mas_adultos,adultos_ninguno_analfabeta,,0,0,11.51832969,32.85812825,3.259918337,43.68972188254064,INCLUSION,0.314345
2023-08,Elegible,Vulnerabilidad Elevada,2.070141643,1.0,1.0,1.0,1.776038647,2.117608696,2.580217391,1.043888889,,4,average,jefatura_masculina,no,espanol_uno_mas_adultos,adultos_ninguno_analfabeta,,0,0,6.702282231,28.09152966,2.983529432,34.10548451948735,INCLUSION,0.205648
2023-10,Lista de Reserva,Vulnerabilidad Moderada,1.0,1.0,1.0,1.0,1.776038647,2.823478261,2.580217391,1.0,sotap,3,low,jefatura_masculina,no,espanol_uno_mas_adultos,adultos_ninguno_analfabeta,0.0,0,0,0.0,32.12448674,2.896589272,31.09068863222006,EXCLUSION,0.244433
2024-01,Elegible,Vulnerabilidad Moderada,1.0,1.0,1.0,1.0,1.776038647,2.823478261,2.580217391,1.0,sotap,2,low,jefatura_masculina,no,espanol_uno_mas_adultos,adultos_ninguno_analfabeta,0.0,0,0,0.0,32.12448674,2.896589272,31.09068863222006,INCLUSION,0.234410
2024-03,Elegible,Vulnerabilidad Baja,1.0,1.0,1.0,1.0,1.0,1.498900966,1.790108696,1.0,pcr_cdmx,1,low,,,espanol_uno_mas_adultos,adultos_ninguno_analfabeta,,0,0,0.0,10.02735341,2.279861825,9.70466314991279,INCLUSION,0.192227
2023-09,Elegible,Vulnerabilidad Severa,2.700708215,1.0,2.578385269,1.0,1.776038647,2.823478261,2.580217391,1.0,sotap,5,high,jefatura_masculina,no,espanol_uno_mas_adultos,adultos_ninguno_analfabeta,0.0,0,0,20.97871872,32.12448674,3.521039349,52.74452349934838,INCLUSION,0.230486
2023-07,No Elegible,Vulnerabilidad Severa,2.700708215,2.051104816,3.251728045,1.0,1.776038647,2.823478261,1.790108696,1.0,fupal,1,low,,,espanol_uno_mas_adultos,adultos_uno_mas_analfabeta,,0,0,35.61565687,26.18890898,3.791059708,62.10792802384809,EXCLUSION,0.303513
2023-09,No Elegible,Vulnerabilidad Elevada,1.0,1.0,3.251728045,1.0,1.776038647,2.823478261,2.580217391,1.0,fupal,1,low,,,espanol_uno_mas_adultos,adultos_ninguno_analfabeta,,0,0,11.51832969,32.12448674,3.23944252,42.97968968997395,EXCLUSION,0.285580
2023-11,Lista de Reserva,Vulnerabilidad Elevada,1.0,1.0,2.578385269,1.0,1.776038647,2.823478261,1.790108696,1.043888889,sotap,2,average,jefatura_femenina,si,espanol_uno_mas_adultos,adultos_uno_mas_analfabeta,,0,0,8.975915299,26.85846924,3.016791609,35.25890607062468,EXCLUSION,0.360261
2023-08,Elegible,Vulnerabilidad Moderada,1.0,1.0,2.578385269,1.0,1.776038647,1.498900966,1.790108696,1.0,sotap,1,low,,,espanol_ningun_adulto,adultos_uno_mas_analfabeta,,0,0,8.975915299,17.10850297,2.744671614,25.82270346515955,INCLUSION,0.307835
2023-12,Elegible,Vulnerabilidad Elevada,1.0,1.525552408,2.578385269,1.0,1.776038647,2.823478261,1.0,1.0,sotap,2,complete,jefatura_femenina,si,espanol_uno_mas_adultos,adultos_ninguno_analfabeta,0.0,0,0,13.7168894,17.78726377,2.904734997,31.37316445239903,INCLUSION,0.322253
2024-02,Elegible,Vulnerabilidad Baja,2.070141643,1.0,1.249197356,1.0,1.0,1.0,1.790108696,1.043888889,fupal,3,low,jefatura_masculina,no,espanol_ningun_adulto,adultos_ninguno_analfabeta,,0,0,9.00737574,6.061858428,2.437297985,15.164023860617473,INCLUSION,0.203738
2024-03,No Elegible por Duplicidad,Vulnerabilidad Baja,2.700708215,1.0,1.0,1.0,1.0,1.0,1.0,1.0,fomon,1,low,,,espanol_uno_mas_adultos,adultos_ninguno_analfabeta,,0,0,9.472088355,0.0,2.28194507,9.776909630352256,EXCLUSION,0.182450
2023-12,Elegible,Vulnerabilidad Elevada,2.070141643,1.0,1.0,1.0,1.776038647,2.823478261,2.580217391,1.043888889,sotap,3,low,jefatura_femenina,si,espanol_uno_mas_adultos,adultos_uno_mas_analfabeta,0.0,0,0,6.702282231,32.85812825,3.116564434,38.71868920026256,INCLUSION,0.223394
2023-08,No Elegible,Vulnerabilidad Elevada,2.700708215,1.0,1.0,1.0,1.776038647,2.823478261,2.580217391,1.0,sotap,1,low,,,espanol_uno_mas_adultos,adultos_uno_mas_analfabeta,,0,0,9.472088355,32.12448674,3.178534341,40.86759826257232,EXCLUSION,0.239196
2024-04,No Elegible,Vulnerabilidad Moderada,1.0,1.0,3.251728045,1.0,1.776038647,1.0,2.580217391,1.0,,3,average,jefatura_masculina,si,espanol_uno_mas_adultos,adultos_uno_mas_analfabeta,0.0,-500,0,11.51832969,16.59309681,2.805963919,27.94811541931128,EXCLUSION,0.281774
2024-04,No Elegible,Vulnerabilidad Baja,1.0,1.0,2.578385269,1.0,1.0,1.498900966,1.0,1.043888889,sotap,4,low,jefatura_masculina,no,espanol_uno_mas_adultos,adultos_ninguno_analfabeta,0.0,0,0,8.975915299,4.243121443,2.385600879,13.371342781079935,EXCLUSION,0.201413
2024-03,Elegible,Vulnerabilidad Baja,1.0,1.0,1.0,1.0,1.0,1.0,1.790108696,1.0,pcr_cdmx,2,average,jefatura_masculina,si,espanol_uno_mas_adultos,adultos_ninguno_analfabeta,,0,0,0.0,5.614422911,2.156697643,5.433745167301109,INCLUSION,0.213719
2023-08,Elegible,Vulnerabilidad Baja,1.0,1.0,1.0,1.0,1.776038647,1.498900966,2.580217391,1.0,fusal,2,average,jefatura_femenina,si,espanol_uno_mas_adultos,adultos_ninguno_analfabeta,-500.0,0,0,0.0,22.17502718,2.618901451,21.46141263032042,INCLUSION,0.208754
2023-07,No Elegible,Vulnerabilidad Baja,1.0,1.0,1.0,1.0,1.776038647,1.498900966,2.580217391,1.043888889,sotap,2,low,jefatura_masculina,no,espanol_uno_mas_adultos,adultos_ninguno_analfabeta,0.0,0,0,0.0,22.80125306,2.636379315,22.06748593527614,EXCLUSION,0.157055
2024-06,No Elegible,Vulnerabilidad Elevada,2.070141643,1.0,1.0,1.0,1.776038647,2.823478261,2.580217391,1.043888889,pcr_cdmx,4,average,jefatura_masculina,no,espanol_ningun_adulto,adultos_ninguno_analfabeta,,0,0,6.702282231,32.85812825,3.116564434,38.71868920026256,EXCLUSION,0.186439
2023-06,Lista de Reserva,Vulnerabilidad Baja,1.0,1.0,1.0,1.0,1.0,2.117608696,1.0,1.0,fupal,1,low,,,espanol_uno_mas_adultos,adultos_ninguno_analfabeta,0.0,0,0,0.0,7.392265486,2.206316944,7.154374990395034,EXCLUSION,0.175244
2023-09,Elegible,Vulnerabilidad Elevada,2.070141643,2.051104816,1.0,1.0,1.776038647,2.823478261,1.790108696,1.043888889,foten,1,low,,,espanol_uno_mas_adultos,adultos_ninguno_analfabeta,0.0,0,0,14.63015408,26.85846924,3.185095016,41.09510390983604,INCLUSION,0.228984
2024-06,Lista de Reserva,Vulnerabilidad Baja,1.0,1.0,1.0,1.0,1.0,1.0,1.0,1.043888889,sotap,1,low,,,espanol_uno_mas_adultos,adultos_uno_mas_analfabeta,0.0,0,0,0.0,0.386821499,2.010796126,0.374373196340681,EXCLUSION,0.178409
2024-05,No Elegible,Vulnerabilidad Elevada,1.0,1.0,3.251728045,1.0,1.776038647,2.117608696,2.580217391,1.043888889,sotap,2,low,jefatura_masculina,no,espanol_uno_mas_adultos,adultos_uno_mas_analfabeta,,0,0,11.51832969,28.09152966,3.126883335,39.07651720176543,EXCLUSION,0.265327
2023-08,No Elegible,Vulnerabilidad Moderada,1.0,1.0,1.0,1.564135978,1.776038647,2.823478261,2.580217391,1.0,sotap,3,average,jefatura_masculina,no,espanol_ningun_adulto,adultos_ninguno_analfabeta,,0,0,3.975239986,32.12448674,3.014915798,35.19385581620953,EXCLUSION,0.328807
2024-04,No Elegible,Vulnerabilidad Elevada,1.0,1.525552408,3.251728045,1.0,1.776038647,2.823478261,2.580217391,1.043888889,sotap,3,average,jefatura_masculina,no,espanol_ningun_adulto,adultos_ninguno_analfabeta,,0,0,16.54244021,32.85812825,3.409465421,48.87551330318476,EXCLUSION,0.241145
2024-04,No Elegible,Vulnerabilidad Elevada,1.0,1.0,2.578385269,1.0,1.776038647,2.823478261,1.790108696,1.0,fupal,4,average,jefatura_masculina,no,espanol_uno_mas_adultos,adultos_ninguno_analfabeta,-500.0,0,0,8.975915299,26.18890898,2.998104289,34.61089292935174,EXCLUSION,0.206486
2024-03,No Elegible,Vulnerabilidad Moderada,1.0,1.525552408,1.0,1.0,1.776038647,2.823478261,1.790108696,1.0,sotap,6,high,jefatura_femenina,si,espanol_uno_mas_adultos,adultos_ninguno_analfabeta,,0,0,3.741369748,26.18890898,2.842293421,29.20789446797501,EXCLUSION,0.261239
2023-11,No Elegible,Vulnerabilidad Moderada,1.0,1.0,1.0,1.0,1.776038647,2.823478261,1.790108696,1.0,sotap,1,low,,,espanol_uno_mas_adultos,adultos_uno_mas_analfabeta,0.0,0,0,0.0,26.18890898,2.730928248,25.34612370011462,EXCLUSION,0.283477
2024-07,Elegible,Vulnerabilidad Elevada,2.070141643,1.0,1.0,1.0,1.776038647,2.823478261,1.790108696,1.0,fupal,1,low,,,espanol_uno_mas_adultos,adultos_ninguno_analfabeta,0.0,0,0,6.702282231,26.18890898,2.930427594,32.26409207559043,INCLUSION,0.205137
2024-05,Lista de Reserva,Vulnerabilidad Elevada,2.070141643,1.0,2.578385269,1.0,1.776038647,1.498900966,1.790108696,1.043888889,sotap,2,average,jefatura_masculina,si,espanol_uno_mas_adultos,adultos_ninguno_analfabeta,0.0,0,0,17.46888676,17.68003002,3.013423633,35.14212197874994,EXCLUSION,0.180705
2024-07,No Elegible,Vulnerabilidad Elevada,2.070141643,1.0,1.0,1.564135978,1.776038647,1.498900966,2.580217391,2.544987923,fupal,1,low,,,espanol_uno_mas_adultos,adultos_uno_mas_analfabeta,,0,0,11.47057999,37.43330939,3.386189597,48.0683827851786,EXCLUSION,0.255469
2023-09,No Elegible,Vulnerabilidad Moderada,1.0,1.0,1.0,1.0,1.776038647,2.823478261,2.580217391,1.0,sotap,5,average,jefatura_masculina,no,espanol_ningun_adulto,adultos_ninguno_analfabeta,0.0,0,0,0.0,32.12448674,2.896589272,31.09068863222006,EXCLUSION,0.249927
2024-03,Elegible,Vulnerabilidad Elevada,1.0,2.051104816,3.251728045,1.0,1.776038647,1.0,1.790108696,1.0,sotap,2,average,jefatura_femenina,si,espanol_uno_mas_adultos,adultos_uno_mas_analfabeta,,0,0,20.39367297,12.01413641,2.942348294,32.67747124603736,INCLUSION,0.326993
2023-06,No Elegible,Vulnerabilidad Baja,2.070141643,1.0,1.0,1.0,1.776038647,1.0,2.580217391,1.0,futij,2,average,jefatura_femenina,si,espanol_uno_mas_adultos,adultos_ninguno_analfabeta,0.0,0,0,6.702282231,16.59309681,2.662610016,22.9770827370332,EXCLUSION,0.172978
2024-01,Lista de Reserva,Vulnerabilidad Elevada,1.0,1.525552408,2.578385269,1.0,1.776038647,2.823478261,1.790108696,1.0,sotap,6,average,jefatura_femenina,no,espanol_uno_mas_adultos,adultos_ninguno_analfabeta,0.0,0,0,13.7168894,26.18890898,3.139223567,39.50443631789602,EXCLUSION,0.301624
2023-08,No Elegible,Vulnerabilidad Elevada,1.0,2.051104816,1.0,1.0,1.776038647,2.823478261,1.790108696,1.0,sotap,4,average,jefatura_masculina,no,espanol_uno_mas_adultos,adultos_ninguno_analfabeta,,0,0,6.609317356,26.18890898,2.927660413,32.16813549794806,EXCLUSION,0.239403
2023-07,Lista de Reserva,Vulnerabilidad Baja,1.0,1.0,1.0,1.564135978,1.0,2.117608696,1.0,1.0,pcr_cdmx,1,low,,,espanol_ningun_adulto,adultos_uno_mas_analfabeta,0.0,0,0,3.975239986,7.392265486,2.32464347,11.2575421743845,EXCLUSION,0.263972
2024-01,No Elegible,Vulnerabilidad Elevada,1.0,1.525552408,1.0,1.0,1.776038647,2.823478261,2.580217391,1.0,foten,3,average,jefatura_femenina,no,espanol_uno_mas_adultos,adultos_ninguno_analfabeta,,0,0,3.741369748,32.12448674,3.007954444,34.95245940008045,EXCLUSION,0.336882
2023-11,Elegible,Vulnerabilidad Elevada,1.0,1.0,2.578385269,1.0,1.776038647,2.823478261,2.580217391,1.043888889,futij,9,average,jefatura_femenina,no,espanol_uno_mas_adultos,adultos_ninguno_analfabeta,0.0,0,0,8.975915299,32.85812825,3.184241129,41.06549005402387,INCLUSION,0.257157
2023-08,No Elegible,Vulnerabilidad Baja,1.0,1.0,1.0,1.0,1.776038647,1.498900966,1.0,1.043888889,sotap,1,low,,,espanol_uno_mas_adultos,adultos_ninguno_analfabeta,,-500,0,0.0,10.43108127,2.291129805,10.09539864365013,EXCLUSION,0.286920
2024-01,No Elegible,Vulnerabilidad Elevada,2.070141643,1.0,1.0,1.0,1.776038647,1.0,2.580217391,2.544987923,sotap,5,average,jefatura_masculina,no,espanol_uno_mas_adultos,adultos_uno_mas_analfabeta,,0,0,6.702282231,30.38303782,3.047485057,36.32324965539039,EXCLUSION,0.247984
2023-08,Elegible,Vulnerabilidad Moderada,1.0,1.0,1.0,1.0,1.776038647,2.823478261,2.580217391,1.0,pcr_cdmx,2,average,jefatura_femenina,no,espanol_ningun_adulto,adultos_ninguno_analfabeta,,0,0,0.0,32.12448674,2.896589272,31.09068863222006,INCLUSION,0.297682
2024-06,No Elegible,Vulnerabilidad Moderada,1.0,1.0,1.0,1.0,1.776038647,2.823478261,1.790108696,1.0,futij,1,low,,,espanol_ningun_adulto,adultos_ninguno_analfabeta,,0,0,0.0,26.18890898,2.730928248,25.34612370011462,EXCLUSION,0.195759
2024-05,No Elegible,Vulnerabilidad Elevada,1.0,1.0,2.578385269,1.0,1.776038647,2.823478261,2.580217391,1.0,sotap,11,high,jefatura_femenina,no,espanol_uno_mas_adultos,adultos_ninguno_analfabeta,,0,0,8.975915299,32.12448674,3.163765312,40.35545786145718,EXCLUSION,0.210859
2023-11,Elegible,Vulnerabilidad Elevada,1.0,1.0,2.578385269,1.0,1.776038647,2.823478261,2.580217391,1.0,sotap,1,low,,,espanol_ningun_adulto,adultos_ninguno_analfabeta,0.0,0,0,8.975915299,32.12448674,3.163765312,40.35545786145718,INCLUSION,0.290152
2024-03,No Elegible,Vulnerabilidad Elevada,1.0,1.0,2.578385269,1.0,1.776038647,2.823478261,2.580217391,1.0,foten,1,low,,,espanol_uno_mas_adultos,adultos_ninguno_analfabeta,,0,0,8.975915299,32.12448674,3.163765312,40.35545786145718,EXCLUSION,0.278513
2024-04,No Elegible,Vulnerabilidad Baja,1.0,1.0,1.0,1.0,1.0,1.0,1.790108696,1.0,sotap,1,low,,,espanol_uno_mas_adultos,adultos_ninguno_analfabeta,,0,0,0.0,5.614422911,2.156697643,5.433745167301109,EXCLUSION,0.155938
2024-03,Elegible,Vulnerabilidad Baja,1.0,2.051104816,1.0,1.0,1.776038647,2.117608696,1.0,1.0,sotap,3,average,jefatura_femenina,no,espanol_uno_mas_adultos,adultos_ninguno_analfabeta,,0,0,6.609317356,14.06650994,2.5893262,20.43584738145429,INCLUSION,0.238578
2024-05,No Elegible,Vulnerabilidad Elevada,2.700708215,1.0,1.249197356,1.0,1.776038647,2.823478261,2.580217391,1.043888889,foten,4,average,jefatura_femenina,si,espanol_uno_mas_adultos,adultos_ninguno_analfabeta,,0,0,11.93561888,32.85812825,3.272339318,44.12043985596403,EXCLUSION,0.160542
2024-04,No Elegible,Vulnerabilidad Elevada,1.0,1.525552408,2.578385269,1.0,1.776038647,2.823478261,1.790108696,1.0,foten,3,average,jefatura_masculina,no,espanol_uno_mas_adultos,adultos_ninguno_analfabeta,0.0,0,0,13.7168894,26.18890898,3.139223567,39.50443631789602,EXCLUSION,0.279595
2023-08,No Elegible,Vulnerabilidad Moderada,1.0,1.0,1.0,1.0,1.776038647,2.823478261,1.790108696,1.0,,5,average,jefatura_masculina,no,espanol_ningun_adulto,adultos_ninguno_analfabeta,0.0,0,0,0.0,26.18890898,2.730928248,25.34612370011462,EXCLUSION,0.291782
2024-02,Elegible,Vulnerabilidad Severa,2.700708215,1.0,2.578385269,1.0,1.776038647,2.823478261,2.580217391,1.0,sotap,1,low,,,espanol_ningun_adulto,adultos_ninguno_analfabeta,0.0,0,0,20.97871872,32.12448674,3.521039349,52.74452349934838,INCLUSION,0.253094
2024-01,Lista de Reserva,Vulnerabilidad Baja,1.0,1.0,3.251728045,1.0,1.0,1.498900966,1.0,1.043888889,sotap,3,low,jefatura_femenina,no,espanol_uno_mas_adultos,adultos_ninguno_analfabeta,0.0,-500,0,11.51832969,4.243121443,2.461278087,15.995574609596703,EXCLUSION,0.357383
2023-12,Elegible,Vulnerabilidad Moderada,1.0,2.051104816,1.0,1.0,1.776038647,2.117608696,1.790108696,1.0,sotap,3,low,jefatura_masculina,no,espanol_uno_mas_adultos,adultos_ninguno_analfabeta,0.0,0,0,6.609317356,21.88512181,2.807542403,28.002848502865827,INCLUSION,0.256942
2024-01,No Elegible,Vulnerabilidad Elevada,2.700708215,1.0,2.578385269,1.0,1.776038647,2.823478261,1.790108696,1.0,sotap,4,average,jefatura_masculina,no,espanol_uno_mas_adultos,adultos_ninguno_analfabeta,,0,0,20.97871872,26.18890898,3.355378326,46.99995856724294,EXCLUSION,0.273977
2024-06,Lista de Reserva,Vulnerabilidad Moderada,1.0,1.0,1.0,1.0,1.776038647,2.823478261,2.580217391,1.0,sotap,6,average,jefatura_masculina,no,espanol_uno_mas_adultos,adultos_ninguno_analfabeta,,0,0,0.0,32.12448674,2.896589272,31.09068863222006,EXCLUSION,0.174326
2024-03,No Elegible,Vulnerabilidad Baja,1.0,1.0,1.0,1.0,1.0,1.0,1.790108696,1.043888889,sotap,1,low,,,espanol_uno_mas_adultos,adultos_ninguno_analfabeta,,0,0,0.0,6.061858428,2.169185496,5.866781761928531,EXCLUSION,0.170693
2024-01,No Elegible,Vulnerabilidad Moderada,2.700708215,1.525552408,1.249197356,1.0,1.776038647,1.0,1.790108696,1.0,foten,1,low,,,espanol_uno_mas_adultos,adultos_ninguno_analfabeta,,0,0,17.00620089,12.01413641,2.841517198,29.18098692703088,EXCLUSION,0.231322
2023-09,No Elegible,Vulnerabilidad Severa,2.700708215,2.051104816,3.251728045,1.0,1.776038647,2.823478261,1.790108696,1.0,sotap,4,complete,jefatura_femenina,si,espanol_uno_mas_adultos,adultos_ninguno_analfabeta,0.0,0,0,35.61565687,26.18890898,3.791059708,62.10792802384809,EXCLUSION,0.288216
2023-11,No Elegible,Vulnerabilidad Elevada,2.700708215,1.0,3.251728045,1.0,1.776038647,1.0,1.790108696,1.0,foten,1,low,,,espanol_uno_mas_adultos,adultos_uno_mas_analfabeta,,0,0,24.2379543,12.01413641,3.056776721,36.645465393518094,EXCLUSION,0.292625
2023-10,No Elegible,Vulnerabilidad Elevada,1.0,1.0,2.578385269,1.0,1.776038647,1.498900966,2.580217391,1.043888889,sotap,4,average,jefatura_masculina,no,espanol_uno_mas_adultos,adultos_ninguno_analfabeta,-500.0,0,0,8.975915299,22.80125306,2.903555356,31.332255164513256,EXCLUSION,0.220721
2024-04,Lista de Reserva,Vulnerabilidad Baja,1.0,1.0,1.0,1.0,1.776038647,1.498900966,1.0,1.0,sotap,1,low,,,espanol_ningun_adulto,adultos_ninguno_analfabeta,,0,0,0.0,9.93697889,2.277339487,9.61719697234091,EXCLUSION,0.189928
2023-09,No Elegible,Vulnerabilidad Elevada,1.0,1.525552408,2.578385269,1.0,1.776038647,2.117608696,2.580217391,1.043888889,foten,1,low,,,espanol_uno_mas_adultos,adultos_ninguno_analfabeta,0.0,0,0,13.7168894,28.09152966,3.192325406,41.34582876179294,EXCLUSION,0.290796
2024-05,Lista de Reserva,Vulnerabilidad Baja,1.0,1.0,1.0,1.0,1.0,2.117608696,1.0,1.0,sotap,1,low,,,espanol_uno_mas_adultos,adultos_ninguno_analfabeta,0.0,0,0,0.0,7.392265486,2.206316944,7.154374990395034,EXCLUSION,0.190191
2024-05,No Elegible,Vulnerabilidad Baja,2.070141643,1.0,1.0,1.0,1.0,2.117608696,1.0,1.043888889,fupal,3,low,jefatura_femenina,no,espanol_uno_mas_adultos,adultos_ninguno_analfabeta,,0,0,6.702282231,7.858894815,2.418839839,14.523956096434295,EXCLUSION,0.176726
2024-03,No Elegible,Vulnerabilidad Moderada,1.0,1.0,2.578385269,1.0,1.0,2.117608696,2.580217391,1.043888889,fupal,1,low,,,espanol_uno_mas_adultos,adultos_ninguno_analfabeta,,0,0,8.975915299,19.54126117,2.812569505,28.177173073525346,EXCLUSION,0.255202
2024-05,Lista de Reserva,Vulnerabilidad Baja,2.070141643,1.0,1.0,1.0,1.776038647,1.498900966,1.790108696,1.043888889,sotap,3,average,jefatura_femenina,si,espanol_uno_mas_adultos,adultos_ninguno_analfabeta,,0,0,6.702282231,17.68003002,2.692946147,24.029037349402188,EXCLUSION,0.159513
2023-12,No Elegible por Duplicidad,Vulnerabilidad Severa,2.700708215,2.051104816,2.578385269,1.564135978,1.0,2.117608696,1.0,2.544987923,sotap,2,complete,jefatura_femenina,si,espanol_uno_mas_adultos,adultos_ninguno_analfabeta,0.0,0,0,39.44321718,18.76190405,3.697703903,58.87066656783652,EXCLUSION,0.223138
2024-02,Lista de Reserva,Vulnerabilidad Moderada,1.0,1.525552408,1.0,1.0,1.776038647,2.823478261,1.790108696,1.0,sotap,1,low,,,espanol_uno_mas_adultos,adultos_ninguno_analfabeta,0.0,0,0,3.741369748,26.18890898,2.842293421,29.20789446797501,EXCLUSION,0.265746
2024-06,Lista de Reserva,Vulnerabilidad Baja,1.0,1.0,1.0,1.0,1.0,1.0,1.790108696,1.0,pcr_cdmx,1,low,,,espanol_ningun_adulto,adultos_uno_mas_analfabeta,,0,0,0.0,5.614422911,2.156697643,5.433745167301109,EXCLUSION,0.183842
2023-07,Lista de Reserva,Vulnerabilidad Baja,1.0,1.0,2.578385269,1.0,1.776038647,1.498900966,1.0,1.0,sotap,4,average,jefatura_femenina,si,espanol_uno_mas_adultos,adultos_ninguno_analfabeta,0.0,0,0,8.975915299,9.93697889,2.544515527,18.88196620157803,EXCLUSION,0.197757
2023-07,No Elegible,Vulnerabilidad Elevada,1.0,1.0,3.251728045,1.0,1.776038647,2.823478261,2.580217391,1.0,sotap,5,average,jefatura_femenina,si,espanol_uno_mas_adultos,adultos_ninguno_analfabeta,0.0,0,0,11.51832969,32.12448674,3.23944252,42.97968968997395,EXCLUSION,0.217717
2023-09,No Elegible,Vulnerabilidad Baja,1.0,1.0,2.578385269,1.0,1.0,1.0,1.0,1.043888889,fusal,2,low,jefatura_masculina,no,espanol_uno_mas_adultos,adultos_ninguno_analfabeta,0.0,0,0,8.975915299,0.386821499,2.277972167,9.6391424255778,EXCLUSION,0.245209
2023-08,No Elegible,Vulnerabilidad Baja,1.0,1.0,1.0,1.0,1.776038647,2.117608696,1.0,1.043888889,foten,2,average,jefatura_femenina,si,espanol_uno_mas_adultos,adultos_ninguno_analfabeta,,0,0,0.0,14.60519526,2.407628657,14.13518547133794,EXCLUSION,0.244832
2023-10,Elegible,Vulnerabilidad Moderada,2.070141643,1.0,1.0,1.0,1.776038647,2.117608696,1.790108696,1.0,sotap,3,average,jefatura_masculina,no,espanol_uno_mas_adultos,adultos_ninguno_analfabeta,,0,0,6.702282231,21.88512181,2.810309585,28.0988050805082,INCLUSION,0.212773
2024-06,No Elegible,Vulnerabilidad Moderada,1.0,1.525552408,1.0,1.0,1.776038647,2.117608696,1.790108696,1.0,sotap,1,low,,,espanol_ningun_adulto,adultos_uno_mas_analfabeta,,0,0,3.741369748,21.88512181,2.722175411,25.04260747289278,EXCLUSION,0.204589
2023-07,No Elegible,Vulnerabilidad Baja,1.0,1.0,1.0,1.0,1.776038647,1.0,2.580217391,1.0,foten,3,average,jefatura_masculina,no,espanol_uno_mas_adultos,adultos_ninguno_analfabeta,,-500,0,0.0,16.59309681,2.46311067,16.059114361557388,EXCLUSION,0.188944
2023-10,No Elegible,Vulnerabilidad Baja,1.0,1.0,1.0,1.0,1.0,2.117608696,2.580217391,1.0,foten,1,low,,,espanol_uno_mas_adultos,adultos_ninguno_analfabeta,0.0,0,0,0.0,18.94985465,2.528887403,18.340029377508348,EXCLUSION,0.214654
2024-01,No Elegible,Vulnerabilidad Elevada,1.0,2.051104816,1.0,1.0,1.776038647,2.117608696,2.580217391,1.0,sotap,3,average,jefatura_masculina,no,espanol_uno_mas_adultos,adultos_ninguno_analfabeta,0.0,0,0,6.609317356,27.40879931,2.961707356,33.34876853723833,EXCLUSION,0.281897
2024-02,Elegible,Vulnerabilidad Baja,1.0,1.0,1.0,1.0,1.776038647,2.117608696,1.790108696,1.0,sotap,1,low,,,espanol_ningun_adulto,adultos_ninguno_analfabeta,,0,0,0.0,21.88512181,2.610810239,21.18083670503239,INCLUSION,0.243428
2024-04,Lista de Reserva,Vulnerabilidad Elevada,2.070141643,1.0,2.578385269,1.0,1.776038647,2.823478261,2.580217391,1.043888889,sotap,1,low,,,espanol_uno_mas_adultos,adultos_uno_mas_analfabeta,,0,0,17.46888676,32.85812825,3.43704192,49.83177382961031,EXCLUSION,0.211487
