row_id,month,AIRecommendation,EligibilityTarget,AIErrorLabel,proxy_predicted_reference_class,proxy_probability_of_reference_inclusion,proxy_uncertainty,predicted_AIErrorProbability,uncertainty,anomaly_flag,conflict_flag
1,2024-06,,EXCLUSION,,EXCLUSION,0.187822,0.187822,,0.187822,0,0
2,2023-09,,EXCLUSION,,EXCLUSION,0.192257,0.192257,,0.192257,0,0
3,2023-11,,EXCLUSION,,EXCLUSION,0.348139,0.348139,,0.348139,0,0
4,2023-07,,EXCLUSION,,EXCLUSION,0.137560,0.137560,,0.137560,0,0
5,2023-10,,INCLUSION,,EXCLUSION,0.258411,0.258411,,0.258411,0,0
6,2023-11,,INCLUSION,,EXCLUSION,0.269304,0.269304,,0.269304,0,0
7,2023-10,,INCLUSION,,EXCLUSION,0.300195,0.300195,,0.300195,0,0
8,2024-03,,EXCLUSION,,EXCLUSION,0.221806,0.221806,,0.221806,0,0
9,2023-11,,EXCLUSION,,EXCLUSION,0.226321,0.226321,,0.226321,0,0
10,2023-10,,INCLUSION,,EXCLUSION,0.290502,0.290502,,0.290502,0,0
11,2024-06,,EXCLUSION,,EXCLUSION,0.160198,0.160198,,0.160198,0,0
12,2023-06,,EXCLUSION,,EXCLUSION,0.231854,0.231854,,0.231854,0,0
13,2024-02,,EXCLUSION,,EXCLUSION,0.221014,0.221014,,0.221014,0,0
14,2024-06,,EXCLUSION,,EXCLUSION,0.137934,0.137934,,0.137934,0,0
15,2024-04,,EXCLUSION,,EXCLUSION,0.194136,0.194136,,0.194136,0,0
16,2024-05,,EXCLUSION,,EXCLUSION,0.143946,0.143946,,0.143946,0,0
17,2023-12,,INCLUSION,,EXCLUSION,0.217312,0.217312,,0.217312,1,0
18,2024-05,,EXCLUSION,,EXCLUSION,0.138698,0.138698,,0.138698,0,0
19,2023-12,,INCLUSION,,EXCLUSION,0.247936,0.247936,,0.247936,0,0
20,2023-08,,INCLUSION,,EXCLUSION,0.217586,0.217586,,0.217586,0,0
21,2023-09,,INCLUSION,,EXCLUSION,0.173821,0.173821,,0.173821,0,0
22,2023-08,,EXCLUSION,,EXCLUSION,0.184878,0.184878,,0.184878,0,0
23,2023-10,,EXCLUSION,,EXCLUSION,0.211629,0.211629,,0.211629,0,0
24,2023-06,,EXCLUSION,,EXCLUSION,0.175164,0.175164,,0.175164,0,0
25,2024-02,,EXCLUSION,,EXCLUSION,0.178999,0.178999,,0.178999,0,0
26,2023-08,,INCLUSION,,EXCLUSION,0.279101,0.279101,,0.279101,0,1
27,2023-08,,EXCLUSION,,EXCLUSION,0.231624,0.231624,,0.231624,0,0
28,2024-04,,EXCLUSION,,EXCLUSION,0.230103,0.230103,,0.230103,0,0
29,2023-07,,EXCLUSION,,EXCLUSION,0.147283,0.147283,,0.147283,0,0
30,2024-02,,EXCLUSION,,EXCLUSION,0.208982,0.208982,,0.208982,0,0
31,2024-06,,EXCLUSION,,EXCLUSION,0.177802,0.177802,,0.177802,0,0
32,2024-06,,EXCLUSION,,EXCLUSION,0.113795,0.113795,,0.113795,0,0
33,2024-03,,INCLUSION,,EXCLUSION,0.213636,0.213636,,0.213636,0,0
34,2024-06,,EXCLUSION,,EXCLUSION,0.221875,0.221875,,0.221875,0,0
35,2024-01,,EXCLUSION,,EXCLUSION,0.198812,0.198812,,0.198812,0,0
36,2023-10,,EXCLUSION,,EXCLUSION,0.218605,0.218605,,0.218605,0,0
37,2023-12,,INCLUSION,,EXCLUSION,0.236270,0.236270,,0.236270,0,0
38,2023-09,,INCLUSION,,EXCLUSION,0.243205,0.243205,,0.243205,0,0
39,2023-09,,EXCLUSION,,EXCLUSION,0.215057,0.215057,,0.215057,0,0
40,2023-08,,INCLUSION,,EXCLUSION,0.245000,0.245000,,0.245000,0,0
41,2024-04,,EXCLUSION,,EXCLUSION,0.193586,0.193586,,0.193586,0,0
42,2024-04,,EXCLUSION,,EXCLUSION,0.216118,0.216118,,0.216118,0,0
43,2024-06,,EXCLUSION,,EXCLUSION,0.205654,0.205654,,0.205654,0,0
44,2023-09,,INCLUSION,,EXCLUSION,0.215688,0.215688,,0.215688,0,0
45,2024-01,,EXCLUSION,,EXCLUSION,0.316361,0.316361,,0.316361,0,0
46,2023-07,,EXCLUSION,,EXCLUSION,0.165641,0.165641,,0.165641,0,0
47,2023-09,,INCLUSION,,EXCLUSION,0.187431,0.187431,,0.187431,0,0
48,2023-10,,EXCLUSION,,EXCLUSION,0.313142,0.313142,,0.313142,0,0
49,2024-04,,EXCLUSION,,EXCLUSION,0.202807,0.202807,,0.202807,0,0
50,2024-04,,INCLUSION,,EXCLUSION,0.198664,0.198664,,0.198664,0,0
51,2024-06,,EXCLUSION,,EXCLUSION,0.226259,0.226259,,0.226259,0,0
52,2023-08,,EXCLUSION,,EXCLUSION,0.238108,0.238108,,0.238108,0,0
53,2024-04,,INCLUSION,,EXCLUSION,0.157849,0.157849,,0.157849,0,0
54,2024-04,,EXCLUSION,,EXCLUSION,0.263121,0.263121,,0.263121,0,0
55,2024-03,,EXCLUSION,,EXCLUSION,0.260429,0.260429,,0.260429,0,0
56,2023-07,,EXCLUSION,,EXCLUSION,0.179543,0.179543,,0.179543,0,0
57,2023-09,,INCLUSION,,EXCLUSION,0.200406,0.200406,,0.200406,0,0
58,2023-12,,INCLUSION,,EXCLUSION,0.284490,0.284490,,0.284490,0,0
59,2024-05,,EXCLUSION,,EXCLUSION,0.203770,0.203770,,0.203770,0,0
60,2023-08,,EXCLUSION,,EXCLUSION,0.218949,0.218949,,0.218949,0,0
61,2024-05,,EXCLUSION,,EXCLUSION,0.214952,0.214952,,0.214952,0,0
62,2023-07,,INCLUSION,,EXCLUSION,0.246381,0.246381,,0.246381,0,0
63,2024-03,,EXCLUSION,,EXCLUSION,0.269018,0.269018,,0.269018,0,0
64,2024-05,,EXCLUSION,,EXCLUSION,0.165558,0.165558,,0.165558,0,0
65,2024-01,,INCLUSION,,EXCLUSION,0.263838,0.263838,,0.263838,0,0
66,2024-01,,EXCLUSION,,EXCLUSION,0.266919,0.266919,,0.266919,0,0
67,2024-05,,EXCLUSION,,EXCLUSION,0.207475,0.207475,,0.207475,0,0
68,2024-07,,EXCLUSION,,EXCLUSION,0.205527,0.205527,,0.205527,0,0
69,2023-12,,EXCLUSION,,EXCLUSION,0.249711,0.249711,,0.249711,0,0
70,2024-04,,EXCLUSION,,EXCLUSION,0.196092,0.196092,,0.196092,0,0
71,2024-01,,EXCLUSION,,EXCLUSION,0.360050,0.360050,,0.360050,0,0
72,2024-04,,EXCLUSION,,EXCLUSION,0.162135,0.162135,,0.162135,0,0
73,2023-06,,EXCLUSION,,EXCLUSION,0.150086,0.150086,,0.150086,0,0
74,2023-10,,INCLUSION,,EXCLUSION,0.164598,0.164598,,0.164598,0,0
75,2023-06,,EXCLUSION,,EXCLUSION,0.199222,0.199222,,0.199222,1,0
76,2023-10,,INCLUSION,,EXCLUSION,0.178242,0.178242,,0.178242,1,0
77,2023-11,,EXCLUSION,,EXCLUSION,0.240369,0.240369,,0.240369,0,0
78,2023-10,,EXCLUSION,,EXCLUSION,0.255147,0.255147,,0.255147,0,0
79,2024-06,,EXCLUSION,,EXCLUSION,0.218514,0.218514,,0.218514,0,0
80,2024-01,,EXCLUSION,,EXCLUSION,0.252076,0.252076,,0.252076,0,0
81,2023-10,,EXCLUSION,,EXCLUSION,0.314378,0.314378,,0.314378,0,0
82,2023-08,,EXCLUSION,,EXCLUSION,0.234698,0.234698,,0.234698,0,0
83,2023-11,,EXCLUSION,,EXCLUSION,0.211856,0.211856,,0.211856,0,0
84,2023-09,,EXCLUSION,,EXCLUSION,0.281539,0.281539,,0.281539,0,0
85,2023-07,,EXCLUSION,,EXCLUSION,0.130778,0.130778,,0.130778,0,0
86,2024-06,,EXCLUSION,,EXCLUSION,0.144693,0.144693,,0.144693,0,0
87,2023-08,,EXCLUSION,,EXCLUSION,0.180081,0.180081,,0.180081,0,0
88,2024-03,,EXCLUSION,,EXCLUSION,0.237454,0.237454,,0.237454,0,0
89,2023-06,,EXCLUSION,,EXCLUSION,0.198439,0.198439,,0.198439,0,0
90,2024-05,,EXCLUSION,,EXCLUSION,0.176068,0.176068,,0.176068,0,0
91,2023-06,,EXCLUSION,,EXCLUSION,0.173673,0.173673,,0.173673,0,0
92,2023-06,,EXCLUSION,,EXCLUSION,0.210421,0.210421,,0.210421,0,0
93,2023-08,,INCLUSION,,EXCLUSION,0.223970,0.223970,,0.223970,1,0
94,2024-05,,EXCLUSION,,EXCLUSION,0.200011,0.200011,,0.200011,0,0
95,2023-08,,EXCLUSION,,EXCLUSION,0.282798,0.282798,,0.282798,0,0
96,2024-01,,EXCLUSION,,EXCLUSION,0.226412,0.226412,,0.226412,0,0
97,2023-11,,EXCLUSION,,EXCLUSION,0.299050,0.299050,,0.299050,0,0
98,2024-04,,EXCLUSION,,EXCLUSION,0.178725,0.178725,,0.178725,0,0
99,2023-09,,EXCLUSION,,EXCLUSION,0.256921,0.256921,,0.256921,0,0
100,2024-03,,EXCLUSION,,EXCLUSION,0.184733,0.184733,,0.184733,0,0
101,2024-02,,EXCLUSION,,EXCLUSION,0.260240,0.260240,,0.260240,0,0
102,2024-06,,EXCLUSION,,EXCLUSION,0.154155,0.154155,,0.154155,0,0
103,2023-06,,EXCLUSION,,EXCLUSION,0.239048,0.239048,,0.239048,0,0
104,2023-12,,EXCLUSION,,EXCLUSION,0.353312,0.353312,,0.353312,0,0
105,2024-04,,EXCLUSION,,EXCLUSION,0.154002,0.154002,,0.154002,0,0
106,2024-02,,INCLUSION,,EXCLUSION,0.251101,0.251101,,0.251101,0,0
107,2023-06,,EXCLUSION,,EXCLUSION,0.172040,0.172040,,0.172040,0,0
108,2024-03,,INCLUSION,,EXCLUSION,0.259146,0.259146,,0.259146,0,0
109,2023-12,,INCLUSION,,EXCLUSION,0.177593,0.177593,,0.177593,0,0
110,2023-08,,INCLUSION,,EXCLUSION,0.215578,0.215578,,0.215578,0,0
111,2023-10,,EXCLUSION,,EXCLUSION,0.240442,0.240442,,0.240442,0,0
112,2023-10,,EXCLUSION,,EXCLUSION,0.182762,0.182762,,0.182762,0,0
113,2023-10,,EXCLUSION,,EXCLUSION,0.198343,0.198343,,0.198343,0,0
114,2024-05,,EXCLUSION,,EXCLUSION,0.157056,0.157056,,0.157056,0,0
115,2023-12,,INCLUSION,,EXCLUSION,0.237114,0.237114,,0.237114,0,0
116,2023-08,,EXCLUSION,,EXCLUSION,0.257764,0.257764,,0.257764,0,0
117,2024-05,,EXCLUSION,,EXCLUSION,0.152250,0.152250,,0.152250,0,0
118,2024-05,,EXCLUSION,,EXCLUSION,0.209916,0.209916,,0.209916,0,0
119,2024-05,,EXCLUSION,,EXCLUSION,0.236080,0.236080,,0.236080,0,0
120,2024-02,,EXCLUSION,,EXCLUSION,0.215323,0.215323,,0.215323,0,0
121,2024-01,,INCLUSION,,EXCLUSION,0.194659,0.194659,,0.194659,0,0
122,2024-04,,EXCLUSION,,EXCLUSION,0.201254,0.201254,,0.201254,0,0
123,2023-09,,EXCLUSION,,EXCLUSION,0.288319,0.288319,,0.288319,0,0
124,2024-05,,EXCLUSION,,EXCLUSION,0.166536,0.166536,,0.166536,0,0
125,2024-05,,EXCLUSION,,EXCLUSION,0.155035,0.155035,,0.155035,0,0
126,2023-10,,INCLUSION,,EXCLUSION,0.224342,0.224342,,0.224342,0,1
127,2023-07,,EXCLUSION,,EXCLUSION,0.186532,0.186532,,0.186532,0,0
128,2024-05,,EXCLUSION,,EXCLUSION,0.213732,0.213732,,0.213732,0,0
129,2023-07,,EXCLUSION,,EXCLUSION,0.150831,0.150831,,0.150831,0,0
130,2023-07,,EXCLUSION,,EXCLUSION,0.165648,0.165648,,0.165648,0,0
131,2024-06,,EXCLUSION,,EXCLUSION,0.226759,0.226759,,0.226759,0,0
132,2024-05,,EXCLUSION,,EXCLUSION,0.193812,0.193812,,0.193812,0,0
133,2023-10,,EXCLUSION,,EXCLUSION,0.195641,0.195641,,0.195641,0,0
134,2023-06,,EXCLUSION,,EXCLUSION,0.212156,0.212156,,0.212156,0,0
135,2024-03,,INCLUSION,,EXCLUSION,0.280206,0.280206,,0.280206,0,0
136,2023-09,,EXCLUSION,,EXCLUSION,0.271826,0.271826,,0.271826,0,0
137,2024-04,,EXCLUSION,,EXCLUSION,0.189733,0.189733,,0.189733,0,0
138,2024-04,,INCLUSION,,EXCLUSION,0.182348,0.182348,,0.182348,0,0
139,2024-01,,INCLUSION,,EXCLUSION,0.210531,0.210531,,0.210531,0,0
140,2024-05,,EXCLUSION,,EXCLUSION,0.179596,0.179596,,0.179596,0,0
141,2024-01,,INCLUSION,,EXCLUSION,0.265148,0.265148,,0.265148,0,0
142,2024-02,,EXCLUSION,,EXCLUSION,0.259569,0.259569,,0.259569,0,0
143,2023-09,,EXCLUSION,,EXCLUSION,0.165196,0.165196,,0.165196,0,0
144,2023-10,,INCLUSION,,EXCLUSION,0.260700,0.260700,,0.260700,1,0
145,2024-02,,EXCLUSION,,EXCLUSION,0.249669,0.249669,,0.249669,0,0
146,2023-10,,INCLUSION,,EXCLUSION,0.220839,0.220839,,0.220839,0,0
147,2024-02,,EXCLUSION,,EXCLUSION,0.258278,0.258278,,0.258278,0,0
148,2024-02,,INCLUSION,,EXCLUSION,0.237083,0.237083,,0.237083,0,0
149,2024-02,,INCLUSION,,EXCLUSION,0.255390,0.255390,,0.255390,0,0
150,2023-08,,EXCLUSION,,EXCLUSION,0.260476,0.260476,,0.260476,0,0
151,2023-11,,EXCLUSION,,EXCLUSION,0.222911,0.222911,,0.222911,0,0
152,2024-06,,EXCLUSION,,EXCLUSION,0.217902,0.217902,,0.217902,0,0
153,2024-01,,INCLUSION,,EXCLUSION,0.201653,0.201653,,0.201653,0,0
154,2023-10,,INCLUSION,,EXCLUSION,0.182158,0.182158,,0.182158,0,0
155,2023-10,,EXCLUSION,,EXCLUSION,0.265005,0.265005,,0.265005,0,0
156,2024-02,,EXCLUSION,,EXCLUSION,0.267063,0.267063,,0.267063,0,0
157,2024-02,,INCLUSION,,EXCLUSION,0.202808,0.202808,,0.202808,0,0
158,2024-01,,INCLUSION,,EXCLUSION,0.188124,0.188124,,0.188124,0,0
159,2023-08,,INCLUSION,,EXCLUSION,0.221043,0.221043,,0.221043,0,0
160,2024-06,,EXCLUSION,,EXCLUSION,0.160520,0.160520,,0.160520,0,0
161,2024-02,,EXCLUSION,,EXCLUSION,0.212945,0.212945,,0.212945,0,0
162,2023-10,,EXCLUSION,,EXCLUSION,0.316632,0.316632,,0.316632,0,0
163,2023-06,,EXCLUSION,,EXCLUSION,0.170830,0.170830,,0.170830,0,0
164,2024-07,,EXCLUSION,,EXCLUSION,0.205948,0.205948,,0.205948,0,0
165,2023-07,,EXCLUSION,,EXCLUSION,0.200878,0.200878,,0.200878,0,0
166,2024-02,,EXCLUSION,,EXCLUSION,0.250349,0.250349,,0.250349,0,0
167,2024-05,,EXCLUSION,,EXCLUSION,0.185624,0.185624,,0.185624,0,0
168,2024-03,,EXCLUSION,,EXCLUSION,0.288035,0.288035,,0.288035,0,0
169,2024-04,,EXCLUSION,,EXCLUSION,0.176476,0.176476,,0.176476,0,0
170,2023-06,,EXCLUSION,,EXCLUSION,0.205426,0.205426,,0.205426,0,0
171,2024-04,,EXCLUSION,,EXCLUSION,0.214385,0.214385,,0.214385,0,0
172,2023-08,,EXCLUSION,,EXCLUSION,0.291717,0.291717,,0.291717,0,0
173,2024-06,,EXCLUSION,,EXCLUSION,0.218256,0.218256,,0.218256,0,0
174,2024-06,,EXCLUSION,,EXCLUSION,0.128588,0.128588,,0.128588,0,0
175,2023-11,,EXCLUSION,,EXCLUSION,0.244662,0.244662,,0.244662,0,0
176,2023-09,,INCLUSION,,EXCLUSION,0.193015,0.193015,,0.193015,0,0
177,2024-04,,INCLUSION,,EXCLUSION,0.219809,0.219809,,0.219809,0,0
178,2023-06,,INCLUSION,,EXCLUSION,0.175302,0.175302,,0.175302,0,0
179,2023-08,,EXCLUSION,,EXCLUSION,0.232247,0.232247,,0.232247,0,0
180,2024-03,,EXCLUSION,,EXCLUSION,0.261438,0.261438,,0.261438,0,0
181,2023-08,,INCLUSION,,EXCLUSION,0.216905,0.216905,,0.216905,0,0
182,2024-04,,EXCLUSION,,EXCLUSION,0.222951,0.222951,,0.222951,0,0
183,2024-04,,EXCLUSION,,EXCLUSION,0.158545,0.158545,,0.158545,0,0
184,2024-06,,EXCLUSION,,EXCLUSION,0.214655,0.214655,,0.214655,0,0
185,2023-11,,INCLUSION,,EXCLUSION,0.220921,0.220921,,0.220921,0,0
186,2023-09,,EXCLUSION,,EXCLUSION,0.240591,0.240591,,0.240591,0,0
187,2023-12,,EXCLUSION,,EXCLUSION,0.277875,0.277875,,0.277875,0,0
188,2024-01,,EXCLUSION,,EXCLUSION,0.263592,0.263592,,0.263592,0,0
189,2024-06,,EXCLUSION,,EXCLUSION,0.178567,0.178567,,0.178567,0,0
190,2023-07,,EXCLUSION,,EXCLUSION,0.208331,0.208331,,0.208331,0,0
191,2023-12,,INCLUSION,,EXCLUSION,0.258753,0.258753,,0.258753,0,0
192,2024-05,,EXCLUSION,,EXCLUSION,0.173913,0.173913,,0.173913,0,0
193,2024-05,,EXCLUSION,,EXCLUSION,0.199580,0.199580,,0.199580,0,0
194,2024-04,,EXCLUSION,,EXCLUSION,0.200739,0.200739,,0.200739,0,0
195,2024-01,,INCLUSION,,EXCLUSION,0.150036,0.150036,,0.150036,0,0
196,2023-08,,EXCLUSION,,EXCLUSION,0.271339,0.271339,,0.271339,0,0
197,2023-10,,EXCLUSION,,EXCLUSION,0.225107,0.225107,,0.225107,0,0
198,2024-01,,EXCLUSION,,EXCLUSION,0.269079,0.269079,,0.269079,0,0
199,2024-01,,INCLUSION,,EXCLUSION,0.301040,0.301040,,0.301040,0,0
200,2023-09,,INCLUSION,,EXCLUSION,0.216435,0.216435,,0.216435,0,0
201,2023-09,,INCLUSION,,EXCLUSION,0.225876,0.225876,,0.225876,0,0
202,2024-02,,EXCLUSION,,EXCLUSION,0.249836,0.249836,,0.249836,0,0
203,2024-01,,INCLUSION,,EXCLUSION,0.274009,0.274009,,0.274009,0,0
204,2024-05,,EXCLUSION,,EXCLUSION,0.256234,0.256234,,0.256234,0,0
205,2023-10,,EXCLUSION,,EXCLUSION,0.271910,0.271910,,0.271910,0,0
206,2024-01,,INCLUSION,,EXCLUSION,0.258181,0.258181,,0.258181,0,0
207,2024-02,,EXCLUSION,,EXCLUSION,0.251782,0.251782,,0.251782,0,0
208,2024-03,,EXCLUSION,,EXCLUSION,0.281462,0.281462,,0.281462,0,0
209,2023-12,,EXCLUSION,,EXCLUSION,0.189588,0.189588,,0.189588,0,0
210,2023-08,,EXCLUSION,,EXCLUSION,0.182616,0.182616,,0.182616,0,0
211,2023-08,,EXCLUSION,,EXCLUSION,0.178094,0.178094,,0.178094,0,0
212,2024-02,,INCLUSION,,EXCLUSION,0.263772,0.263772,,0.263772,0,0
213,2023-12,,EXCLUSION,,EXCLUSION,0.301263,0.301263,,0.301263,0,0
214,2024-04,,EXCLUSION,,EXCLUSION,0.226318,0.226318,,0.226318,0,0
215,2023-07,,EXCLUSION,,EXCLUSION,0.166893,0.166893,,0.166893,0,0
216,2024-04,,INCLUSION,,EXCLUSION,0.225489,0.225489,,0.225489,0,0
217,2024-05,,EXCLUSION,,EXCLUSION,0.193954,0.193954,,0.193954,0,0
218,2023-10,,INCLUSION,,EXCLUSION,0.245879,0.245879,,0.245879,0,0
219,2023-12,,INCLUSION,,EXCLUSION,0.265127,0.265127,,0.265127,0,1
220,2023-08,,INCLUSION,,EXCLUSION,0.225751,0.225751,,0.225751,0,0
221,2024-04,,EXCLUSION,,EXCLUSION,0.205675,0.205675,,0.205675,0,0
222,2023-08,,INCLUSION,,EXCLUSION,0.260743,0.260743,,0.260743,0,0
223,2024-04,,EXCLUSION,,EXCLUSION,0.192846,0.192846,,0.192846,0,0
224,2023-11,,EXCLUSION,,EXCLUSION,0.277734,0.277734,,0.277734,0,0
225,2024-05,,EXCLUSION,,EXCLUSION,0.184184,0.184184,,0.184184,0,0
226,2023-07,,EXCLUSION,,EXCLUSION,0.175091,0.175091,,0.175091,0,0
227,2023-12,,INCLUSION,,EXCLUSION,0.253926,0.253926,,0.253926,1,0
228,2024-04,,EXCLUSION,,EXCLUSION,0.142883,0.142883,,0.142883,0,0
229,2024-04,,EXCLUSION,,EXCLUSION,0.277880,0.277880,,0.277880,0,0
230,2023-11,,EXCLUSION,,EXCLUSION,0.278588,0.278588,,0.278588,0,0
231,2023-11,,INCLUSION,,EXCLUSION,0.272397,0.272397,,0.272397,0,0
232,2024-04,,EXCLUSION,,EXCLUSION,0.142574,0.142574,,0.142574,0,0
233,2024-05,,EXCLUSION,,EXCLUSION,0.208085,0.208085,,0.208085,0,0
234,2024-01,,EXCLUSION,,EXCLUSION,0.319939,0.319939,,0.319939,0,0
235,2024-05,,EXCLUSION,,EXCLUSION,0.278531,0.278531,,0.278531,0,0
236,2024-01,,INCLUSION,,EXCLUSION,0.359789,0.359789,,0.359789,0,0
237,2024-02,,EXCLUSION,,EXCLUSION,0.215272,0.215272,,0.215272,0,0
238,2024-01,,INCLUSION,,EXCLUSION,0.269323,0.269323,,0.269323,0,0
239,2023-12,,INCLUSION,,EXCLUSION,0.217567,0.217567,,0.217567,0,0
240,2024-04,,INCLUSION,,EXCLUSION,0.203354,0.203354,,0.203354,0,0
241,2023-11,,EXCLUSION,,EXCLUSION,0.228878,0.228878,,0.228878,0,0
242,2024-01,,EXCLUSION,,EXCLUSION,0.232266,0.232266,,0.232266,0,0
243,2023-08,,EXCLUSION,,EXCLUSION,0.317248,0.317248,,0.317248,0,0
244,2024-02,,EXCLUSION,,EXCLUSION,0.215251,0.215251,,0.215251,0,0
245,2024-03,,EXCLUSION,,EXCLUSION,0.351718,0.351718,,0.351718,0,0
246,2023-12,,INCLUSION,,EXCLUSION,0.203993,0.203993,,0.203993,0,1
247,2023-08,,INCLUSION,,EXCLUSION,0.227845,0.227845,,0.227845,0,0
248,2023-07,,EXCLUSION,,EXCLUSION,0.152157,0.152157,,0.152157,0,0
249,2023-07,,EXCLUSION,,EXCLUSION,0.177122,0.177122,,0.177122,0,0
250,2024-06,,EXCLUSION,,EXCLUSION,0.159265,0.159265,,0.159265,0,0
251,2024-05,,EXCLUSION,,EXCLUSION,0.173022,0.173022,,0.173022,0,0
252,2023-11,,EXCLUSION,,EXCLUSION,0.262523,0.262523,,0.262523,0,0
253,2023-09,,EXCLUSION,,EXCLUSION,0.219693,0.219693,,0.219693,0,0
254,2023-07,,EXCLUSION,,EXCLUSION,0.207629,0.207629,,0.207629,0,0
255,2024-04,,INCLUSION,,EXCLUSION,0.139573,0.139573,,0.139573,0,0
256,2023-10,,EXCLUSION,,EXCLUSION,0.242836,0.242836,,0.242836,0,0
257,2023-12,,INCLUSION,,EXCLUSION,0.273481,0.273481,,0.273481,0,0
258,2023-06,,EXCLUSION,,EXCLUSION,0.185753,0.185753,,0.185753,0,0
259,2024-04,,EXCLUSION,,EXCLUSION,0.176681,0.176681,,0.176681,0,0
260,2024-04,,EXCLUSION,,EXCLUSION,0.202936,0.202936,,0.202936,0,0
261,2024-03,,INCLUSION,,EXCLUSION,0.249203,0.249203,,0.249203,0,0
262,2023-10,,INCLUSION,,EXCLUSION,0.248400,0.248400,,0.248400,0,0
263,2024-02,,EXCLUSION,,EXCLUSION,0.308624,0.308624,,0.308624,0,0
264,2024-01,,EXCLUSION,,EXCLUSION,0.211791,0.211791,,0.211791,0,0
265,2023-12,,INCLUSION,,EXCLUSION,0.356221,0.356221,,0.356221,0,0
266,2023-11,,EXCLUSION,,EXCLUSION,0.242724,0.242724,,0.242724,0,0
267,2023-10,,INCLUSION,,EXCLUSION,0.238719,0.238719,,0.238719,0,1
268,2023-11,,EXCLUSION,,EXCLUSION,0.224720,0.224720,,0.224720,0,0
269,2023-09,,INCLUSION,,EXCLUSION,0.248712,0.248712,,0.248712,0,0
270,2023-11,,EXCLUSION,,EXCLUSION,0.259156,0.259156,,0.259156,0,0
271,2023-12,,INCLUSION,,EXCLUSION,0.330691,0.330691,,0.330691,0,1
272,2023-08,,INCLUSION,,EXCLUSION,0.189756,0.189756,,0.189756,0,0
273,2024-04,,EXCLUSION,,EXCLUSION,0.167990,0.167990,,0.167990,0,0
274,2024-03,,EXCLUSION,,EXCLUSION,0.282055,0.282055,,0.282055,0,0
275,2024-01,,INCLUSION,,EXCLUSION,0.332252,0.332252,,0.332252,0,0
276,2023-08,,EXCLUSION,,EXCLUSION,0.302144,0.302144,,0.302144,0,0
277,2023-08,,INCLUSION,,EXCLUSION,0.230648,0.230648,,0.230648,0,0
278,2023-08,,EXCLUSION,,EXCLUSION,0.281654,0.281654,,0.281654,0,0
279,2024-02,,INCLUSION,,EXCLUSION,0.255983,0.255983,,0.255983,0,0
280,2023-11,,EXCLUSION,,EXCLUSION,0.185806,0.185806,,0.185806,0,0
281,2024-01,,EXCLUSION,,EXCLUSION,0.281421,0.281421,,0.281421,0,0
282,2024-03,,EXCLUSION,,EXCLUSION,0.173160,0.173160,,0.173160,0,0
283,2024-06,,EXCLUSION,,EXCLUSION,0.185388,0.185388,,0.185388,0,0
284,2024-03,,INCLUSION,,EXCLUSION,0.299541,0.299541,,0.299541,0,0
285,2024-01,,EXCLUSION,,EXCLUSION,0.277878,0.277878,,0.277878,0,0
286,2023-06,,EXCLUSION,,EXCLUSION,0.325472,0.325472,,0.325472,0,0
287,2024-04,,INCLUSION,,EXCLUSION,0.151895,0.151895,,0.151895,0,0
288,2024-01,,INCLUSION,,EXCLUSION,0.249229,0.249229,,0.249229,1,0
289,2024-06,,EXCLUSION,,EXCLUSION,0.190284,0.190284,,0.190284,0,0
290,2024-06,,EXCLUSION,,EXCLUSION,0.146109,0.146109,,0.146109,0,0
291,2024-01,,EXCLUSION,,EXCLUSION,0.232601,0.232601,,0.232601,0,0
292,2023-06,,EXCLUSION,,EXCLUSION,0.210303,0.210303,,0.210303,0,0
293,2024-03,,INCLUSION,,EXCLUSION,0.223686,0.223686,,0.223686,1,0
294,2023-10,,EXCLUSION,,EXCLUSION,0.216206,0.216206,,0.216206,0,0
295,2023-08,,EXCLUSION,,EXCLUSION,0.293513,0.293513,,0.293513,0,0
296,2023-10,,EXCLUSION,,EXCLUSION,0.204219,0.204219,,0.204219,0,0
297,2024-01,,INCLUSION,,EXCLUSION,0.239357,0.239357,,0.239357,0,0
298,2024-05,,EXCLUSION,,EXCLUSION,0.221997,0.221997,,0.221997,0,0
299,2024-06,,EXCLUSION,,EXCLUSION,0.205674,0.205674,,0.205674,0,0
300,2023-09,,EXCLUSION,,EXCLUSION,0.180936,0.180936,,0.180936,0,0
301,2023-10,,INCLUSION,,EXCLUSION,0.229800,0.229800,,0.229800,1,0
302,2024-04,,EXCLUSION,,EXCLUSION,0.207714,0.207714,,0.207714,0,0
303,2024-01,,EXCLUSION,,EXCLUSION,0.260865,0.260865,,0.260865,0,0
304,2024-01,,EXCLUSION,,EXCLUSION,0.360694,0.360694,,0.360694,1,0
305,2023-12,,EXCLUSION,,EXCLUSION,0.280414,0.280414,,0.280414,0,0
306,2024-04,,EXCLUSION,,EXCLUSION,0.206856,0.206856,,0.206856,0,0
307,2023-12,,EXCLUSION,,EXCLUSION,0.328327,0.328327,,0.328327,0,0
308,2024-06,,EXCLUSION,,EXCLUSION,0.176719,0.176719,,0.176719,0,0
309,2024-02,,EXCLUSION,,EXCLUSION,0.209029,0.209029,,0.209029,0,0
310,2024-06,,EXCLUSION,,EXCLUSION,0.190605,0.190605,,0.190605,0,0
311,2023-10,,EXCLUSION,,EXCLUSION,0.324031,0.324031,,0.324031,0,0
312,2024-04,,EXCLUSION,,EXCLUSION,0.200999,0.200999,,0.200999,0,0
313,2023-07,,EXCLUSION,,EXCLUSION,0.193353,0.193353,,0.193353,0,0
314,2024-01,,EXCLUSION,,EXCLUSION,0.257261,0.257261,,0.257261,0,0
315,2023-11,,INCLUSION,,EXCLUSION,0.394008,0.394008,,0.394008,0,0
316,2024-05,,INCLUSION,,EXCLUSION,0.166245,0.166245,,0.166245,0,0
317,2024-05,,EXCLUSION,,EXCLUSION,0.273831,0.273831,,0.273831,0,0
318,2023-08,,EXCLUSION,,EXCLUSION,0.245966,0.245966,,0.245966,0,0
319,2023-07,,EXCLUSION,,EXCLUSION,0.168793,0.168793,,0.168793,0,0
320,2023-09,,EXCLUSION,,EXCLUSION,0.288470,0.288470,,0.288470,0,0
321,2023-08,,EXCLUSION,,EXCLUSION,0.232147,0.232147,,0.232147,0,0
322,2024-04,,EXCLUSION,,EXCLUSION,0.229766,0.229766,,0.229766,0,0
323,2024-01,,INCLUSION,,EXCLUSION,0.253803,0.253803,,0.253803,0,0
324,2023-09,,EXCLUSION,,EXCLUSION,0.217917,0.217917,,0.217917,0,0
325,2023-07,,EXCLUSION,,EXCLUSION,0.182537,0.182537,,0.182537,0,0
326,2024-06,,EXCLUSION,,EXCLUSION,0.136653,0.136653,,0.136653,0,0
327,2024-06,,EXCLUSION,,EXCLUSION,0.187413,0.187413,,0.187413,0,0
328,2023-10,,EXCLUSION,,EXCLUSION,0.224394,0.224394,,0.224394,0,0
329,2024-02,,EXCLUSION,,EXCLUSION,0.253863,0.253863,,0.253863,0,0
330,2023-08,,EXCLUSION,,EXCLUSION,0.162771,0.162771,,0.162771,0,0
331,2024-02,,INCLUSION,,EXCLUSION,0.214550,0.214550,,0.214550,0,0
332,2023-08,,INCLUSION,,EXCLUSION,0.163611,0.163611,,0.163611,0,0
333,2023-12,,INCLUSION,,EXCLUSION,0.254258,0.254258,,0.254258,0,0
334,2024-07,,EXCLUSION,,EXCLUSION,0.165606,0.165606,,0.165606,0,0
335,2023-08,,EXCLUSION,,EXCLUSION,0.237262,0.237262,,0.237262,0,0
336,2024-01,,EXCLUSION,,EXCLUSION,0.311040,0.311040,,0.311040,0,0
337,2024-01,,INCLUSION,,EXCLUSION,0.172648,0.172648,,0.172648,0,0
338,2024-02,,EXCLUSION,,EXCLUSION,0.219094,0.219094,,0.219094,0,0
339,2023-08,,INCLUSION,,EXCLUSION,0.283010,0.283010,,0.283010,0,0
340,2024-05,,EXCLUSION,,EXCLUSION,0.244369,0.244369,,0.244369,0,0
341,2023-12,,EXCLUSION,,EXCLUSION,0.175939,0.175939,,0.175939,0,0
342,2023-07,,EXCLUSION,,EXCLUSION,0.138083,0.138083,,0.138083,0,0
343,2023-07,,EXCLUSION,,EXCLUSION,0.177567,0.177567,,0.177567,0,0
344,2024-04,,EXCLUSION,,EXCLUSION,0.247846,0.247846,,0.247846,0,0
345,2023-08,,EXCLUSION,,EXCLUSION,0.305724,0.305724,,0.305724,0,0
346,2024-06,,EXCLUSION,,EXCLUSION,0.149065,0.149065,,0.149065,0,0
347,2024-04,,EXCLUSION,,EXCLUSION,0.135512,0.135512,,0.135512,0,0
348,2024-03,,EXCLUSION,,EXCLUSION,0.259653,0.259653,,0.259653,0,0
349,2023-07,,EXCLUSION,,EXCLUSION,0.177640,0.177640,,0.177640,0,0
350,2024-05,,EXCLUSION,,EXCLUSION,0.248766,0.248766,,0.248766,0,0
351,2024-01,,EXCLUSION,,EXCLUSION,0.227446,0.227446,,0.227446,0,0
352,2024-02,,EXCLUSION,,EXCLUSION,0.203957,0.203957,,0.203957,0,0
353,2023-06,,EXCLUSION,,EXCLUSION,0.154272,0.154272,,0.154272,0,0
354,2024-03,,INCLUSION,,EXCLUSION,0.250721,0.250721,,0.250721,0,0
355,2024-04,,EXCLUSION,,EXCLUSION,0.156570,0.156570,,0.156570,0,0
356,2024-04,,EXCLUSION,,EXCLUSION,0.155336,0.155336,,0.155336,0,0
357,2024-06,,EXCLUSION,,EXCLUSION,0.154628,0.154628,,0.154628,0,0
358,2023-11,,EXCLUSION,,EXCLUSION,0.206538,0.206538,,0.206538,0,0
359,2024-05,,EXCLUSION,,EXCLUSION,0.208636,0.208636,,0.208636,0,0
360,2024-07,,EXCLUSION,,EXCLUSION,0.207308,0.207308,,0.207308,0,0
361,2023-09,,INCLUSION,,EXCLUSION,0.287848,0.287848,,0.287848,0,0
362,2023-06,,EXCLUSION,,EXCLUSION,0.154652,0.154652,,0.154652,0,0
363,2024-01,,EXCLUSION,,EXCLUSION,0.319439,0.319439,,0.319439,0,0
364,2024-02,,EXCLUSION,,EXCLUSION,0.214847,0.214847,,0.214847,0,0
365,2024-07,,EXCLUSION,,EXCLUSION,0.225162,0.225162,,0.225162,0,0
366,2023-08,,INCLUSION,,EXCLUSION,0.225995,0.225995,,0.225995,0,1
367,2023-08,,INCLUSION,,EXCLUSION,0.241242,0.241242,,0.241242,0,0
368,2023-09,,EXCLUSION,,EXCLUSION,0.174950,0.174950,,0.174950,0,0
369,2023-07,,EXCLUSION,,EXCLUSION,0.213984,0.213984,,0.213984,0,0
370,2024-05,,EXCLUSION,,EXCLUSION,0.156681,0.156681,,0.156681,0,0
371,2024-01,,INCLUSION,,EXCLUSION,0.292039,0.292039,,0.292039,1,0
372,2024-03,,INCLUSION,,EXCLUSION,0.209852,0.209852,,0.209852,0,0
373,2023-12,,EXCLUSION,,EXCLUSION,0.251676,0.251676,,0.251676,0,0
374,2024-01,,INCLUSION,,EXCLUSION,0.330164,0.330164,,0.330164,0,0
375,2023-11,,EXCLUSION,,EXCLUSION,0.302768,0.302768,,0.302768,0,0
376,2023-07,,EXCLUSION,,EXCLUSION,0.281082,0.281082,,0.281082,0,0
377,2024-03,,INCLUSION,,EXCLUSION,0.332243,0.332243,,0.332243,0,1
378,2024-01,,EXCLUSION,,EXCLUSION,0.239190,0.239190,,0.239190,0,0
379,2023-08,,EXCLUSION,,EXCLUSION,0.228670,0.228670,,0.228670,0,0
380,2024-03,,INCLUSION,,EXCLUSION,0.157612,0.157612,,0.157612,0,0
381,2023-08,,INCLUSION,,EXCLUSION,0.184694,0.184694,,0.184694,0,0
382,2024-02,,INCLUSION,,EXCLUSION,0.256021,0.256021,,0.256021,0,1
383,2024-06,,EXCLUSION,,EXCLUSION,0.153466,0.153466,,0.153466,0,0
384,2024-06,,EXCLUSION,,EXCLUSION,0.170485,0.170485,,0.170485,0,0
385,2023-10,,EXCLUSION,,EXCLUSION,0.218286,0.218286,,0.218286,0,0
386,2023-09,,EXCLUSION,,EXCLUSION,0.209122,0.209122,,0.209122,0,0
387,2024-07,,EXCLUSION,,EXCLUSION,0.201412,0.201412,,0.201412,0,0
388,2024-06,,EXCLUSION,,EXCLUSION,0.163951,0.163951,,0.163951,0,0
389,2023-08,,EXCLUSION,,EXCLUSION,0.260820,0.260820,,0.260820,0,0
390,2023-09,,EXCLUSION,,EXCLUSION,0.200276,0.200276,,0.200276,0,0
391,2024-02,,EXCLUSION,,EXCLUSION,0.288118,0.288118,,0.288118,0,0
392,2024-02,,INCLUSION,,EXCLUSION,0.230917,0.230917,,0.230917,0,0
393,2024-01,,EXCLUSION,,EXCLUSION,0.201738,0.201738,,0.201738,0,0
394,2024-05,,EXCLUSION,,EXCLUSION,0.277484,0.277484,,0.277484,0,0
395,2024-05,,INCLUSION,,EXCLUSION,0.187014,0.187014,,0.187014,0,0
396,2024-04,,EXCLUSION,,EXCLUSION,0.233651,0.233651,,0.233651,0,0
397,2024-02,,EXCLUSION,,EXCLUSION,0.219496,0.219496,,0.219496,0,0
398,2024-05,,EXCLUSION,,EXCLUSION,0.195086,0.195086,,0.195086,0,0
399,2023-10,,EXCLUSION,,EXCLUSION,0.176075,0.176075,,0.176075,0,0
400,2023-09,,EXCLUSION,,EXCLUSION,0.266164,0.266164,,0.266164,0,0
401,2023-12,,EXCLUSION,,EXCLUSION,0.205731,0.205731,,0.205731,0,0
402,2024-02,,INCLUSION,,EXCLUSION,0.228576,0.228576,,0.228576,0,0
403,2023-10,,INCLUSION,,EXCLUSION,0.335421,0.335421,,0.335421,0,0
404,2023-09,,EXCLUSION,,EXCLUSION,0.172803,0.172803,,0.172803,0,0
405,2024-02,,INCLUSION,,EXCLUSION,0.244526,0.244526,,0.244526,0,0
406,2023-08,,EXCLUSION,,EXCLUSION,0.215780,0.215780,,0.215780,0,0
407,2024-05,,EXCLUSION,,EXCLUSION,0.174026,0.174026,,0.174026,0,0
408,2023-12,,INCLUSION,,EXCLUSION,0.228277,0.228277,,0.228277,0,0
409,2024-03,,EXCLUSION,,EXCLUSION,0.217921,0.217921,,0.217921,0,0
410,2024-01,,EXCLUSION,,EXCLUSION,0.307358,0.307358,,0.307358,0,0
411,2024-05,,INCLUSION,,EXCLUSION,0.182027,0.182027,,0.182027,0,0
412,2023-06,,EXCLUSION,,EXCLUSION,0.226906,0.226906,,0.226906,0,0
413,2024-01,,EXCLUSION,,EXCLUSION,0.257107,0.257107,,0.257107,0,0
414,2023-10,,EXCLUSION,,EXCLUSION,0.278177,0.278177,,0.278177,0,0
415,2024-05,,EXCLUSION,,EXCLUSION,0.213872,0.213872,,0.213872,0,0
416,2024-02,,EXCLUSION,,EXCLUSION,0.246529,0.246529,,0.246529,0,0
417,2024-01,,INCLUSION,,EXCLUSION,0.280981,0.280981,,0.280981,0,0
418,2023-09,,EXCLUSION,,EXCLUSION,0.222443,0.222443,,0.222443,0,0
419,2024-02,,EXCLUSION,,EXCLUSION,0.181495,0.181495,,0.181495,0,0
420,2024-01,,INCLUSION,,EXCLUSION,0.322468,0.322468,,0.322468,0,0
421,2023-12,,EXCLUSION,,EXCLUSION,0.185096,0.185096,,0.185096,0,0
422,2024-01,,EXCLUSION,,EXCLUSION,0.300591,0.300591,,0.300591,0,0
423,2023-12,,EXCLUSION,,EXCLUSION,0.299382,0.299382,,0.299382,0,0
424,2024-04,,EXCLUSION,,EXCLUSION,0.109557,0.109557,,0.109557,0,0
425,2023-08,,INCLUSION,,EXCLUSION,0.244978,0.244978,,0.244978,0,0
426,2023-11,,EXCLUSION,,EXCLUSION,0.235038,0.235038,,0.235038,0,0
427,2023-07,,EXCLUSION,,EXCLUSION,0.151585,0.151585,,0.151585,0,0
428,2024-01,,INCLUSION,,EXCLUSION,0.206553,0.206553,,0.206553,0,0
429,2024-03,,EXCLUSION,,EXCLUSION,0.279544,0.279544,,0.279544,0,0
430,2024-05,,EXCLUSION,,EXCLUSION,0.198148,0.198148,,0.198148,0,0
431,2024-04,,EXCLUSION,,EXCLUSION,0.199937,0.199937,,0.199937,0,0
432,2024-05,,EXCLUSION,,EXCLUSION,0.231624,0.231624,,0.231624,0,0
433,2023-07,,EXCLUSION,,EXCLUSION,0.221106,0.221106,,0.221106,0,0
434,2024-01,,EXCLUSION,,EXCLUSION,0.255555,0.255555,,0.255555,0,0
435,2024-02,,INCLUSION,,EXCLUSION,0.249412,0.249412,,0.249412,0,0
436,2023-10,,EXCLUSION,,EXCLUSION,0.242867,0.242867,,0.242867,0,0
437,2024-01,,INCLUSION,,EXCLUSION,0.222416,0.222416,,0.222416,0,0
438,2023-08,,EXCLUSION,,EXCLUSION,0.276816,0.276816,,0.276816,0,0
439,2024-05,,EXCLUSION,,EXCLUSION,0.262791,0.262791,,0.262791,0,0
440,2023-09,,EXCLUSION,,EXCLUSION,0.240302,0.240302,,0.240302,0,0
441,2024-01,,INCLUSION,,EXCLUSION,0.363922,0.363922,,0.363922,0,0
442,2024-01,,EXCLUSION,,EXCLUSION,0.304424,0.304424,,0.304424,0,0
443,2024-07,,EXCLUSION,,EXCLUSION,0.307061,0.307061,,0.307061,0,0
444,2024-03,,EXCLUSION,,EXCLUSION,0.258118,0.258118,,0.258118,0,0
445,2024-05,,EXCLUSION,,EXCLUSION,0.137107,0.137107,,0.137107,0,0
446,2024-01,,EXCLUSION,,EXCLUSION,0.321081,0.321081,,0.321081,0,0
447,2023-08,,EXCLUSION,,EXCLUSION,0.190554,0.190554,,0.190554,0,0
448,2024-05,,EXCLUSION,,EXCLUSION,0.163360,0.163360,,0.163360,0,0
449,2024-04,,EXCLUSION,,EXCLUSION,0.179138,0.179138,,0.179138,0,0
450,2024-02,,INCLUSION,,EXCLUSION,0.215488,0.215488,,0.215488,0,0
451,2024-01,,EXCLUSION,,EXCLUSION,0.284645,0.284645,,0.284645,0,0
452,2024-03,,INCLUSION,,EXCLUSION,0.203115,0.203115,,0.203115,1,0
453,2023-11,,EXCLUSION,,EXCLUSION,0.214306,0.214306,,0.214306,0,0
454,2024-04,,EXCLUSION,,EXCLUSION,0.217570,0.217570,,0.217570,0,0
455,2024-06,,EXCLUSION,,EXCLUSION,0.157449,0.157449,,0.157449,0,0
456,2023-11,,EXCLUSION,,EXCLUSION,0.272029,0.272029,,0.272029,0,0
457,2024-04,,EXCLUSION,,EXCLUSION,0.299739,0.299739,,0.299739,0,0
458,2024-05,,INCLUSION,,EXCLUSION,0.151024,0.151024,,0.151024,0,0
459,2023-07,,EXCLUSION,,EXCLUSION,0.150283,0.150283,,0.150283,0,0
460,2024-01,,EXCLUSION,,EXCLUSION,0.277518,0.277518,,0.277518,0,0
461,2024-02,,INCLUSION,,EXCLUSION,0.228593,0.228593,,0.228593,0,0
462,2023-08,,EXCLUSION,,EXCLUSION,0.207401,0.207401,,0.207401,0,0
463,2023-09,,EXCLUSION,,EXCLUSION,0.229518,0.229518,,0.229518,0,0
464,2023-12,,EXCLUSION,,EXCLUSION,0.223538,0.223538,,0.223538,0,0
465,2024-01,,EXCLUSION,,EXCLUSION,0.360988,0.360988,,0.360988,0,0
466,2023-08,,EXCLUSION,,EXCLUSION,0.163558,0.163558,,0.163558,0,0
467,2024-04,,EXCLUSION,,EXCLUSION,0.184941,0.184941,,0.184941,0,0
468,2023-11,,EXCLUSION,,EXCLUSION,0.209222,0.209222,,0.209222,0,0
469,2024-02,,EXCLUSION,,EXCLUSION,0.201934,0.201934,,0.201934,0,0
470,2024-02,,INCLUSION,,EXCLUSION,0.223277,0.223277,,0.223277,0,0
471,2024-05,,EXCLUSION,,EXCLUSION,0.239380,0.239380,,0.239380,0,0
472,2024-03,,INCLUSION,,EXCLUSION,0.261292,0.261292,,0.261292,0,0
473,2024-02,,EXCLUSION,,EXCLUSION,0.191541,0.191541,,0.191541,0,0
474,2024-05,,EXCLUSION,,EXCLUSION,0.161815,0.161815,,0.161815,0,0
475,2024-07,,EXCLUSION,,EXCLUSION,0.230711,0.230711,,0.230711,0,0
476,2023-07,,EXCLUSION,,EXCLUSION,0.178575,0.178575,,0.178575,0,0
477,2024-02,,EXCLUSION,,EXCLUSION,0.318838,0.318838,,0.318838,0,0
478,2023-07,,INCLUSION,,EXCLUSION,0.195210,0.195210,,0.195210,0,0
479,2023-11,,EXCLUSION,,EXCLUSION,0.167515,0.167515,,0.167515,0,0
480,2023-09,,EXCLUSION,,EXCLUSION,0.148097,0.148097,,0.148097,0,0
481,2023-08,,INCLUSION,,EXCLUSION,0.220274,0.220274,,0.220274,0,0
482,2024-01,,EXCLUSION,,EXCLUSION,0.248823,0.248823,,0.248823,0,0
483,2023-08,,EXCLUSION,,EXCLUSION,0.251212,0.251212,,0.251212,0,0
484,2024-03,,EXCLUSION,,EXCLUSION,0.172592,0.172592,,0.172592,0,0
485,2023-10,,INCLUSION,,EXCLUSION,0.255528,0.255528,,0.255528,0,0
486,2024-06,,EXCLUSION,,EXCLUSION,0.182238,0.182238,,0.182238,0,0
487,2023-07,,EXCLUSION,,EXCLUSION,0.142630,0.142630,,0.142630,0,0
488,2024-02,,EXCLUSION,,EXCLUSION,0.280523,0.280523,,0.280523,0,0
489,2024-06,,EXCLUSION,,EXCLUSION,0.134576,0.134576,,0.134576,0,0
490,2024-04,,EXCLUSION,,EXCLUSION,0.194707,0.194707,,0.194707,0,0
491,2024-01,,EXCLUSION,,EXCLUSION,0.299823,0.299823,,0.299823,0,0
492,2023-12,,EXCLUSION,,EXCLUSION,0.209199,0.209199,,0.209199,0,0
493,2023-06,,EXCLUSION,,EXCLUSION,0.156298,0.156298,,0.156298,0,0
494,2024-04,,EXCLUSION,,EXCLUSION,0.225901,0.225901,,0.225901,0,0
495,2023-10,,EXCLUSION,,EXCLUSION,0.190446,0.190446,,0.190446,0,0
496,2023-10,,EXCLUSION,,EXCLUSION,0.293811,0.293811,,0.293811,0,0
497,2024-07,,EXCLUSION,,EXCLUSION,0.224988,0.224988,,0.224988,0,0
498,2024-05,,EXCLUSION,,EXCLUSION,0.176036,0.176036,,0.176036,0,0
499,2023-10,,EXCLUSION,,EXCLUSION,0.226453,0.226453,,0.226453,0,0
500,2024-01,,EXCLUSION,,EXCLUSION,0.368102,0.368102,,0.368102,0,0
501,2024-02,,EXCLUSION,,EXCLUSION,0.358518,0.358518,,0.358518,0,0
502,2024-06,,EXCLUSION,,EXCLUSION,0.205694,0.205694,,0.205694,0,0
503,2023-08,,EXCLUSION,,EXCLUSION,0.216453,0.216453,,0.216453,0,0
504,2024-04,,EXCLUSION,,EXCLUSION,0.226482,0.226482,,0.226482,0,0
505,2023-07,,EXCLUSION,,EXCLUSION,0.166715,0.166715,,0.166715,0,0
506,2023-07,,EXCLUSION,,EXCLUSION,0.152534,0.152534,,0.152534,0,0
507,2024-05,,EXCLUSION,,EXCLUSION,0.199297,0.199297,,0.199297,0,0
508,2024-03,,INCLUSION,,EXCLUSION,0.164373,0.164373,,0.164373,0,0
509,2024-04,,EXCLUSION,,EXCLUSION,0.158437,0.158437,,0.158437,0,0
510,2023-08,,EXCLUSION,,EXCLUSION,0.224536,0.224536,,0.224536,0,0
511,2024-05,,EXCLUSION,,EXCLUSION,0.116207,0.116207,,0.116207,0,0
512,2024-04,,EXCLUSION,,EXCLUSION,0.180961,0.180961,,0.180961,0,0
513,2023-08,,EXCLUSION,,EXCLUSION,0.170074,0.170074,,0.170074,0,0
514,2023-07,,EXCLUSION,,EXCLUSION,0.236908,0.236908,,0.236908,0,0
515,2024-02,,INCLUSION,,EXCLUSION,0.219875,0.219875,,0.219875,0,0
516,2023-08,,EXCLUSION,,EXCLUSION,0.238984,0.238984,,0.238984,0,0
517,2023-10,,EXCLUSION,,EXCLUSION,0.226612,0.226612,,0.226612,0,0
518,2024-01,,INCLUSION,,EXCLUSION,0.265787,0.265787,,0.265787,0,0
519,2023-07,,EXCLUSION,,EXCLUSION,0.157487,0.157487,,0.157487,0,0
520,2024-04,,EXCLUSION,,EXCLUSION,0.126827,0.126827,,0.126827,0,0
521,2023-08,,INCLUSION,,EXCLUSION,0.260114,0.260114,,0.260114,0,0
522,2024-06,,EXCLUSION,,EXCLUSION,0.236797,0.236797,,0.236797,0,0
523,2024-06,,EXCLUSION,,EXCLUSION,0.139610,0.139610,,0.139610,0,0
524,2023-12,,EXCLUSION,,EXCLUSION,0.195664,0.195664,,0.195664,0,0
525,2024-06,,EXCLUSION,,EXCLUSION,0.200492,0.200492,,0.200492,0,0
526,2024-01,,EXCLUSION,,EXCLUSION,0.256644,0.256644,,0.256644,0,0
527,2023-06,,EXCLUSION,,EXCLUSION,0.228153,0.228153,,0.228153,0,0
528,2023-11,,INCLUSION,,EXCLUSION,0.250819,0.250819,,0.250819,0,0
529,2024-06,,EXCLUSION,,EXCLUSION,0.164511,0.164511,,0.164511,0,0
530,2024-06,,EXCLUSION,,EXCLUSION,0.115883,0.115883,,0.115883,0,0
531,2024-05,,EXCLUSION,,EXCLUSION,0.201020,0.201020,,0.201020,0,0
532,2024-01,,EXCLUSION,,EXCLUSION,0.317842,0.317842,,0.317842,0,0
533,2023-09,,EXCLUSION,,EXCLUSION,0.238514,0.238514,,0.238514,0,0
534,2024-03,,INCLUSION,,EXCLUSION,0.226774,0.226774,,0.226774,0,1
535,2023-07,,EXCLUSION,,EXCLUSION,0.202988,0.202988,,0.202988,0,0
536,2024-05,,EXCLUSION,,EXCLUSION,0.296002,0.296002,,0.296002,0,0
537,2023-11,,INCLUSION,,EXCLUSION,0.262938,0.262938,,0.262938,0,0
538,2024-02,,EXCLUSION,,EXCLUSION,0.261390,0.261390,,0.261390,0,0
539,2024-02,,EXCLUSION,,EXCLUSION,0.250472,0.250472,,0.250472,0,0
540,2024-04,,EXCLUSION,,EXCLUSION,0.176325,0.176325,,0.176325,0,0
541,2024-06,,EXCLUSION,,EXCLUSION,0.178446,0.178446,,0.178446,0,0
542,2024-04,,INCLUSION,,EXCLUSION,0.159969,0.159969,,0.159969,0,0
543,2024-05,,EXCLUSION,,EXCLUSION,0.196671,0.196671,,0.196671,0,0
544,2023-08,,EXCLUSION,,EXCLUSION,0.250026,0.250026,,0.250026,0,0
545,2023-08,,EXCLUSION,,EXCLUSION,0.195443,0.195443,,0.195443,0,0
546,2023-11,,INCLUSION,,EXCLUSION,0.265754,0.265754,,0.265754,0,0
547,2024-02,,EXCLUSION,,EXCLUSION,0.248697,0.248697,,0.248697,0,0
548,2024-01,,INCLUSION,,EXCLUSION,0.312896,0.312896,,0.312896,0,0
549,2024-02,,INCLUSION,,EXCLUSION,0.284642,0.284642,,0.284642,0,0
550,2023-09,,EXCLUSION,,EXCLUSION,0.211680,0.211680,,0.211680,0,0
551,2024-05,,INCLUSION,,EXCLUSION,0.194050,0.194050,,0.194050,1,0
552,2024-03,,EXCLUSION,,EXCLUSION,0.277828,0.277828,,0.277828,0,0
553,2023-10,,EXCLUSION,,EXCLUSION,0.230336,0.230336,,0.230336,0,0
554,2023-08,,EXCLUSION,,EXCLUSION,0.276389,0.276389,,0.276389,0,0
555,2023-12,,EXCLUSION,,EXCLUSION,0.207237,0.207237,,0.207237,0,0
556,2023-10,,INCLUSION,,EXCLUSION,0.180860,0.180860,,0.180860,0,0
557,2024-04,,EXCLUSION,,EXCLUSION,0.187091,0.187091,,0.187091,0,0
558,2024-05,,EXCLUSION,,EXCLUSION,0.247032,0.247032,,0.247032,0,0
559,2023-10,,EXCLUSION,,EXCLUSION,0.218240,0.218240,,0.218240,0,0
560,2023-11,,EXCLUSION,,EXCLUSION,0.190367,0.190367,,0.190367,0,0
561,2024-01,,INCLUSION,,EXCLUSION,0.268368,0.268368,,0.268368,0,0
562,2024-03,,INCLUSION,,EXCLUSION,0.257247,0.257247,,0.257247,0,0
563,2024-02,,EXCLUSION,,EXCLUSION,0.287379,0.287379,,0.287379,0,0
564,2024-02,,EXCLUSION,,EXCLUSION,0.273502,0.273502,,0.273502,0,0
565,2023-12,,INCLUSION,,EXCLUSION,0.232564,0.232564,,0.232564,1,0
566,2024-02,,INCLUSION,,EXCLUSION,0.248869,0.248869,,0.248869,0,0
567,2024-05,,EXCLUSION,,EXCLUSION,0.216907,0.216907,,0.216907,0,0
568,2024-07,,EXCLUSION,,EXCLUSION,0.277308,0.277308,,0.277308,0,0
569,2023-12,,EXCLUSION,,EXCLUSION,0.254392,0.254392,,0.254392,0,0
570,2024-04,,EXCLUSION,,EXCLUSION,0.201069,0.201069,,0.201069,0,0
571,2024-05,,EXCLUSION,,EXCLUSION,0.151912,0.151912,,0.151912,0,0
572,2024-02,,INCLUSION,,EXCLUSION,0.293547,0.293547,,0.293547,0,0
573,2023-10,,EXCLUSION,,EXCLUSION,0.269793,0.269793,,0.269793,0,0
574,2023-06,,EXCLUSION,,EXCLUSION,0.206128,0.206128,,0.206128,0,0
575,2024-04,,EXCLUSION,,EXCLUSION,0.181524,0.181524,,0.181524,0,0
576,2023-07,,EXCLUSION,,EXCLUSION,0.160582,0.160582,,0.160582,0,0
577,2023-12,,EXCLUSION,,EXCLUSION,0.237380,0.237380,,0.237380,0,0
578,2024-07,,EXCLUSION,,EXCLUSION,0.187397,0.187397,,0.187397,0,0
579,2024-01,,INCLUSION,,EXCLUSION,0.282210,0.282210,,0.282210,0,0
580,2023-12,,EXCLUSION,,EXCLUSION,0.355917,0.355917,,0.355917,0,0
581,2023-11,,INCLUSION,,EXCLUSION,0.235463,0.235463,,0.235463,0,0
582,2024-01,,EXCLUSION,,EXCLUSION,0.243028,0.243028,,0.243028,0,0
583,2024-04,,INCLUSION,,EXCLUSION,0.225275,0.225275,,0.225275,0,0
584,2024-04,,EXCLUSION,,EXCLUSION,0.212066,0.212066,,0.212066,0,0
585,2023-12,,EXCLUSION,,EXCLUSION,0.257522,0.257522,,0.257522,0,0
586,2023-07,,EXCLUSION,,EXCLUSION,0.230910,0.230910,,0.230910,0,0
587,2024-03,,EXCLUSION,,EXCLUSION,0.268731,0.268731,,0.268731,0,0
588,2024-01,,EXCLUSION,,EXCLUSION,0.303011,0.303011,,0.303011,0,0
589,2023-10,,EXCLUSION,,EXCLUSION,0.241691,0.241691,,0.241691,0,0
590,2024-03,,EXCLUSION,,EXCLUSION,0.191552,0.191552,,0.191552,0,0
591,2023-10,,INCLUSION,,EXCLUSION,0.258329,0.258329,,0.258329,0,0
592,2023-12,,EXCLUSION,,EXCLUSION,0.255215,0.255215,,0.255215,0,0
593,2023-10,,EXCLUSION,,EXCLUSION,0.199493,0.199493,,0.199493,0,0
594,2023-06,,EXCLUSION,,EXCLUSION,0.188233,0.188233,,0.188233,0,0
595,2023-12,,EXCLUSION,,EXCLUSION,0.291500,0.291500,,0.291500,0,0
596,2023-07,,EXCLUSION,,EXCLUSION,0.108167,0.108167,,0.108167,0,0
597,2023-08,,INCLUSION,,EXCLUSION,0.282709,0.282709,,0.282709,0,0
598,2023-08,,INCLUSION,,EXCLUSION,0.267863,0.267863,,0.267863,0,0
599,2023-07,,EXCLUSION,,EXCLUSION,0.132391,0.132391,,0.132391,0,0
600,2024-02,,EXCLUSION,,EXCLUSION,0.292580,0.292580,,0.292580,0,0
601,2024-06,,EXCLUSION,,EXCLUSION,0.156134,0.156134,,0.156134,0,0
602,2023-07,,EXCLUSION,,EXCLUSION,0.158810,0.158810,,0.158810,0,0
603,2024-04,,EXCLUSION,,EXCLUSION,0.211401,0.211401,,0.211401,0,0
604,2024-04,,EXCLUSION,,EXCLUSION,0.307311,0.307311,,0.307311,0,0
605,2024-03,,EXCLUSION,,EXCLUSION,0.235103,0.235103,,0.235103,0,0
606,2023-11,,EXCLUSION,,EXCLUSION,0.210381,0.210381,,0.210381,0,0
607,2023-08,,EXCLUSION,,EXCLUSION,0.221726,0.221726,,0.221726,0,0
608,2023-07,,EXCLUSION,,EXCLUSION,0.212586,0.212586,,0.212586,0,0
609,2023-08,,EXCLUSION,,EXCLUSION,0.277692,0.277692,,0.277692,0,0
610,2024-02,,INCLUSION,,EXCLUSION,0.267484,0.267484,,0.267484,0,0
611,2023-08,,EXCLUSION,,EXCLUSION,0.212003,0.212003,,0.212003,0,0
612,2023-09,,EXCLUSION,,EXCLUSION,0.232148,0.232148,,0.232148,0,0
613,2024-05,,EXCLUSION,,EXCLUSION,0.178101,0.178101,,0.178101,0,0
614,2024-05,,EXCLUSION,,EXCLUSION,0.134838,0.134838,,0.134838,0,0
615,2024-05,,EXCLUSION,,EXCLUSION,0.148200,0.148200,,0.148200,0,0
616,2023-11,,INCLUSION,,EXCLUSION,0.290802,0.290802,,0.290802,0,0
617,2024-01,,EXCLUSION,,EXCLUSION,0.297938,0.297938,,0.297938,0,0
618,2024-05,,EXCLUSION,,EXCLUSION,0.158293,0.158293,,0.158293,0,0
619,2024-03,,EXCLUSION,,EXCLUSION,0.234425,0.234425,,0.234425,0,0
620,2023-09,,EXCLUSION,,EXCLUSION,0.211984,0.211984,,0.211984,0,0
621,2023-10,,EXCLUSION,,EXCLUSION,0.229663,0.229663,,0.229663,0,0
622,2023-12,,INCLUSION,,EXCLUSION,0.277937,0.277937,,0.277937,0,0
623,2024-04,,EXCLUSION,,EXCLUSION,0.180113,0.180113,,0.180113,0,0
624,2023-11,,EXCLUSION,,EXCLUSION,0.278093,0.278093,,0.278093,0,0
625,2024-03,,EXCLUSION,,EXCLUSION,0.240265,0.240265,,0.240265,0,0
626,2024-02,,EXCLUSION,,EXCLUSION,0.268196,0.268196,,0.268196,0,0
627,2023-06,,EXCLUSION,,EXCLUSION,0.170380,0.170380,,0.170380,0,0
628,2023-11,,INCLUSION,,EXCLUSION,0.228772,0.228772,,0.228772,0,0
629,2024-02,,EXCLUSION,,EXCLUSION,0.285998,0.285998,,0.285998,0,0
630,2023-08,,INCLUSION,,EXCLUSION,0.297993,0.297993,,0.297993,0,1
631,2024-06,,EXCLUSION,,EXCLUSION,0.141398,0.141398,,0.141398,0,0
632,2023-11,,INCLUSION,,EXCLUSION,0.237274,0.237274,,0.237274,0,0
633,2024-02,,EXCLUSION,,EXCLUSION,0.389748,0.389748,,0.389748,0,0
634,2024-04,,EXCLUSION,,EXCLUSION,0.134365,0.134365,,0.134365,0,0
635,2024-05,,EXCLUSION,,EXCLUSION,0.172414,0.172414,,0.172414,0,0
636,2023-09,,EXCLUSION,,EXCLUSION,0.235255,0.235255,,0.235255,0,0
637,2023-08,,EXCLUSION,,EXCLUSION,0.224861,0.224861,,0.224861,0,0
638,2023-09,,EXCLUSION,,EXCLUSION,0.134349,0.134349,,0.134349,0,0
639,2024-05,,EXCLUSION,,EXCLUSION,0.250211,0.250211,,0.250211,0,0
640,2024-06,,EXCLUSION,,EXCLUSION,0.155955,0.155955,,0.155955,0,0
641,2023-10,,INCLUSION,,EXCLUSION,0.240143,0.240143,,0.240143,0,1
642,2024-03,,EXCLUSION,,EXCLUSION,0.241897,0.241897,,0.241897,0,0
643,2023-11,,INCLUSION,,EXCLUSION,0.244291,0.244291,,0.244291,0,0
644,2023-06,,EXCLUSION,,EXCLUSION,0.245769,0.245769,,0.245769,0,0
645,2023-11,,INCLUSION,,EXCLUSION,0.258833,0.258833,,0.258833,0,0
646,2024-02,,EXCLUSION,,EXCLUSION,0.196330,0.196330,,0.196330,0,0
647,2024-03,,EXCLUSION,,EXCLUSION,0.246070,0.246070,,0.246070,0,0
648,2023-10,,EXCLUSION,,EXCLUSION,0.258515,0.258515,,0.258515,0,0
649,2024-05,,EXCLUSION,,EXCLUSION,0.155988,0.155988,,0.155988,0,0
650,2023-06,,EXCLUSION,,EXCLUSION,0.193609,0.193609,,0.193609,0,0
651,2023-12,,EXCLUSION,,EXCLUSION,0.259496,0.259496,,0.259496,0,0
652,2023-11,,EXCLUSION,,EXCLUSION,0.206506,0.206506,,0.206506,0,0
653,2023-07,,EXCLUSION,,EXCLUSION,0.119511,0.119511,,0.119511,0,0
654,2023-08,,EXCLUSION,,EXCLUSION,0.251977,0.251977,,0.251977,0,0
655,2024-06,,EXCLUSION,,EXCLUSION,0.135100,0.135100,,0.135100,0,0
656,2023-09,,EXCLUSION,,EXCLUSION,0.256771,0.256771,,0.256771,0,0
657,2023-09,,EXCLUSION,,EXCLUSION,0.202249,0.202249,,0.202249,0,0
658,2024-05,,EXCLUSION,,EXCLUSION,0.212158,0.212158,,0.212158,0,0
659,2024-05,,EXCLUSION,,EXCLUSION,0.186766,0.186766,,0.186766,0,0
660,2023-08,,EXCLUSION,,EXCLUSION,0.274696,0.274696,,0.274696,0,0
661,2024-03,,EXCLUSION,,EXCLUSION,0.220780,0.220780,,0.220780,0,0
662,2023-10,,INCLUSION,,EXCLUSION,0.228053,0.228053,,0.228053,0,0
663,2024-04,,EXCLUSION,,EXCLUSION,0.144251,0.144251,,0.144251,0,0
664,2023-11,,INCLUSION,,EXCLUSION,0.328247,0.328247,,0.328247,0,1
665,2024-02,,INCLUSION,,EXCLUSION,0.232966,0.232966,,0.232966,0,0
666,2023-08,,EXCLUSION,,EXCLUSION,0.201583,0.201583,,0.201583,0,0
667,2024-03,,EXCLUSION,,EXCLUSION,0.240298,0.240298,,0.240298,0,0
668,2023-07,,EXCLUSION,,EXCLUSION,0.130038,0.130038,,0.130038,0,0
669,2023-08,,EXCLUSION,,EXCLUSION,0.191925,0.191925,,0.191925,0,0
670,2024-02,,EXCLUSION,,EXCLUSION,0.240305,0.240305,,0.240305,0,0
671,2023-06,,EXCLUSION,,EXCLUSION,0.123523,0.123523,,0.123523,0,0
672,2024-06,,EXCLUSION,,EXCLUSION,0.138594,0.138594,,0.138594,0,0
673,2024-02,,INCLUSION,,EXCLUSION,0.209598,0.209598,,0.209598,0,0
674,2024-07,,EXCLUSION,,EXCLUSION,0.180162,0.180162,,0.180162,0,0
675,2023-10,,INCLUSION,,EXCLUSION,0.285974,0.285974,,0.285974,0,0
676,2023-12,,EXCLUSION,,EXCLUSION,0.266164,0.266164,,0.266164,0,0
677,2023-07,,EXCLUSION,,EXCLUSION,0.177209,0.177209,,0.177209,0,0
678,2023-07,,EXCLUSION,,EXCLUSION,0.264242,0.264242,,0.264242,0,0
679,2024-01,,EXCLUSION,,EXCLUSION,0.286086,0.286086,,0.286086,0,0
680,2023-12,,INCLUSION,,EXCLUSION,0.362749,0.362749,,0.362749,0,0
681,2024-05,,EXCLUSION,,EXCLUSION,0.184514,0.184514,,0.184514,0,0
682,2024-03,,EXCLUSION,,EXCLUSION,0.323044,0.323044,,0.323044,0,0
683,2024-03,,EXCLUSION,,EXCLUSION,0.244058,0.244058,,0.244058,0,0
684,2023-08,,EXCLUSION,,EXCLUSION,0.324158,0.324158,,0.324158,0,0
685,2023-08,,EXCLUSION,,EXCLUSION,0.254721,0.254721,,0.254721,0,0
686,2023-12,,EXCLUSION,,EXCLUSION,0.318903,0.318903,,0.318903,0,0
687,2024-02,,INCLUSION,,EXCLUSION,0.213649,0.213649,,0.213649,0,0
688,2023-06,,EXCLUSION,,EXCLUSION,0.195006,0.195006,,0.195006,0,0
689,2024-04,,EXCLUSION,,EXCLUSION,0.181347,0.181347,,0.181347,0,0
690,2023-10,,INCLUSION,,EXCLUSION,0.204219,0.204219,,0.204219,0,0
691,2024-05,,EXCLUSION,,EXCLUSION,0.145154,0.145154,,0.145154,0,0
692,2023-11,,INCLUSION,,EXCLUSION,0.230534,0.230534,,0.230534,0,0
693,2023-12,,EXCLUSION,,EXCLUSION,0.287213,0.287213,,0.287213,0,0
694,2024-05,,EXCLUSION,,EXCLUSION,0.192142,0.192142,,0.192142,0,0
695,2023-11,,EXCLUSION,,EXCLUSION,0.204478,0.204478,,0.204478,0,0
696,2024-05,,EXCLUSION,,EXCLUSION,0.199195,0.199195,,0.199195,0,0
697,2023-07,,EXCLUSION,,EXCLUSION,0.142084,0.142084,,0.142084,0,0
698,2024-03,,INCLUSION,,EXCLUSION,0.249712,0.249712,,0.249712,0,0
699,2023-09,,EXCLUSION,,EXCLUSION,0.174972,0.174972,,0.174972,0,0
700,2024-05,,EXCLUSION,,EXCLUSION,0.166444,0.166444,,0.166444,0,0
701,2024-03,,EXCLUSION,,EXCLUSION,0.255852,0.255852,,0.255852,0,0
702,2024-03,,EXCLUSION,,EXCLUSION,0.252326,0.252326,,0.252326,0,0
703,2024-03,,EXCLUSION,,EXCLUSION,0.262366,0.262366,,0.262366,0,0
704,2023-06,,EXCLUSION,,EXCLUSION,0.186727,0.186727,,0.186727,0,0
705,2024-02,,EXCLUSION,,EXCLUSION,0.206461,0.206461,,0.206461,0,0
706,2024-02,,EXCLUSION,,EXCLUSION,0.232250,0.232250,,0.232250,0,0
707,2024-04,,EXCLUSION,,EXCLUSION,0.154093,0.154093,,0.154093,0,0
708,2024-05,,EXCLUSION,,EXCLUSION,0.152546,0.152546,,0.152546,0,0
709,2024-05,,EXCLUSION,,EXCLUSION,0.194640,0.194640,,0.194640,0,0
710,2023-07,,EXCLUSION,,EXCLUSION,0.204564,0.204564,,0.204564,0,0
711,2024-03,,EXCLUSION,,EXCLUSION,0.222191,0.222191,,0.222191,0,0
712,2024-02,,EXCLUSION,,EXCLUSION,0.223219,0.223219,,0.223219,0,0
713,2024-01,,EXCLUSION,,EXCLUSION,0.306138,0.306138,,0.306138,0,0
714,2024-01,,EXCLUSION,,EXCLUSION,0.305740,0.305740,,0.305740,0,0
715,2023-06,,EXCLUSION,,EXCLUSION,0.258698,0.258698,,0.258698,0,0
716,2024-01,,INCLUSION,,EXCLUSION,0.203047,0.203047,,0.203047,0,0
717,2024-04,,EXCLUSION,,EXCLUSION,0.132251,0.132251,,0.132251,0,0
718,2023-11,,EXCLUSION,,EXCLUSION,0.268512,0.268512,,0.268512,0,0
719,2024-05,,EXCLUSION,,EXCLUSION,0.223541,0.223541,,0.223541,0,0
720,2024-05,,EXCLUSION,,EXCLUSION,0.207209,0.207209,,0.207209,0,0
721,2024-05,,EXCLUSION,,EXCLUSION,0.203040,0.203040,,0.203040,0,0
722,2023-06,,EXCLUSION,,EXCLUSION,0.202192,0.202192,,0.202192,0,0
723,2023-07,,EXCLUSION,,EXCLUSION,0.199167,0.199167,,0.199167,0,0
724,2024-03,,EXCLUSION,,EXCLUSION,0.184375,0.184375,,0.184375,0,0
725,2024-04,,EXCLUSION,,EXCLUSION,0.187339,0.187339,,0.187339,0,0
726,2024-03,,EXCLUSION,,EXCLUSION,0.288051,0.288051,,0.288051,0,0
727,2024-05,,EXCLUSION,,EXCLUSION,0.195746,0.195746,,0.195746,0,0
728,2024-06,,INCLUSION,,EXCLUSION,0.170485,0.170485,,0.170485,0,0
729,2024-01,,EXCLUSION,,EXCLUSION,0.293965,0.293965,,0.293965,0,0
730,2023-12,,EXCLUSION,,EXCLUSION,0.212568,0.212568,,0.212568,0,0
731,2024-06,,EXCLUSION,,EXCLUSION,0.165688,0.165688,,0.165688,0,0
732,2023-11,,EXCLUSION,,EXCLUSION,0.210128,0.210128,,0.210128,0,0
733,2023-09,,EXCLUSION,,EXCLUSION,0.239703,0.239703,,0.239703,0,0
734,2023-12,,EXCLUSION,,EXCLUSION,0.259810,0.259810,,0.259810,0,0
735,2024-05,,EXCLUSION,,EXCLUSION,0.189720,0.189720,,0.189720,0,0
736,2024-05,,INCLUSION,,EXCLUSION,0.228300,0.228300,,0.228300,0,0
737,2023-09,,EXCLUSION,,EXCLUSION,0.180493,0.180493,,0.180493,0,0
738,2023-07,,EXCLUSION,,EXCLUSION,0.177831,0.177831,,0.177831,0,0
739,2024-02,,INCLUSION,,EXCLUSION,0.303460,0.303460,,0.303460,0,0
740,2024-06,,EXCLUSION,,EXCLUSION,0.215871,0.215871,,0.215871,0,0
741,2023-08,,EXCLUSION,,EXCLUSION,0.260725,0.260725,,0.260725,0,0
742,2023-07,,EXCLUSION,,EXCLUSION,0.213351,0.213351,,0.213351,0,0
743,2023-07,,EXCLUSION,,EXCLUSION,0.181012,0.181012,,0.181012,0,0
744,2024-03,,EXCLUSION,,EXCLUSION,0.198731,0.198731,,0.198731,0,0
745,2024-02,,EXCLUSION,,EXCLUSION,0.312680,0.312680,,0.312680,0,0
746,2024-04,,INCLUSION,,EXCLUSION,0.207625,0.207625,,0.207625,0,0
747,2024-05,,EXCLUSION,,EXCLUSION,0.223790,0.223790,,0.223790,0,0
748,2023-07,,EXCLUSION,,EXCLUSION,0.164511,0.164511,,0.164511,0,0
749,2024-02,,EXCLUSION,,EXCLUSION,0.238044,0.238044,,0.238044,0,0
750,2023-07,,EXCLUSION,,EXCLUSION,0.162128,0.162128,,0.162128,0,0
751,2023-11,,INCLUSION,,EXCLUSION,0.228180,0.228180,,0.228180,0,0
752,2024-06,,EXCLUSION,,EXCLUSION,0.145049,0.145049,,0.145049,0,0
753,2024-02,,EXCLUSION,,EXCLUSION,0.285094,0.285094,,0.285094,0,0
754,2024-02,,EXCLUSION,,EXCLUSION,0.256461,0.256461,,0.256461,0,0
755,2023-08,,EXCLUSION,,EXCLUSION,0.264548,0.264548,,0.264548,0,0
756,2024-02,,EXCLUSION,,EXCLUSION,0.248327,0.248327,,0.248327,0,0
757,2024-05,,EXCLUSION,,EXCLUSION,0.189749,0.189749,,0.189749,0,0
758,2023-07,,EXCLUSION,,EXCLUSION,0.175333,0.175333,,0.175333,0,0
759,2023-07,,EXCLUSION,,EXCLUSION,0.143469,0.143469,,0.143469,1,0
760,2024-03,,EXCLUSION,,EXCLUSION,0.243309,0.243309,,0.243309,0,0
761,2023-07,,EXCLUSION,,EXCLUSION,0.208504,0.208504,,0.208504,0,0
762,2024-01,,EXCLUSION,,EXCLUSION,0.272200,0.272200,,0.272200,0,0
763,2024-04,,EXCLUSION,,EXCLUSION,0.200994,0.200994,,0.200994,0,0
764,2023-10,,INCLUSION,,EXCLUSION,0.201431,0.201431,,0.201431,0,0
765,2024-01,,EXCLUSION,,EXCLUSION,0.294919,0.294919,,0.294919,0,0
766,2024-02,,EXCLUSION,,EXCLUSION,0.290911,0.290911,,0.290911,0,0
767,2023-06,,EXCLUSION,,EXCLUSION,0.229990,0.229990,,0.229990,0,0
768,2024-05,,EXCLUSION,,EXCLUSION,0.198676,0.198676,,0.198676,0,0
769,2024-02,,EXCLUSION,,EXCLUSION,0.267062,0.267062,,0.267062,0,0
770,2024-05,,EXCLUSION,,EXCLUSION,0.275446,0.275446,,0.275446,0,0
771,2023-10,,EXCLUSION,,EXCLUSION,0.197286,0.197286,,0.197286,0,0
772,2023-07,,EXCLUSION,,EXCLUSION,0.171735,0.171735,,0.171735,0,0
773,2023-12,,EXCLUSION,,EXCLUSION,0.360405,0.360405,,0.360405,0,0
774,2024-03,,EXCLUSION,,EXCLUSION,0.312881,0.312881,,0.312881,0,0
775,2023-10,,EXCLUSION,,EXCLUSION,0.212155,0.212155,,0.212155,0,0
776,2023-12,,EXCLUSION,,EXCLUSION,0.267237,0.267237,,0.267237,0,0
777,2023-08,,INCLUSION,,EXCLUSION,0.160204,0.160204,,0.160204,0,0
778,2024-05,,EXCLUSION,,EXCLUSION,0.189317,0.189317,,0.189317,0,0
779,2024-05,,EXCLUSION,,EXCLUSION,0.157821,0.157821,,0.157821,0,0
780,2024-01,,INCLUSION,,EXCLUSION,0.277877,0.277877,,0.277877,0,0
781,2023-06,,EXCLUSION,,EXCLUSION,0.149317,0.149317,,0.149317,0,0
782,2024-01,,EXCLUSION,,EXCLUSION,0.245432,0.245432,,0.245432,0,0
783,2024-01,,INCLUSION,,EXCLUSION,0.285183,0.285183,,0.285183,0,0
784,2024-05,,INCLUSION,,EXCLUSION,0.164104,0.164104,,0.164104,0,0
785,2024-04,,EXCLUSION,,EXCLUSION,0.143270,0.143270,,0.143270,0,0
786,2023-11,,EXCLUSION,,EXCLUSION,0.241670,0.241670,,0.241670,0,0
787,2023-10,,EXCLUSION,,EXCLUSION,0.292657,0.292657,,0.292657,0,0
788,2024-02,,INCLUSION,,EXCLUSION,0.174015,0.174015,,0.174015,0,0
789,2024-05,,EXCLUSION,,EXCLUSION,0.191701,0.191701,,0.191701,0,0
790,2024-01,,EXCLUSION,,EXCLUSION,0.238457,0.238457,,0.238457,0,0
791,2024-06,,EXCLUSION,,EXCLUSION,0.185272,0.185272,,0.185272,0,0
792,2024-05,,EXCLUSION,,EXCLUSION,0.226826,0.226826,,0.226826,0,0
793,2024-04,,EXCLUSION,,EXCLUSION,0.224075,0.224075,,0.224075,0,0
794,2024-01,,EXCLUSION,,EXCLUSION,0.262167,0.262167,,0.262167,0,0
795,2024-02,,INCLUSION,,EXCLUSION,0.216326,0.216326,,0.216326,0,0
796,2023-12,,EXCLUSION,,EXCLUSION,0.241138,0.241138,,0.241138,0,0
797,2023-09,,EXCLUSION,,EXCLUSION,0.262427,0.262427,,0.262427,0,0
798,2023-09,,EXCLUSION,,EXCLUSION,0.161926,0.161926,,0.161926,0,0
799,2023-10,,EXCLUSION,,EXCLUSION,0.241467,0.241467,,0.241467,0,0
800,2024-02,,EXCLUSION,,EXCLUSION,0.232174,0.232174,,0.232174,0,0
801,2023-09,,EXCLUSION,,EXCLUSION,0.220249,0.220249,,0.220249,0,0
802,2024-01,,INCLUSION,,EXCLUSION,0.340701,0.340701,,0.340701,0,0
803,2023-12,,INCLUSION,,EXCLUSION,0.264821,0.264821,,0.264821,0,0
804,2023-12,,INCLUSION,,EXCLUSION,0.217618,0.217618,,0.217618,0,0
805,2024-06,,EXCLUSION,,EXCLUSION,0.236279,0.236279,,0.236279,0,0
806,2024-01,,INCLUSION,,EXCLUSION,0.329243,0.329243,,0.329243,0,0
807,2023-12,,EXCLUSION,,EXCLUSION,0.311916,0.311916,,0.311916,0,0
808,2023-10,,EXCLUSION,,EXCLUSION,0.217703,0.217703,,0.217703,0,0
809,2024-06,,EXCLUSION,,EXCLUSION,0.164323,0.164323,,0.164323,0,0
810,2023-11,,EXCLUSION,,EXCLUSION,0.232753,0.232753,,0.232753,0,0
811,2024-03,,EXCLUSION,,EXCLUSION,0.246434,0.246434,,0.246434,0,0
812,2024-02,,EXCLUSION,,EXCLUSION,0.206810,0.206810,,0.206810,0,0
813,2023-07,,EXCLUSION,,EXCLUSION,0.151203,0.151203,,0.151203,0,0
814,2024-04,,EXCLUSION,,EXCLUSION,0.199815,0.199815,,0.199815,0,0
815,2024-04,,EXCLUSION,,EXCLUSION,0.213370,0.213370,,0.213370,0,0
816,2024-06,,INCLUSION,,EXCLUSION,0.205871,0.205871,,0.205871,0,0
817,2024-06,,EXCLUSION,,EXCLUSION,0.166959,0.166959,,0.166959,0,0
818,2023-10,,EXCLUSION,,EXCLUSION,0.327493,0.327493,,0.327493,0,0
819,2023-10,,EXCLUSION,,EXCLUSION,0.270902,0.270902,,0.270902,0,0
820,2024-07,,EXCLUSION,,EXCLUSION,0.167507,0.167507,,0.167507,0,0
821,2024-07,,EXCLUSION,,EXCLUSION,0.177972,0.177972,,0.177972,0,0
822,2023-09,,EXCLUSION,,EXCLUSION,0.214500,0.214500,,0.214500,0,0
823,2023-10,,EXCLUSION,,EXCLUSION,0.257658,0.257658,,0.257658,0,0
824,2023-08,,EXCLUSION,,EXCLUSION,0.306674,0.306674,,0.306674,0,0
825,2023-06,,INCLUSION,,EXCLUSION,0.190781,0.190781,,0.190781,0,0
826,2024-05,,EXCLUSION,,EXCLUSION,0.184707,0.184707,,0.184707,0,0
827,2024-04,,EXCLUSION,,EXCLUSION,0.189376,0.189376,,0.189376,0,0
828,2024-05,,EXCLUSION,,EXCLUSION,0.175796,0.175796,,0.175796,0,0
829,2024-07,,EXCLUSION,,EXCLUSION,0.226947,0.226947,,0.226947,0,0
830,2024-02,,EXCLUSION,,EXCLUSION,0.229872,0.229872,,0.229872,0,0
831,2023-11,,EXCLUSION,,EXCLUSION,0.272137,0.272137,,0.272137,0,0
832,2024-05,,EXCLUSION,,EXCLUSION,0.158051,0.158051,,0.158051,0,0
833,2024-02,,EXCLUSION,,EXCLUSION,0.259090,0.259090,,0.259090,0,0
834,2023-07,,EXCLUSION,,EXCLUSION,0.177881,0.177881,,0.177881,0,0
835,2023-06,,EXCLUSION,,EXCLUSION,0.180305,0.180305,,0.180305,0,0
836,2023-10,,INCLUSION,,EXCLUSION,0.243510,0.243510,,0.243510,0,1
837,2024-01,,EXCLUSION,,EXCLUSION,0.247281,0.247281,,0.247281,0,0
838,2024-06,,EXCLUSION,,EXCLUSION,0.165922,0.165922,,0.165922,0,0
839,2024-02,,EXCLUSION,,EXCLUSION,0.267443,0.267443,,0.267443,0,0
840,2024-03,,EXCLUSION,,EXCLUSION,0.253478,0.253478,,0.253478,0,0
841,2024-01,,EXCLUSION,,EXCLUSION,0.208388,0.208388,,0.208388,0,0
842,2023-10,,EXCLUSION,,EXCLUSION,0.292077,0.292077,,0.292077,0,0
843,2024-03,,INCLUSION,,EXCLUSION,0.227285,0.227285,,0.227285,0,0
844,2024-04,,EXCLUSION,,EXCLUSION,0.172126,0.172126,,0.172126,0,0
845,2024-02,,EXCLUSION,,EXCLUSION,0.201088,0.201088,,0.201088,0,0
846,2024-04,,EXCLUSION,,EXCLUSION,0.148709,0.148709,,0.148709,0,0
847,2024-02,,EXCLUSION,,EXCLUSION,0.263188,0.263188,,0.263188,0,0
848,2023-11,,EXCLUSION,,EXCLUSION,0.225037,0.225037,,0.225037,0,0
849,2023-09,,EXCLUSION,,EXCLUSION,0.138762,0.138762,,0.138762,0,0
850,2024-02,,EXCLUSION,,EXCLUSION,0.185254,0.185254,,0.185254,0,0
851,2023-06,,EXCLUSION,,EXCLUSION,0.168637,0.168637,,0.168637,0,0
852,2024-01,,EXCLUSION,,EXCLUSION,0.249184,0.249184,,0.249184,0,0
853,2023-09,,EXCLUSION,,EXCLUSION,0.174641,0.174641,,0.174641,0,0
854,2024-06,,EXCLUSION,,EXCLUSION,0.139921,0.139921,,0.139921,0,0
855,2024-05,,INCLUSION,,EXCLUSION,0.152185,0.152185,,0.152185,0,0
856,2023-07,,EXCLUSION,,EXCLUSION,0.182906,0.182906,,0.182906,0,0
857,2023-07,,EXCLUSION,,EXCLUSION,0.199830,0.199830,,0.199830,0,0
858,2023-07,,EXCLUSION,,EXCLUSION,0.185528,0.185528,,0.185528,0,0
859,2024-04,,EXCLUSION,,EXCLUSION,0.146055,0.146055,,0.146055,0,0
860,2024-04,,EXCLUSION,,EXCLUSION,0.275412,0.275412,,0.275412,0,0
861,2024-01,,INCLUSION,,EXCLUSION,0.186618,0.186618,,0.186618,0,0
862,2023-07,,EXCLUSION,,EXCLUSION,0.192986,0.192986,,0.192986,0,0
863,2024-01,,INCLUSION,,EXCLUSION,0.319952,0.319952,,0.319952,0,0
864,2024-04,,EXCLUSION,,EXCLUSION,0.151560,0.151560,,0.151560,0,0
865,2023-11,,INCLUSION,,EXCLUSION,0.195041,0.195041,,0.195041,0,0
866,2023-11,,INCLUSION,,EXCLUSION,0.198933,0.198933,,0.198933,0,0
867,2023-08,,EXCLUSION,,EXCLUSION,0.219361,0.219361,,0.219361,0,0
868,2023-06,,EXCLUSION,,EXCLUSION,0.204997,0.204997,,0.204997,0,0
869,2024-02,,INCLUSION,,EXCLUSION,0.182676,0.182676,,0.182676,0,0
870,2023-08,,EXCLUSION,,EXCLUSION,0.258065,0.258065,,0.258065,0,0
871,2023-07,,EXCLUSION,,EXCLUSION,0.201539,0.201539,,0.201539,0,0
872,2024-04,,EXCLUSION,,EXCLUSION,0.194539,0.194539,,0.194539,0,0
873,2024-03,,EXCLUSION,,EXCLUSION,0.211246,0.211246,,0.211246,0,0
874,2024-02,,EXCLUSION,,EXCLUSION,0.254333,0.254333,,0.254333,0,0
875,2024-05,,EXCLUSION,,EXCLUSION,0.165552,0.165552,,0.165552,0,0
876,2024-01,,EXCLUSION,,EXCLUSION,0.210384,0.210384,,0.210384,0,0
877,2023-08,,EXCLUSION,,EXCLUSION,0.227308,0.227308,,0.227308,0,0
878,2024-05,,EXCLUSION,,EXCLUSION,0.216925,0.216925,,0.216925,0,0
879,2024-02,,EXCLUSION,,EXCLUSION,0.211394,0.211394,,0.211394,0,0
880,2023-08,,INCLUSION,,EXCLUSION,0.209372,0.209372,,0.209372,0,0
881,2023-09,,EXCLUSION,,EXCLUSION,0.194572,0.194572,,0.194572,0,0
882,2024-06,,EXCLUSION,,EXCLUSION,0.142891,0.142891,,0.142891,0,0
883,2024-03,,EXCLUSION,,EXCLUSION,0.248452,0.248452,,0.248452,0,0
884,2024-03,,EXCLUSION,,EXCLUSION,0.261904,0.261904,,0.261904,0,0
885,2024-02,,INCLUSION,,EXCLUSION,0.289892,0.289892,,0.289892,0,1
886,2023-08,,EXCLUSION,,EXCLUSION,0.195052,0.195052,,0.195052,0,0
887,2024-06,,EXCLUSION,,EXCLUSION,0.162753,0.162753,,0.162753,0,0
888,2024-06,,EXCLUSION,,EXCLUSION,0.192543,0.192543,,0.192543,0,0
889,2024-06,,EXCLUSION,,EXCLUSION,0.154350,0.154350,,0.154350,0,0
890,2024-04,,EXCLUSION,,EXCLUSION,0.215692,0.215692,,0.215692,0,0
891,2023-09,,INCLUSION,,EXCLUSION,0.200128,0.200128,,0.200128,0,0
892,2023-10,,EXCLUSION,,EXCLUSION,0.204241,0.204241,,0.204241,0,0
893,2024-04,,EXCLUSION,,EXCLUSION,0.185420,0.185420,,0.185420,0,0
894,2023-07,,EXCLUSION,,EXCLUSION,0.184714,0.184714,,0.184714,0,0
895,2024-06,,EXCLUSION,,EXCLUSION,0.162963,0.162963,,0.162963,0,0
896,2024-04,,EXCLUSION,,EXCLUSION,0.180641,0.180641,,0.180641,0,0
897,2023-09,,EXCLUSION,,EXCLUSION,0.216167,0.216167,,0.216167,0,0
898,2023-09,,EXCLUSION,,EXCLUSION,0.201001,0.201001,,0.201001,0,0
899,2023-08,,INCLUSION,,EXCLUSION,0.248044,0.248044,,0.248044,1,0
900,2024-04,,EXCLUSION,,EXCLUSION,0.165414,0.165414,,0.165414,0,0
901,2023-08,,EXCLUSION,,EXCLUSION,0.233308,0.233308,,0.233308,0,0
902,2023-09,,INCLUSION,,EXCLUSION,0.208517,0.208517,,0.208517,0,0
903,2024-04,,EXCLUSION,,EXCLUSION,0.197314,0.197314,,0.197314,0,0
904,2024-06,,EXCLUSION,,EXCLUSION,0.148372,0.148372,,0.148372,0,0
905,2024-05,,EXCLUSION,,EXCLUSION,0.153943,0.153943,,0.153943,0,0
906,2023-10,,EXCLUSION,,EXCLUSION,0.246176,0.246176,,0.246176,0,0
907,2024-01,,EXCLUSION,,EXCLUSION,0.243803,0.243803,,0.243803,0,0
908,2023-09,,EXCLUSION,,EXCLUSION,0.299086,0.299086,,0.299086,0,0
909,2024-03,,EXCLUSION,,EXCLUSION,0.254199,0.254199,,0.254199,0,0
910,2024-02,,EXCLUSION,,EXCLUSION,0.178114,0.178114,,0.178114,0,0
911,2023-09,,EXCLUSION,,EXCLUSION,0.217192,0.217192,,0.217192,0,0
912,2024-04,,EXCLUSION,,EXCLUSION,0.244896,0.244896,,0.244896,0,0
913,2023-12,,INCLUSION,,EXCLUSION,0.208640,0.208640,,0.208640,0,0
914,2024-05,,EXCLUSION,,EXCLUSION,0.285363,0.285363,,0.285363,0,0
915,2024-02,,EXCLUSION,,EXCLUSION,0.231259,0.231259,,0.231259,0,0
916,2023-11,,EXCLUSION,,EXCLUSION,0.252247,0.252247,,0.252247,0,0
917,2023-06,,EXCLUSION,,EXCLUSION,0.222340,0.222340,,0.222340,0,0
918,2024-02,,EXCLUSION,,EXCLUSION,0.260985,0.260985,,0.260985,0,0
919,2024-05,,EXCLUSION,,EXCLUSION,0.211651,0.211651,,0.211651,0,0
920,2024-02,,INCLUSION,,EXCLUSION,0.386550,0.386550,,0.386550,0,1
921,2024-04,,EXCLUSION,,EXCLUSION,0.154229,0.154229,,0.154229,0,0
922,2024-02,,EXCLUSION,,EXCLUSION,0.359510,0.359510,,0.359510,0,0
923,2024-01,,EXCLUSION,,EXCLUSION,0.334876,0.334876,,0.334876,0,0
924,2023-09,,EXCLUSION,,EXCLUSION,0.256625,0.256625,,0.256625,0,0
925,2024-05,,INCLUSION,,EXCLUSION,0.161411,0.161411,,0.161411,0,1
926,2023-07,,EXCLUSION,,EXCLUSION,0.136523,0.136523,,0.136523,0,0
927,2023-10,,INCLUSION,,EXCLUSION,0.253796,0.253796,,0.253796,0,0
928,2023-06,,EXCLUSION,,EXCLUSION,0.166174,0.166174,,0.166174,0,0
929,2023-06,,EXCLUSION,,EXCLUSION,0.174820,0.174820,,0.174820,0,0
930,2024-05,,EXCLUSION,,EXCLUSION,0.244715,0.244715,,0.244715,0,0
931,2024-04,,EXCLUSION,,EXCLUSION,0.159045,0.159045,,0.159045,0,0
932,2023-09,,EXCLUSION,,EXCLUSION,0.220059,0.220059,,0.220059,0,0
933,2024-07,,EXCLUSION,,EXCLUSION,0.291463,0.291463,,0.291463,0,0
934,2024-05,,INCLUSION,,EXCLUSION,0.246358,0.246358,,0.246358,0,0
935,2024-04,,EXCLUSION,,EXCLUSION,0.180465,0.180465,,0.180465,0,0
936,2024-01,,EXCLUSION,,EXCLUSION,0.261737,0.261737,,0.261737,0,0
937,2024-05,,INCLUSION,,EXCLUSION,0.167228,0.167228,,0.167228,0,0
938,2023-08,,EXCLUSION,,EXCLUSION,0.224668,0.224668,,0.224668,0,0
939,2024-04,,EXCLUSION,,EXCLUSION,0.170433,0.170433,,0.170433,0,0
940,2024-05,,EXCLUSION,,EXCLUSION,0.209190,0.209190,,0.209190,0,0
941,2024-04,,EXCLUSION,,EXCLUSION,0.159316,0.159316,,0.159316,0,0
942,2024-02,,EXCLUSION,,EXCLUSION,0.356583,0.356583,,0.356583,0,0
943,2023-11,,EXCLUSION,,EXCLUSION,0.213454,0.213454,,0.213454,0,0
944,2023-12,,EXCLUSION,,EXCLUSION,0.229640,0.229640,,0.229640,0,0
945,2024-01,,EXCLUSION,,EXCLUSION,0.187876,0.187876,,0.187876,0,0
946,2023-07,,EXCLUSION,,EXCLUSION,0.172529,0.172529,,0.172529,0,0
947,2023-12,,INCLUSION,,EXCLUSION,0.287873,0.287873,,0.287873,0,0
948,2024-01,,EXCLUSION,,EXCLUSION,0.312290,0.312290,,0.312290,0,0
949,2024-05,,EXCLUSION,,EXCLUSION,0.176670,0.176670,,0.176670,0,0
950,2024-03,,EXCLUSION,,EXCLUSION,0.193563,0.193563,,0.193563,0,0
951,2023-10,,INCLUSION,,EXCLUSION,0.277272,0.277272,,0.277272,0,0
952,2024-03,,INCLUSION,,EXCLUSION,0.263358,0.263358,,0.263358,1,0
953,2023-07,,EXCLUSION,,EXCLUSION,0.220243,0.220243,,0.220243,0,0
954,2024-01,,INCLUSION,,EXCLUSION,0.234074,0.234074,,0.234074,0,0
955,2024-05,,INCLUSION,,EXCLUSION,0.224918,0.224918,,0.224918,0,0
956,2024-07,,EXCLUSION,,EXCLUSION,0.217110,0.217110,,0.217110,0,0
957,2024-06,,EXCLUSION,,EXCLUSION,0.169605,0.169605,,0.169605,0,0
958,2024-02,,INCLUSION,,EXCLUSION,0.292683,0.292683,,0.292683,1,0
959,2023-08,,EXCLUSION,,EXCLUSION,0.173640,0.173640,,0.173640,0,0
960,2024-07,,EXCLUSION,,EXCLUSION,0.204156,0.204156,,0.204156,0,0
961,2024-04,,EXCLUSION,,EXCLUSION,0.232827,0.232827,,0.232827,0,0
962,2024-03,,EXCLUSION,,EXCLUSION,0.254142,0.254142,,0.254142,0,0
963,2023-07,,EXCLUSION,,EXCLUSION,0.149132,0.149132,,0.149132,0,0
964,2023-09,,EXCLUSION,,EXCLUSION,0.246959,0.246959,,0.246959,0,0
965,2023-11,,EXCLUSION,,EXCLUSION,0.232167,0.232167,,0.232167,0,0
966,2024-03,,EXCLUSION,,EXCLUSION,0.226113,0.226113,,0.226113,0,0
967,2024-02,,INCLUSION,,EXCLUSION,0.210137,0.210137,,0.210137,0,0
968,2023-08,,INCLUSION,,EXCLUSION,0.212752,0.212752,,0.212752,0,0
969,2023-08,,INCLUSION,,EXCLUSION,0.249284,0.249284,,0.249284,0,0
970,2023-10,,INCLUSION,,EXCLUSION,0.262080,0.262080,,0.262080,0,0
971,2023-09,,EXCLUSION,,EXCLUSION,0.233837,0.233837,,0.233837,0,0
972,2023-12,,EXCLUSION,,EXCLUSION,0.244811,0.244811,,0.244811,0,0
973,2024-07,,EXCLUSION,,EXCLUSION,0.217833,0.217833,,0.217833,0,0
974,2023-10,,EXCLUSION,,EXCLUSION,0.227648,0.227648,,0.227648,0,0
975,2023-06,,EXCLUSION,,EXCLUSION,0.176046,0.176046,,0.176046,0,0
976,2024-06,,EXCLUSION,,EXCLUSION,0.259667,0.259667,,0.259667,0,0
977,2024-01,,INCLUSION,,EXCLUSION,0.264049,0.264049,,0.264049,0,0
978,2023-09,,EXCLUSION,,EXCLUSION,0.191553,0.191553,,0.191553,0,0
979,2024-06,,EXCLUSION,,EXCLUSION,0.193508,0.193508,,0.193508,0,0
980,2024-03,,EXCLUSION,,EXCLUSION,0.207654,0.207654,,0.207654,0,0
981,2023-10,,EXCLUSION,,EXCLUSION,0.226372,0.226372,,0.226372,0,0
982,2023-06,,EXCLUSION,,EXCLUSION,0.212965,0.212965,,0.212965,0,0
983,2024-02,,EXCLUSION,,EXCLUSION,0.208413,0.208413,,0.208413,0,0
984,2024-01,,EXCLUSION,,EXCLUSION,0.369363,0.369363,,0.369363,0,0
985,2024-05,,EXCLUSION,,EXCLUSION,0.185839,0.185839,,0.185839,0,0
986,2023-09,,EXCLUSION,,EXCLUSION,0.244896,0.244896,,0.244896,0,0
987,2024-01,,INCLUSION,,EXCLUSION,0.296105,0.296105,,0.296105,0,0
988,2023-11,,EXCLUSION,,EXCLUSION,0.253940,0.253940,,0.253940,0,0
989,2024-03,,EXCLUSION,,EXCLUSION,0.234948,0.234948,,0.234948,0,0
990,2024-06,,EXCLUSION,,EXCLUSION,0.169108,0.169108,,0.169108,0,0
991,2023-12,,EXCLUSION,,EXCLUSION,0.223145,0.223145,,0.223145,0,0
992,2023-11,,EXCLUSION,,EXCLUSION,0.247827,0.247827,,0.247827,0,0
993,2024-01,,EXCLUSION,,EXCLUSION,0.198916,0.198916,,0.198916,0,0
994,2023-12,,EXCLUSION,,EXCLUSION,0.281539,0.281539,,0.281539,0,0
995,2023-11,,EXCLUSION,,EXCLUSION,0.287663,0.287663,,0.287663,0,0
996,2024-04,,EXCLUSION,,EXCLUSION,0.176688,0.176688,,0.176688,0,0
997,2024-04,,EXCLUSION,,EXCLUSION,0.168259,0.168259,,0.168259,0,0
998,2023-12,,EXCLUSION,,EXCLUSION,0.215528,0.215528,,0.215528,0,0
999,2023-10,,EXCLUSION,,EXCLUSION,0.276636,0.276636,,0.276636,0,0
1000,2024-06,,EXCLUSION,,EXCLUSION,0.155405,0.155405,,0.155405,0,0
1001,2023-08,,EXCLUSION,,EXCLUSION,0.332745,0.332745,,0.332745,0,0
1002,2024-03,,EXCLUSION,,EXCLUSION,0.281389,0.281389,,0.281389,0,0
1003,2023-12,,INCLUSION,,EXCLUSION,0.236446,0.236446,,0.236446,0,0
1004,2023-08,,EXCLUSION,,EXCLUSION,0.220704,0.220704,,0.220704,0,0
1005,2024-04,,EXCLUSION,,EXCLUSION,0.138768,0.138768,,0.138768,0,0
1006,2023-08,,EXCLUSION,,EXCLUSION,0.148856,0.148856,,0.148856,0,0
1007,2023-09,,EXCLUSION,,EXCLUSION,0.207512,0.207512,,0.207512,0,0
1008,2024-01,,INCLUSION,,EXCLUSION,0.280731,0.280731,,0.280731,0,0
1009,2023-09,,EXCLUSION,,EXCLUSION,0.175269,0.175269,,0.175269,0,0
1010,2024-02,,INCLUSION,,EXCLUSION,0.251581,0.251581,,0.251581,1,0
1011,2024-05,,EXCLUSION,,EXCLUSION,0.237980,0.237980,,0.237980,0,0
1012,2024-07,,EXCLUSION,,EXCLUSION,0.255313,0.255313,,0.255313,0,0
1013,2023-10,,EXCLUSION,,EXCLUSION,0.246470,0.246470,,0.246470,0,0
1014,2023-06,,INCLUSION,,EXCLUSION,0.186383,0.186383,,0.186383,0,0
1015,2024-05,,EXCLUSION,,EXCLUSION,0.195086,0.195086,,0.195086,0,0
1016,2024-01,,INCLUSION,,EXCLUSION,0.210906,0.210906,,0.210906,0,0
1017,2023-11,,INCLUSION,,EXCLUSION,0.264419,0.264419,,0.264419,0,1
1018,2023-06,,EXCLUSION,,EXCLUSION,0.200371,0.200371,,0.200371,0,0
1019,2023-11,,EXCLUSION,,EXCLUSION,0.202222,0.202222,,0.202222,0,0
1020,2024-06,,EXCLUSION,,EXCLUSION,0.191352,0.191352,,0.191352,0,0
1021,2024-04,,EXCLUSION,,EXCLUSION,0.197767,0.197767,,0.197767,0,0
1022,2023-08,,EXCLUSION,,EXCLUSION,0.209413,0.209413,,0.209413,0,0
1023,2023-06,,EXCLUSION,,EXCLUSION,0.214055,0.214055,,0.214055,0,0
1024,2024-03,,EXCLUSION,,EXCLUSION,0.221755,0.221755,,0.221755,0,0
1025,2023-07,,EXCLUSION,,EXCLUSION,0.125609,0.125609,,0.125609,0,0
1026,2023-10,,EXCLUSION,,EXCLUSION,0.175332,0.175332,,0.175332,0,0
1027,2024-04,,EXCLUSION,,EXCLUSION,0.135358,0.135358,,0.135358,0,0
1028,2024-05,,EXCLUSION,,EXCLUSION,0.256800,0.256800,,0.256800,0,0
1029,2023-09,,EXCLUSION,,EXCLUSION,0.184679,0.184679,,0.184679,0,0
1030,2023-11,,INCLUSION,,EXCLUSION,0.247492,0.247492,,0.247492,0,0
1031,2024-02,,EXCLUSION,,EXCLUSION,0.234206,0.234206,,0.234206,0,0
1032,2024-01,,EXCLUSION,,EXCLUSION,0.337468,0.337468,,0.337468,0,0
1033,2024-06,,EXCLUSION,,EXCLUSION,0.125065,0.125065,,0.125065,0,0
1034,2024-02,,INCLUSION,,EXCLUSION,0.244403,0.244403,,0.244403,0,0
1035,2024-05,,EXCLUSION,,EXCLUSION,0.220620,0.220620,,0.220620,0,0
1036,2023-10,,EXCLUSION,,EXCLUSION,0.209253,0.209253,,0.209253,0,0
1037,2024-01,,INCLUSION,,EXCLUSION,0.186959,0.186959,,0.186959,0,0
1038,2023-07,,EXCLUSION,,EXCLUSION,0.171957,0.171957,,0.171957,0,0
1039,2023-07,,EXCLUSION,,EXCLUSION,0.163308,0.163308,,0.163308,0,0
1040,2024-03,,EXCLUSION,,EXCLUSION,0.260372,0.260372,,0.260372,0,0
1041,2024-03,,INCLUSION,,EXCLUSION,0.231856,0.231856,,0.231856,0,1
1042,2023-08,,EXCLUSION,,EXCLUSION,0.285709,0.285709,,0.285709,0,0
1043,2024-06,,EXCLUSION,,EXCLUSION,0.142752,0.142752,,0.142752,0,0
1044,2023-08,,EXCLUSION,,EXCLUSION,0.231347,0.231347,,0.231347,0,0
1045,2023-07,,EXCLUSION,,EXCLUSION,0.276372,0.276372,,0.276372,0,0
1046,2023-08,,INCLUSION,,EXCLUSION,0.225534,0.225534,,0.225534,0,0
1047,2023-07,,EXCLUSION,,EXCLUSION,0.159515,0.159515,,0.159515,0,0
1048,2024-04,,EXCLUSION,,EXCLUSION,0.187628,0.187628,,0.187628,0,0
1049,2024-01,,INCLUSION,,EXCLUSION,0.300505,0.300505,,0.300505,0,0
1050,2024-02,,EXCLUSION,,EXCLUSION,0.225631,0.225631,,0.225631,0,0
1051,2023-07,,EXCLUSION,,EXCLUSION,0.145160,0.145160,,0.145160,0,0
1052,2023-11,,EXCLUSION,,EXCLUSION,0.273966,0.273966,,0.273966,0,0
1053,2023-11,,INCLUSION,,EXCLUSION,0.256203,0.256203,,0.256203,0,0
1054,2023-11,,INCLUSION,,EXCLUSION,0.300415,0.300415,,0.300415,0,0
1055,2023-06,,EXCLUSION,,EXCLUSION,0.184482,0.184482,,0.184482,0,0
1056,2024-04,,EXCLUSION,,EXCLUSION,0.216688,0.216688,,0.216688,0,0
1057,2024-03,,EXCLUSION,,EXCLUSION,0.223862,0.223862,,0.223862,0,0
1058,2024-02,,EXCLUSION,,EXCLUSION,0.271810,0.271810,,0.271810,0,0
1059,2024-05,,EXCLUSION,,EXCLUSION,0.220469,0.220469,,0.220469,0,0
1060,2023-12,,INCLUSION,,EXCLUSION,0.174223,0.174223,,0.174223,0,0
1061,2023-06,,EXCLUSION,,EXCLUSION,0.209682,0.209682,,0.209682,0,0
1062,2024-04,,EXCLUSION,,EXCLUSION,0.143449,0.143449,,0.143449,0,0
1063,2023-12,,EXCLUSION,,EXCLUSION,0.258973,0.258973,,0.258973,0,0
1064,2024-02,,EXCLUSION,,EXCLUSION,0.236781,0.236781,,0.236781,0,0
1065,2023-06,,EXCLUSION,,EXCLUSION,0.218574,0.218574,,0.218574,0,0
1066,2024-02,,EXCLUSION,,EXCLUSION,0.213415,0.213415,,0.213415,0,0
1067,2023-08,,EXCLUSION,,EXCLUSION,0.258998,0.258998,,0.258998,0,0
1068,2024-04,,EXCLUSION,,EXCLUSION,0.138713,0.138713,,0.138713,0,0
1069,2023-07,,EXCLUSION,,EXCLUSION,0.147757,0.147757,,0.147757,0,0
1070,2023-10,,EXCLUSION,,EXCLUSION,0.314097,0.314097,,0.314097,0,0
1071,2024-04,,EXCLUSION,,EXCLUSION,0.143991,0.143991,,0.143991,0,0
1072,2024-01,,INCLUSION,,EXCLUSION,0.206960,0.206960,,0.206960,0,0
1073,2024-05,,EXCLUSION,,EXCLUSION,0.219696,0.219696,,0.219696,0,0
1074,2024-04,,EXCLUSION,,EXCLUSION,0.186553,0.186553,,0.186553,0,0
1075,2023-08,,EXCLUSION,,EXCLUSION,0.221723,0.221723,,0.221723,0,0
1076,2023-07,,EXCLUSION,,EXCLUSION,0.160579,0.160579,,0.160579,0,0
1077,2024-06,,EXCLUSION,,EXCLUSION,0.162969,0.162969,,0.162969,0,0
1078,2023-11,,INCLUSION,,EXCLUSION,0.297453,0.297453,,0.297453,0,0
1079,2023-08,,EXCLUSION,,EXCLUSION,0.214538,0.214538,,0.214538,0,0
1080,2023-09,,EXCLUSION,,EXCLUSION,0.206366,0.206366,,0.206366,0,0
1081,2024-04,,EXCLUSION,,EXCLUSION,0.179989,0.179989,,0.179989,0,0
1082,2024-01,,EXCLUSION,,EXCLUSION,0.224676,0.224676,,0.224676,0,0
1083,2024-01,,EXCLUSION,,EXCLUSION,0.250300,0.250300,,0.250300,0,0
1084,2024-06,,EXCLUSION,,EXCLUSION,0.159171,0.159171,,0.159171,0,0
1085,2024-06,,EXCLUSION,,EXCLUSION,0.161733,0.161733,,0.161733,0,0
1086,2023-07,,INCLUSION,,EXCLUSION,0.119858,0.119858,,0.119858,1,0
1087,2024-03,,INCLUSION,,EXCLUSION,0.205562,0.205562,,0.205562,0,0
1088,2024-05,,EXCLUSION,,EXCLUSION,0.190587,0.190587,,0.190587,0,0
1089,2023-11,,EXCLUSION,,EXCLUSION,0.191096,0.191096,,0.191096,0,0
1090,2024-04,,INCLUSION,,EXCLUSION,0.184020,0.184020,,0.184020,0,0
1091,2024-06,,EXCLUSION,,EXCLUSION,0.238250,0.238250,,0.238250,0,0
1092,2024-01,,INCLUSION,,EXCLUSION,0.328945,0.328945,,0.328945,0,0
1093,2023-07,,EXCLUSION,,EXCLUSION,0.254081,0.254081,,0.254081,0,0
1094,2023-07,,EXCLUSION,,EXCLUSION,0.155892,0.155892,,0.155892,0,0
1095,2023-08,,INCLUSION,,EXCLUSION,0.223392,0.223392,,0.223392,0,0
1096,2023-10,,INCLUSION,,EXCLUSION,0.280292,0.280292,,0.280292,0,0
1097,2023-12,,EXCLUSION,,EXCLUSION,0.264256,0.264256,,0.264256,0,0
1098,2024-05,,EXCLUSION,,EXCLUSION,0.193791,0.193791,,0.193791,0,0
1099,2023-09,,INCLUSION,,EXCLUSION,0.167191,0.167191,,0.167191,0,0
1100,2023-11,,EXCLUSION,,EXCLUSION,0.223442,0.223442,,0.223442,0,0
1101,2024-06,,EXCLUSION,,EXCLUSION,0.157104,0.157104,,0.157104,0,0
1102,2024-07,,EXCLUSION,,EXCLUSION,0.293501,0.293501,,0.293501,0,0
1103,2024-03,,EXCLUSION,,EXCLUSION,0.284678,0.284678,,0.284678,0,0
1104,2023-08,,EXCLUSION,,EXCLUSION,0.219520,0.219520,,0.219520,0,0
1105,2024-03,,EXCLUSION,,EXCLUSION,0.194379,0.194379,,0.194379,0,0
1106,2024-01,,EXCLUSION,,EXCLUSION,0.271881,0.271881,,0.271881,0,0
1107,2024-02,,EXCLUSION,,EXCLUSION,0.237088,0.237088,,0.237088,0,0
1108,2024-03,,INCLUSION,,EXCLUSION,0.248560,0.248560,,0.248560,0,0
1109,2024-05,,EXCLUSION,,EXCLUSION,0.174425,0.174425,,0.174425,0,0
1110,2024-06,,EXCLUSION,,EXCLUSION,0.170181,0.170181,,0.170181,0,0
1111,2024-04,,EXCLUSION,,EXCLUSION,0.161043,0.161043,,0.161043,0,0
1112,2024-02,,EXCLUSION,,EXCLUSION,0.228879,0.228879,,0.228879,0,0
1113,2023-11,,INCLUSION,,EXCLUSION,0.324570,0.324570,,0.324570,0,0
1114,2024-05,,EXCLUSION,,EXCLUSION,0.164771,0.164771,,0.164771,0,0
1115,2023-07,,EXCLUSION,,EXCLUSION,0.176024,0.176024,,0.176024,0,0
1116,2024-04,,INCLUSION,,EXCLUSION,0.174917,0.174917,,0.174917,0,0
1117,2023-11,,INCLUSION,,EXCLUSION,0.240002,0.240002,,0.240002,0,0
1118,2023-10,,INCLUSION,,EXCLUSION,0.273941,0.273941,,0.273941,0,0
1119,2023-12,,EXCLUSION,,EXCLUSION,0.274692,0.274692,,0.274692,0,0
1120,2024-03,,EXCLUSION,,EXCLUSION,0.250124,0.250124,,0.250124,0,0
1121,2024-05,,EXCLUSION,,EXCLUSION,0.202440,0.202440,,0.202440,0,0
1122,2024-02,,INCLUSION,,EXCLUSION,0.305150,0.305150,,0.305150,0,0
1123,2024-01,,EXCLUSION,,EXCLUSION,0.289469,0.289469,,0.289469,0,0
1124,2023-10,,INCLUSION,,EXCLUSION,0.299529,0.299529,,0.299529,0,0
1125,2024-02,,EXCLUSION,,EXCLUSION,0.186615,0.186615,,0.186615,0,0
1126,2024-04,,EXCLUSION,,EXCLUSION,0.139721,0.139721,,0.139721,0,0
1127,2023-09,,EXCLUSION,,EXCLUSION,0.184053,0.184053,,0.184053,0,0
1128,2024-05,,EXCLUSION,,EXCLUSION,0.184069,0.184069,,0.184069,0,0
1129,2024-06,,EXCLUSION,,EXCLUSION,0.167209,0.167209,,0.167209,0,0
1130,2024-02,,EXCLUSION,,EXCLUSION,0.207092,0.207092,,0.207092,0,0
1131,2024-01,,EXCLUSION,,EXCLUSION,0.373010,0.373010,,0.373010,0,0
1132,2024-03,,INCLUSION,,EXCLUSION,0.249454,0.249454,,0.249454,0,1
1133,2024-07,,EXCLUSION,,EXCLUSION,0.222561,0.222561,,0.222561,0,0
1134,2023-06,,EXCLUSION,,EXCLUSION,0.198846,0.198846,,0.198846,0,0
1135,2024-01,,EXCLUSION,,EXCLUSION,0.229360,0.229360,,0.229360,0,0
1136,2024-05,,EXCLUSION,,EXCLUSION,0.254231,0.254231,,0.254231,0,0
1137,2024-03,,EXCLUSION,,EXCLUSION,0.251456,0.251456,,0.251456,0,0
1138,2023-10,,EXCLUSION,,EXCLUSION,0.243175,0.243175,,0.243175,0,0
1139,2024-03,,EXCLUSION,,EXCLUSION,0.257035,0.257035,,0.257035,0,0
1140,2024-01,,INCLUSION,,EXCLUSION,0.281252,0.281252,,0.281252,0,0
1141,2024-01,,INCLUSION,,EXCLUSION,0.281052,0.281052,,0.281052,0,0
1142,2024-05,,INCLUSION,,EXCLUSION,0.203528,0.203528,,0.203528,0,1
1143,2024-06,,EXCLUSION,,EXCLUSION,0.212828,0.212828,,0.212828,0,0
1144,2023-08,,EXCLUSION,,EXCLUSION,0.190458,0.190458,,0.190458,0,0
1145,2024-04,,EXCLUSION,,EXCLUSION,0.139435,0.139435,,0.139435,0,0
1146,2024-01,,EXCLUSION,,EXCLUSION,0.238145,0.238145,,0.238145,0,0
1147,2024-05,,EXCLUSION,,EXCLUSION,0.233398,0.233398,,0.233398,0,0
1148,2024-01,,EXCLUSION,,EXCLUSION,0.274474,0.274474,,0.274474,0,0
1149,2023-10,,INCLUSION,,EXCLUSION,0.208324,0.208324,,0.208324,0,0
1150,2024-01,,INCLUSION,,EXCLUSION,0.229540,0.229540,,0.229540,0,0
1151,2023-07,,EXCLUSION,,EXCLUSION,0.176399,0.176399,,0.176399,0,0
1152,2024-01,,INCLUSION,,EXCLUSION,0.310759,0.310759,,0.310759,0,0
1153,2024-02,,INCLUSION,,EXCLUSION,0.246451,0.246451,,0.246451,0,0
1154,2023-11,,EXCLUSION,,EXCLUSION,0.281819,0.281819,,0.281819,0,0
1155,2023-06,,EXCLUSION,,EXCLUSION,0.231683,0.231683,,0.231683,0,0
1156,2023-08,,EXCLUSION,,EXCLUSION,0.206257,0.206257,,0.206257,0,0
1157,2024-05,,EXCLUSION,,EXCLUSION,0.149095,0.149095,,0.149095,0,0
1158,2023-11,,EXCLUSION,,EXCLUSION,0.236778,0.236778,,0.236778,0,0
1159,2023-10,,EXCLUSION,,EXCLUSION,0.152836,0.152836,,0.152836,0,0
1160,2023-11,,EXCLUSION,,EXCLUSION,0.263856,0.263856,,0.263856,0,0
1161,2024-01,,INCLUSION,,EXCLUSION,0.372834,0.372834,,0.372834,0,0
1162,2024-04,,EXCLUSION,,EXCLUSION,0.250813,0.250813,,0.250813,0,0
1163,2024-03,,INCLUSION,,EXCLUSION,0.202402,0.202402,,0.202402,0,0
1164,2023-11,,INCLUSION,,EXCLUSION,0.280504,0.280504,,0.280504,0,0
1165,2023-06,,EXCLUSION,,EXCLUSION,0.212439,0.212439,,0.212439,0,0
1166,2024-02,,EXCLUSION,,EXCLUSION,0.298809,0.298809,,0.298809,0,0
1167,2024-01,,EXCLUSION,,EXCLUSION,0.300608,0.300608,,0.300608,0,0
1168,2023-10,,EXCLUSION,,EXCLUSION,0.207651,0.207651,,0.207651,0,0
1169,2024-05,,INCLUSION,,EXCLUSION,0.163545,0.163545,,0.163545,0,0
1170,2023-08,,EXCLUSION,,EXCLUSION,0.271332,0.271332,,0.271332,0,0
1171,2024-01,,EXCLUSION,,EXCLUSION,0.250461,0.250461,,0.250461,0,0
1172,2023-06,,EXCLUSION,,EXCLUSION,0.192981,0.192981,,0.192981,0,0
1173,2024-06,,EXCLUSION,,EXCLUSION,0.143474,0.143474,,0.143474,0,0
1174,2024-01,,EXCLUSION,,EXCLUSION,0.236315,0.236315,,0.236315,0,0
1175,2023-12,,INCLUSION,,EXCLUSION,0.190584,0.190584,,0.190584,0,0
1176,2024-04,,EXCLUSION,,EXCLUSION,0.203657,0.203657,,0.203657,0,0
1177,2024-06,,EXCLUSION,,EXCLUSION,0.214719,0.214719,,0.214719,0,0
1178,2024-06,,EXCLUSION,,EXCLUSION,0.144297,0.144297,,0.144297,0,0
1179,2024-06,,EXCLUSION,,EXCLUSION,0.165247,0.165247,,0.165247,0,0
1180,2024-04,,INCLUSION,,EXCLUSION,0.218614,0.218614,,0.218614,0,0
1181,2023-11,,INCLUSION,,EXCLUSION,0.233314,0.233314,,0.233314,0,0
1182,2024-04,,EXCLUSION,,EXCLUSION,0.190510,0.190510,,0.190510,0,0
1183,2024-06,,EXCLUSION,,EXCLUSION,0.188532,0.188532,,0.188532,0,0
1184,2023-08,,EXCLUSION,,EXCLUSION,0.226770,0.226770,,0.226770,0,0
1185,2023-09,,EXCLUSION,,EXCLUSION,0.207614,0.207614,,0.207614,0,0
1186,2023-06,,EXCLUSION,,EXCLUSION,0.192952,0.192952,,0.192952,0,0
1187,2023-06,,EXCLUSION,,EXCLUSION,0.190959,0.190959,,0.190959,0,0
1188,2024-02,,INCLUSION,,EXCLUSION,0.273665,0.273665,,0.273665,0,0
1189,2024-04,,EXCLUSION,,EXCLUSION,0.242206,0.242206,,0.242206,0,0
1190,2024-03,,INCLUSION,,EXCLUSION,0.277235,0.277235,,0.277235,0,0
1191,2023-11,,EXCLUSION,,EXCLUSION,0.233435,0.233435,,0.233435,0,0
1192,2023-12,,INCLUSION,,EXCLUSION,0.263427,0.263427,,0.263427,0,0
1193,2023-10,,EXCLUSION,,EXCLUSION,0.243871,0.243871,,0.243871,0,0
1194,2024-01,,EXCLUSION,,EXCLUSION,0.244549,0.244549,,0.244549,0,0
1195,2023-06,,EXCLUSION,,EXCLUSION,0.241977,0.241977,,0.241977,0,0
1196,2024-05,,EXCLUSION,,EXCLUSION,0.222107,0.222107,,0.222107,0,0
1197,2024-06,,EXCLUSION,,EXCLUSION,0.177899,0.177899,,0.177899,0,0
1198,2023-07,,EXCLUSION,,EXCLUSION,0.196705,0.196705,,0.196705,0,0
1199,2024-07,,EXCLUSION,,EXCLUSION,0.223095,0.223095,,0.223095,0,0
1200,2024-01,,EXCLUSION,,EXCLUSION,0.256147,0.256147,,0.256147,0,0
1201,2023-10,,INCLUSION,,EXCLUSION,0.241968,0.241968,,0.241968,0,0
1202,2023-09,,INCLUSION,,EXCLUSION,0.214766,0.214766,,0.214766,0,0
1203,2023-11,,EXCLUSION,,EXCLUSION,0.264692,0.264692,,0.264692,0,0
1204,2024-02,,EXCLUSION,,EXCLUSION,0.231835,0.231835,,0.231835,0,0
1205,2023-07,,EXCLUSION,,EXCLUSION,0.217651,0.217651,,0.217651,0,0
1206,2024-05,,EXCLUSION,,EXCLUSION,0.217108,0.217108,,0.217108,0,0
1207,2024-05,,EXCLUSION,,EXCLUSION,0.175856,0.175856,,0.175856,0,0
1208,2023-11,,EXCLUSION,,EXCLUSION,0.205291,0.205291,,0.205291,0,0
1209,2023-09,,EXCLUSION,,EXCLUSION,0.256270,0.256270,,0.256270,0,0
1210,2023-10,,EXCLUSION,,EXCLUSION,0.264048,0.264048,,0.264048,0,0
1211,2024-02,,EXCLUSION,,EXCLUSION,0.352067,0.352067,,0.352067,0,0
1212,2024-04,,EXCLUSION,,EXCLUSION,0.127306,0.127306,,0.127306,0,0
1213,2023-08,,EXCLUSION,,EXCLUSION,0.233348,0.233348,,0.233348,0,0
1214,2024-04,,EXCLUSION,,EXCLUSION,0.193437,0.193437,,0.193437,0,0
1215,2024-05,,INCLUSION,,EXCLUSION,0.168662,0.168662,,0.168662,0,1
1216,2024-01,,INCLUSION,,EXCLUSION,0.261780,0.261780,,0.261780,0,1
1217,2023-11,,INCLUSION,,EXCLUSION,0.207508,0.207508,,0.207508,0,0
1218,2023-07,,EXCLUSION,,EXCLUSION,0.240205,0.240205,,0.240205,0,0
1219,2023-09,,EXCLUSION,,EXCLUSION,0.276099,0.276099,,0.276099,0,0
1220,2024-05,,EXCLUSION,,EXCLUSION,0.123858,0.123858,,0.123858,1,0
1221,2023-10,,INCLUSION,,EXCLUSION,0.230110,0.230110,,0.230110,0,0
1222,2024-05,,EXCLUSION,,EXCLUSION,0.180456,0.180456,,0.180456,0,0
1223,2024-06,,EXCLUSION,,EXCLUSION,0.218646,0.218646,,0.218646,0,0
1224,2024-07,,EXCLUSION,,EXCLUSION,0.274399,0.274399,,0.274399,0,0
1225,2024-06,,EXCLUSION,,EXCLUSION,0.166015,0.166015,,0.166015,0,0
1226,2024-03,,EXCLUSION,,EXCLUSION,0.236755,0.236755,,0.236755,0,0
1227,2024-02,,EXCLUSION,,EXCLUSION,0.280883,0.280883,,0.280883,0,0
1228,2023-07,,EXCLUSION,,EXCLUSION,0.141442,0.141442,,0.141442,0,0
1229,2023-07,,EXCLUSION,,EXCLUSION,0.206702,0.206702,,0.206702,0,0
1230,2023-08,,EXCLUSION,,EXCLUSION,0.319820,0.319820,,0.319820,0,0
1231,2023-10,,EXCLUSION,,EXCLUSION,0.221057,0.221057,,0.221057,0,0
1232,2023-07,,EXCLUSION,,EXCLUSION,0.164552,0.164552,,0.164552,0,0
1233,2023-10,,EXCLUSION,,EXCLUSION,0.185282,0.185282,,0.185282,0,0
1234,2024-05,,EXCLUSION,,EXCLUSION,0.214159,0.214159,,0.214159,0,0
1235,2024-06,,EXCLUSION,,EXCLUSION,0.151159,0.151159,,0.151159,0,0
1236,2024-03,,EXCLUSION,,EXCLUSION,0.168647,0.168647,,0.168647,0,0
1237,2023-11,,EXCLUSION,,EXCLUSION,0.257947,0.257947,,0.257947,0,0
1238,2023-07,,EXCLUSION,,EXCLUSION,0.140539,0.140539,,0.140539,0,0
1239,2024-02,,INCLUSION,,EXCLUSION,0.235540,0.235540,,0.235540,0,0
1240,2024-04,,EXCLUSION,,EXCLUSION,0.196392,0.196392,,0.196392,0,0
1241,2023-08,,EXCLUSION,,EXCLUSION,0.270399,0.270399,,0.270399,0,0
1242,2024-02,,EXCLUSION,,EXCLUSION,0.247324,0.247324,,0.247324,0,0
1243,2023-09,,EXCLUSION,,EXCLUSION,0.242163,0.242163,,0.242163,0,0
1244,2024-04,,EXCLUSION,,EXCLUSION,0.173811,0.173811,,0.173811,0,0
1245,2024-04,,INCLUSION,,EXCLUSION,0.156429,0.156429,,0.156429,0,0
1246,2024-06,,EXCLUSION,,EXCLUSION,0.209624,0.209624,,0.209624,0,0
1247,2024-06,,EXCLUSION,,EXCLUSION,0.193344,0.193344,,0.193344,0,0
1248,2023-12,,EXCLUSION,,EXCLUSION,0.250466,0.250466,,0.250466,0,0
1249,2024-04,,EXCLUSION,,EXCLUSION,0.205954,0.205954,,0.205954,0,0
1250,2024-02,,INCLUSION,,EXCLUSION,0.219104,0.219104,,0.219104,0,0
1251,2024-02,,EXCLUSION,,EXCLUSION,0.274400,0.274400,,0.274400,0,0
1252,2023-07,,EXCLUSION,,EXCLUSION,0.199721,0.199721,,0.199721,0,0
1253,2023-07,,EXCLUSION,,EXCLUSION,0.161457,0.161457,,0.161457,0,0
1254,2023-07,,EXCLUSION,,EXCLUSION,0.177544,0.177544,,0.177544,0,0
1255,2024-06,,EXCLUSION,,EXCLUSION,0.187054,0.187054,,0.187054,0,0
1256,2023-08,,EXCLUSION,,EXCLUSION,0.284140,0.284140,,0.284140,0,0
1257,2023-12,,INCLUSION,,EXCLUSION,0.232727,0.232727,,0.232727,0,0
1258,2024-05,,INCLUSION,,EXCLUSION,0.198942,0.198942,,0.198942,0,0
1259,2023-07,,EXCLUSION,,EXCLUSION,0.150924,0.150924,,0.150924,0,0
1260,2023-12,,EXCLUSION,,EXCLUSION,0.240702,0.240702,,0.240702,0,0
1261,2024-01,,INCLUSION,,EXCLUSION,0.229997,0.229997,,0.229997,1,0
1262,2023-08,,EXCLUSION,,EXCLUSION,0.252919,0.252919,,0.252919,0,0
1263,2024-01,,EXCLUSION,,EXCLUSION,0.245111,0.245111,,0.245111,0,0
1264,2023-10,,INCLUSION,,EXCLUSION,0.289321,0.289321,,0.289321,0,0
1265,2024-03,,INCLUSION,,EXCLUSION,0.252695,0.252695,,0.252695,0,0
1266,2024-02,,EXCLUSION,,EXCLUSION,0.291270,0.291270,,0.291270,0,0
1267,2024-04,,EXCLUSION,,EXCLUSION,0.223260,0.223260,,0.223260,0,0
1268,2024-04,,EXCLUSION,,EXCLUSION,0.255175,0.255175,,0.255175,0,0
1269,2023-08,,EXCLUSION,,EXCLUSION,0.208147,0.208147,,0.208147,0,0
1270,2024-06,,EXCLUSION,,EXCLUSION,0.118954,0.118954,,0.118954,0,0
1271,2024-02,,EXCLUSION,,EXCLUSION,0.254309,0.254309,,0.254309,0,0
1272,2024-06,,EXCLUSION,,EXCLUSION,0.164106,0.164106,,0.164106,0,0
1273,2024-02,,INCLUSION,,EXCLUSION,0.242693,0.242693,,0.242693,0,1
1274,2024-05,,EXCLUSION,,EXCLUSION,0.183726,0.183726,,0.183726,0,0
1275,2024-05,,INCLUSION,,EXCLUSION,0.193470,0.193470,,0.193470,0,0
1276,2024-06,,EXCLUSION,,EXCLUSION,0.188836,0.188836,,0.188836,0,0
1277,2024-01,,INCLUSION,,EXCLUSION,0.259781,0.259781,,0.259781,1,0
1278,2023-11,,INCLUSION,,EXCLUSION,0.264857,0.264857,,0.264857,0,0
1279,2024-06,,EXCLUSION,,EXCLUSION,0.139016,0.139016,,0.139016,0,0
1280,2023-10,,EXCLUSION,,EXCLUSION,0.228504,0.228504,,0.228504,0,0
1281,2024-01,,INCLUSION,,EXCLUSION,0.318809,0.318809,,0.318809,0,0
1282,2023-12,,INCLUSION,,EXCLUSION,0.310584,0.310584,,0.310584,0,0
1283,2024-05,,INCLUSION,,EXCLUSION,0.195034,0.195034,,0.195034,0,0
1284,2023-07,,EXCLUSION,,EXCLUSION,0.201842,0.201842,,0.201842,0,0
1285,2024-02,,INCLUSION,,EXCLUSION,0.269059,0.269059,,0.269059,1,0
1286,2023-07,,EXCLUSION,,EXCLUSION,0.163816,0.163816,,0.163816,0,0
1287,2024-04,,EXCLUSION,,EXCLUSION,0.216298,0.216298,,0.216298,0,0
1288,2024-01,,EXCLUSION,,EXCLUSION,0.259052,0.259052,,0.259052,0,0
1289,2023-09,,EXCLUSION,,EXCLUSION,0.181200,0.181200,,0.181200,0,0
1290,2023-07,,EXCLUSION,,EXCLUSION,0.159104,0.159104,,0.159104,0,0
1291,2024-03,,INCLUSION,,EXCLUSION,0.226058,0.226058,,0.226058,0,0
1292,2024-02,,EXCLUSION,,EXCLUSION,0.265343,0.265343,,0.265343,0,0
1293,2023-07,,EXCLUSION,,EXCLUSION,0.167164,0.167164,,0.167164,0,0
1294,2024-05,,EXCLUSION,,EXCLUSION,0.177358,0.177358,,0.177358,0,0
1295,2024-05,,EXCLUSION,,EXCLUSION,0.198110,0.198110,,0.198110,0,0
1296,2023-08,,EXCLUSION,,EXCLUSION,0.222758,0.222758,,0.222758,0,0
1297,2024-06,,EXCLUSION,,EXCLUSION,0.201989,0.201989,,0.201989,0,0
1298,2023-10,,INCLUSION,,EXCLUSION,0.266231,0.266231,,0.266231,0,0
1299,2023-10,,EXCLUSION,,EXCLUSION,0.277989,0.277989,,0.277989,0,0
1300,2023-08,,EXCLUSION,,EXCLUSION,0.211094,0.211094,,0.211094,0,0
1301,2023-06,,EXCLUSION,,EXCLUSION,0.154654,0.154654,,0.154654,0,0
1302,2023-09,,EXCLUSION,,EXCLUSION,0.164912,0.164912,,0.164912,0,0
1303,2024-03,,EXCLUSION,,EXCLUSION,0.238718,0.238718,,0.238718,0,0
1304,2024-04,,EXCLUSION,,EXCLUSION,0.233323,0.233323,,0.233323,0,0
1305,2023-07,,EXCLUSION,,EXCLUSION,0.211637,0.211637,,0.211637,0,0
1306,2023-09,,INCLUSION,,EXCLUSION,0.347348,0.347348,,0.347348,0,0
1307,2024-01,,EXCLUSION,,EXCLUSION,0.245735,0.245735,,0.245735,0,0
1308,2023-09,,EXCLUSION,,EXCLUSION,0.203047,0.203047,,0.203047,0,0
1309,2024-04,,INCLUSION,,EXCLUSION,0.217117,0.217117,,0.217117,0,0
1310,2024-01,,EXCLUSION,,EXCLUSION,0.222758,0.222758,,0.222758,0,0
1311,2023-08,,EXCLUSION,,EXCLUSION,0.180452,0.180452,,0.180452,0,0
1312,2024-01,,EXCLUSION,,EXCLUSION,0.255543,0.255543,,0.255543,0,0
1313,2023-11,,EXCLUSION,,EXCLUSION,0.245922,0.245922,,0.245922,0,0
1314,2024-03,,EXCLUSION,,EXCLUSION,0.194835,0.194835,,0.194835,0,0
1315,2023-06,,EXCLUSION,,EXCLUSION,0.212499,0.212499,,0.212499,0,0
1316,2024-02,,EXCLUSION,,EXCLUSION,0.192208,0.192208,,0.192208,0,0
1317,2024-04,,EXCLUSION,,EXCLUSION,0.182974,0.182974,,0.182974,0,0
1318,2023-11,,EXCLUSION,,EXCLUSION,0.287509,0.287509,,0.287509,0,0
1319,2024-02,,EXCLUSION,,EXCLUSION,0.339430,0.339430,,0.339430,0,0
1320,2024-06,,EXCLUSION,,EXCLUSION,0.154867,0.154867,,0.154867,0,0
1321,2023-10,,EXCLUSION,,EXCLUSION,0.176537,0.176537,,0.176537,0,0
1322,2023-07,,EXCLUSION,,EXCLUSION,0.139635,0.139635,,0.139635,0,0
1323,2023-08,,EXCLUSION,,EXCLUSION,0.248980,0.248980,,0.248980,0,0
1324,2024-02,,EXCLUSION,,EXCLUSION,0.250449,0.250449,,0.250449,0,0
1325,2024-02,,EXCLUSION,,EXCLUSION,0.242071,0.242071,,0.242071,0,0
1326,2024-04,,EXCLUSION,,EXCLUSION,0.144239,0.144239,,0.144239,0,0
1327,2024-03,,EXCLUSION,,EXCLUSION,0.183868,0.183868,,0.183868,0,0
1328,2023-06,,EXCLUSION,,EXCLUSION,0.191998,0.191998,,0.191998,0,0
1329,2024-01,,INCLUSION,,EXCLUSION,0.246240,0.246240,,0.246240,0,0
1330,2023-11,,EXCLUSION,,EXCLUSION,0.268737,0.268737,,0.268737,0,0
1331,2023-07,,INCLUSION,,EXCLUSION,0.192034,0.192034,,0.192034,0,0
1332,2023-10,,EXCLUSION,,EXCLUSION,0.222556,0.222556,,0.222556,0,0
1333,2024-02,,EXCLUSION,,EXCLUSION,0.262424,0.262424,,0.262424,0,0
1334,2023-07,,EXCLUSION,,EXCLUSION,0.145789,0.145789,,0.145789,0,0
1335,2024-04,,EXCLUSION,,EXCLUSION,0.157406,0.157406,,0.157406,0,0
1336,2024-02,,INCLUSION,,EXCLUSION,0.276147,0.276147,,0.276147,0,0
1337,2023-09,,EXCLUSION,,EXCLUSION,0.185207,0.185207,,0.185207,0,0
1338,2024-06,,EXCLUSION,,EXCLUSION,0.208883,0.208883,,0.208883,0,0
1339,2024-04,,INCLUSION,,EXCLUSION,0.170304,0.170304,,0.170304,0,0
1340,2023-10,,EXCLUSION,,EXCLUSION,0.271766,0.271766,,0.271766,0,0
1341,2023-08,,EXCLUSION,,EXCLUSION,0.196505,0.196505,,0.196505,0,0
1342,2023-07,,EXCLUSION,,EXCLUSION,0.157738,0.157738,,0.157738,0,0
1343,2023-12,,INCLUSION,,EXCLUSION,0.240025,0.240025,,0.240025,0,1
1344,2024-02,,EXCLUSION,,EXCLUSION,0.224060,0.224060,,0.224060,0,0
1345,2023-09,,INCLUSION,,EXCLUSION,0.222711,0.222711,,0.222711,0,0
1346,2023-07,,EXCLUSION,,EXCLUSION,0.158520,0.158520,,0.158520,0,0
1347,2023-09,,EXCLUSION,,EXCLUSION,0.223199,0.223199,,0.223199,0,0
1348,2024-06,,EXCLUSION,,EXCLUSION,0.207438,0.207438,,0.207438,0,0
1349,2023-07,,EXCLUSION,,EXCLUSION,0.171476,0.171476,,0.171476,0,0
1350,2023-12,,EXCLUSION,,EXCLUSION,0.204487,0.204487,,0.204487,0,0
1351,2024-03,,EXCLUSION,,EXCLUSION,0.189240,0.189240,,0.189240,0,0
1352,2023-09,,INCLUSION,,EXCLUSION,0.276639,0.276639,,0.276639,0,0
1353,2024-03,,EXCLUSION,,EXCLUSION,0.220012,0.220012,,0.220012,0,0
1354,2024-01,,EXCLUSION,,EXCLUSION,0.289340,0.289340,,0.289340,0,0
1355,2023-07,,EXCLUSION,,EXCLUSION,0.121757,0.121757,,0.121757,0,0
1356,2023-10,,EXCLUSION,,EXCLUSION,0.266281,0.266281,,0.266281,0,0
1357,2024-01,,INCLUSION,,EXCLUSION,0.263639,0.263639,,0.263639,0,0
1358,2024-01,,INCLUSION,,EXCLUSION,0.301176,0.301176,,0.301176,0,0
1359,2024-05,,EXCLUSION,,EXCLUSION,0.183777,0.183777,,0.183777,0,0
1360,2023-07,,EXCLUSION,,EXCLUSION,0.136078,0.136078,,0.136078,0,0
1361,2023-06,,EXCLUSION,,EXCLUSION,0.264468,0.264468,,0.264468,0,0
1362,2023-06,,EXCLUSION,,EXCLUSION,0.137186,0.137186,,0.137186,0,0
1363,2023-10,,EXCLUSION,,EXCLUSION,0.367332,0.367332,,0.367332,0,0
1364,2023-09,,EXCLUSION,,EXCLUSION,0.203102,0.203102,,0.203102,0,0
1365,2023-12,,EXCLUSION,,EXCLUSION,0.213142,0.213142,,0.213142,0,0
1366,2023-07,,EXCLUSION,,EXCLUSION,0.194116,0.194116,,0.194116,0,0
1367,2023-08,,EXCLUSION,,EXCLUSION,0.192098,0.192098,,0.192098,0,0
1368,2024-06,,EXCLUSION,,EXCLUSION,0.154707,0.154707,,0.154707,0,0
1369,2023-08,,EXCLUSION,,EXCLUSION,0.194266,0.194266,,0.194266,0,0
1370,2023-12,,EXCLUSION,,EXCLUSION,0.285136,0.285136,,0.285136,0,0
1371,2023-08,,EXCLUSION,,EXCLUSION,0.153030,0.153030,,0.153030,0,0
1372,2024-03,,EXCLUSION,,EXCLUSION,0.299593,0.299593,,0.299593,0,0
1373,2023-09,,EXCLUSION,,EXCLUSION,0.215239,0.215239,,0.215239,0,0
1374,2023-07,,EXCLUSION,,EXCLUSION,0.162544,0.162544,,0.162544,0,0
1375,2023-12,,INCLUSION,,EXCLUSION,0.232396,0.232396,,0.232396,0,0
1376,2023-07,,EXCLUSION,,EXCLUSION,0.122327,0.122327,,0.122327,0,0
1377,2023-09,,EXCLUSION,,EXCLUSION,0.151811,0.151811,,0.151811,0,0
1378,2024-02,,EXCLUSION,,EXCLUSION,0.290937,0.290937,,0.290937,0,0
1379,2023-08,,INCLUSION,,EXCLUSION,0.261192,0.261192,,0.261192,0,0
1380,2023-08,,EXCLUSION,,EXCLUSION,0.189716,0.189716,,0.189716,0,0
1381,2023-07,,EXCLUSION,,EXCLUSION,0.158034,0.158034,,0.158034,0,0
1382,2024-03,,EXCLUSION,,EXCLUSION,0.188047,0.188047,,0.188047,0,0
1383,2024-04,,EXCLUSION,,EXCLUSION,0.183530,0.183530,,0.183530,0,0
1384,2024-06,,EXCLUSION,,EXCLUSION,0.188953,0.188953,,0.188953,0,0
1385,2024-04,,EXCLUSION,,EXCLUSION,0.182083,0.182083,,0.182083,0,0
1386,2024-05,,EXCLUSION,,EXCLUSION,0.195086,0.195086,,0.195086,0,0
1387,2023-08,,INCLUSION,,EXCLUSION,0.167356,0.167356,,0.167356,0,0
1388,2023-07,,EXCLUSION,,EXCLUSION,0.195470,0.195470,,0.195470,0,0
1389,2023-07,,EXCLUSION,,EXCLUSION,0.210660,0.210660,,0.210660,0,0
1390,2023-12,,INCLUSION,,EXCLUSION,0.262686,0.262686,,0.262686,0,0
1391,2023-11,,INCLUSION,,EXCLUSION,0.227439,0.227439,,0.227439,0,0
1392,2024-06,,EXCLUSION,,EXCLUSION,0.179567,0.179567,,0.179567,0,0
1393,2024-04,,EXCLUSION,,EXCLUSION,0.197160,0.197160,,0.197160,0,0
1394,2024-02,,EXCLUSION,,EXCLUSION,0.226127,0.226127,,0.226127,0,0
1395,2024-05,,EXCLUSION,,EXCLUSION,0.266816,0.266816,,0.266816,0,0
1396,2024-02,,EXCLUSION,,EXCLUSION,0.176522,0.176522,,0.176522,0,0
1397,2023-08,,EXCLUSION,,EXCLUSION,0.244765,0.244765,,0.244765,0,0
1398,2024-02,,INCLUSION,,EXCLUSION,0.287039,0.287039,,0.287039,0,0
1399,2024-07,,EXCLUSION,,EXCLUSION,0.171609,0.171609,,0.171609,0,0
1400,2024-06,,EXCLUSION,,EXCLUSION,0.237065,0.237065,,0.237065,0,0
1401,2024-03,,EXCLUSION,,EXCLUSION,0.176274,0.176274,,0.176274,0,0
1402,2023-06,,EXCLUSION,,EXCLUSION,0.199397,0.199397,,0.199397,0,0
1403,2023-07,,EXCLUSION,,EXCLUSION,0.161991,0.161991,,0.161991,0,0
1404,2023-10,,EXCLUSION,,EXCLUSION,0.272092,0.272092,,0.272092,0,0
1405,2023-10,,EXCLUSION,,EXCLUSION,0.290527,0.290527,,0.290527,0,0
1406,2023-09,,EXCLUSION,,EXCLUSION,0.198026,0.198026,,0.198026,0,0
1407,2023-08,,EXCLUSION,,EXCLUSION,0.179370,0.179370,,0.179370,0,0
1408,2024-06,,EXCLUSION,,EXCLUSION,0.178839,0.178839,,0.178839,0,0
1409,2023-09,,INCLUSION,,EXCLUSION,0.191013,0.191013,,0.191013,0,0
1410,2024-07,,EXCLUSION,,EXCLUSION,0.187170,0.187170,,0.187170,0,0
1411,2024-06,,EXCLUSION,,EXCLUSION,0.127787,0.127787,,0.127787,0,0
1412,2024-06,,EXCLUSION,,EXCLUSION,0.221686,0.221686,,0.221686,0,0
1413,2024-01,,INCLUSION,,EXCLUSION,0.264084,0.264084,,0.264084,0,0
1414,2024-02,,EXCLUSION,,EXCLUSION,0.290944,0.290944,,0.290944,0,0
1415,2023-12,,INCLUSION,,EXCLUSION,0.247106,0.247106,,0.247106,0,0
1416,2024-04,,EXCLUSION,,EXCLUSION,0.208410,0.208410,,0.208410,0,0
1417,2024-03,,EXCLUSION,,EXCLUSION,0.175061,0.175061,,0.175061,0,0
1418,2023-07,,EXCLUSION,,EXCLUSION,0.148011,0.148011,,0.148011,0,0
1419,2023-12,,INCLUSION,,EXCLUSION,0.209259,0.209259,,0.209259,0,0
1420,2024-03,,EXCLUSION,,EXCLUSION,0.244305,0.244305,,0.244305,0,0
1421,2023-06,,EXCLUSION,,EXCLUSION,0.153852,0.153852,,0.153852,0,0
1422,2023-07,,EXCLUSION,,EXCLUSION,0.141582,0.141582,,0.141582,0,0
1423,2024-03,,EXCLUSION,,EXCLUSION,0.240035,0.240035,,0.240035,0,0
1424,2023-11,,EXCLUSION,,EXCLUSION,0.242597,0.242597,,0.242597,0,0
1425,2023-10,,EXCLUSION,,EXCLUSION,0.231897,0.231897,,0.231897,0,0
1426,2024-07,,EXCLUSION,,EXCLUSION,0.216366,0.216366,,0.216366,0,0
1427,2023-08,,INCLUSION,,EXCLUSION,0.253544,0.253544,,0.253544,0,0
1428,2024-02,,EXCLUSION,,EXCLUSION,0.173896,0.173896,,0.173896,0,0
1429,2023-07,,EXCLUSION,,EXCLUSION,0.201038,0.201038,,0.201038,0,0
1430,2023-07,,EXCLUSION,,EXCLUSION,0.124675,0.124675,,0.124675,0,0
1431,2024-02,,EXCLUSION,,EXCLUSION,0.223432,0.223432,,0.223432,0,0
1432,2024-02,,EXCLUSION,,EXCLUSION,0.279929,0.279929,,0.279929,0,0
1433,2024-01,,INCLUSION,,EXCLUSION,0.249922,0.249922,,0.249922,0,0
1434,2024-04,,EXCLUSION,,EXCLUSION,0.229666,0.229666,,0.229666,0,0
1435,2024-03,,INCLUSION,,EXCLUSION,0.201445,0.201445,,0.201445,0,0
1436,2024-06,,EXCLUSION,,EXCLUSION,0.116335,0.116335,,0.116335,0,0
1437,2024-02,,EXCLUSION,,EXCLUSION,0.198456,0.198456,,0.198456,0,0
1438,2024-06,,EXCLUSION,,EXCLUSION,0.228576,0.228576,,0.228576,0,0
1439,2023-10,,EXCLUSION,,EXCLUSION,0.180049,0.180049,,0.180049,0,0
1440,2024-05,,EXCLUSION,,EXCLUSION,0.217937,0.217937,,0.217937,0,0
1441,2023-06,,EXCLUSION,,EXCLUSION,0.203941,0.203941,,0.203941,0,0
1442,2024-02,,EXCLUSION,,EXCLUSION,0.240109,0.240109,,0.240109,0,0
1443,2023-07,,EXCLUSION,,EXCLUSION,0.168526,0.168526,,0.168526,0,0
1444,2023-08,,EXCLUSION,,EXCLUSION,0.154358,0.154358,,0.154358,0,0
1445,2023-08,,EXCLUSION,,EXCLUSION,0.216270,0.216270,,0.216270,0,0
1446,2023-06,,EXCLUSION,,EXCLUSION,0.207904,0.207904,,0.207904,0,0
1447,2023-09,,EXCLUSION,,EXCLUSION,0.275521,0.275521,,0.275521,0,0
1448,2023-12,,EXCLUSION,,EXCLUSION,0.248012,0.248012,,0.248012,0,0
1449,2023-09,,EXCLUSION,,EXCLUSION,0.196457,0.196457,,0.196457,0,0
1450,2023-12,,INCLUSION,,EXCLUSION,0.279355,0.279355,,0.279355,1,0
1451,2024-06,,EXCLUSION,,EXCLUSION,0.163689,0.163689,,0.163689,0,0
1452,2023-10,,EXCLUSION,,EXCLUSION,0.199517,0.199517,,0.199517,0,0
1453,2024-01,,EXCLUSION,,EXCLUSION,0.272057,0.272057,,0.272057,0,0
1454,2023-11,,EXCLUSION,,EXCLUSION,0.177479,0.177479,,0.177479,0,0
1455,2023-06,,EXCLUSION,,EXCLUSION,0.238442,0.238442,,0.238442,0,0
1456,2024-03,,INCLUSION,,EXCLUSION,0.243867,0.243867,,0.243867,0,0
1457,2024-05,,EXCLUSION,,EXCLUSION,0.196157,0.196157,,0.196157,0,0
1458,2023-06,,EXCLUSION,,EXCLUSION,0.156597,0.156597,,0.156597,0,0
1459,2023-06,,EXCLUSION,,EXCLUSION,0.164984,0.164984,,0.164984,0,0
1460,2023-07,,EXCLUSION,,EXCLUSION,0.164635,0.164635,,0.164635,0,0
1461,2023-09,,EXCLUSION,,EXCLUSION,0.216640,0.216640,,0.216640,0,0
1462,2024-03,,EXCLUSION,,EXCLUSION,0.268616,0.268616,,0.268616,0,0
1463,2023-12,,EXCLUSION,,EXCLUSION,0.231547,0.231547,,0.231547,0,0
1464,2024-06,,EXCLUSION,,EXCLUSION,0.187772,0.187772,,0.187772,0,0
1465,2024-06,,EXCLUSION,,EXCLUSION,0.171962,0.171962,,0.171962,0,0
1466,2023-06,,EXCLUSION,,EXCLUSION,0.219660,0.219660,,0.219660,0,0
1467,2024-02,,EXCLUSION,,EXCLUSION,0.287216,0.287216,,0.287216,0,0
1468,2024-01,,EXCLUSION,,EXCLUSION,0.285799,0.285799,,0.285799,0,0
1469,2024-05,,EXCLUSION,,EXCLUSION,0.208117,0.208117,,0.208117,0,0
1470,2023-12,,INCLUSION,,EXCLUSION,0.351984,0.351984,,0.351984,0,0
1471,2023-08,,EXCLUSION,,EXCLUSION,0.269355,0.269355,,0.269355,0,0
1472,2023-10,,INCLUSION,,EXCLUSION,0.210986,0.210986,,0.210986,0,0
1473,2024-03,,EXCLUSION,,EXCLUSION,0.293545,0.293545,,0.293545,0,0
1474,2023-11,,INCLUSION,,EXCLUSION,0.170142,0.170142,,0.170142,1,0
1475,2023-07,,INCLUSION,,EXCLUSION,0.130855,0.130855,,0.130855,0,0
1476,2024-06,,EXCLUSION,,EXCLUSION,0.191726,0.191726,,0.191726,0,0
1477,2024-01,,INCLUSION,,EXCLUSION,0.281421,0.281421,,0.281421,0,0
1478,2024-04,,EXCLUSION,,EXCLUSION,0.175850,0.175850,,0.175850,0,0
1479,2023-09,,INCLUSION,,EXCLUSION,0.240643,0.240643,,0.240643,0,0
1480,2023-07,,EXCLUSION,,EXCLUSION,0.180132,0.180132,,0.180132,0,0
1481,2023-11,,EXCLUSION,,EXCLUSION,0.230780,0.230780,,0.230780,0,0
1482,2024-04,,EXCLUSION,,EXCLUSION,0.185586,0.185586,,0.185586,0,0
1483,2023-08,,EXCLUSION,,EXCLUSION,0.249056,0.249056,,0.249056,0,0
1484,2024-01,,EXCLUSION,,EXCLUSION,0.264319,0.264319,,0.264319,0,0
1485,2024-04,,EXCLUSION,,EXCLUSION,0.190928,0.190928,,0.190928,0,0
1486,2023-10,,EXCLUSION,,EXCLUSION,0.271311,0.271311,,0.271311,0,0
1487,2024-01,,EXCLUSION,,EXCLUSION,0.403980,0.403980,,0.403980,0,0
1488,2024-06,,EXCLUSION,,EXCLUSION,0.125523,0.125523,,0.125523,0,0
1489,2023-12,,EXCLUSION,,EXCLUSION,0.216530,0.216530,,0.216530,0,0
1490,2024-03,,INCLUSION,,EXCLUSION,0.202293,0.202293,,0.202293,0,0
1491,2024-02,,INCLUSION,,EXCLUSION,0.227296,0.227296,,0.227296,0,0
1492,2023-09,,INCLUSION,,EXCLUSION,0.322079,0.322079,,0.322079,0,0
1493,2024-05,,EXCLUSION,,EXCLUSION,0.176275,0.176275,,0.176275,0,0
1494,2023-07,,EXCLUSION,,EXCLUSION,0.211387,0.211387,,0.211387,0,0
1495,2024-03,,INCLUSION,,EXCLUSION,0.245131,0.245131,,0.245131,0,1
1496,2024-01,,EXCLUSION,,EXCLUSION,0.234384,0.234384,,0.234384,0,0
1497,2023-10,,EXCLUSION,,EXCLUSION,0.243775,0.243775,,0.243775,0,0
1498,2023-07,,EXCLUSION,,EXCLUSION,0.215531,0.215531,,0.215531,0,0
1499,2024-01,,INCLUSION,,EXCLUSION,0.238275,0.238275,,0.238275,0,0
1500,2023-11,,EXCLUSION,,EXCLUSION,0.225371,0.225371,,0.225371,0,0
1501,2024-05,,INCLUSION,,EXCLUSION,0.211575,0.211575,,0.211575,0,0
1502,2024-06,,EXCLUSION,,EXCLUSION,0.162963,0.162963,,0.162963,0,0
1503,2024-06,,EXCLUSION,,EXCLUSION,0.244374,0.244374,,0.244374,0,0
1504,2024-06,,EXCLUSION,,EXCLUSION,0.159400,0.159400,,0.159400,0,0
1505,2023-08,,EXCLUSION,,EXCLUSION,0.312539,0.312539,,0.312539,0,0
1506,2023-10,,INCLUSION,,EXCLUSION,0.267304,0.267304,,0.267304,0,1
1507,2024-02,,EXCLUSION,,EXCLUSION,0.283568,0.283568,,0.283568,0,0
1508,2024-03,,EXCLUSION,,EXCLUSION,0.238763,0.238763,,0.238763,0,0
1509,2023-08,,EXCLUSION,,EXCLUSION,0.180276,0.180276,,0.180276,0,0
1510,2024-04,,EXCLUSION,,EXCLUSION,0.192027,0.192027,,0.192027,0,0
1511,2023-12,,EXCLUSION,,EXCLUSION,0.219332,0.219332,,0.219332,0,0
1512,2023-09,,EXCLUSION,,EXCLUSION,0.243869,0.243869,,0.243869,0,0
1513,2024-05,,EXCLUSION,,EXCLUSION,0.209886,0.209886,,0.209886,0,0
1514,2023-10,,EXCLUSION,,EXCLUSION,0.301829,0.301829,,0.301829,0,0
1515,2023-07,,EXCLUSION,,EXCLUSION,0.162021,0.162021,,0.162021,0,0
1516,2023-10,,EXCLUSION,,EXCLUSION,0.272176,0.272176,,0.272176,0,0
1517,2024-06,,INCLUSION,,EXCLUSION,0.145304,0.145304,,0.145304,0,0
1518,2024-02,,EXCLUSION,,EXCLUSION,0.165265,0.165265,,0.165265,0,0
1519,2023-10,,EXCLUSION,,EXCLUSION,0.194468,0.194468,,0.194468,0,0
1520,2023-10,,INCLUSION,,EXCLUSION,0.228492,0.228492,,0.228492,0,0
1521,2023-12,,INCLUSION,,EXCLUSION,0.281761,0.281761,,0.281761,0,0
1522,2024-03,,EXCLUSION,,EXCLUSION,0.193301,0.193301,,0.193301,0,0
1523,2023-11,,EXCLUSION,,EXCLUSION,0.239254,0.239254,,0.239254,0,0
1524,2023-10,,EXCLUSION,,EXCLUSION,0.228053,0.228053,,0.228053,0,0
1525,2023-06,,EXCLUSION,,EXCLUSION,0.242709,0.242709,,0.242709,0,0
1526,2024-05,,EXCLUSION,,EXCLUSION,0.183649,0.183649,,0.183649,0,0
1527,2024-05,,EXCLUSION,,EXCLUSION,0.191444,0.191444,,0.191444,0,0
1528,2023-08,,EXCLUSION,,EXCLUSION,0.239229,0.239229,,0.239229,0,0
1529,2024-04,,EXCLUSION,,EXCLUSION,0.204623,0.204623,,0.204623,0,0
1530,2024-02,,EXCLUSION,,EXCLUSION,0.208644,0.208644,,0.208644,0,0
1531,2023-07,,EXCLUSION,,EXCLUSION,0.177728,0.177728,,0.177728,0,0
1532,2023-08,,INCLUSION,,EXCLUSION,0.195654,0.195654,,0.195654,0,0
1533,2023-12,,EXCLUSION,,EXCLUSION,0.233227,0.233227,,0.233227,0,0
1534,2023-07,,EXCLUSION,,EXCLUSION,0.198883,0.198883,,0.198883,0,0
1535,2024-06,,EXCLUSION,,EXCLUSION,0.131205,0.131205,,0.131205,0,0
1536,2024-04,,EXCLUSION,,EXCLUSION,0.174283,0.174283,,0.174283,0,0
1537,2023-11,,EXCLUSION,,EXCLUSION,0.252016,0.252016,,0.252016,0,0
1538,2023-10,,EXCLUSION,,EXCLUSION,0.238985,0.238985,,0.238985,0,0
1539,2023-11,,EXCLUSION,,EXCLUSION,0.258626,0.258626,,0.258626,0,0
1540,2023-09,,INCLUSION,,EXCLUSION,0.240318,0.240318,,0.240318,0,0
1541,2023-10,,EXCLUSION,,EXCLUSION,0.231384,0.231384,,0.231384,0,0
1542,2023-10,,EXCLUSION,,EXCLUSION,0.189418,0.189418,,0.189418,0,0
1543,2023-07,,EXCLUSION,,EXCLUSION,0.197982,0.197982,,0.197982,0,0
1544,2024-02,,INCLUSION,,EXCLUSION,0.240109,0.240109,,0.240109,0,0
1545,2023-08,,INCLUSION,,EXCLUSION,0.297552,0.297552,,0.297552,0,1
1546,2023-06,,EXCLUSION,,EXCLUSION,0.189319,0.189319,,0.189319,0,0
1547,2023-09,,INCLUSION,,EXCLUSION,0.155255,0.155255,,0.155255,0,0
1548,2024-05,,EXCLUSION,,EXCLUSION,0.245332,0.245332,,0.245332,0,0
1549,2024-04,,EXCLUSION,,EXCLUSION,0.292285,0.292285,,0.292285,0,0
1550,2023-09,,EXCLUSION,,EXCLUSION,0.266492,0.266492,,0.266492,0,0
1551,2024-03,,INCLUSION,,EXCLUSION,0.259150,0.259150,,0.259150,0,0
1552,2024-05,,EXCLUSION,,EXCLUSION,0.176911,0.176911,,0.176911,0,0
1553,2024-01,,EXCLUSION,,EXCLUSION,0.279614,0.279614,,0.279614,0,0
1554,2024-03,,INCLUSION,,EXCLUSION,0.254656,0.254656,,0.254656,0,0
1555,2024-01,,EXCLUSION,,EXCLUSION,0.235241,0.235241,,0.235241,0,0
1556,2024-05,,EXCLUSION,,EXCLUSION,0.196585,0.196585,,0.196585,0,0
1557,2024-01,,EXCLUSION,,EXCLUSION,0.352659,0.352659,,0.352659,0,0
1558,2023-09,,EXCLUSION,,EXCLUSION,0.242818,0.242818,,0.242818,0,0
1559,2024-01,,INCLUSION,,EXCLUSION,0.267461,0.267461,,0.267461,0,0
1560,2023-09,,EXCLUSION,,EXCLUSION,0.254114,0.254114,,0.254114,0,0
1561,2023-07,,INCLUSION,,EXCLUSION,0.196320,0.196320,,0.196320,0,0
1562,2024-03,,INCLUSION,,EXCLUSION,0.216356,0.216356,,0.216356,0,0
1563,2024-06,,EXCLUSION,,EXCLUSION,0.146662,0.146662,,0.146662,0,0
1564,2024-03,,EXCLUSION,,EXCLUSION,0.209991,0.209991,,0.209991,0,0
1565,2023-08,,EXCLUSION,,EXCLUSION,0.209731,0.209731,,0.209731,0,0
1566,2024-01,,EXCLUSION,,EXCLUSION,0.326275,0.326275,,0.326275,0,0
1567,2024-03,,EXCLUSION,,EXCLUSION,0.227148,0.227148,,0.227148,0,0
1568,2023-08,,INCLUSION,,EXCLUSION,0.184771,0.184771,,0.184771,0,0
1569,2023-08,,INCLUSION,,EXCLUSION,0.289427,0.289427,,0.289427,0,0
1570,2023-09,,INCLUSION,,EXCLUSION,0.207165,0.207165,,0.207165,0,0
1571,2023-11,,INCLUSION,,EXCLUSION,0.189136,0.189136,,0.189136,0,0
1572,2024-05,,EXCLUSION,,EXCLUSION,0.276257,0.276257,,0.276257,0,0
1573,2023-10,,INCLUSION,,EXCLUSION,0.221194,0.221194,,0.221194,0,0
1574,2024-06,,EXCLUSION,,EXCLUSION,0.157609,0.157609,,0.157609,0,0
1575,2024-01,,EXCLUSION,,EXCLUSION,0.302221,0.302221,,0.302221,0,0
1576,2024-04,,EXCLUSION,,EXCLUSION,0.290366,0.290366,,0.290366,0,0
1577,2023-08,,EXCLUSION,,EXCLUSION,0.225074,0.225074,,0.225074,0,0
1578,2023-09,,INCLUSION,,EXCLUSION,0.166673,0.166673,,0.166673,0,0
1579,2024-06,,EXCLUSION,,EXCLUSION,0.186571,0.186571,,0.186571,0,0
1580,2023-10,,EXCLUSION,,EXCLUSION,0.273907,0.273907,,0.273907,0,0
1581,2024-01,,INCLUSION,,EXCLUSION,0.225174,0.225174,,0.225174,0,0
1582,2023-07,,EXCLUSION,,EXCLUSION,0.224348,0.224348,,0.224348,0,0
1583,2023-10,,EXCLUSION,,EXCLUSION,0.237363,0.237363,,0.237363,0,0
1584,2024-05,,EXCLUSION,,EXCLUSION,0.208601,0.208601,,0.208601,0,0
1585,2023-07,,EXCLUSION,,EXCLUSION,0.164061,0.164061,,0.164061,0,0
1586,2023-07,,EXCLUSION,,EXCLUSION,0.167605,0.167605,,0.167605,0,0
1587,2023-07,,INCLUSION,,EXCLUSION,0.200676,0.200676,,0.200676,0,0
1588,2023-08,,EXCLUSION,,EXCLUSION,0.188638,0.188638,,0.188638,0,0
1589,2024-04,,EXCLUSION,,EXCLUSION,0.187881,0.187881,,0.187881,0,0
1590,2024-02,,EXCLUSION,,EXCLUSION,0.294128,0.294128,,0.294128,0,0
1591,2024-06,,EXCLUSION,,EXCLUSION,0.185239,0.185239,,0.185239,0,0
1592,2024-02,,EXCLUSION,,EXCLUSION,0.208487,0.208487,,0.208487,0,0
1593,2024-06,,EXCLUSION,,EXCLUSION,0.228521,0.228521,,0.228521,0,0
1594,2023-11,,INCLUSION,,EXCLUSION,0.243334,0.243334,,0.243334,0,0
1595,2024-01,,INCLUSION,,EXCLUSION,0.257577,0.257577,,0.257577,0,0
1596,2023-12,,INCLUSION,,EXCLUSION,0.236373,0.236373,,0.236373,0,0
1597,2024-06,,EXCLUSION,,EXCLUSION,0.231241,0.231241,,0.231241,0,0
1598,2023-07,,EXCLUSION,,EXCLUSION,0.166243,0.166243,,0.166243,0,0
1599,2023-09,,EXCLUSION,,EXCLUSION,0.241087,0.241087,,0.241087,0,0
1600,2023-10,,INCLUSION,,EXCLUSION,0.240119,0.240119,,0.240119,0,0
1601,2024-06,,EXCLUSION,,EXCLUSION,0.163954,0.163954,,0.163954,0,0
1602,2023-10,,EXCLUSION,,EXCLUSION,0.221339,0.221339,,0.221339,0,0
1603,2023-11,,INCLUSION,,EXCLUSION,0.236380,0.236380,,0.236380,0,0
1604,2023-09,,EXCLUSION,,EXCLUSION,0.244065,0.244065,,0.244065,0,0
1605,2024-05,,EXCLUSION,,EXCLUSION,0.273890,0.273890,,0.273890,0,0
1606,2024-02,,EXCLUSION,,EXCLUSION,0.183823,0.183823,,0.183823,0,0
1607,2023-11,,INCLUSION,,EXCLUSION,0.260527,0.260527,,0.260527,0,0
1608,2023-10,,EXCLUSION,,EXCLUSION,0.243837,0.243837,,0.243837,0,0
1609,2023-08,,EXCLUSION,,EXCLUSION,0.247064,0.247064,,0.247064,0,0
1610,2024-06,,EXCLUSION,,EXCLUSION,0.186191,0.186191,,0.186191,0,0
1611,2023-06,,EXCLUSION,,EXCLUSION,0.195648,0.195648,,0.195648,0,0
1612,2023-11,,EXCLUSION,,EXCLUSION,0.306798,0.306798,,0.306798,0,0
1613,2024-02,,INCLUSION,,EXCLUSION,0.265795,0.265795,,0.265795,0,0
1614,2023-07,,EXCLUSION,,EXCLUSION,0.143630,0.143630,,0.143630,0,0
1615,2023-10,,INCLUSION,,EXCLUSION,0.288865,0.288865,,0.288865,0,1
1616,2024-04,,EXCLUSION,,EXCLUSION,0.154922,0.154922,,0.154922,0,0
1617,2024-06,,EXCLUSION,,EXCLUSION,0.143770,0.143770,,0.143770,0,0
1618,2024-05,,EXCLUSION,,EXCLUSION,0.188488,0.188488,,0.188488,0,0
1619,2024-02,,INCLUSION,,EXCLUSION,0.267101,0.267101,,0.267101,0,0
1620,2023-07,,EXCLUSION,,EXCLUSION,0.177646,0.177646,,0.177646,0,0
1621,2023-10,,INCLUSION,,EXCLUSION,0.240921,0.240921,,0.240921,0,0
1622,2024-05,,EXCLUSION,,EXCLUSION,0.162469,0.162469,,0.162469,0,0
1623,2023-09,,INCLUSION,,EXCLUSION,0.193872,0.193872,,0.193872,0,0
1624,2024-01,,EXCLUSION,,EXCLUSION,0.299263,0.299263,,0.299263,0,0
1625,2023-11,,EXCLUSION,,EXCLUSION,0.232966,0.232966,,0.232966,0,0
1626,2023-11,,INCLUSION,,EXCLUSION,0.267020,0.267020,,0.267020,1,0
1627,2024-06,,EXCLUSION,,EXCLUSION,0.183401,0.183401,,0.183401,0,0
1628,2023-07,,EXCLUSION,,EXCLUSION,0.197879,0.197879,,0.197879,0,0
1629,2024-05,,EXCLUSION,,EXCLUSION,0.185833,0.185833,,0.185833,0,0
1630,2024-05,,EXCLUSION,,EXCLUSION,0.201007,0.201007,,0.201007,0,0
1631,2023-10,,EXCLUSION,,EXCLUSION,0.292557,0.292557,,0.292557,0,0
1632,2023-10,,INCLUSION,,EXCLUSION,0.303324,0.303324,,0.303324,0,0
1633,2023-11,,INCLUSION,,EXCLUSION,0.273449,0.273449,,0.273449,0,0
1634,2024-01,,EXCLUSION,,EXCLUSION,0.332353,0.332353,,0.332353,0,0
1635,2023-12,,EXCLUSION,,EXCLUSION,0.322579,0.322579,,0.322579,0,0
1636,2024-03,,EXCLUSION,,EXCLUSION,0.218395,0.218395,,0.218395,0,0
1637,2024-05,,EXCLUSION,,EXCLUSION,0.169632,0.169632,,0.169632,0,0
1638,2023-11,,EXCLUSION,,EXCLUSION,0.241005,0.241005,,0.241005,0,0
1639,2023-08,,EXCLUSION,,EXCLUSION,0.233052,0.233052,,0.233052,0,0
1640,2024-03,,EXCLUSION,,EXCLUSION,0.249016,0.249016,,0.249016,1,0
1641,2024-03,,INCLUSION,,EXCLUSION,0.198222,0.198222,,0.198222,0,0
1642,2023-08,,INCLUSION,,EXCLUSION,0.232063,0.232063,,0.232063,0,0
1643,2023-08,,EXCLUSION,,EXCLUSION,0.288673,0.288673,,0.288673,0,0
1644,2024-05,,EXCLUSION,,EXCLUSION,0.246242,0.246242,,0.246242,0,0
1645,2024-06,,INCLUSION,,EXCLUSION,0.215806,0.215806,,0.215806,0,0
1646,2024-01,,EXCLUSION,,EXCLUSION,0.286712,0.286712,,0.286712,0,0
1647,2024-02,,EXCLUSION,,EXCLUSION,0.270493,0.270493,,0.270493,0,0
1648,2024-06,,EXCLUSION,,EXCLUSION,0.170201,0.170201,,0.170201,0,0
1649,2024-04,,INCLUSION,,EXCLUSION,0.209996,0.209996,,0.209996,0,0
1650,2024-05,,EXCLUSION,,EXCLUSION,0.195202,0.195202,,0.195202,0,0
1651,2024-02,,EXCLUSION,,EXCLUSION,0.203777,0.203777,,0.203777,0,0
1652,2024-05,,INCLUSION,,EXCLUSION,0.199902,0.199902,,0.199902,0,0
1653,2023-11,,EXCLUSION,,EXCLUSION,0.188952,0.188952,,0.188952,0,0
1654,2023-10,,EXCLUSION,,EXCLUSION,0.186996,0.186996,,0.186996,0,0
1655,2023-08,,EXCLUSION,,EXCLUSION,0.250270,0.250270,,0.250270,0,0
1656,2024-01,,EXCLUSION,,EXCLUSION,0.225023,0.225023,,0.225023,0,0
1657,2024-03,,EXCLUSION,,EXCLUSION,0.220562,0.220562,,0.220562,0,0
1658,2024-03,,EXCLUSION,,EXCLUSION,0.340694,0.340694,,0.340694,0,0
1659,2024-02,,EXCLUSION,,EXCLUSION,0.242160,0.242160,,0.242160,0,0
1660,2023-06,,EXCLUSION,,EXCLUSION,0.188949,0.188949,,0.188949,0,0
1661,2024-06,,EXCLUSION,,EXCLUSION,0.150251,0.150251,,0.150251,0,0
1662,2023-06,,EXCLUSION,,EXCLUSION,0.220037,0.220037,,0.220037,0,0
1663,2023-09,,EXCLUSION,,EXCLUSION,0.315654,0.315654,,0.315654,0,0
1664,2024-05,,EXCLUSION,,EXCLUSION,0.206171,0.206171,,0.206171,0,0
1665,2024-04,,EXCLUSION,,EXCLUSION,0.204052,0.204052,,0.204052,0,0
1666,2024-02,,EXCLUSION,,EXCLUSION,0.269861,0.269861,,0.269861,0,0
1667,2024-05,,EXCLUSION,,EXCLUSION,0.188418,0.188418,,0.188418,0,0
1668,2024-03,,EXCLUSION,,EXCLUSION,0.282431,0.282431,,0.282431,0,0
1669,2023-09,,EXCLUSION,,EXCLUSION,0.249099,0.249099,,0.249099,0,0
1670,2024-04,,EXCLUSION,,EXCLUSION,0.232143,0.232143,,0.232143,0,0
1671,2024-03,,EXCLUSION,,EXCLUSION,0.177812,0.177812,,0.177812,0,0
1672,2024-01,,INCLUSION,,EXCLUSION,0.257494,0.257494,,0.257494,0,0
1673,2024-02,,EXCLUSION,,EXCLUSION,0.180324,0.180324,,0.180324,0,0
1674,2023-07,,EXCLUSION,,EXCLUSION,0.119609,0.119609,,0.119609,0,0
1675,2024-02,,EXCLUSION,,EXCLUSION,0.202793,0.202793,,0.202793,0,0
1676,2023-07,,EXCLUSION,,EXCLUSION,0.281629,0.281629,,0.281629,0,0
1677,2023-06,,EXCLUSION,,EXCLUSION,0.186739,0.186739,,0.186739,0,0
1678,2024-02,,INCLUSION,,EXCLUSION,0.222590,0.222590,,0.222590,0,0
1679,2024-02,,EXCLUSION,,EXCLUSION,0.236575,0.236575,,0.236575,0,0
1680,2023-07,,EXCLUSION,,EXCLUSION,0.217023,0.217023,,0.217023,0,0
1681,2023-09,,EXCLUSION,,EXCLUSION,0.309157,0.309157,,0.309157,0,0
1682,2023-11,,EXCLUSION,,EXCLUSION,0.374988,0.374988,,0.374988,0,0
1683,2024-02,,EXCLUSION,,EXCLUSION,0.275603,0.275603,,0.275603,0,0
1684,2024-02,,EXCLUSION,,EXCLUSION,0.252409,0.252409,,0.252409,0,0
1685,2023-08,,EXCLUSION,,EXCLUSION,0.278508,0.278508,,0.278508,0,0
1686,2024-06,,EXCLUSION,,EXCLUSION,0.193050,0.193050,,0.193050,0,0
1687,2023-12,,EXCLUSION,,EXCLUSION,0.208639,0.208639,,0.208639,0,0
1688,2023-07,,EXCLUSION,,EXCLUSION,0.114263,0.114263,,0.114263,0,0
1689,2023-11,,EXCLUSION,,EXCLUSION,0.232808,0.232808,,0.232808,0,0
1690,2023-09,,INCLUSION,,EXCLUSION,0.167423,0.167423,,0.167423,0,0
1691,2023-10,,EXCLUSION,,EXCLUSION,0.243371,0.243371,,0.243371,0,0
1692,2024-05,,EXCLUSION,,EXCLUSION,0.146877,0.146877,,0.146877,0,0
1693,2024-03,,INCLUSION,,EXCLUSION,0.221192,0.221192,,0.221192,0,0
1694,2024-03,,INCLUSION,,EXCLUSION,0.245684,0.245684,,0.245684,0,1
1695,2023-08,,EXCLUSION,,EXCLUSION,0.231623,0.231623,,0.231623,0,0
1696,2024-02,,EXCLUSION,,EXCLUSION,0.187564,0.187564,,0.187564,0,0
1697,2024-01,,INCLUSION,,EXCLUSION,0.256779,0.256779,,0.256779,0,0
1698,2023-09,,INCLUSION,,EXCLUSION,0.212481,0.212481,,0.212481,0,0
1699,2023-08,,INCLUSION,,EXCLUSION,0.255069,0.255069,,0.255069,0,0
1700,2024-04,,EXCLUSION,,EXCLUSION,0.156426,0.156426,,0.156426,0,0
1701,2024-01,,INCLUSION,,EXCLUSION,0.275945,0.275945,,0.275945,0,0
1702,2023-07,,EXCLUSION,,EXCLUSION,0.167297,0.167297,,0.167297,0,0
1703,2024-05,,INCLUSION,,EXCLUSION,0.198256,0.198256,,0.198256,0,0
1704,2024-01,,EXCLUSION,,EXCLUSION,0.236225,0.236225,,0.236225,0,0
1705,2023-09,,EXCLUSION,,EXCLUSION,0.215048,0.215048,,0.215048,0,0
1706,2024-05,,EXCLUSION,,EXCLUSION,0.202248,0.202248,,0.202248,0,0
1707,2023-07,,EXCLUSION,,EXCLUSION,0.144977,0.144977,,0.144977,0,0
1708,2024-05,,EXCLUSION,,EXCLUSION,0.207422,0.207422,,0.207422,0,0
1709,2023-10,,INCLUSION,,EXCLUSION,0.245033,0.245033,,0.245033,0,0
1710,2023-07,,EXCLUSION,,EXCLUSION,0.163971,0.163971,,0.163971,0,0
1711,2023-12,,EXCLUSION,,EXCLUSION,0.286831,0.286831,,0.286831,0,0
1712,2023-07,,EXCLUSION,,EXCLUSION,0.211650,0.211650,,0.211650,0,0
1713,2024-06,,EXCLUSION,,EXCLUSION,0.162198,0.162198,,0.162198,0,0
1714,2024-05,,EXCLUSION,,EXCLUSION,0.145839,0.145839,,0.145839,0,0
1715,2024-04,,EXCLUSION,,EXCLUSION,0.193471,0.193471,,0.193471,0,0
1716,2024-04,,EXCLUSION,,EXCLUSION,0.214700,0.214700,,0.214700,0,0
1717,2023-08,,INCLUSION,,EXCLUSION,0.182347,0.182347,,0.182347,0,0
1718,2024-01,,EXCLUSION,,EXCLUSION,0.253770,0.253770,,0.253770,0,0
1719,2023-08,,EXCLUSION,,EXCLUSION,0.255656,0.255656,,0.255656,0,0
1720,2023-06,,EXCLUSION,,EXCLUSION,0.159062,0.159062,,0.159062,0,0
1721,2024-05,,EXCLUSION,,EXCLUSION,0.155742,0.155742,,0.155742,0,0
1722,2024-04,,INCLUSION,,EXCLUSION,0.206697,0.206697,,0.206697,1,0
1723,2024-06,,EXCLUSION,,EXCLUSION,0.180472,0.180472,,0.180472,0,0
1724,2024-05,,EXCLUSION,,EXCLUSION,0.234997,0.234997,,0.234997,0,0
1725,2024-05,,EXCLUSION,,EXCLUSION,0.178907,0.178907,,0.178907,0,0
1726,2024-01,,EXCLUSION,,EXCLUSION,0.361961,0.361961,,0.361961,0,0
1727,2023-12,,INCLUSION,,EXCLUSION,0.204831,0.204831,,0.204831,0,0
1728,2024-03,,EXCLUSION,,EXCLUSION,0.296498,0.296498,,0.296498,0,0
1729,2023-06,,EXCLUSION,,EXCLUSION,0.173492,0.173492,,0.173492,0,0
1730,2023-08,,EXCLUSION,,EXCLUSION,0.220503,0.220503,,0.220503,0,0
1731,2023-08,,EXCLUSION,,EXCLUSION,0.216084,0.216084,,0.216084,0,0
1732,2023-07,,EXCLUSION,,EXCLUSION,0.158841,0.158841,,0.158841,0,0
1733,2024-02,,INCLUSION,,EXCLUSION,0.256913,0.256913,,0.256913,0,0
1734,2023-08,,EXCLUSION,,EXCLUSION,0.213890,0.213890,,0.213890,0,0
1735,2024-05,,EXCLUSION,,EXCLUSION,0.235155,0.235155,,0.235155,0,0
1736,2023-12,,INCLUSION,,EXCLUSION,0.289399,0.289399,,0.289399,0,0
1737,2024-05,,EXCLUSION,,EXCLUSION,0.157696,0.157696,,0.157696,0,0
1738,2023-07,,EXCLUSION,,EXCLUSION,0.173660,0.173660,,0.173660,0,0
1739,2023-08,,INCLUSION,,EXCLUSION,0.191962,0.191962,,0.191962,0,0
1740,2024-02,,INCLUSION,,EXCLUSION,0.249237,0.249237,,0.249237,0,0
1741,2024-01,,INCLUSION,,EXCLUSION,0.319221,0.319221,,0.319221,0,0
1742,2023-06,,EXCLUSION,,EXCLUSION,0.237096,0.237096,,0.237096,0,0
1743,2024-07,,EXCLUSION,,EXCLUSION,0.194544,0.194544,,0.194544,0,0
1744,2023-11,,EXCLUSION,,EXCLUSION,0.289333,0.289333,,0.289333,0,0
1745,2024-05,,EXCLUSION,,EXCLUSION,0.241796,0.241796,,0.241796,0,0
1746,2024-03,,EXCLUSION,,EXCLUSION,0.250879,0.250879,,0.250879,0,0
1747,2024-02,,INCLUSION,,EXCLUSION,0.243397,0.243397,,0.243397,0,0
1748,2023-08,,EXCLUSION,,EXCLUSION,0.221723,0.221723,,0.221723,0,0
1749,2023-08,,INCLUSION,,EXCLUSION,0.226353,0.226353,,0.226353,0,0
1750,2024-04,,EXCLUSION,,EXCLUSION,0.233139,0.233139,,0.233139,0,0
1751,2024-04,,EXCLUSION,,EXCLUSION,0.256160,0.256160,,0.256160,0,0
1752,2024-06,,EXCLUSION,,EXCLUSION,0.149791,0.149791,,0.149791,0,0
1753,2023-12,,EXCLUSION,,EXCLUSION,0.342940,0.342940,,0.342940,0,0
1754,2023-07,,EXCLUSION,,EXCLUSION,0.171597,0.171597,,0.171597,0,0
1755,2023-12,,EXCLUSION,,EXCLUSION,0.231093,0.231093,,0.231093,0,0
1756,2024-01,,EXCLUSION,,EXCLUSION,0.344408,0.344408,,0.344408,0,0
1757,2024-04,,EXCLUSION,,EXCLUSION,0.181244,0.181244,,0.181244,0,0
1758,2024-04,,EXCLUSION,,EXCLUSION,0.219796,0.219796,,0.219796,0,0
1759,2023-08,,EXCLUSION,,EXCLUSION,0.277387,0.277387,,0.277387,0,0
1760,2024-05,,EXCLUSION,,EXCLUSION,0.267063,0.267063,,0.267063,0,0
1761,2024-03,,EXCLUSION,,EXCLUSION,0.211166,0.211166,,0.211166,0,0
1762,2023-10,,EXCLUSION,,EXCLUSION,0.213746,0.213746,,0.213746,0,0
1763,2024-06,,EXCLUSION,,EXCLUSION,0.159788,0.159788,,0.159788,0,0
1764,2023-10,,EXCLUSION,,EXCLUSION,0.245844,0.245844,,0.245844,0,0
1765,2024-02,,EXCLUSION,,EXCLUSION,0.246406,0.246406,,0.246406,0,0
1766,2024-03,,INCLUSION,,EXCLUSION,0.212843,0.212843,,0.212843,0,0
1767,2023-10,,EXCLUSION,,EXCLUSION,0.191760,0.191760,,0.191760,0,0
1768,2023-09,,EXCLUSION,,EXCLUSION,0.300115,0.300115,,0.300115,0,0
1769,2023-07,,EXCLUSION,,EXCLUSION,0.171830,0.171830,,0.171830,0,0
1770,2023-12,,EXCLUSION,,EXCLUSION,0.358349,0.358349,,0.358349,0,0
1771,2023-08,,INCLUSION,,EXCLUSION,0.310839,0.310839,,0.310839,0,1
1772,2023-10,,EXCLUSION,,EXCLUSION,0.232633,0.232633,,0.232633,0,0
1773,2023-06,,EXCLUSION,,EXCLUSION,0.270694,0.270694,,0.270694,0,0
1774,2023-06,,EXCLUSION,,EXCLUSION,0.155047,0.155047,,0.155047,0,0
1775,2024-03,,EXCLUSION,,EXCLUSION,0.224508,0.224508,,0.224508,0,0
1776,2024-06,,EXCLUSION,,EXCLUSION,0.109145,0.109145,,0.109145,0,0
1777,2023-11,,INCLUSION,,EXCLUSION,0.297060,0.297060,,0.297060,0,0
1778,2024-04,,EXCLUSION,,EXCLUSION,0.192334,0.192334,,0.192334,0,0
1779,2023-10,,EXCLUSION,,EXCLUSION,0.266109,0.266109,,0.266109,0,0
1780,2023-07,,EXCLUSION,,EXCLUSION,0.206266,0.206266,,0.206266,0,0
1781,2023-09,,EXCLUSION,,EXCLUSION,0.214837,0.214837,,0.214837,0,0
1782,2024-05,,INCLUSION,,EXCLUSION,0.150548,0.150548,,0.150548,0,0
1783,2023-09,,EXCLUSION,,EXCLUSION,0.187805,0.187805,,0.187805,0,0
1784,2024-04,,INCLUSION,,EXCLUSION,0.187915,0.187915,,0.187915,0,0
1785,2024-02,,EXCLUSION,,EXCLUSION,0.228007,0.228007,,0.228007,0,0
1786,2024-05,,INCLUSION,,EXCLUSION,0.176621,0.176621,,0.176621,0,0
1787,2023-08,,EXCLUSION,,EXCLUSION,0.244421,0.244421,,0.244421,0,0
1788,2023-07,,EXCLUSION,,EXCLUSION,0.141291,0.141291,,0.141291,0,0
1789,2024-04,,EXCLUSION,,EXCLUSION,0.177978,0.177978,,0.177978,0,0
1790,2023-09,,EXCLUSION,,EXCLUSION,0.160088,0.160088,,0.160088,0,0
1791,2023-11,,EXCLUSION,,EXCLUSION,0.219622,0.219622,,0.219622,0,0
1792,2023-07,,EXCLUSION,,EXCLUSION,0.221903,0.221903,,0.221903,0,0
1793,2023-09,,EXCLUSION,,EXCLUSION,0.223926,0.223926,,0.223926,0,0
1794,2023-07,,EXCLUSION,,EXCLUSION,0.154804,0.154804,,0.154804,0,0
1795,2023-09,,EXCLUSION,,EXCLUSION,0.218814,0.218814,,0.218814,0,0
1796,2024-05,,EXCLUSION,,EXCLUSION,0.195163,0.195163,,0.195163,0,0
1797,2024-02,,INCLUSION,,EXCLUSION,0.234488,0.234488,,0.234488,0,0
1798,2023-12,,INCLUSION,,EXCLUSION,0.221662,0.221662,,0.221662,0,0
1799,2023-06,,EXCLUSION,,EXCLUSION,0.158495,0.158495,,0.158495,0,0
1800,2024-04,,EXCLUSION,,EXCLUSION,0.176052,0.176052,,0.176052,0,0
1801,2024-02,,EXCLUSION,,EXCLUSION,0.261194,0.261194,,0.261194,0,0
1802,2023-09,,EXCLUSION,,EXCLUSION,0.185006,0.185006,,0.185006,0,0
1803,2024-03,,EXCLUSION,,EXCLUSION,0.249157,0.249157,,0.249157,0,0
1804,2024-05,,EXCLUSION,,EXCLUSION,0.166286,0.166286,,0.166286,0,0
1805,2023-06,,EXCLUSION,,EXCLUSION,0.177623,0.177623,,0.177623,0,0
1806,2024-03,,EXCLUSION,,EXCLUSION,0.224622,0.224622,,0.224622,0,0
1807,2024-06,,EXCLUSION,,EXCLUSION,0.165448,0.165448,,0.165448,0,0
1808,2024-05,,EXCLUSION,,EXCLUSION,0.178575,0.178575,,0.178575,0,0
1809,2024-06,,EXCLUSION,,EXCLUSION,0.193983,0.193983,,0.193983,0,0
1810,2023-07,,EXCLUSION,,EXCLUSION,0.209964,0.209964,,0.209964,0,0
1811,2023-06,,EXCLUSION,,EXCLUSION,0.295281,0.295281,,0.295281,0,0
1812,2024-04,,EXCLUSION,,EXCLUSION,0.147447,0.147447,,0.147447,0,0
1813,2024-04,,EXCLUSION,,EXCLUSION,0.198116,0.198116,,0.198116,0,0
1814,2024-04,,EXCLUSION,,EXCLUSION,0.239976,0.239976,,0.239976,0,0
1815,2023-07,,EXCLUSION,,EXCLUSION,0.185594,0.185594,,0.185594,0,0
1816,2024-05,,EXCLUSION,,EXCLUSION,0.209220,0.209220,,0.209220,0,0
1817,2023-11,,INCLUSION,,EXCLUSION,0.272292,0.272292,,0.272292,0,0
1818,2023-08,,INCLUSION,,EXCLUSION,0.314345,0.314345,,0.314345,0,0
1819,2023-08,,INCLUSION,,EXCLUSION,0.205648,0.205648,,0.205648,0,0
1820,2023-10,,EXCLUSION,,EXCLUSION,0.244433,0.244433,,0.244433,0,0
1821,2024-01,,INCLUSION,,EXCLUSION,0.234410,0.234410,,0.234410,0,0
1822,2024-03,,INCLUSION,,EXCLUSION,0.192227,0.192227,,0.192227,0,0
1823,2023-09,,INCLUSION,,EXCLUSION,0.230486,0.230486,,0.230486,0,0
1824,2023-07,,EXCLUSION,,EXCLUSION,0.303513,0.303513,,0.303513,0,0
1825,2023-09,,EXCLUSION,,EXCLUSION,0.285580,0.285580,,0.285580,0,0
1826,2023-11,,EXCLUSION,,EXCLUSION,0.360261,0.360261,,0.360261,0,0
1827,2023-08,,INCLUSION,,EXCLUSION,0.307835,0.307835,,0.307835,0,0
1828,2023-12,,INCLUSION,,EXCLUSION,0.322253,0.322253,,0.322253,0,0
1829,2024-02,,INCLUSION,,EXCLUSION,0.203738,0.203738,,0.203738,0,0
1830,2024-03,,EXCLUSION,,EXCLUSION,0.182450,0.182450,,0.182450,0,0
1831,2023-12,,INCLUSION,,EXCLUSION,0.223394,0.223394,,0.223394,0,0
1832,2023-08,,EXCLUSION,,EXCLUSION,0.239196,0.239196,,0.239196,0,0
1833,2024-04,,EXCLUSION,,EXCLUSION,0.281774,0.281774,,0.281774,0,0
1834,2024-04,,EXCLUSION,,EXCLUSION,0.201413,0.201413,,0.201413,0,0
1835,2024-03,,INCLUSION,,EXCLUSION,0.213719,0.213719,,0.213719,0,0
1836,2023-08,,INCLUSION,,EXCLUSION,0.208754,0.208754,,0.208754,1,0
1837,2023-07,,EXCLUSION,,EXCLUSION,0.157055,0.157055,,0.157055,0,0
1838,2024-06,,EXCLUSION,,EXCLUSION,0.186439,0.186439,,0.186439,0,0
1839,2023-06,,EXCLUSION,,EXCLUSION,0.175244,0.175244,,0.175244,0,0
1840,2023-09,,INCLUSION,,EXCLUSION,0.228984,0.228984,,0.228984,0,0
1841,2024-06,,EXCLUSION,,EXCLUSION,0.178409,0.178409,,0.178409,0,0
1842,2024-05,,EXCLUSION,,EXCLUSION,0.265327,0.265327,,0.265327,0,0
1843,2023-08,,EXCLUSION,,EXCLUSION,0.328807,0.328807,,0.328807,0,0
1844,2024-04,,EXCLUSION,,EXCLUSION,0.241145,0.241145,,0.241145,0,0
1845,2024-04,,EXCLUSION,,EXCLUSION,0.206486,0.206486,,0.206486,0,0
1846,2024-03,,EXCLUSION,,EXCLUSION,0.261239,0.261239,,0.261239,0,0
1847,2023-11,,EXCLUSION,,EXCLUSION,0.283477,0.283477,,0.283477,0,0
1848,2024-07,,INCLUSION,,EXCLUSION,0.205137,0.205137,,0.205137,0,0
1849,2024-05,,EXCLUSION,,EXCLUSION,0.180705,0.180705,,0.180705,0,0
1850,2024-07,,EXCLUSION,,EXCLUSION,0.255469,0.255469,,0.255469,0,0
1851,2023-09,,EXCLUSION,,EXCLUSION,0.249927,0.249927,,0.249927,0,0
1852,2024-03,,INCLUSION,,EXCLUSION,0.326993,0.326993,,0.326993,0,0
1853,2023-06,,EXCLUSION,,EXCLUSION,0.172978,0.172978,,0.172978,0,0
1854,2024-01,,EXCLUSION,,EXCLUSION,0.301624,0.301624,,0.301624,0,0
1855,2023-08,,EXCLUSION,,EXCLUSION,0.239403,0.239403,,0.239403,0,0
1856,2023-07,,EXCLUSION,,EXCLUSION,0.263972,0.263972,,0.263972,0,0
1857,2024-01,,EXCLUSION,,EXCLUSION,0.336882,0.336882,,0.336882,0,0
1858,2023-11,,INCLUSION,,EXCLUSION,0.257157,0.257157,,0.257157,0,0
1859,2023-08,,EXCLUSION,,EXCLUSION,0.286920,0.286920,,0.286920,0,0
1860,2024-01,,EXCLUSION,,EXCLUSION,0.247984,0.247984,,0.247984,0,0
1861,2023-08,,INCLUSION,,EXCLUSION,0.297682,0.297682,,0.297682,0,0
1862,2024-06,,EXCLUSION,,EXCLUSION,0.195759,0.195759,,0.195759,0,0
1863,2024-05,,EXCLUSION,,EXCLUSION,0.210859,0.210859,,0.210859,0,0
1864,2023-11,,INCLUSION,,EXCLUSION,0.290152,0.290152,,0.290152,0,0
1865,2024-03,,EXCLUSION,,EXCLUSION,0.278513,0.278513,,0.278513,0,0
1866,2024-04,,EXCLUSION,,EXCLUSION,0.155938,0.155938,,0.155938,0,0
1867,2024-03,,INCLUSION,,EXCLUSION,0.238578,0.238578,,0.238578,0,0
1868,2024-05,,EXCLUSION,,EXCLUSION,0.160542,0.160542,,0.160542,0,0
1869,2024-04,,EXCLUSION,,EXCLUSION,0.279595,0.279595,,0.279595,0,0
1870,2023-08,,EXCLUSION,,EXCLUSION,0.291782,0.291782,,0.291782,0,0
1871,2024-02,,INCLUSION,,EXCLUSION,0.253094,0.253094,,0.253094,0,0
1872,2024-01,,EXCLUSION,,EXCLUSION,0.357383,0.357383,,0.357383,0,0
1873,2023-12,,INCLUSION,,EXCLUSION,0.256942,0.256942,,0.256942,0,0
1874,2024-01,,EXCLUSION,,EXCLUSION,0.273977,0.273977,,0.273977,0,0
1875,2024-06,,EXCLUSION,,EXCLUSION,0.174326,0.174326,,0.174326,0,0
1876,2024-03,,EXCLUSION,,EXCLUSION,0.170693,0.170693,,0.170693,0,0
1877,2024-01,,EXCLUSION,,EXCLUSION,0.231322,0.231322,,0.231322,0,0
1878,2023-09,,EXCLUSION,,EXCLUSION,0.288216,0.288216,,0.288216,0,0
1879,2023-11,,EXCLUSION,,EXCLUSION,0.292625,0.292625,,0.292625,0,0
1880,2023-10,,EXCLUSION,,EXCLUSION,0.220721,0.220721,,0.220721,0,0
1881,2024-04,,EXCLUSION,,EXCLUSION,0.189928,0.189928,,0.189928,0,0
1882,2023-09,,EXCLUSION,,EXCLUSION,0.290796,0.290796,,0.290796,0,0
1883,2024-05,,EXCLUSION,,EXCLUSION,0.190191,0.190191,,0.190191,0,0
1884,2024-05,,EXCLUSION,,EXCLUSION,0.176726,0.176726,,0.176726,0,0
1885,2024-03,,EXCLUSION,,EXCLUSION,0.255202,0.255202,,0.255202,0,0
1886,2024-05,,EXCLUSION,,EXCLUSION,0.159513,0.159513,,0.159513,0,0
1887,2023-12,,EXCLUSION,,EXCLUSION,0.223138,0.223138,,0.223138,0,0
1888,2024-02,,EXCLUSION,,EXCLUSION,0.265746,0.265746,,0.265746,0,0
1889,2024-06,,EXCLUSION,,EXCLUSION,0.183842,0.183842,,0.183842,0,0
1890,2023-07,,EXCLUSION,,EXCLUSION,0.197757,0.197757,,0.197757,0,0
1891,2023-07,,EXCLUSION,,EXCLUSION,0.217717,0.217717,,0.217717,0,0
1892,2023-09,,EXCLUSION,,EXCLUSION,0.245209,0.245209,,0.245209,0,0
1893,2023-08,,EXCLUSION,,EXCLUSION,0.244832,0.244832,,0.244832,0,0
1894,2023-10,,INCLUSION,,EXCLUSION,0.212773,0.212773,,0.212773,0,0
1895,2024-06,,EXCLUSION,,EXCLUSION,0.204589,0.204589,,0.204589,0,0
1896,2023-07,,EXCLUSION,,EXCLUSION,0.188944,0.188944,,0.188944,0,0
1897,2023-10,,EXCLUSION,,EXCLUSION,0.214654,0.214654,,0.214654,0,0
1898,2024-01,,EXCLUSION,,EXCLUSION,0.281897,0.281897,,0.281897,0,0
1899,2024-02,,INCLUSION,,EXCLUSION,0.243428,0.243428,,0.243428,0,0
1900,2024-04,,EXCLUSION,,EXCLUSION,0.211487,0.211487,,0.211487,0,0
