caseID,CaseworkerID,month,Elegibilidad,Vulnerability_Category,Demographics.HH.Head,Demographics.Language,Demographics.Profiles,Demographics.Documentation,Needs_and_Coping.BasicNeeds,Needs_and_Coping.Housing,Needs_and_Coping.Neg.mechanism,Needs_and_Coping.Dependency,OficinaACNUR,NumIntegrantes,dependencyCategory,FemaleHeadedHousehold,CuidadorSolo,HablaEspanol,Analfabeta_si,ScoreCOMAR_PIL,ScoreIntenciones,ScoreDuplicidad,Demographics_Score,NeedsandCoping_Score,Vulnerability_Score,FinalScore,EligibilityTarget,Uncertainty %,ai_recomandation,ai_recommendation,p_wrong,cell,ai_wrong
1,#1101,2024-06,No Elegible por Duplicidad,Vulnerabilidad Baja,1.0,2.051104816,1.0,1.0,1.776038647,2.823478261,1.0,1.0,sotap,1,low,,,espanol_uno_mas_adultos,adultos_ninguno_analfabeta,0.0,0,0,6.609317356,17.78726377,2.693171842,24.036863632451063,EXCLUSION,18.78,medium,EXCLUSION,0.11268,AI_right,False
2,#1841,2023-09,Lista de Reserva,Vulnerabilidad Moderada,2.700708215,1.0,1.249197356,1.0,1.0,2.117608696,2.580217391,1.0,foten,1,low,,,espanol_uno_mas_adultos,adultos_ninguno_analfabeta,,0,0,11.93561888,18.94985465,2.884161633,30.65974840868563,EXCLUSION,19.23,medium,EXCLUSION,0.11538,AI_right,False
3,#1860,2023-11,No Elegible,Vulnerabilidad Severa,1.599560907,2.051104816,3.251728045,1.0,1.776038647,2.823478261,2.580217391,1.043888889,pcr_cdmx,3,average,jefatura_femenina,no,espanol_ningun_adulto,adultos_ninguno_analfabeta,,0,0,27.121021,32.85812825,3.724346214,59.79452340158775,EXCLUSION,34.81,high,INCLUSION,0.20886000000000002,wrongly_include,True
4,#1101,2023-07,No Elegible,Vulnerabilidad Baja,2.700708215,1.0,1.0,1.0,1.0,1.498900966,1.790108696,1.0,sotap,1,low,,,espanol_uno_mas_adultos,adultos_uno_mas_analfabeta,0.0,0,0,9.472088355,10.02735341,2.561806895,19.481572780265047,EXCLUSION,13.76,low,EXCLUSION,0.08256,AI_right,False
5,#1583,2023-10,Elegible,Vulnerabilidad Moderada,1.0,1.0,1.0,1.0,1.776038647,2.823478261,1.790108696,1.0,foten,1,low,,,espanol_uno_mas_adultos,adultos_ninguno_analfabeta,,0,0,0.0,26.18890898,2.730928248,25.34612370011462,INCLUSION,25.84,medium,INCLUSION,0.15504,AI_right,False
6,#527,2023-11,Elegible,Vulnerabilidad Elevada,1.0,1.525552408,2.578385269,1.0,1.776038647,2.117608696,2.580217391,1.0,sotap,3,average,jefatura_femenina,si,espanol_uno_mas_adultos,adultos_uno_mas_analfabeta,,0,0,13.7168894,27.40879931,3.173270511,40.685069357186286,INCLUSION,26.93,high,INCLUSION,0.16157999999999997,AI_right,False
7,#1223,2023-10,Elegible,Vulnerabilidad Elevada,1.0,1.0,2.578385269,1.0,1.776038647,2.823478261,1.790108696,1.0,sotap,4,average,jefatura_femenina,si,espanol_uno_mas_adultos,adultos_uno_mas_analfabeta,0.0,0,0,8.975915299,26.18890898,2.998104289,34.61089292935174,INCLUSION,30.02,high,INCLUSION,0.18012,AI_right,False
8,#1223,2024-03,No Elegible,Vulnerabilidad Moderada,1.0,1.0,2.578385269,1.564135978,1.0,2.117608696,1.790108696,1.0,sotap,2,complete,jefatura_femenina,si,espanol_uno_mas_adultos,adultos_ninguno_analfabeta,,0,0,14.01324416,14.16503897,2.812460545,28.173398221219387,EXCLUSION,22.18,medium,EXCLUSION,0.13308,AI_right,False
9,#112,2023-11,No Elegible,Vulnerabilidad Baja,1.0,1.0,1.0,1.0,1.776038647,1.0,1.790108696,1.0,sotap,8,average,jefatura_masculina,no,espanol_uno_mas_adultos,adultos_ninguno_analfabeta,0.0,0,0,0.0,12.01413641,2.33531262,11.62750948618979,EXCLUSION,22.63,low,EXCLUSION,0.13577999999999998,AI_right,False
10,#071,2023-10,Elegible,Vulnerabilidad Elevada,1.0,1.0,2.578385269,1.0,1.776038647,2.117608696,2.580217391,1.043888889,sotap,4,average,jefatura_femenina,no,espanol_uno_mas_adultos,adultos_ninguno_analfabeta,0.0,0,0,8.975915299,28.09152966,3.051206127,36.45228537324866,INCLUSION,29.05,high,EXCLUSION,0.17429999999999998,wrongly_exclude,True
11,#1311,2024-06,No Elegible,Vulnerabilidad Elevada,2.070141643,1.0,1.0,1.0,1.776038647,2.823478261,1.790108696,1.043888889,sotap,4,low,jefatura_masculina,no,espanol_uno_mas_adultos,adultos_ninguno_analfabeta,,0,0,6.702282231,26.85846924,2.949114914,32.912105216863374,EXCLUSION,16.02,medium,EXCLUSION,0.09612,AI_right,False
12,#672,2023-06,Lista de Reserva,Vulnerabilidad Severa,2.700708215,1.0,3.251728045,1.0,1.776038647,2.117608696,2.580217391,1.043888889,fupal,1,low,,,espanol_uno_mas_adultos,adultos_uno_mas_analfabeta,0.0,0,0,24.2379543,28.09152966,3.505494188,52.20547205133984,EXCLUSION,23.19,high,EXCLUSION,0.13914,AI_right,False
13,#1311,2024-02,Lista de Reserva,Vulnerabilidad Baja,1.0,1.0,1.0,1.0,1.776038647,2.117608696,1.790108696,1.0,sotap,2,average,jefatura_femenina,si,espanol_uno_mas_adultos,adultos_ninguno_analfabeta,0.0,0,0,0.0,21.88512181,2.610810239,21.18083670503239,EXCLUSION,22.1,low,EXCLUSION,0.1326,AI_right,False
14,#1311,2024-06,No Elegible,Vulnerabilidad Baja,1.0,1.0,1.0,1.0,1.0,1.0,1.0,1.0,sotap,1,low,,,espanol_uno_mas_adultos,adultos_ninguno_analfabeta,0.0,0,0,0.0,0.0,2.0,0.0,EXCLUSION,13.79,low,EXCLUSION,0.08274,AI_right,False
15,#555,2024-04,No Elegible,Vulnerabilidad Moderada,1.0,1.525552408,1.0,1.0,1.776038647,2.117608696,1.790108696,1.043888889,sotap,3,average,jefatura_femenina,no,espanol_uno_mas_adultos,adultos_ninguno_analfabeta,,0,0,3.741369748,22.50821784,2.739565922,25.645651649551347,EXCLUSION,19.41,medium,EXCLUSION,0.11646,AI_right,False
16,#112,2024-05,No Elegible,Vulnerabilidad Elevada,2.070141643,1.0,1.0,1.0,1.776038647,2.117608696,2.580217391,2.544987923,sotap,1,low,,,espanol_uno_mas_adultos,adultos_ninguno_analfabeta,0.0,0,0,6.702282231,44.04383881,3.428755821,49.5444324087312,EXCLUSION,14.39,high,EXCLUSION,0.08634,AI_right,False
17,#252,2023-12,Elegible,Vulnerabilidad Moderada,1.0,2.051104816,3.251728045,1.0,1.0,1.0,1.790108696,1.043888889,sotap,1,low,,,espanol_uno_mas_adultos,adultos_ninguno_analfabeta,-500.0,0,0,20.39367297,6.061858428,2.776221171,26.9167435217761,INCLUSION,21.73,medium,INCLUSION,0.13038,AI_right,False
18,#1101,2024-05,Lista de Reserva,Vulnerabilidad Baja,2.070141643,1.0,1.0,1.0,1.0,1.498900966,1.0,1.043888889,sotap,1,low,,,espanol_uno_mas_adultos,adultos_ninguno_analfabeta,0.0,0,0,6.702282231,4.243121443,2.317924185,11.024541927318626,EXCLUSION,13.87,low,EXCLUSION,0.08321999999999999,AI_right,False
19,#1101,2023-12,Elegible,Vulnerabilidad Baja,1.0,1.0,1.0,1.0,1.776038647,2.117608696,1.0,1.0,sotap,3,average,jefatura_masculina,no,espanol_uno_mas_adultos,adultos_ninguno_analfabeta,,0,0,0.0,14.06650994,2.392594036,13.61383558362086,INCLUSION,24.79,low,INCLUSION,0.14873999999999998,AI_right,False
20,#1101,2023-08,Elegible,Vulnerabilidad Moderada,1.0,2.051104816,1.0,1.0,1.776038647,2.117608696,1.790108696,1.0,sotap,1,low,,,espanol_uno_mas_adultos,adultos_ninguno_analfabeta,,0,0,6.609317356,21.88512181,2.807542403,28.002848502865827,INCLUSION,21.76,medium,INCLUSION,0.13056,AI_right,False
21,#1311,2023-09,Elegible,Vulnerabilidad Baja,1.0,1.0,1.0,1.0,1.0,2.117608696,1.790108696,1.0,sotap,1,low,,,espanol_uno_mas_adultos,adultos_ninguno_analfabeta,0.0,0,0,0.0,14.16503897,2.395343965,13.709193850906429,INCLUSION,17.38,low,INCLUSION,0.10427999999999998,AI_right,False
22,#1771,2023-08,No Elegible por Intenciones,Vulnerabilidad Baja,1.0,2.051104816,1.0,1.0,1.0,1.498900966,1.0,1.0,fupal,1,low,,,espanol_uno_mas_adultos,adultos_ninguno_analfabeta,,0,0,6.609317356,3.815111519,2.303211315,10.514349213040497,EXCLUSION,18.49,low,EXCLUSION,0.11093999999999998,AI_right,False
23,#676,2023-10,No Elegible,Vulnerabilidad Severa,2.700708215,2.051104816,2.578385269,1.564135978,1.0,2.117608696,1.0,2.544987923,pcr_cdmx,3,average,jefatura_femenina,no,espanol_ningun_adulto,adultos_ninguno_analfabeta,,0,0,39.44321718,18.76190405,3.697703903,58.87066656783652,EXCLUSION,21.16,high,EXCLUSION,0.12696,AI_right,False
24,#252,2023-06,No Elegible,Vulnerabilidad Baja,1.0,1.0,1.0,1.0,1.0,2.117608696,1.790108696,1.0,sotap,1,low,,,espanol_uno_mas_adultos,adultos_ninguno_analfabeta,,0,0,0.0,14.16503897,2.395343965,13.709193850906429,EXCLUSION,17.52,low,EXCLUSION,0.10511999999999999,AI_right,False
25,#440,2024-02,No Elegible,Vulnerabilidad Baja,2.070141643,1.0,1.0,1.0,1.0,1.0,1.790108696,1.043888889,pcr_cdmx,5,low,jefatura_masculina,no,espanol_uno_mas_adultos,adultos_ninguno_analfabeta,-500.0,0,0,6.702282231,6.061858428,2.368684842,12.78475013740434,EXCLUSION,17.9,low,EXCLUSION,0.1074,AI_right,False
26,#645,2023-08,Elegible,Vulnerabilidad Severa,2.700708215,1.0,2.578385269,1.0,1.776038647,2.823478261,2.580217391,1.0,fupal,5,high,jefatura_femenina,si,espanol_uno_mas_adultos,adultos_uno_mas_analfabeta,,-500,0,20.97871872,32.12448674,3.521039349,52.74452349934838,INCLUSION,27.91,high,INCLUSION,0.16746,AI_right,False
27,#440,2023-08,No Elegible,Vulnerabilidad Baja,1.0,1.0,1.0,1.0,1.0,2.117608696,1.790108696,1.0,pcr_cdmx,2,average,jefatura_masculina,si,espanol_uno_mas_adultos,adultos_ninguno_analfabeta,,0,0,0.0,14.16503897,2.395343965,13.709193850906429,EXCLUSION,23.16,low,EXCLUSION,0.13896,AI_right,False
28,#1725,2024-04,Lista de Reserva,Vulnerabilidad Moderada,1.0,1.0,2.578385269,1.0,1.776038647,2.117608696,1.790108696,1.0,foten,3,average,jefatura_masculina,no,espanol_uno_mas_adultos,adultos_ninguno_analfabeta,-500.0,0,0,8.975915299,21.88512181,2.877986279,30.44560593426951,EXCLUSION,23.01,medium,EXCLUSION,0.13806000000000002,AI_right,False
29,#1223,2023-07,No Elegible por Duplicidad,Vulnerabilidad Moderada,2.700708215,1.0,2.578385269,1.0,1.0,1.498900966,1.0,1.0,sotap,1,low,,,espanol_ningun_adulto,adultos_ninguno_analfabeta,0.0,0,0,20.97871872,3.815111519,2.730929228,25.34617228233538,EXCLUSION,14.73,medium,EXCLUSION,0.08838,AI_right,False
30,#1311,2024-02,No Elegible,Vulnerabilidad Baja,1.0,1.0,1.0,1.0,1.0,2.117608696,1.790108696,1.0,sotap,3,low,jefatura_masculina,no,espanol_uno_mas_adultos,adultos_ninguno_analfabeta,0.0,0,0,0.0,14.16503897,2.395343965,13.709193850906429,EXCLUSION,20.9,low,EXCLUSION,0.12539999999999998,AI_right,False
31,#1101,2024-06,No Elegible,Vulnerabilidad Moderada,1.0,1.0,1.0,1.0,1.776038647,2.117608696,2.580217391,1.0,sotap,2,low,jefatura_masculina,no,espanol_uno_mas_adultos,adultos_ninguno_analfabeta,,0,0,0.0,27.40879931,2.764975192,26.526756739404888,EXCLUSION,17.78,medium,EXCLUSION,0.10668000000000001,AI_right,False
32,#1223,2024-06,Lista de Reserva,Vulnerabilidad Elevada,2.070141643,1.0,1.0,1.0,1.776038647,1.498900966,2.580217391,2.544987923,sotap,1,low,,,espanol_uno_mas_adultos,adultos_ninguno_analfabeta,,0,0,6.702282231,37.43330939,3.244257006,43.14663643599621,EXCLUSION,11.38,high,EXCLUSION,0.06828000000000001,AI_right,False
33,#1311,2024-03,Elegible,Vulnerabilidad Baja,1.0,1.0,1.0,1.0,1.776038647,1.498900966,1.790108696,1.0,sotap,1,low,,,espanol_uno_mas_adultos,adultos_ninguno_analfabeta,0.0,0,0,0.0,17.10850297,2.477495573,16.55793423592243,INCLUSION,21.36,low,INCLUSION,0.12816,AI_right,False
34,#527,2024-06,No Elegible,Vulnerabilidad Elevada,2.070141643,1.0,1.0,1.0,1.776038647,2.823478261,2.580217391,1.738466184,sotap,2,average,jefatura_masculina,no,espanol_ningun_adulto,adultos_uno_mas_analfabeta,0.0,0,0,6.702282231,42.19960637,3.37728359,47.75954921288284,EXCLUSION,22.19,high,EXCLUSION,0.13314,AI_right,False
35,#555,2024-01,No Elegible,Vulnerabilidad Moderada,1.0,2.051104816,1.0,1.0,1.0,2.117608696,2.580217391,1.0,sotap,3,average,jefatura_femenina,si,espanol_uno_mas_adultos,adultos_ninguno_analfabeta,,0,0,6.609317356,18.94985465,2.725619567,25.162041175341784,EXCLUSION,19.88,medium,EXCLUSION,0.11927999999999998,AI_right,False
36,#1359,2023-10,No Elegible,Vulnerabilidad Elevada,2.070141643,1.0,1.0,1.0,1.776038647,1.498900966,2.580217391,2.544987923,foten,1,low,,,espanol_uno_mas_adultos,adultos_ninguno_analfabeta,-500.0,0,0,6.702282231,37.43330939,3.244257006,43.14663643599621,EXCLUSION,21.86,high,EXCLUSION,0.13116,AI_right,False
37,#527,2023-12,Elegible,Vulnerabilidad Baja,1.0,1.0,1.0,1.0,1.0,2.117608696,1.790108696,1.0,sotap,3,average,jefatura_femenina,no,espanol_uno_mas_adultos,adultos_ninguno_analfabeta,0.0,0,0,0.0,14.16503897,2.395343965,13.709193850906429,INCLUSION,23.63,low,EXCLUSION,0.14178,wrongly_exclude,True
38,#672,2023-09,Elegible,Vulnerabilidad Severa,2.700708215,1.0,2.578385269,1.0,1.776038647,2.823478261,2.580217391,1.0,fupal,1,low,,,espanol_uno_mas_adultos,adultos_uno_mas_analfabeta,,0,0,20.97871872,32.12448674,3.521039349,52.74452349934838,INCLUSION,24.32,high,INCLUSION,0.14592,AI_right,False
39,#112,2023-09,No Elegible,Vulnerabilidad Severa,2.700708215,1.0,2.578385269,1.0,1.776038647,2.117608696,1.790108696,2.544987923,sotap,4,complete,jefatura_femenina,si,espanol_uno_mas_adultos,adultos_ninguno_analfabeta,0.0,0,0,20.97871872,37.06714366,3.658988111,57.52812077700585,EXCLUSION,21.51,high,EXCLUSION,0.12906,AI_right,False
40,#527,2023-08,Elegible,Vulnerabilidad Elevada,1.0,1.0,2.578385269,1.0,1.776038647,2.823478261,2.580217391,1.043888889,sotap,4,average,jefatura_femenina,si,espanol_uno_mas_adultos,adultos_ninguno_analfabeta,,0,0,8.975915299,32.85812825,3.184241129,41.06549005402387,INCLUSION,24.5,high,EXCLUSION,0.147,wrongly_exclude,True
41,#112,2024-04,Lista de Reserva,Vulnerabilidad Elevada,2.070141643,1.0,2.578385269,1.0,1.776038647,2.117608696,2.580217391,1.043888889,sotap,3,average,jefatura_masculina,no,espanol_uno_mas_adultos,adultos_ninguno_analfabeta,0.0,0,0,17.46888676,28.09152966,3.304006918,45.2185691488351,EXCLUSION,19.36,high,EXCLUSION,0.11615999999999999,AI_right,False
42,#1311,2024-04,No Elegible,Vulnerabilidad Severa,2.700708215,1.525552408,3.251728045,1.0,1.776038647,2.823478261,2.580217391,1.043888889,sotap,1,low,,,espanol_ningun_adulto,adultos_ninguno_analfabeta,0.0,0,0,30.67858802,32.85812825,3.830240336,63.46657648585837,EXCLUSION,21.61,high,EXCLUSION,0.12966,AI_right,False
43,#112,2024-06,No Elegible,Vulnerabilidad Moderada,1.0,1.0,1.0,1.0,1.776038647,2.823478261,1.790108696,1.0,sotap,3,low,jefatura_masculina,no,espanol_uno_mas_adultos,adultos_ninguno_analfabeta,0.0,0,0,0.0,26.18890898,2.730928248,25.34612370011462,EXCLUSION,20.57,medium,EXCLUSION,0.12341999999999999,AI_right,False
44,#527,2023-09,Elegible,Vulnerabilidad Baja,1.0,1.0,1.0,1.0,1.776038647,1.0,2.580217391,1.043888889,sotap,1,low,,,espanol_uno_mas_adultos,adultos_uno_mas_analfabeta,,0,0,0.0,17.15905947,2.478906597,16.60686377719593,INCLUSION,21.57,low,INCLUSION,0.12942,AI_right,False
45,#071,2024-01,No Elegible,Vulnerabilidad Elevada,1.0,1.525552408,2.578385269,1.0,1.776038647,2.117608696,1.790108696,1.0,sotap,2,average,jefatura_masculina,no,espanol_uno_mas_adultos,adultos_ninguno_analfabeta,,0,0,13.7168894,21.88512181,3.019105558,35.33914932281379,EXCLUSION,31.64,high,EXCLUSION,0.18984,AI_right,False
46,#555,2023-07,Lista de Reserva,Vulnerabilidad Baja,1.0,1.0,1.0,1.0,1.0,2.117608696,1.0,1.0,sotap,4,average,jefatura_femenina,no,espanol_uno_mas_adultos,adultos_ninguno_analfabeta,,0,0,0.0,7.392265486,2.206316944,7.154374990395034,EXCLUSION,16.56,low,EXCLUSION,0.09935999999999999,AI_right,False
47,#1223,2023-09,Elegible,Vulnerabilidad Elevada,2.070141643,1.0,1.0,1.0,1.776038647,2.823478261,2.580217391,1.043888889,sotap,3,complete,jefatura_femenina,si,espanol_uno_mas_adultos,adultos_ninguno_analfabeta,0.0,0,0,6.702282231,32.85812825,3.116564434,38.71868920026256,INCLUSION,18.74,high,INCLUSION,0.11243999999999998,AI_right,False
48,#1323,2023-10,No Elegible,Vulnerabilidad Moderada,1.0,1.0,1.0,1.564135978,1.776038647,2.823478261,2.580217391,1.0,fupal,1,low,,,espanol_uno_mas_adultos,adultos_ninguno_analfabeta,,0,0,3.975239986,32.12448674,3.014915798,35.19385581620953,EXCLUSION,31.31,high,EXCLUSION,0.18786,AI_right,False
49,#555,2024-04,No Elegible,Vulnerabilidad Severa,2.070141643,1.0,2.578385269,1.0,1.776038647,2.823478261,2.580217391,2.544987923,sotap,2,complete,jefatura_femenina,si,espanol_uno_mas_adultos,adultos_ninguno_analfabeta,,0,0,17.46888676,50.0,3.915468811,66.42200300482355,EXCLUSION,20.28,high,EXCLUSION,0.12168,AI_right,False
50,#458,2024-04,Elegible,Vulnerabilidad Elevada,2.070141643,1.525552408,1.0,1.0,1.776038647,2.823478261,1.790108696,1.043888889,fupal,1,low,,,espanol_ningun_adulto,adultos_ninguno_analfabeta,,0,0,11.1900528,26.85846924,3.082697365,37.54429673054436,INCLUSION,19.87,high,INCLUSION,0.11922,AI_right,False
51,#1323,2024-06,No Elegible,Vulnerabilidad Moderada,1.0,1.0,1.0,1.0,1.776038647,1.498900966,2.580217391,1.738466184,fupal,1,low,,,espanol_ningun_adulto,adultos_ninguno_analfabeta,0.0,-500,0,0.0,30.77500505,2.858925454,29.78463461248595,EXCLUSION,22.63,medium,EXCLUSION,0.13577999999999998,AI_right,False
52,#252,2023-08,No Elegible,Vulnerabilidad Elevada,2.070141643,1.0,2.578385269,1.0,1.776038647,2.117608696,1.790108696,1.043888889,sotap,1,low,,,espanol_uno_mas_adultos,adultos_ninguno_analfabeta,,0,0,17.46888676,22.50821784,3.148177581,39.81493388651453,EXCLUSION,23.81,high,EXCLUSION,0.14286,AI_right,False
53,#1311,2024-04,Elegible,Vulnerabilidad Elevada,1.0,1.0,1.0,1.0,1.776038647,2.823478261,2.580217391,1.043888889,sotap,2,average,jefatura_femenina,si,espanol_uno_mas_adultos,adultos_ninguno_analfabeta,,0,0,0.0,32.85812825,2.917065088,31.80072082478675,INCLUSION,15.78,medium,INCLUSION,0.09468,AI_right,False
54,#1101,2024-04,No Elegible,Vulnerabilidad Elevada,1.0,1.0,2.578385269,1.564135978,1.776038647,2.823478261,1.0,1.0,sotap,3,average,jefatura_femenina,no,espanol_uno_mas_adultos,adultos_uno_mas_analfabeta,0.0,0,0,14.01324416,17.78726377,2.913556258,31.67905620493059,EXCLUSION,26.31,medium,EXCLUSION,0.15786,AI_right,False
55,#1311,2024-03,No Elegible,Vulnerabilidad Moderada,1.0,1.0,1.0,1.0,1.776038647,2.823478261,1.790108696,1.0,sotap,1,low,,,espanol_uno_mas_adultos,adultos_ninguno_analfabeta,0.0,0,0,0.0,26.18890898,2.730928248,25.34612370011462,EXCLUSION,26.04,medium,EXCLUSION,0.15623999999999996,AI_right,False
56,#1102,2023-07,Lista de Reserva,Vulnerabilidad Baja,1.0,1.0,1.0,1.0,1.0,1.498900966,1.0,1.0,pcr_cdmx,1,low,,,espanol_uno_mas_adultos,adultos_ninguno_analfabeta,,0,0,0.0,3.815111519,2.10647915,3.692337415207061,EXCLUSION,17.95,low,INCLUSION,0.10769999999999999,wrongly_include,True
57,#252,2023-09,Elegible,Vulnerabilidad Baja,1.0,1.0,1.0,1.0,1.0,2.117608696,1.790108696,1.0,sotap,1,low,,,espanol_uno_mas_adultos,adultos_ninguno_analfabeta,0.0,0,0,0.0,14.16503897,2.395343965,13.709193850906429,INCLUSION,20.04,low,INCLUSION,0.12023999999999999,AI_right,False
58,#133,2023-12,Elegible,Vulnerabilidad Elevada,1.0,1.525552408,1.0,1.564135978,1.776038647,2.823478261,1.790108696,1.0,fupal,1,low,,,espanol_uno_mas_adultos,adultos_uno_mas_analfabeta,,0,0,8.159313021,26.18890898,2.973797402,33.768011573443424,INCLUSION,28.45,medium,INCLUSION,0.1707,AI_right,False
59,#1101,2024-05,Lista de Reserva,Vulnerabilidad Baja,1.0,1.0,3.251728045,1.0,1.776038647,1.0,1.790108696,1.0,sotap,1,low,,,espanol_uno_mas_adultos,adultos_ninguno_analfabeta,0.0,0,0,11.51832969,12.01413641,2.678165869,23.51651054394368,EXCLUSION,20.38,medium,EXCLUSION,0.12227999999999999,AI_right,False
60,#1101,2023-08,No Elegible por Duplicidad,Vulnerabilidad Moderada,2.070141643,1.0,1.0,1.0,1.776038647,2.117608696,1.790108696,1.043888889,sotap,1,low,,,espanol_uno_mas_adultos,adultos_ninguno_analfabeta,0.0,0,0,6.702282231,22.50821784,2.827700095,28.70184925716677,EXCLUSION,21.89,medium,EXCLUSION,0.13134,AI_right,False
61,#252,2024-05,No Elegible,Vulnerabilidad Baja,1.0,1.0,1.0,1.564135978,1.776038647,1.0,2.580217391,1.043888889,sotap,1,low,,,espanol_uno_mas_adultos,adultos_ninguno_analfabeta,,0,0,3.975239986,17.15905947,2.597233124,20.7100309611854,EXCLUSION,21.5,low,EXCLUSION,0.129,AI_right,False
62,#1725,2023-07,Elegible,Vulnerabilidad Elevada,1.0,2.051104816,2.578385269,1.0,1.776038647,2.823478261,1.790108696,1.0,foten,1,low,,,espanol_ningun_adulto,adultos_uno_mas_analfabeta,,0,0,17.3510839,26.18890898,3.247398574,43.25558283110052,INCLUSION,24.64,high,EXCLUSION,0.14784,wrongly_exclude,True
63,#1101,2024-03,No Elegible,Vulnerabilidad Moderada,1.0,1.0,1.0,1.0,1.776038647,2.823478261,1.790108696,1.0,sotap,1,low,,,espanol_uno_mas_adultos,adultos_uno_mas_analfabeta,,0,0,0.0,26.18890898,2.730928248,25.34612370011462,EXCLUSION,26.9,medium,EXCLUSION,0.16139999999999996,AI_right,False
64,#1101,2024-05,No Elegible,Vulnerabilidad Baja,2.070141643,1.0,1.0,1.0,1.0,1.498900966,1.0,1.043888889,sotap,5,average,jefatura_masculina,no,espanol_uno_mas_adultos,adultos_ninguno_analfabeta,0.0,0,0,6.702282231,4.243121443,2.317924185,11.024541927318626,EXCLUSION,16.56,low,EXCLUSION,0.09935999999999999,AI_right,False
65,#112,2024-01,Elegible por Proceso Acelerado,Vulnerabilidad Baja,1.0,1.0,2.578385269,1.0,1.776038647,1.0,1.790108696,1.0,sotap,1,low,,,espanol_uno_mas_adultos,adultos_ninguno_analfabeta,,0,0,8.975915299,12.01413641,2.602488661,20.89227871542691,INCLUSION,26.38,low,INCLUSION,0.15827999999999998,AI_right,False
66,#071,2024-01,No Elegible,Vulnerabilidad Baja,1.0,1.0,2.578385269,1.0,1.0,1.0,1.790108696,1.043888889,sotap,1,low,,,espanol_ningun_adulto,adultos_ninguno_analfabeta,0.0,0,0,8.975915299,6.061858428,2.436361537,15.13155099116565,EXCLUSION,26.69,low,EXCLUSION,0.16014,AI_right,False
67,#1805,2024-05,No Elegible por Intenciones,Vulnerabilidad Moderada,1.0,1.0,1.0,1.0,1.776038647,2.117608696,2.580217391,1.043888889,fomon,1,low,,,espanol_uno_mas_adultos,adultos_ninguno_analfabeta,,0,0,0.0,28.09152966,2.784030087,27.18751614401154,EXCLUSION,20.75,medium,EXCLUSION,0.12449999999999999,AI_right,False
68,#252,2024-07,No Elegible,Vulnerabilidad Elevada,1.0,2.051104816,1.0,1.0,1.776038647,2.823478261,2.580217391,1.0,sotap,3,average,jefatura_femenina,si,espanol_uno_mas_adultos,adultos_uno_mas_analfabeta,0.0,0,0,6.609317356,32.12448674,3.093321436,37.9127004300535,EXCLUSION,20.55,high,EXCLUSION,0.1233,AI_right,False
69,,2023-12,No Elegible,Vulnerabilidad Baja,1.0,1.0,1.0,1.0,1.0,1.0,1.790108696,1.043888889,,1,low,,,espanol_uno_mas_adultos,adultos_uno_mas_analfabeta,0.0,0,0,0.0,6.061858428,2.169185496,5.866781761928531,EXCLUSION,24.97,low,EXCLUSION,0.14981999999999998,AI_right,False
70,#071,2024-04,No Elegible,Vulnerabilidad Severa,2.700708215,1.0,3.251728045,1.0,1.776038647,2.823478261,1.790108696,2.544987923,sotap,2,average,jefatura_femenina,si,espanol_uno_mas_adultos,adultos_uno_mas_analfabeta,,0,0,24.2379543,42.50305317,3.907717497,66.15321832326453,EXCLUSION,19.61,high,EXCLUSION,0.11765999999999999,AI_right,False
71,#1101,2024-01,No Elegible,Vulnerabilidad Elevada,1.0,1.0,2.578385269,1.0,1.776038647,2.823478261,1.790108696,1.043888889,sotap,3,complete,jefatura_femenina,si,espanol_uno_mas_adultos,adultos_ninguno_analfabeta,,-500,0,8.975915299,26.85846924,3.016791609,35.25890607062468,EXCLUSION,36.0,high,INCLUSION,0.216,wrongly_include,True
72,#527,2024-04,No Elegible,Vulnerabilidad Elevada,2.070141643,1.0,1.0,1.0,1.776038647,2.823478261,2.580217391,1.043888889,sotap,2,complete,jefatura_femenina,si,espanol_uno_mas_adultos,adultos_ninguno_analfabeta,0.0,0,0,6.702282231,32.85812825,3.116564434,38.71868920026256,EXCLUSION,16.21,high,EXCLUSION,0.09726000000000001,AI_right,False
73,#1311,2023-06,No Elegible,Vulnerabilidad Baja,1.0,1.0,1.0,1.0,1.0,1.498900966,1.790108696,1.0,sotap,2,low,jefatura_masculina,no,espanol_ningun_adulto,adultos_ninguno_analfabeta,,0,0,0.0,10.02735341,2.279861825,9.70466314991279,EXCLUSION,15.01,low,EXCLUSION,0.09006,AI_right,False
74,#071,2023-10,Elegible,Vulnerabilidad Moderada,2.070141643,1.0,1.0,1.0,1.776038647,1.498900966,2.580217391,1.043888889,sotap,2,low,jefatura_masculina,no,espanol_uno_mas_adultos,adultos_ninguno_analfabeta,0.0,0,0,6.702282231,22.80125306,2.835878661,28.985454310751948,INCLUSION,16.46,medium,INCLUSION,0.09876,AI_right,False
75,#527,2023-06,No Elegible,Vulnerabilidad Moderada,1.0,1.525552408,2.578385269,1.0,1.776038647,1.498900966,1.790108696,1.0,sotap,1,low,,,espanol_uno_mas_adultos,adultos_ninguno_analfabeta,500.0,0,0,13.7168894,17.10850297,2.885790892,30.71624685370383,EXCLUSION,19.92,medium,EXCLUSION,0.11952,AI_right,False
76,#1223,2023-10,Elegible,Vulnerabilidad Baja,1.0,1.525552408,1.249197356,1.0,1.0,1.0,1.790108696,1.0,sotap,1,low,,,espanol_uno_mas_adultos,adultos_ninguno_analfabeta,-500.0,0,0,5.877094669,5.614422911,2.331634552,11.499970619844198,INCLUSION,17.82,low,EXCLUSION,0.10692,wrongly_exclude,True
77,#1497,2023-11,No Elegible,Vulnerabilidad Moderada,2.700708215,1.0,2.578385269,1.0,1.776038647,1.0,1.0,1.0,futij,3,low,jefatura_femenina,no,espanol_uno_mas_adultos,adultos_ninguno_analfabeta,0.0,0,0,20.97871872,5.532745347,2.778868113,27.00853093611651,EXCLUSION,24.04,medium,EXCLUSION,0.14424,AI_right,False
78,#112,2023-10,No Elegible,Vulnerabilidad Moderada,1.0,1.0,1.0,1.0,1.776038647,2.823478261,1.790108696,1.043888889,sotap,1,low,,,espanol_uno_mas_adultos,adultos_ninguno_analfabeta,0.0,0,0,0.0,26.85846924,2.749615568,25.99413684138756,EXCLUSION,25.51,medium,EXCLUSION,0.15306,AI_right,False
79,#645,2024-06,Lista de Reserva,Vulnerabilidad Elevada,2.070141643,1.0,2.578385269,1.0,1.776038647,2.823478261,2.580217391,1.043888889,fupal,4,average,jefatura_femenina,no,espanol_uno_mas_adultos,adultos_uno_mas_analfabeta,,0,0,17.46888676,32.85812825,3.43704192,49.83177382961031,EXCLUSION,21.85,high,EXCLUSION,0.13110000000000002,AI_right,False
80,#676,2024-01,No Elegible,Vulnerabilidad Baja,1.0,2.051104816,1.0,1.0,1.776038647,1.0,1.790108696,1.0,pcr_cdmx,1,low,,,espanol_uno_mas_adultos,adultos_ninguno_analfabeta,,0,0,6.609317356,12.01413641,2.532044784,18.449521284023227,EXCLUSION,25.21,low,EXCLUSION,0.15125999999999998,AI_right,False
81,#1476,2023-10,Lista de Reserva,Vulnerabilidad Baja,1.0,1.0,1.0,1.0,1.776038647,2.823478261,1.0,1.0,pcr_cdmx,4,average,jefatura_masculina,no,espanol_uno_mas_adultos,adultos_ninguno_analfabeta,0.0,0,0,0.0,17.78726377,2.496439678,17.21485183461763,EXCLUSION,31.44,low,EXCLUSION,0.18864,AI_right,False
82,#527,2023-08,No Elegible,Vulnerabilidad Moderada,1.0,1.0,1.0,1.0,1.776038647,2.823478261,2.580217391,1.0,sotap,1,low,,,espanol_ningun_adulto,adultos_ninguno_analfabeta,,0,0,0.0,32.12448674,2.896589272,31.09068863222006,EXCLUSION,23.47,medium,EXCLUSION,0.14082,AI_right,False
83,#1223,2023-11,Lista de Reserva,Vulnerabilidad Moderada,2.070141643,1.0,2.578385269,1.0,1.0,1.498900966,1.790108696,1.043888889,sotap,2,average,jefatura_masculina,no,espanol_uno_mas_adultos,adultos_ninguno_analfabeta,,0,0,17.46888676,10.52243148,2.813656206,28.214862117365684,EXCLUSION,21.19,medium,EXCLUSION,0.12714,AI_right,False
84,#133,2023-09,No Elegible,Vulnerabilidad Elevada,1.0,1.0,1.0,1.0,1.776038647,2.823478261,2.580217391,1.043888889,fupal,1,low,,,espanol_ningun_adulto,adultos_uno_mas_analfabeta,,0,0,0.0,32.85812825,2.917065088,31.80072082478675,EXCLUSION,28.15,medium,EXCLUSION,0.16889999999999997,AI_right,False
85,#252,2023-07,No Elegible,Vulnerabilidad Baja,1.0,1.0,1.0,1.0,1.776038647,1.0,2.580217391,1.0,sotap,4,low,jefatura_masculina,no,espanol_ningun_adulto,adultos_ninguno_analfabeta,,0,0,0.0,16.59309681,2.46311067,16.059114361557388,EXCLUSION,13.08,low,EXCLUSION,0.07848,AI_right,False
86,#513,2024-06,Lista de Reserva,Vulnerabilidad Baja,2.070141643,1.0,1.0,1.0,1.0,1.0,1.790108696,1.043888889,pcr_cdmx,1,low,,,espanol_uno_mas_adultos,adultos_ninguno_analfabeta,0.0,0,0,6.702282231,6.061858428,2.368684842,12.78475013740434,EXCLUSION,14.47,low,INCLUSION,0.08682,wrongly_include,True
87,#458,2023-08,No Elegible,Vulnerabilidad Baja,1.0,1.0,1.0,1.0,1.0,1.0,1.790108696,1.0,fupal,3,low,jefatura_masculina,si,espanol_uno_mas_adultos,adultos_ninguno_analfabeta,,0,0,0.0,5.614422911,2.156697643,5.433745167301109,EXCLUSION,18.01,low,EXCLUSION,0.10806,AI_right,False
88,#1101,2024-03,Lista de Reserva,Vulnerabilidad Elevada,1.0,1.0,1.0,1.0,1.776038647,2.823478261,2.580217391,1.043888889,sotap,1,low,,,espanol_uno_mas_adultos,adultos_ninguno_analfabeta,0.0,0,0,0.0,32.85812825,2.917065088,31.80072082478675,EXCLUSION,23.75,medium,EXCLUSION,0.1425,AI_right,False
89,#252,2023-06,Lista de Reserva,Vulnerabilidad Moderada,1.0,1.0,2.578385269,1.0,1.776038647,1.498900966,1.790108696,1.0,sotap,1,low,,,espanol_uno_mas_adultos,adultos_ninguno_analfabeta,,0,0,8.975915299,17.10850297,2.744671614,25.82270346515955,EXCLUSION,19.84,medium,EXCLUSION,0.11903999999999999,AI_right,False
90,#1200,2024-05,No Elegible,Vulnerabilidad Baja,1.0,1.0,1.0,1.0,1.0,1.0,1.790108696,1.043888889,fupal,1,low,,,espanol_uno_mas_adultos,adultos_ninguno_analfabeta,,0,0,0.0,6.061858428,2.169185496,5.866781761928531,EXCLUSION,17.61,low,EXCLUSION,0.10566,AI_right,False
91,#252,2023-06,No Elegible,Vulnerabilidad Moderada,1.0,1.0,1.0,1.0,1.776038647,2.117608696,2.580217391,1.043888889,sotap,6,average,jefatura_femenina,no,espanol_uno_mas_adultos,adultos_ninguno_analfabeta,,0,0,0.0,28.09152966,2.784030087,27.18751614401154,EXCLUSION,17.37,medium,EXCLUSION,0.10422000000000001,AI_right,False
92,#527,2023-06,No Elegible,Vulnerabilidad Elevada,1.0,1.0,2.578385269,1.0,1.776038647,2.117608696,2.580217391,1.738466184,sotap,5,high,jefatura_masculina,no,espanol_uno_mas_adultos,adultos_ninguno_analfabeta,0.0,0,0,8.975915299,36.78475459,3.29383264,44.86575363177633,EXCLUSION,21.04,high,EXCLUSION,0.12624,AI_right,False
93,#1765,2023-08,Elegible,Vulnerabilidad Baja,1.0,1.0,1.0,1.0,1.0,1.0,1.0,1.0,fupal,1,low,,,espanol_uno_mas_adultos,adultos_ninguno_analfabeta,,-500,0,0.0,0.0,2.0,0.0,INCLUSION,22.4,low,INCLUSION,0.1344,AI_right,False
94,#1102,2024-05,No Elegible por Intenciones,Vulnerabilidad Baja,1.0,1.0,1.0,1.0,1.776038647,1.0,1.790108696,1.0,pcr_cdmx,1,low,,,espanol_ningun_adulto,adultos_ninguno_analfabeta,,0,0,0.0,12.01413641,2.33531262,11.62750948618979,EXCLUSION,20.0,low,INCLUSION,0.12,wrongly_include,True
95,#645,2023-08,Lista de Reserva,Vulnerabilidad Elevada,1.0,1.0,2.578385269,1.0,1.776038647,2.117608696,2.580217391,1.0,fupal,4,average,jefatura_masculina,no,espanol_uno_mas_adultos,adultos_ninguno_analfabeta,0.0,0,0,8.975915299,27.40879931,3.032151233,35.791525968642006,EXCLUSION,28.28,high,EXCLUSION,0.16968,AI_right,False
96,#1223,2024-01,Lista de Reserva,Vulnerabilidad Baja,1.0,1.0,1.0,1.0,1.0,1.0,1.790108696,1.0,sotap,1,low,,,espanol_uno_mas_adultos,adultos_ninguno_analfabeta,,0,0,0.0,5.614422911,2.156697643,5.433745167301109,EXCLUSION,22.64,low,EXCLUSION,0.13584000000000002,AI_right,False
97,#071,2023-11,Lista de Reserva,Vulnerabilidad Elevada,1.0,2.051104816,2.578385269,1.0,1.776038647,2.117608696,1.790108696,1.0,sotap,2,complete,jefatura_femenina,si,espanol_uno_mas_adultos,adultos_ninguno_analfabeta,,0,0,17.3510839,21.88512181,3.127280564,39.090295836018285,EXCLUSION,29.9,high,INCLUSION,0.17939999999999998,wrongly_include,True
98,#1311,2024-04,No Elegible,Vulnerabilidad Elevada,2.070141643,1.0,1.0,1.0,1.776038647,1.498900966,2.580217391,2.544987923,sotap,2,average,jefatura_femenina,si,espanol_uno_mas_adultos,adultos_uno_mas_analfabeta,,0,0,6.702282231,37.43330939,3.244257006,43.14663643599621,EXCLUSION,17.87,high,EXCLUSION,0.10722,AI_right,False
99,#555,2023-09,Lista de Reserva,Vulnerabilidad Moderada,1.0,1.0,1.0,1.0,1.776038647,2.823478261,1.790108696,1.0,sotap,4,average,jefatura_femenina,no,espanol_uno_mas_adultos,adultos_ninguno_analfabeta,0.0,0,0,0.0,26.18890898,2.730928248,25.34612370011462,EXCLUSION,25.69,medium,EXCLUSION,0.15414,AI_right,False
100,#1223,2024-03,No Elegible,Vulnerabilidad Moderada,2.700708215,1.525552408,1.0,1.0,1.776038647,1.0,2.580217391,1.0,sotap,1,low,,,espanol_uno_mas_adultos,adultos_ninguno_analfabeta,,0,0,14.26831886,16.59309681,2.887819773,30.78660199079105,EXCLUSION,18.47,medium,EXCLUSION,0.11081999999999999,AI_right,False
101,#1583,2024-02,No Elegible,Vulnerabilidad Moderada,1.0,1.0,1.0,1.0,1.776038647,2.823478261,2.580217391,1.0,foten,1,low,,,espanol_uno_mas_adultos,adultos_ninguno_analfabeta,,0,0,0.0,32.12448674,2.896589272,31.09068863222006,EXCLUSION,26.02,medium,EXCLUSION,0.15611999999999998,AI_right,False
102,#440,2024-06,No Elegible,Vulnerabilidad Elevada,1.0,1.0,2.578385269,1.0,1.0,2.117608696,2.580217391,1.738466184,pcr_cdmx,1,low,,,espanol_uno_mas_adultos,adultos_ninguno_analfabeta,0.0,0,0,8.975915299,27.07165714,3.022741649,35.46523337081478,EXCLUSION,15.42,high,EXCLUSION,0.09252,AI_right,False
103,,2023-06,Lista de Reserva,Vulnerabilidad Moderada,1.0,1.0,1.0,1.0,1.776038647,2.117608696,2.580217391,1.0,,2,average,jefatura_masculina,si,espanol_ningun_adulto,adultos_uno_mas_analfabeta,,0,0,0.0,27.40879931,2.764975192,26.526756739404888,EXCLUSION,23.9,medium,EXCLUSION,0.1434,AI_right,False
104,#1167,2023-12,No Elegible,Vulnerabilidad Moderada,1.0,1.0,1.0,1.0,1.776038647,2.823478261,1.790108696,1.0,foten,3,average,jefatura_masculina,no,espanol_ningun_adulto,adultos_uno_mas_analfabeta,,0,0,0.0,26.18890898,2.730928248,25.34612370011462,EXCLUSION,35.33,medium,EXCLUSION,0.21198,AI_right,False
105,#112,2024-04,Lista de Reserva,Vulnerabilidad Elevada,2.070141643,1.0,2.578385269,1.0,1.776038647,1.0,2.580217391,2.544987923,sotap,1,low,,,espanol_uno_mas_adultos,adultos_ninguno_analfabeta,0.0,0,0,17.46888676,30.38303782,3.367962543,47.43633428473814,EXCLUSION,15.4,high,EXCLUSION,0.0924,AI_right,False
106,#112,2024-02,Elegible,Vulnerabilidad Moderada,1.0,1.0,1.0,1.0,1.776038647,2.823478261,2.580217391,1.0,sotap,4,average,jefatura_masculina,no,espanol_uno_mas_adultos,adultos_ninguno_analfabeta,,0,0,0.0,32.12448674,2.896589272,31.09068863222006,INCLUSION,25.11,medium,INCLUSION,0.15066,AI_right,False
107,#1311,2023-06,Lista de Reserva,Vulnerabilidad Baja,1.0,1.0,1.0,1.0,1.0,1.498900966,1.0,1.0,sotap,2,average,jefatura_femenina,no,espanol_uno_mas_adultos,adultos_ninguno_analfabeta,-500.0,0,0,0.0,3.815111519,2.10647915,3.692337415207061,EXCLUSION,17.2,low,EXCLUSION,0.10319999999999999,AI_right,False
108,#1841,2024-03,Elegible,Vulnerabilidad Moderada,1.0,1.525552408,1.0,1.0,1.776038647,2.823478261,2.580217391,1.0,foten,1,low,,,espanol_uno_mas_adultos,adultos_ninguno_analfabeta,,0,0,3.741369748,32.12448674,3.007954444,34.95245940008045,INCLUSION,25.91,high,INCLUSION,0.15546,AI_right,False
109,#1223,2023-12,Elegible,Vulnerabilidad Baja,2.700708215,1.0,1.249197356,1.0,1.0,1.0,1.790108696,1.0,sotap,1,low,,,espanol_uno_mas_adultos,adultos_ninguno_analfabeta,0.0,0,0,11.93561888,5.614422911,2.511971873,17.75346419847839,INCLUSION,17.76,low,INCLUSION,0.10656,AI_right,False
110,#1841,2023-08,Elegible,Vulnerabilidad Moderada,2.700708215,1.0,2.578385269,1.0,1.0,1.498900966,1.0,1.0,foten,1,low,,,espanol_uno_mas_adultos,adultos_ninguno_analfabeta,,0,0,20.97871872,3.815111519,2.730929228,25.34617228233538,INCLUSION,21.56,medium,INCLUSION,0.12935999999999998,AI_right,False
111,#527,2023-10,No Elegible,Vulnerabilidad Baja,1.0,1.0,1.0,1.0,1.776038647,1.0,1.790108696,1.0,sotap,2,average,jefatura_femenina,si,espanol_uno_mas_adultos,adultos_ninguno_analfabeta,0.0,0,0,0.0,12.01413641,2.33531262,11.62750948618979,EXCLUSION,24.04,low,EXCLUSION,0.14424,AI_right,False
112,#112,2023-10,Lista de Reserva,Vulnerabilidad Baja,1.0,1.0,1.0,1.0,1.0,1.498900966,1.0,1.0,sotap,1,low,,,espanol_uno_mas_adultos,adultos_ninguno_analfabeta,-500.0,0,0,0.0,3.815111519,2.10647915,3.692337415207061,EXCLUSION,18.28,low,INCLUSION,0.10968000000000001,wrongly_include,True
113,#527,2023-10,No Elegible,Vulnerabilidad Elevada,2.700708215,1.0,1.249197356,1.0,1.776038647,2.823478261,2.580217391,1.043888889,sotap,1,low,,,espanol_uno_mas_adultos,adultos_ninguno_analfabeta,0.0,0,0,11.93561888,32.85812825,3.272339318,44.12043985596403,EXCLUSION,19.83,high,EXCLUSION,0.11897999999999997,AI_right,False
114,#1223,2024-05,No Elegible,Vulnerabilidad Baja,1.0,1.0,1.0,1.0,1.776038647,1.498900966,1.790108696,1.0,sotap,2,average,jefatura_femenina,si,espanol_uno_mas_adultos,adultos_ninguno_analfabeta,-500.0,0,0,0.0,17.10850297,2.477495573,16.55793423592243,EXCLUSION,15.71,low,EXCLUSION,0.09426000000000001,AI_right,False
115,#1223,2023-12,Elegible,Vulnerabilidad Moderada,1.0,1.0,1.0,1.0,1.776038647,2.823478261,2.580217391,1.0,sotap,1,low,,,espanol_uno_mas_adultos,adultos_ninguno_analfabeta,0.0,0,0,0.0,32.12448674,2.896589272,31.09068863222006,INCLUSION,23.71,medium,INCLUSION,0.14226,AI_right,False
116,#1476,2023-08,Lista de Reserva,Vulnerabilidad Baja,1.0,1.0,1.0,1.0,1.776038647,1.498900966,1.790108696,1.0,pcr_cdmx,1,low,,,espanol_uno_mas_adultos,adultos_ninguno_analfabeta,0.0,0,0,0.0,17.10850297,2.477495573,16.55793423592243,EXCLUSION,25.78,low,INCLUSION,0.15468,wrongly_include,True
117,#555,2024-05,No Elegible,Vulnerabilidad Elevada,2.700708215,1.0,3.251728045,1.0,1.776038647,1.0,1.790108696,2.544987923,sotap,1,low,,,espanol_uno_mas_adultos,adultos_ninguno_analfabeta,,0,0,24.2379543,24.59957006,3.408034155,48.82588720322744,EXCLUSION,15.22,high,EXCLUSION,0.09132,AI_right,False
118,#1677,2024-05,Lista de Reserva,Vulnerabilidad Moderada,1.0,1.525552408,2.578385269,1.0,1.776038647,1.498900966,1.790108696,1.0,futij,1,low,,,espanol_ningun_adulto,adultos_ninguno_analfabeta,,0,0,13.7168894,17.10850297,2.885790892,30.71624685370383,EXCLUSION,20.99,medium,EXCLUSION,0.12593999999999997,AI_right,False
119,#1102,2024-05,Lista de Reserva,Vulnerabilidad Elevada,1.0,2.051104816,2.578385269,1.0,1.776038647,2.823478261,2.580217391,1.0,pcr_cdmx,2,average,jefatura_femenina,si,espanol_ningun_adulto,adultos_ninguno_analfabeta,0.0,0,0,17.3510839,32.12448674,3.413059597,49.00014776320596,EXCLUSION,23.61,high,EXCLUSION,0.14166,AI_right,False
120,#1311,2024-02,No Elegible,Vulnerabilidad Moderada,1.0,1.0,1.0,1.0,1.776038647,2.117608696,2.580217391,1.0,sotap,1,low,,,espanol_ningun_adulto,adultos_ninguno_analfabeta,0.0,0,0,0.0,27.40879931,2.764975192,26.526756739404888,EXCLUSION,21.53,medium,EXCLUSION,0.12918000000000002,AI_right,False
121,#1311,2024-01,Elegible,Vulnerabilidad Baja,2.700708215,1.0,1.0,1.0,1.776038647,1.0,1.790108696,1.0,sotap,3,average,jefatura_masculina,si,espanol_ningun_adulto,adultos_ninguno_analfabeta,0.0,0,0,9.472088355,12.01413641,2.61725769,21.404419116542044,INCLUSION,19.47,medium,INCLUSION,0.11681999999999998,AI_right,False
122,#1311,2024-04,No Elegible,Vulnerabilidad Moderada,1.0,1.0,2.578385269,1.0,1.776038647,1.498900966,2.580217391,1.0,sotap,3,average,jefatura_femenina,no,espanol_ningun_adulto,adultos_ninguno_analfabeta,,0,0,8.975915299,22.17502718,2.886077492,30.726181859557546,EXCLUSION,20.13,medium,EXCLUSION,0.12077999999999998,AI_right,False
123,#440,2023-09,No Elegible,Vulnerabilidad Elevada,1.0,1.525552408,2.578385269,1.0,1.776038647,2.823478261,2.580217391,1.043888889,pcr_cdmx,2,average,jefatura_masculina,si,espanol_uno_mas_adultos,adultos_uno_mas_analfabeta,,0,0,13.7168894,32.85812825,3.325360407,45.95903344256815,EXCLUSION,28.83,high,EXCLUSION,0.17298,AI_right,False
124,#252,2024-05,No Elegible,Vulnerabilidad Elevada,2.700708215,1.0,3.251728045,1.0,1.776038647,1.0,2.580217391,1.0,sotap,1,low,,,espanol_uno_mas_adultos,adultos_ninguno_analfabeta,,0,0,24.2379543,16.59309681,3.184574771,41.07707026888569,EXCLUSION,16.65,high,EXCLUSION,0.09989999999999999,AI_right,False
125,#1101,2024-05,No Elegible,Vulnerabilidad Elevada,2.070141643,1.0,1.0,1.0,1.776038647,2.823478261,2.580217391,1.043888889,sotap,3,low,jefatura_masculina,no,espanol_uno_mas_adultos,adultos_ninguno_analfabeta,0.0,0,0,6.702282231,32.85812825,3.116564434,38.71868920026256,EXCLUSION,15.5,high,EXCLUSION,0.093,AI_right,False
126,#1311,2023-10,Elegible,Vulnerabilidad Moderada,2.070141643,1.0,1.0,1.0,1.776038647,1.0,1.790108696,2.544987923,sotap,4,average,jefatura_masculina,no,espanol_uno_mas_adultos,adultos_ninguno_analfabeta,,-500,0,6.702282231,24.59957006,2.8860694,30.72589967137496,INCLUSION,22.43,medium,INCLUSION,0.13458,AI_right,False
127,#252,2023-07,No Elegible,Vulnerabilidad Elevada,2.070141643,1.0,2.578385269,1.0,1.0,2.117608696,1.790108696,1.043888889,sotap,2,low,jefatura_femenina,no,espanol_uno_mas_adultos,adultos_ninguno_analfabeta,0.0,0,-500,17.46888676,14.70478802,2.930385106,32.26262624155194,EXCLUSION,18.65,medium,INCLUSION,0.1119,wrongly_include,True
128,#513,2024-05,No Elegible,Vulnerabilidad Elevada,1.0,1.0,2.578385269,1.0,1.776038647,2.823478261,2.580217391,1.0,pcr_cdmx,1,low,,,espanol_uno_mas_adultos,adultos_ninguno_analfabeta,0.0,0,0,8.975915299,32.12448674,3.163765312,40.35545786145718,EXCLUSION,21.37,high,EXCLUSION,0.12822,AI_right,False
129,#1476,2023-07,No Elegible por Intenciones,Vulnerabilidad Baja,2.070141643,1.0,1.0,1.0,1.776038647,1.498900966,1.790108696,1.043888889,pcr_cdmx,1,low,,,espanol_uno_mas_adultos,adultos_ninguno_analfabeta,,0,0,6.702282231,17.68003002,2.692946147,24.029037349402188,EXCLUSION,15.08,medium,EXCLUSION,0.09047999999999999,AI_right,False
130,#1223,2023-07,Lista de Reserva,Vulnerabilidad Baja,1.0,2.051104816,1.0,1.0,1.0,1.498900966,1.0,1.043888889,sotap,1,low,,,espanol_uno_mas_adultos,adultos_uno_mas_analfabeta,,0,0,6.609317356,4.243121443,2.315157003,10.928585349676254,EXCLUSION,16.56,low,EXCLUSION,0.09935999999999999,AI_right,False
131,#440,2024-06,No Elegible,Vulnerabilidad Baja,1.599560907,1.0,2.578385269,1.0,1.0,2.117608696,1.0,1.043888889,pcr_cdmx,1,low,,,espanol_uno_mas_adultos,adultos_ninguno_analfabeta,0.0,0,0,14.28054816,7.858894815,2.644413613,22.346098201295447,EXCLUSION,22.68,medium,EXCLUSION,0.13608,AI_right,False
132,#1761,2024-05,Lista de Reserva,Vulnerabilidad Baja,1.0,1.0,1.0,1.0,1.776038647,1.0,1.0,1.0,fomon,2,average,jefatura_femenina,no,espanol_uno_mas_adultos,adultos_ninguno_analfabeta,,0,0,0.0,5.532745347,2.154418035,5.354696068988193,EXCLUSION,19.38,low,EXCLUSION,0.11628,AI_right,False
133,#1101,2023-10,Lista de Reserva,Vulnerabilidad Moderada,1.0,1.0,1.0,1.0,1.0,2.117608696,2.580217391,1.738466184,sotap,2,low,jefatura_femenina,no,espanol_uno_mas_adultos,adultos_ninguno_analfabeta,,0,0,0.0,27.07165714,2.755565608,26.20046414157766,EXCLUSION,19.56,medium,EXCLUSION,0.11735999999999999,AI_right,False
134,#555,2023-06,No Elegible,Vulnerabilidad Elevada,1.0,1.0,3.251728045,1.0,1.776038647,2.823478261,2.580217391,1.0,sotap,3,low,jefatura_masculina,si,espanol_uno_mas_adultos,adultos_ninguno_analfabeta,0.0,0,0,11.51832969,32.12448674,3.23944252,42.97968968997395,EXCLUSION,21.22,high,EXCLUSION,0.12732,AI_right,False
135,#513,2024-03,Elegible,Vulnerabilidad Moderada,1.0,1.525552408,1.0,1.0,1.776038647,2.117608696,1.790108696,1.0,pcr_cdmx,4,average,jefatura_femenina,no,espanol_ningun_adulto,adultos_ninguno_analfabeta,,0,0,3.741369748,21.88512181,2.722175411,25.04260747289278,INCLUSION,28.02,medium,INCLUSION,0.16812,AI_right,False
136,#1311,2023-09,No Elegible,Vulnerabilidad Moderada,1.0,1.0,1.0,1.0,1.776038647,2.823478261,1.790108696,1.0,sotap,1,low,,,espanol_ningun_adulto,adultos_uno_mas_analfabeta,,0,0,0.0,26.18890898,2.730928248,25.34612370011462,EXCLUSION,27.18,medium,EXCLUSION,0.16307999999999997,AI_right,False
137,#252,2024-04,Lista de Reserva,Vulnerabilidad Baja,1.0,1.525552408,1.0,1.0,1.776038647,1.498900966,1.790108696,1.0,sotap,1,low,,,espanol_uno_mas_adultos,adultos_ninguno_analfabeta,0.0,0,0,3.741369748,17.10850297,2.588860746,20.41970500378282,EXCLUSION,18.97,low,EXCLUSION,0.11381999999999998,AI_right,False
138,#606,2024-04,Elegible,Vulnerabilidad Elevada,2.070141643,1.0,1.0,1.0,1.776038647,2.823478261,2.580217391,1.043888889,foten,2,average,jefatura_masculina,si,espanol_uno_mas_adultos,adultos_uno_mas_analfabeta,,0,0,6.702282231,32.85812825,3.116564434,38.71868920026256,INCLUSION,18.23,high,INCLUSION,0.10938,AI_right,False
139,#555,2024-01,Elegible por Proceso Acelerado,Vulnerabilidad Baja,1.0,1.0,1.0,1.0,1.0,1.0,1.0,1.0,sotap,1,low,,,espanol_ningun_adulto,adultos_ninguno_analfabeta,,0,0,0.0,0.0,2.0,0.0,INCLUSION,21.05,low,INCLUSION,0.1263,AI_right,False
140,#1223,2024-05,No Elegible,Vulnerabilidad Elevada,2.070141643,1.0,1.0,1.0,1.776038647,2.823478261,1.790108696,1.043888889,sotap,3,low,jefatura_masculina,no,espanol_ningun_adulto,adultos_ninguno_analfabeta,0.0,0,0,6.702282231,26.85846924,2.949114914,32.912105216863374,EXCLUSION,17.96,medium,EXCLUSION,0.10776000000000001,AI_right,False
141,#1223,2024-01,Elegible por Proceso Acelerado,Vulnerabilidad Moderada,1.0,1.0,1.0,1.0,1.776038647,2.823478261,1.790108696,1.043888889,sotap,1,low,,,espanol_uno_mas_adultos,adultos_ninguno_analfabeta,0.0,0,0,0.0,26.85846924,2.749615568,25.99413684138756,INCLUSION,26.51,medium,EXCLUSION,0.15906,wrongly_exclude,True
142,#112,2024-02,No Elegible,Vulnerabilidad Moderada,1.0,1.0,1.0,1.0,1.776038647,2.823478261,1.790108696,1.0,sotap,6,average,jefatura_femenina,no,espanol_uno_mas_adultos,adultos_ninguno_analfabeta,0.0,0,0,0.0,26.18890898,2.730928248,25.34612370011462,EXCLUSION,25.96,medium,EXCLUSION,0.15575999999999998,AI_right,False
143,#1311,2023-09,No Elegible,Vulnerabilidad Moderada,2.700708215,1.0,2.578385269,1.0,1.0,1.498900966,1.0,1.0,sotap,1,low,,,espanol_uno_mas_adultos,adultos_ninguno_analfabeta,-500.0,0,0,20.97871872,3.815111519,2.730929228,25.34617228233538,EXCLUSION,16.52,medium,EXCLUSION,0.09911999999999999,AI_right,False
144,#016,2023-10,Elegible,Vulnerabilidad Baja,1.0,1.0,1.0,1.0,1.0,1.498900966,1.0,1.0,futij,3,average,jefatura_femenina,no,espanol_uno_mas_adultos,adultos_ninguno_analfabeta,,-500,0,0.0,3.815111519,2.10647915,3.692337415207061,INCLUSION,26.07,low,EXCLUSION,0.15641999999999998,wrongly_exclude,True
145,#071,2024-02,No Elegible,Vulnerabilidad Elevada,1.0,2.051104816,1.0,1.0,1.776038647,2.823478261,1.790108696,1.0,sotap,4,average,jefatura_masculina,no,espanol_uno_mas_adultos,adultos_ninguno_analfabeta,0.0,0,0,6.609317356,26.18890898,2.927660413,32.16813549794806,EXCLUSION,24.97,medium,EXCLUSION,0.14981999999999998,AI_right,False
146,#555,2023-10,Elegible,Vulnerabilidad Baja,1.0,1.0,1.0,1.0,1.0,2.117608696,1.790108696,1.043888889,sotap,1,low,,,espanol_uno_mas_adultos,adultos_ninguno_analfabeta,0.0,0,0,0.0,14.70478802,2.410408275,14.23157323672838,INCLUSION,22.08,low,INCLUSION,0.13248,AI_right,False
147,#672,2024-02,No Elegible,Vulnerabilidad Moderada,1.0,1.0,1.0,1.0,1.776038647,2.823478261,1.790108696,1.0,fupal,1,low,,,espanol_uno_mas_adultos,adultos_ninguno_analfabeta,,0,0,0.0,26.18890898,2.730928248,25.34612370011462,EXCLUSION,25.83,medium,EXCLUSION,0.15497999999999998,AI_right,False
148,#527,2024-02,Elegible,Vulnerabilidad Moderada,1.0,1.525552408,2.578385269,1.0,1.776038647,1.0,1.790108696,1.043888889,sotap,1,low,,,espanol_uno_mas_adultos,adultos_ninguno_analfabeta,0.0,0,0,13.7168894,12.53066404,2.758024142,26.28572735831016,INCLUSION,23.71,medium,INCLUSION,0.14226,AI_right,False
149,#1167,2024-02,Elegible,Vulnerabilidad Elevada,2.700708215,1.0,2.578385269,1.0,1.776038647,2.117608696,1.790108696,1.043888889,foten,1,low,,,espanol_uno_mas_adultos,adultos_ninguno_analfabeta,,0,0,20.97871872,22.50821784,3.252650827,43.43771574881928,INCLUSION,25.54,high,INCLUSION,0.15324000000000002,AI_right,False
150,#1583,2023-08,Lista de Reserva,Vulnerabilidad Severa,2.700708215,2.051104816,3.251728045,1.0,1.776038647,2.823478261,1.790108696,1.0,foten,4,average,jefatura_masculina,no,espanol_uno_mas_adultos,adultos_ninguno_analfabeta,,0,0,35.61565687,26.18890898,3.791059708,62.10792802384809,EXCLUSION,26.05,high,INCLUSION,0.1563,wrongly_include,True
151,#1311,2023-11,Lista de Reserva,Vulnerabilidad Baja,1.0,1.0,1.0,1.564135978,1.0,2.117608696,1.790108696,1.043888889,sotap,1,low,,,espanol_uno_mas_adultos,adultos_uno_mas_analfabeta,,0,0,3.975239986,14.70478802,2.528734801,18.334740420717846,EXCLUSION,22.29,low,EXCLUSION,0.13374,AI_right,False
152,#252,2024-06,No Elegible,Vulnerabilidad Elevada,1.0,1.525552408,1.0,1.0,1.776038647,2.823478261,2.580217391,1.0,sotap,3,average,jefatura_masculina,no,espanol_uno_mas_adultos,adultos_ninguno_analfabeta,,0,-500,3.741369748,32.12448674,3.007954444,34.95245940008045,EXCLUSION,21.79,high,EXCLUSION,0.13074,AI_right,False
153,#555,2024-01,Elegible,Vulnerabilidad Baja,1.0,1.0,1.0,1.0,1.0,1.0,1.790108696,1.0,sotap,1,low,,,espanol_uno_mas_adultos,adultos_ninguno_analfabeta,500.0,0,0,0.0,5.614422911,2.156697643,5.433745167301109,INCLUSION,20.17,low,INCLUSION,0.12102,AI_right,False
154,#1101,2023-10,Elegible,Vulnerabilidad Elevada,2.700708215,2.051104816,3.251728045,1.0,1.0,2.117608696,1.790108696,1.0,sotap,1,low,,,espanol_uno_mas_adultos,adultos_ninguno_analfabeta,,0,0,35.61565687,14.16503897,3.455475425,50.4709981746399,INCLUSION,18.22,high,INCLUSION,0.10932,AI_right,False
155,#071,2023-10,No Elegible,Vulnerabilidad Moderada,1.0,1.0,2.578385269,1.0,1.776038647,1.0,2.580217391,1.043888889,sotap,2,low,jefatura_masculina,si,espanol_uno_mas_adultos,adultos_ninguno_analfabeta,0.0,-500,0,8.975915299,17.15905947,2.746082638,25.87163300643305,EXCLUSION,26.5,medium,INCLUSION,0.159,wrongly_include,True
156,#1771,2024-02,Lista de Reserva,Vulnerabilidad Moderada,1.0,1.0,1.0,1.0,1.776038647,2.823478261,1.790108696,1.0,fupal,1,low,,,espanol_uno_mas_adultos,adultos_ninguno_analfabeta,,0,0,0.0,26.18890898,2.730928248,25.34612370011462,EXCLUSION,26.71,medium,EXCLUSION,0.16025999999999999,AI_right,False
157,#1223,2024-02,Elegible,Vulnerabilidad Baja,1.0,1.0,1.0,1.0,1.0,1.0,1.0,1.0,sotap,1,low,,,espanol_uno_mas_adultos,adultos_ninguno_analfabeta,,0,0,0.0,0.0,2.0,0.0,INCLUSION,20.28,low,INCLUSION,0.12168,AI_right,False
158,#1101,2024-01,Elegible por Proceso Acelerado,Vulnerabilidad Baja,2.700708215,1.0,1.0,1.0,1.0,2.117608696,1.790108696,1.043888889,sotap,4,average,jefatura_femenina,si,espanol_uno_mas_adultos,adultos_ninguno_analfabeta,,0,0,9.472088355,14.70478802,2.692353344,24.00848286708064,INCLUSION,18.81,medium,INCLUSION,0.11285999999999999,AI_right,False
159,#071,2023-08,Elegible,Vulnerabilidad Elevada,1.0,1.0,1.0,1.0,1.776038647,2.823478261,2.580217391,1.043888889,sotap,3,low,jefatura_masculina,si,espanol_uno_mas_adultos,adultos_ninguno_analfabeta,0.0,0,0,0.0,32.85812825,2.917065088,31.80072082478675,INCLUSION,22.1,medium,INCLUSION,0.1326,AI_right,False
160,#527,2024-06,No Elegible,Vulnerabilidad Baja,1.0,1.0,1.0,1.0,1.0,2.117608696,1.790108696,1.0,sotap,1,low,,,espanol_uno_mas_adultos,adultos_ninguno_analfabeta,,0,0,0.0,14.16503897,2.395343965,13.709193850906429,EXCLUSION,16.05,low,EXCLUSION,0.0963,AI_right,False
161,#252,2024-02,No Elegible por Duplicidad,Vulnerabilidad Baja,1.0,1.0,1.0,1.0,1.0,2.117608696,1.0,1.0,sotap,1,low,,,espanol_uno_mas_adultos,adultos_ninguno_analfabeta,,0,0,0.0,7.392265486,2.206316944,7.154374990395034,EXCLUSION,21.29,low,EXCLUSION,0.12774,AI_right,False
162,#1311,2023-10,Lista de Reserva,Vulnerabilidad Elevada,1.0,1.525552408,2.578385269,1.0,1.776038647,2.823478261,1.790108696,1.043888889,sotap,1,low,,,espanol_uno_mas_adultos,adultos_uno_mas_analfabeta,0.0,0,0,13.7168894,26.85846924,3.157910887,40.15244945916896,EXCLUSION,31.66,high,EXCLUSION,0.18996,AI_right,False
163,#1725,2023-06,Lista de Reserva,Vulnerabilidad Moderada,2.070141643,1.0,1.0,1.0,1.776038647,1.498900966,2.580217391,1.043888889,foten,1,low,,,espanol_uno_mas_adultos,adultos_ninguno_analfabeta,0.0,0,0,6.702282231,22.80125306,2.835878661,28.985454310751948,EXCLUSION,17.08,medium,EXCLUSION,0.10247999999999999,AI_right,False
164,#527,2024-07,No Elegible,Vulnerabilidad Moderada,1.0,2.051104816,1.0,1.0,1.776038647,2.117608696,1.790108696,1.0,sotap,3,low,jefatura_masculina,no,espanol_uno_mas_adultos,adultos_ninguno_analfabeta,,0,0,6.609317356,21.88512181,2.807542403,28.002848502865827,EXCLUSION,20.59,medium,EXCLUSION,0.12354,AI_right,False
165,#071,2023-07,Lista de Reserva,Vulnerabilidad Baja,1.0,1.0,1.0,1.0,1.776038647,1.0,2.580217391,1.043888889,sotap,1,low,,,espanol_ningun_adulto,adultos_uno_mas_analfabeta,0.0,0,0,0.0,17.15905947,2.478906597,16.60686377719593,EXCLUSION,20.09,low,EXCLUSION,0.12054,AI_right,False
166,#527,2024-02,No Elegible,Vulnerabilidad Elevada,2.070141643,1.0,2.578385269,1.0,1.776038647,2.823478261,2.580217391,1.043888889,sotap,1,low,,,espanol_uno_mas_adultos,adultos_ninguno_analfabeta,0.0,0,0,17.46888676,32.85812825,3.43704192,49.83177382961031,EXCLUSION,25.03,high,EXCLUSION,0.15018,AI_right,False
167,#252,2024-05,No Elegible,Vulnerabilidad Severa,2.700708215,1.0,3.251728045,1.0,1.776038647,2.117608696,2.580217391,1.043888889,sotap,4,complete,jefatura_femenina,si,espanol_uno_mas_adultos,adultos_ninguno_analfabeta,,0,0,24.2379543,28.09152966,3.505494188,52.20547205133984,EXCLUSION,18.56,high,EXCLUSION,0.11135999999999999,AI_right,False
168,#606,2024-03,Lista de Reserva,Vulnerabilidad Elevada,1.0,1.0,2.578385269,1.0,1.776038647,2.823478261,2.580217391,1.0,foten,1,low,,,espanol_uno_mas_adultos,adultos_ninguno_analfabeta,0.0,0,0,8.975915299,32.12448674,3.163765312,40.35545786145718,EXCLUSION,28.8,high,EXCLUSION,0.1728,AI_right,False
169,#1311,2024-04,No Elegible por Duplicidad,Vulnerabilidad Elevada,2.700708215,1.0,3.251728045,1.0,1.776038647,2.117608696,2.580217391,1.0,sotap,1,low,,,espanol_uno_mas_adultos,adultos_ninguno_analfabeta,0.0,0,0,24.2379543,27.40879931,3.486439293,51.54471264673319,EXCLUSION,17.65,high,EXCLUSION,0.1059,AI_right,False
170,#676,2023-06,No Elegible,Vulnerabilidad Moderada,1.0,1.0,1.0,1.0,1.776038647,2.823478261,2.580217391,1.0,pcr_cdmx,4,average,jefatura_masculina,no,espanol_uno_mas_adultos,adultos_ninguno_analfabeta,,0,0,0.0,32.12448674,2.896589272,31.09068863222006,EXCLUSION,20.54,medium,EXCLUSION,0.12323999999999999,AI_right,False
171,#1101,2024-04,Lista de Reserva,Vulnerabilidad Severa,2.070141643,1.0,2.578385269,1.0,1.776038647,1.498900966,2.580217391,2.544987923,sotap,3,complete,jefatura_femenina,si,espanol_ningun_adulto,adultos_uno_mas_analfabeta,0.0,0,0,17.46888676,37.43330939,3.564734492,54.25972106534397,EXCLUSION,21.44,high,EXCLUSION,0.12864,AI_right,False
172,#1841,2023-08,No Elegible,Vulnerabilidad Elevada,1.0,1.0,2.578385269,1.0,1.776038647,2.823478261,2.580217391,1.043888889,foten,2,average,jefatura_femenina,si,espanol_uno_mas_adultos,adultos_ninguno_analfabeta,,0,0,8.975915299,32.85812825,3.184241129,41.06549005402387,EXCLUSION,29.17,high,EXCLUSION,0.17502,AI_right,False
173,#937,2024-06,No Elegible,Vulnerabilidad Baja,1.0,1.0,1.0,1.0,1.776038647,2.117608696,1.790108696,1.0,futij,1,low,,,espanol_uno_mas_adultos,adultos_ninguno_analfabeta,,-500,0,0.0,21.88512181,2.610810239,21.18083670503239,EXCLUSION,21.83,low,EXCLUSION,0.13097999999999999,AI_right,False
174,#1101,2024-06,No Elegible,Vulnerabilidad Elevada,2.700708215,1.0,1.249197356,1.0,1.776038647,2.117608696,1.790108696,1.043888889,sotap,3,average,jefatura_femenina,si,espanol_uno_mas_adultos,adultos_ninguno_analfabeta,,0,0,11.93561888,22.50821784,2.983474979,34.10359991286824,EXCLUSION,12.86,high,EXCLUSION,0.07715999999999999,AI_right,False
175,#676,2023-11,Lista de Reserva,Vulnerabilidad Baja,1.0,1.0,1.0,1.0,1.776038647,1.498900966,1.790108696,1.0,pcr_cdmx,1,low,,,espanol_uno_mas_adultos,adultos_ninguno_analfabeta,,0,0,0.0,17.10850297,2.477495573,16.55793423592243,EXCLUSION,24.47,low,EXCLUSION,0.14682,AI_right,False
176,#1223,2023-09,Elegible,Vulnerabilidad Baja,1.0,1.0,1.0,1.0,1.776038647,1.0,2.580217391,1.043888889,sotap,1,low,,,espanol_uno_mas_adultos,adultos_ninguno_analfabeta,,0,0,0.0,17.15905947,2.478906597,16.60686377719593,INCLUSION,19.3,low,INCLUSION,0.1158,AI_right,False
177,#071,2024-04,Elegible,Vulnerabilidad Elevada,1.0,1.0,2.578385269,1.0,1.776038647,2.117608696,2.580217391,1.043888889,sotap,2,average,jefatura_femenina,si,espanol_ningun_adulto,adultos_uno_mas_analfabeta,,0,0,8.975915299,28.09152966,3.051206127,36.45228537324866,INCLUSION,21.98,high,EXCLUSION,0.13188,wrongly_exclude,True
178,#1101,2023-06,Elegible,Vulnerabilidad Baja,1.0,1.0,1.0,1.0,1.0,1.0,1.790108696,1.0,sotap,1,low,,,espanol_ningun_adulto,adultos_uno_mas_analfabeta,,0,0,0.0,5.614422911,2.156697643,5.433745167301109,INCLUSION,17.53,low,INCLUSION,0.10518000000000001,AI_right,False
179,#645,2023-08,No Elegible,Vulnerabilidad Elevada,2.070141643,1.0,1.0,1.0,1.776038647,2.117608696,2.580217391,1.043888889,fupal,2,low,jefatura_masculina,no,espanol_uno_mas_adultos,adultos_ninguno_analfabeta,,0,0,6.702282231,28.09152966,2.983529432,34.10548451948735,EXCLUSION,23.22,high,EXCLUSION,0.13932,AI_right,False
180,#555,2024-03,No Elegible,Vulnerabilidad Severa,2.700708215,1.0,2.578385269,1.0,1.776038647,2.823478261,2.580217391,1.0,sotap,2,average,jefatura_masculina,no,espanol_uno_mas_adultos,adultos_ninguno_analfabeta,0.0,0,0,20.97871872,32.12448674,3.521039349,52.74452349934838,EXCLUSION,26.14,high,EXCLUSION,0.15684,AI_right,False
181,#071,2023-08,Elegible,Vulnerabilidad Moderada,1.0,1.525552408,1.0,1.0,1.776038647,2.117608696,1.790108696,1.0,sotap,1,low,,,espanol_uno_mas_adultos,adultos_ninguno_analfabeta,,0,0,3.741369748,21.88512181,2.722175411,25.04260747289278,INCLUSION,21.69,medium,INCLUSION,0.13014,AI_right,False
182,#1805,2024-04,Lista de Reserva,Vulnerabilidad Baja,1.0,1.0,2.578385269,1.0,1.776038647,1.0,1.790108696,1.0,fomon,1,low,,,espanol_uno_mas_adultos,adultos_ninguno_analfabeta,0.0,0,0,8.975915299,12.01413641,2.602488661,20.89227871542691,EXCLUSION,22.3,low,EXCLUSION,0.1338,AI_right,False
183,#1311,2024-04,No Elegible,Vulnerabilidad Elevada,2.070141643,1.0,3.251728045,1.0,1.0,2.117608696,2.580217391,1.043888889,sotap,4,average,jefatura_femenina,no,espanol_uno_mas_adultos,adultos_ninguno_analfabeta,0.0,0,0,20.51851115,19.54126117,3.156145058,40.09122120160637,EXCLUSION,15.85,high,EXCLUSION,0.0951,AI_right,False
184,#252,2024-06,Lista de Reserva,Vulnerabilidad Severa,2.070141643,2.051104816,2.578385269,1.0,1.776038647,2.823478261,2.580217391,2.544987923,sotap,3,complete,jefatura_masculina,si,espanol_ningun_adulto,adultos_uno_mas_analfabeta,0.0,0,0,27.51489601,50.0,4.214497142,76.79130287849782,EXCLUSION,21.47,high,EXCLUSION,0.12882,AI_right,False
185,#1311,2023-11,Elegible,Vulnerabilidad Baja,1.0,2.051104816,1.249197356,1.0,1.776038647,1.0,1.790108696,1.043888889,sotap,1,low,,,espanol_uno_mas_adultos,adultos_ninguno_analfabeta,0.0,0,0,8.909093135,12.53066404,2.614915843,21.3232114017062,INCLUSION,22.09,medium,EXCLUSION,0.13254,wrongly_exclude,True
186,#1859,2023-09,No Elegible,Vulnerabilidad Baja,1.0,1.0,1.0,1.0,1.0,2.117608696,1.0,1.0,pcr_cdmx,1,low,,,espanol_uno_mas_adultos,adultos_ninguno_analfabeta,0.0,0,0,0.0,7.392265486,2.206316944,7.154374990395034,EXCLUSION,24.06,low,EXCLUSION,0.14436,AI_right,False
187,#645,2023-12,No Elegible,Vulnerabilidad Elevada,1.0,1.0,2.578385269,1.0,1.776038647,2.823478261,2.580217391,1.043888889,fupal,1,low,,,espanol_uno_mas_adultos,adultos_ninguno_analfabeta,,0,0,8.975915299,32.85812825,3.184241129,41.06549005402387,EXCLUSION,27.79,high,EXCLUSION,0.16673999999999997,AI_right,False
188,#1101,2024-01,Lista de Reserva,Vulnerabilidad Baja,1.0,1.0,2.578385269,1.0,1.776038647,1.0,1.790108696,1.043888889,sotap,1,low,,,espanol_uno_mas_adultos,adultos_ninguno_analfabeta,,0,0,8.975915299,12.53066404,2.616904864,21.39218396976588,EXCLUSION,26.36,medium,EXCLUSION,0.15816,AI_right,False
189,#252,2024-06,No Elegible,Vulnerabilidad Moderada,1.0,1.0,1.249197356,1.0,1.776038647,2.117608696,2.580217391,1.043888889,sotap,1,low,,,espanol_uno_mas_adultos,adultos_ninguno_analfabeta,0.0,0,0,1.921713018,28.09152966,2.841231571,29.1710718086438,EXCLUSION,17.86,medium,EXCLUSION,0.10715999999999999,AI_right,False
190,#1101,2023-07,Lista de Reserva,Vulnerabilidad Elevada,2.700708215,1.0,3.251728045,1.0,1.776038647,2.823478261,1.0,1.0,sotap,3,low,jefatura_masculina,no,espanol_ningun_adulto,adultos_ninguno_analfabeta,0.0,0,0,24.2379543,17.78726377,3.21790378,42.23280774194593,EXCLUSION,20.83,high,EXCLUSION,0.12497999999999998,AI_right,False
191,#1624,2023-12,Elegible,Vulnerabilidad Baja,1.0,1.0,1.0,1.0,1.776038647,1.498900966,1.790108696,1.0,fusal,1,low,,,espanol_uno_mas_adultos,adultos_ninguno_analfabeta,,0,0,0.0,17.10850297,2.477495573,16.55793423592243,INCLUSION,25.88,low,INCLUSION,0.15527999999999997,AI_right,False
192,#1223,2024-05,No Elegible por Duplicidad,Vulnerabilidad Elevada,2.070141643,1.0,1.0,1.0,1.776038647,2.823478261,2.580217391,1.043888889,sotap,2,complete,jefatura_femenina,si,espanol_uno_mas_adultos,adultos_ninguno_analfabeta,-500.0,0,0,6.702282231,32.85812825,3.116564434,38.71868920026256,EXCLUSION,17.39,high,EXCLUSION,0.10434,AI_right,False
193,#1311,2024-05,No Elegible,Vulnerabilidad Baja,1.0,1.0,1.0,1.0,1.776038647,1.0,1.790108696,1.0,sotap,1,low,,,espanol_uno_mas_adultos,adultos_uno_mas_analfabeta,,0,0,0.0,12.01413641,2.33531262,11.62750948618979,EXCLUSION,19.96,low,EXCLUSION,0.11975999999999999,AI_right,False
194,#1407,2024-04,No Elegible,Vulnerabilidad Elevada,1.0,1.0,1.0,1.0,1.776038647,2.823478261,2.580217391,1.043888889,foten,1,low,,,espanol_uno_mas_adultos,adultos_ninguno_analfabeta,,0,0,0.0,32.85812825,2.917065088,31.80072082478675,EXCLUSION,20.07,medium,EXCLUSION,0.12041999999999999,AI_right,False
195,#1101,2024-01,Elegible,Vulnerabilidad Baja,2.070141643,1.0,1.0,1.564135978,1.0,1.0,1.790108696,1.043888889,sotap,2,low,jefatura_masculina,no,espanol_uno_mas_adultos,adultos_ninguno_analfabeta,,0,0,11.47057999,6.061858428,2.510617433,17.706496486586722,INCLUSION,15.0,low,EXCLUSION,0.09,wrongly_exclude,True
196,#071,2023-08,No Elegible,Vulnerabilidad Elevada,1.0,1.0,2.578385269,1.0,1.776038647,2.823478261,1.790108696,1.043888889,sotap,3,average,jefatura_femenina,si,espanol_uno_mas_adultos,adultos_ninguno_analfabeta,-500.0,0,0,8.975915299,26.85846924,3.016791609,35.25890607062468,EXCLUSION,27.13,high,EXCLUSION,0.16277999999999998,AI_right,False
197,#071,2023-10,No Elegible,Vulnerabilidad Elevada,2.700708215,1.525552408,2.578385269,1.0,1.776038647,2.117608696,1.790108696,1.0,sotap,1,low,,,espanol_uno_mas_adultos,adultos_ninguno_analfabeta,0.0,0,0,27.05638709,21.88512181,3.416167479,49.10792538797568,EXCLUSION,22.51,high,EXCLUSION,0.13506,AI_right,False
198,#1101,2024-01,No Elegible por Intenciones,Vulnerabilidad Elevada,1.599560907,2.051104816,1.0,1.0,1.776038647,2.117608696,1.790108696,1.0,sotap,1,low,,,espanol_ningun_adulto,adultos_ninguno_analfabeta,0.0,0,0,11.61905914,21.88512181,2.956661789,33.17380878721673,EXCLUSION,26.91,medium,EXCLUSION,0.16146,AI_right,False
199,#112,2024-01,Elegible,Vulnerabilidad Elevada,1.0,1.0,2.578385269,1.0,1.776038647,2.117608696,1.790108696,1.738466184,sotap,4,average,jefatura_masculina,no,espanol_uno_mas_adultos,adultos_ninguno_analfabeta,0.0,0,0,8.975915299,30.44211729,3.116810651,38.727228742727625,INCLUSION,30.1,high,EXCLUSION,0.18059999999999998,wrongly_exclude,True
200,#1223,2023-09,Elegible,Vulnerabilidad Moderada,1.0,1.0,1.0,1.0,1.776038647,1.498900966,2.580217391,1.738466184,sotap,1,low,,,espanol_uno_mas_adultos,adultos_uno_mas_analfabeta,,0,0,0.0,30.77500505,2.858925454,29.78463461248595,INCLUSION,21.64,medium,INCLUSION,0.12984,AI_right,False
201,#1101,2023-09,Elegible,Vulnerabilidad Baja,1.0,1.0,1.0,1.0,1.776038647,1.498900966,1.0,1.0,sotap,4,low,jefatura_femenina,no,espanol_uno_mas_adultos,adultos_ninguno_analfabeta,0.0,0,0,0.0,9.93697889,2.277339487,9.61719697234091,INCLUSION,22.59,low,INCLUSION,0.13554,AI_right,False
202,#555,2024-02,No Elegible,Vulnerabilidad Elevada,2.070141643,1.0,1.0,1.0,1.776038647,2.823478261,1.790108696,1.043888889,sotap,2,average,jefatura_femenina,si,espanol_uno_mas_adultos,adultos_ninguno_analfabeta,,0,0,6.702282231,26.85846924,2.949114914,32.912105216863374,EXCLUSION,24.98,medium,EXCLUSION,0.14987999999999999,AI_right,False
203,#1359,2024-01,Elegible,Vulnerabilidad Baja,1.0,1.0,1.0,1.0,1.0,1.498900966,1.0,1.0,foten,2,average,jefatura_masculina,no,espanol_uno_mas_adultos,adultos_ninguno_analfabeta,0.0,0,0,0.0,3.815111519,2.10647915,3.692337415207061,INCLUSION,27.4,low,INCLUSION,0.16439999999999996,AI_right,False
204,#133,2024-05,No Elegible,Vulnerabilidad Moderada,1.0,1.0,1.0,1.0,1.776038647,2.823478261,2.580217391,1.0,fupal,3,low,jefatura_femenina,no,espanol_ningun_adulto,adultos_uno_mas_analfabeta,,0,0,0.0,32.12448674,2.896589272,31.09068863222006,EXCLUSION,25.62,medium,EXCLUSION,0.15372,AI_right,False
205,#1771,2023-10,Lista de Reserva,Vulnerabilidad Baja,1.0,1.0,1.0,1.0,1.0,2.823478261,1.0,1.0,fupal,1,low,,,espanol_uno_mas_adultos,adultos_ninguno_analfabeta,,0,0,0.0,10.61532135,2.296271916,10.27370969363565,EXCLUSION,27.19,low,EXCLUSION,0.16314,AI_right,False
206,#555,2024-01,Elegible,Vulnerabilidad Elevada,2.070141643,1.525552408,1.0,1.0,1.776038647,2.117608696,1.790108696,1.043888889,sotap,2,average,jefatura_femenina,si,espanol_uno_mas_adultos,adultos_uno_mas_analfabeta,,0,0,11.1900528,22.50821784,2.961282546,33.33404077084776,INCLUSION,25.82,medium,INCLUSION,0.15491999999999997,AI_right,False
207,#1311,2024-02,No Elegible,Vulnerabilidad Baja,1.0,1.0,1.0,1.0,1.776038647,1.498900966,1.790108696,1.0,sotap,4,average,jefatura_masculina,no,espanol_uno_mas_adultos,adultos_ninguno_analfabeta,,0,0,0.0,17.10850297,2.477495573,16.55793423592243,EXCLUSION,25.18,low,EXCLUSION,0.15108000000000002,AI_right,False
208,#672,2024-03,No Elegible por Intenciones,Vulnerabilidad Elevada,1.0,2.051104816,1.0,1.0,1.776038647,2.823478261,1.790108696,1.0,fupal,4,average,jefatura_masculina,no,espanol_uno_mas_adultos,adultos_ninguno_analfabeta,,0,0,6.609317356,26.18890898,2.927660413,32.16813549794806,EXCLUSION,28.15,medium,EXCLUSION,0.16889999999999997,AI_right,False
209,#071,2023-12,Lista de Reserva,Vulnerabilidad Elevada,2.070141643,1.0,1.0,1.0,1.776038647,2.117608696,2.580217391,2.544987923,sotap,1,low,,,espanol_uno_mas_adultos,adultos_ninguno_analfabeta,,0,0,6.702282231,44.04383881,3.428755821,49.5444324087312,EXCLUSION,18.96,high,EXCLUSION,0.11376,AI_right,False
210,#112,2023-08,No Elegible,Vulnerabilidad Baja,2.070141643,1.0,1.0,1.0,1.0,1.498900966,1.790108696,1.043888889,sotap,1,low,,,espanol_uno_mas_adultos,adultos_ninguno_analfabeta,0.0,0,0,6.702282231,10.52243148,2.49317872,17.10177748801793,EXCLUSION,18.26,low,EXCLUSION,0.10956,AI_right,False
211,#071,2023-08,No Elegible,Vulnerabilidad Elevada,2.070141643,1.0,1.0,1.0,1.776038647,2.117608696,2.580217391,1.043888889,sotap,2,complete,jefatura_femenina,si,espanol_uno_mas_adultos,adultos_ninguno_analfabeta,,0,0,6.702282231,28.09152966,2.983529432,34.10548451948735,EXCLUSION,17.81,high,INCLUSION,0.10685999999999998,wrongly_include,True
212,#1223,2024-02,Elegible,Vulnerabilidad Moderada,1.0,1.0,2.578385269,1.0,1.776038647,2.117608696,1.790108696,1.043888889,sotap,1,low,,,espanol_uno_mas_adultos,adultos_ninguno_analfabeta,,0,0,8.975915299,22.50821784,2.89537679,31.04865011092808,INCLUSION,26.38,medium,INCLUSION,0.15827999999999998,AI_right,False
213,#1223,2023-12,No Elegible,Vulnerabilidad Elevada,1.0,1.0,2.578385269,1.0,1.776038647,2.823478261,2.580217391,1.043888889,sotap,4,average,jefatura_femenina,no,espanol_uno_mas_adultos,adultos_ninguno_analfabeta,0.0,0,0,8.975915299,32.85812825,3.184241129,41.06549005402387,EXCLUSION,30.13,high,EXCLUSION,0.18078,AI_right,False
214,#1311,2024-04,No Elegible,Vulnerabilidad Baja,1.0,1.0,1.0,1.0,1.776038647,1.0,1.0,1.0,sotap,1,low,,,espanol_uno_mas_adultos,adultos_ninguno_analfabeta,0.0,0,-500,0.0,5.532745347,2.154418035,5.354696068988193,EXCLUSION,22.63,low,EXCLUSION,0.13577999999999998,AI_right,False
215,#555,2023-07,No Elegible,Vulnerabilidad Elevada,2.070141643,2.051104816,2.578385269,1.0,1.0,1.0,1.790108696,1.043888889,sotap,2,average,jefatura_femenina,si,espanol_uno_mas_adultos,adultos_ninguno_analfabeta,-500.0,0,0,27.51489601,6.061858428,2.98819066,34.26713464042634,EXCLUSION,16.69,high,EXCLUSION,0.10014,AI_right,False
216,#527,2024-04,Elegible,Vulnerabilidad Elevada,1.0,2.051104816,2.578385269,1.0,1.776038647,2.117608696,1.790108696,1.0,sotap,1,low,,,espanol_uno_mas_adultos,adultos_ninguno_analfabeta,,0,0,17.3510839,21.88512181,3.127280564,39.090295836018285,INCLUSION,22.55,high,INCLUSION,0.1353,AI_right,False
217,#112,2024-05,No Elegible,Vulnerabilidad Baja,1.0,1.525552408,1.0,1.0,1.0,2.117608696,1.790108696,1.0,sotap,4,average,jefatura_masculina,no,espanol_uno_mas_adultos,adultos_ninguno_analfabeta,,0,0,3.741369748,14.16503897,2.506709138,17.570964618766816,EXCLUSION,19.4,low,INCLUSION,0.11639999999999998,wrongly_include,True
218,#1311,2023-10,Elegible,Vulnerabilidad Elevada,2.700708215,1.0,1.0,1.0,1.776038647,2.823478261,1.790108696,1.0,sotap,3,average,jefatura_femenina,no,espanol_uno_mas_adultos,adultos_ninguno_analfabeta,0.0,0,0,9.472088355,26.18890898,3.012873318,35.123033330466875,INCLUSION,24.59,high,INCLUSION,0.14754,AI_right,False
219,#252,2023-12,Elegible,Vulnerabilidad Elevada,1.0,1.0,2.578385269,1.0,1.776038647,2.823478261,1.790108696,1.0,sotap,2,low,jefatura_masculina,no,espanol_uno_mas_adultos,adultos_ninguno_analfabeta,-500.0,0,0,8.975915299,26.18890898,2.998104289,34.61089292935174,INCLUSION,26.51,high,INCLUSION,0.15906,AI_right,False
220,#1167,2023-08,Elegible,Vulnerabilidad Elevada,2.070141643,1.0,1.0,1.0,1.776038647,2.823478261,1.790108696,1.043888889,foten,4,average,jefatura_femenina,si,espanol_uno_mas_adultos,adultos_ninguno_analfabeta,0.0,0,0,6.702282231,26.85846924,2.949114914,32.912105216863374,INCLUSION,22.58,medium,INCLUSION,0.13548,AI_right,False
221,#1223,2024-04,Lista de Reserva,Vulnerabilidad Moderada,1.0,1.0,1.0,1.0,1.776038647,2.823478261,1.790108696,1.043888889,sotap,1,low,,,espanol_uno_mas_adultos,adultos_ninguno_analfabeta,0.0,0,0,0.0,26.85846924,2.749615568,25.99413684138756,EXCLUSION,20.57,medium,EXCLUSION,0.12341999999999999,AI_right,False
222,#1101,2023-08,Elegible,Vulnerabilidad Baja,1.0,1.0,2.578385269,1.0,1.776038647,1.0,1.790108696,1.0,sotap,4,average,jefatura_femenina,no,espanol_uno_mas_adultos,adultos_ninguno_analfabeta,0.0,0,0,8.975915299,12.01413641,2.602488661,20.89227871542691,INCLUSION,26.07,low,INCLUSION,0.15641999999999998,AI_right,False
223,#1101,2024-04,No Elegible,Vulnerabilidad Moderada,1.0,1.0,2.578385269,1.0,1.776038647,1.0,2.580217391,1.043888889,sotap,3,average,jefatura_femenina,no,espanol_uno_mas_adultos,adultos_ninguno_analfabeta,-500.0,0,0,8.975915299,17.15905947,2.746082638,25.87163300643305,EXCLUSION,19.28,medium,EXCLUSION,0.11567999999999999,AI_right,False
224,#238,2023-11,No Elegible,Vulnerabilidad Elevada,2.700708215,1.0,3.251728045,1.0,1.776038647,2.823478261,1.790108696,1.0,futij,2,low,jefatura_masculina,no,espanol_uno_mas_adultos,adultos_ninguno_analfabeta,0.0,0,0,24.2379543,26.18890898,3.45239235,50.36407960744292,EXCLUSION,27.77,high,EXCLUSION,0.16662,AI_right,False
225,#645,2024-05,Lista de Reserva,Vulnerabilidad Baja,1.0,1.0,1.0,1.0,1.0,1.0,1.0,1.0,fupal,1,low,,,espanol_uno_mas_adultos,adultos_ninguno_analfabeta,,0,0,0.0,0.0,2.0,0.0,EXCLUSION,18.42,low,EXCLUSION,0.11052000000000002,AI_right,False
226,#1311,2023-07,Lista de Reserva,Vulnerabilidad Moderada,1.0,1.0,1.0,1.0,1.776038647,2.117608696,2.580217391,1.043888889,sotap,1,low,,,espanol_uno_mas_adultos,adultos_ninguno_analfabeta,0.0,0,0,0.0,28.09152966,2.784030087,27.18751614401154,EXCLUSION,17.51,medium,EXCLUSION,0.10506,AI_right,False
227,#527,2023-12,Elegible,Vulnerabilidad Baja,1.0,1.0,1.0,1.0,1.0,1.0,1.0,1.0,sotap,4,average,jefatura_femenina,si,espanol_uno_mas_adultos,adultos_ninguno_analfabeta,0.0,-500,0,0.0,0.0,2.0,0.0,INCLUSION,25.39,low,INCLUSION,0.15234,AI_right,False
228,#071,2024-04,No Elegible,Vulnerabilidad Baja,2.070141643,1.525552408,1.0,1.0,1.0,1.0,1.790108696,1.043888889,sotap,1,low,,,espanol_uno_mas_adultos,adultos_uno_mas_analfabeta,,0,0,11.1900528,6.061858428,2.502267294,17.41694165108533,EXCLUSION,14.29,low,EXCLUSION,0.08574,AI_right,False
229,#071,2024-04,No Elegible,Vulnerabilidad Elevada,1.0,1.0,3.251728045,1.0,1.776038647,2.823478261,2.580217391,1.043888889,sotap,1,low,,,espanol_uno_mas_adultos,adultos_uno_mas_analfabeta,,0,0,11.51832969,32.85812825,3.259918337,43.68972188254064,EXCLUSION,27.79,high,INCLUSION,0.16673999999999997,wrongly_include,True
230,#1725,2023-11,No Elegible,Vulnerabilidad Elevada,2.070141643,1.0,1.0,1.0,1.776038647,2.823478261,2.580217391,1.043888889,foten,1,low,,,espanol_uno_mas_adultos,adultos_uno_mas_analfabeta,,0,0,6.702282231,32.85812825,3.116564434,38.71868920026256,EXCLUSION,27.86,high,EXCLUSION,0.16716,AI_right,False
231,#1200,2023-11,Elegible,Vulnerabilidad Elevada,1.0,1.0,1.0,1.0,1.776038647,2.823478261,2.580217391,1.043888889,fupal,1,low,,,espanol_uno_mas_adultos,adultos_ninguno_analfabeta,,0,0,0.0,32.85812825,2.917065088,31.80072082478675,INCLUSION,27.24,medium,INCLUSION,0.16343999999999997,AI_right,False
232,#1101,2024-04,No Elegible,Vulnerabilidad Elevada,2.070141643,1.0,1.0,1.0,1.776038647,2.117608696,2.580217391,1.043888889,sotap,2,average,jefatura_femenina,no,espanol_uno_mas_adultos,adultos_ninguno_analfabeta,,0,0,6.702282231,28.09152966,2.983529432,34.10548451948735,EXCLUSION,14.26,high,EXCLUSION,0.08556,AI_right,False
233,#1311,2024-05,No Elegible,Vulnerabilidad Moderada,1.0,1.0,1.0,1.0,1.776038647,2.823478261,1.790108696,1.0,sotap,1,low,,,espanol_uno_mas_adultos,adultos_ninguno_analfabeta,,0,0,0.0,26.18890898,2.730928248,25.34612370011462,EXCLUSION,20.81,medium,EXCLUSION,0.12485999999999998,AI_right,False
234,#1167,2024-01,No Elegible,Vulnerabilidad Severa,2.700708215,1.0,2.578385269,1.0,1.776038647,2.823478261,2.580217391,1.0,foten,5,high,jefatura_femenina,si,espanol_uno_mas_adultos,adultos_ninguno_analfabeta,,0,0,20.97871872,32.12448674,3.521039349,52.74452349934838,EXCLUSION,31.99,high,EXCLUSION,0.19193999999999997,AI_right,False
235,#527,2024-05,No Elegible por Intenciones,Vulnerabilidad Elevada,1.0,1.525552408,2.578385269,1.0,1.776038647,2.823478261,1.790108696,1.0,sotap,2,average,jefatura_femenina,si,espanol_uno_mas_adultos,adultos_uno_mas_analfabeta,,0,0,13.7168894,26.18890898,3.139223567,39.50443631789602,EXCLUSION,27.85,high,EXCLUSION,0.1671,AI_right,False
236,#1765,2024-01,Elegible,Vulnerabilidad Baja,1.0,1.0,1.0,1.0,1.776038647,2.823478261,1.0,1.0,fupal,1,low,,,espanol_uno_mas_adultos,adultos_uno_mas_analfabeta,0.0,0,0,0.0,17.78726377,2.496439678,17.21485183461763,INCLUSION,35.98,low,INCLUSION,0.21587999999999996,AI_right,False
237,#527,2024-02,No Elegible,Vulnerabilidad Baja,1.0,1.0,1.0,1.0,1.0,1.0,1.0,1.043888889,sotap,3,low,jefatura_masculina,no,espanol_uno_mas_adultos,adultos_ninguno_analfabeta,0.0,0,0,0.0,0.386821499,2.010796126,0.374373196340681,EXCLUSION,21.53,low,EXCLUSION,0.12918000000000002,AI_right,False
238,#527,2024-01,Elegible por Proceso Acelerado,Vulnerabilidad Baja,1.0,2.051104816,1.0,1.0,1.776038647,2.117608696,1.0,1.0,sotap,1,low,,,espanol_uno_mas_adultos,adultos_ninguno_analfabeta,,0,0,6.609317356,14.06650994,2.5893262,20.43584738145429,INCLUSION,26.93,low,INCLUSION,0.16157999999999997,AI_right,False
239,#527,2023-12,Elegible,Vulnerabilidad Baja,1.0,1.0,1.0,1.0,1.776038647,2.117608696,1.790108696,1.0,sotap,2,average,jefatura_femenina,si,espanol_uno_mas_adultos,adultos_ninguno_analfabeta,0.0,0,0,0.0,21.88512181,2.610810239,21.18083670503239,INCLUSION,21.76,low,INCLUSION,0.13056,AI_right,False
240,#112,2024-04,Elegible,Vulnerabilidad Elevada,2.700708215,1.0,3.251728045,1.0,1.776038647,2.823478261,1.790108696,1.043888889,sotap,3,low,jefatura_masculina,no,espanol_uno_mas_adultos,adultos_ninguno_analfabeta,0.0,0,0,24.2379543,26.85846924,3.471079669,51.01209274871586,INCLUSION,20.34,high,EXCLUSION,0.12204,wrongly_exclude,True
241,#1765,2023-11,No Elegible,Vulnerabilidad Elevada,2.700708215,1.525552408,1.249197356,1.0,1.776038647,2.823478261,1.790108696,1.0,fupal,5,low,jefatura_femenina,no,espanol_uno_mas_adultos,adultos_ninguno_analfabeta,,0,0,17.00620089,26.18890898,3.237132827,42.89960114095571,EXCLUSION,22.89,high,INCLUSION,0.13734,wrongly_include,True
242,#1223,2024-01,No Elegible,Vulnerabilidad Baja,1.0,2.051104816,1.0,1.0,1.776038647,1.0,2.580217391,1.0,sotap,3,low,jefatura_masculina,no,espanol_uno_mas_adultos,adultos_ninguno_analfabeta,0.0,0,0,6.609317356,16.59309681,2.659842834,22.881126159390824,EXCLUSION,23.23,medium,EXCLUSION,0.13938,AI_right,False
243,#1583,2023-08,No Elegible,Vulnerabilidad Elevada,1.0,1.0,1.249197356,1.564135978,1.776038647,2.823478261,1.790108696,1.043888889,foten,4,average,jefatura_femenina,si,espanol_uno_mas_adultos,adultos_ninguno_analfabeta,0.0,0,0,6.124342631,26.85846924,2.931912031,32.31556694259577,EXCLUSION,31.72,medium,INCLUSION,0.19032,wrongly_include,True
244,#112,2024-02,No Elegible,Vulnerabilidad Moderada,2.700708215,1.0,1.0,1.0,1.776038647,2.823478261,1.0,1.0,sotap,1,low,,,espanol_uno_mas_adultos,adultos_ninguno_analfabeta,,0,0,9.472088355,17.78726377,2.778384748,26.991761464969883,EXCLUSION,21.53,medium,EXCLUSION,0.12918000000000002,AI_right,False
245,#440,2024-03,No Elegible,Vulnerabilidad Elevada,1.0,2.051104816,2.578385269,1.0,1.776038647,2.823478261,2.580217391,1.043888889,pcr_cdmx,3,average,jefatura_femenina,si,espanol_ningun_adulto,adultos_ninguno_analfabeta,0.0,0,0,17.3510839,32.85812825,3.433535414,49.710179955772645,EXCLUSION,35.17,high,EXCLUSION,0.21102,AI_right,False
246,#112,2023-12,Elegible,Vulnerabilidad Elevada,2.070141643,1.0,1.0,1.0,1.776038647,1.0,2.580217391,2.544987923,sotap,5,high,jefatura_femenina,no,espanol_uno_mas_adultos,adultos_ninguno_analfabeta,-500.0,0,0,6.702282231,30.38303782,3.047485057,36.32324965539039,INCLUSION,20.4,high,INCLUSION,0.12239999999999998,AI_right,False
247,#1101,2023-08,Elegible,Vulnerabilidad Elevada,2.700708215,1.0,3.251728045,1.0,1.776038647,2.117608696,2.580217391,1.0,sotap,6,high,jefatura_masculina,no,espanol_uno_mas_adultos,adultos_ninguno_analfabeta,0.0,0,0,24.2379543,27.40879931,3.486439293,51.54471264673319,INCLUSION,22.78,high,INCLUSION,0.13668,AI_right,False
248,#1102,2023-07,No Elegible,Vulnerabilidad Baja,1.0,2.051104816,1.0,1.0,1.0,1.0,1.0,1.0,pcr_cdmx,1,low,,,espanol_ningun_adulto,adultos_ninguno_analfabeta,,0,0,6.609317356,0.0,2.196732164,6.8220117978334365,EXCLUSION,15.22,low,EXCLUSION,0.09132,AI_right,False
249,#1311,2023-07,No Elegible,Vulnerabilidad Moderada,1.0,1.525552408,1.0,1.0,1.776038647,2.117608696,1.790108696,1.0,sotap,1,low,,,espanol_uno_mas_adultos,adultos_ninguno_analfabeta,0.0,0,0,3.741369748,21.88512181,2.722175411,25.04260747289278,EXCLUSION,17.71,medium,EXCLUSION,0.10626000000000001,AI_right,False
250,#1311,2024-06,Lista de Reserva,Vulnerabilidad Elevada,2.070141643,1.0,2.578385269,1.0,1.776038647,1.0,2.580217391,2.544987923,sotap,3,average,jefatura_femenina,si,espanol_uno_mas_adultos,adultos_ninguno_analfabeta,0.0,0,0,17.46888676,30.38303782,3.367962543,47.43633428473814,EXCLUSION,15.93,high,EXCLUSION,0.09558,AI_right,False
251,#555,2024-05,No Elegible,Vulnerabilidad Baja,1.0,1.0,1.0,1.0,1.0,1.498900966,1.790108696,1.0,sotap,1,low,,,espanol_uno_mas_adultos,adultos_ninguno_analfabeta,0.0,0,0,0.0,10.02735341,2.279861825,9.70466314991279,EXCLUSION,17.3,low,EXCLUSION,0.1038,AI_right,False
252,#555,2023-11,No Elegible,Vulnerabilidad Elevada,2.700708215,1.0,2.578385269,1.0,1.776038647,2.117608696,2.580217391,1.0,sotap,4,average,jefatura_femenina,no,espanol_uno_mas_adultos,adultos_ninguno_analfabeta,,0,0,20.97871872,27.40879931,3.389425269,48.18059160653321,EXCLUSION,26.25,high,INCLUSION,0.1575,wrongly_include,True
253,#252,2023-09,No Elegible,Vulnerabilidad Baja,1.0,1.0,1.0,1.0,1.0,2.117608696,1.790108696,1.0,sotap,4,average,jefatura_masculina,no,espanol_uno_mas_adultos,adultos_ninguno_analfabeta,0.0,0,0,0.0,14.16503897,2.395343965,13.709193850906429,EXCLUSION,21.97,low,EXCLUSION,0.13182,AI_right,False
254,#1860,2023-07,Lista de Reserva,Vulnerabilidad Moderada,1.0,1.0,1.0,1.0,1.776038647,2.823478261,2.580217391,1.0,pcr_cdmx,1,low,,,espanol_ningun_adulto,adultos_ninguno_analfabeta,0.0,0,0,0.0,32.12448674,2.896589272,31.09068863222006,EXCLUSION,20.76,medium,EXCLUSION,0.12456,AI_right,False
255,#555,2024-04,Elegible,Vulnerabilidad Baja,2.070141643,1.0,1.0,1.0,1.776038647,1.498900966,1.790108696,1.043888889,sotap,1,low,,,espanol_uno_mas_adultos,adultos_ninguno_analfabeta,,0,0,6.702282231,17.68003002,2.692946147,24.029037349402188,INCLUSION,13.96,medium,INCLUSION,0.08376,AI_right,False
256,#555,2023-10,Lista de Reserva,Vulnerabilidad Moderada,1.0,1.0,1.0,1.0,1.776038647,2.823478261,1.790108696,1.0,sotap,1,low,,,espanol_uno_mas_adultos,adultos_ninguno_analfabeta,,0,0,0.0,26.18890898,2.730928248,25.34612370011462,EXCLUSION,24.28,medium,EXCLUSION,0.14568,AI_right,False
257,#1323,2023-12,Elegible,Vulnerabilidad Moderada,1.0,2.051104816,2.578385269,1.0,1.776038647,1.0,1.790108696,1.0,fupal,1,low,,,espanol_uno_mas_adultos,adultos_ninguno_analfabeta,0.0,0,0,17.3510839,12.01413641,2.851782945,29.536968617175688,INCLUSION,27.35,medium,EXCLUSION,0.1641,wrongly_exclude,True
258,#1101,2023-06,No Elegible,Vulnerabilidad Baja,1.0,1.0,1.0,1.0,1.776038647,2.117608696,1.790108696,1.0,sotap,1,low,,,espanol_uno_mas_adultos,adultos_ninguno_analfabeta,,0,0,0.0,21.88512181,2.610810239,21.18083670503239,EXCLUSION,18.58,low,INCLUSION,0.11148,wrongly_include,True
259,#1282,2024-04,No Elegible por Intenciones,Vulnerabilidad Baja,2.700708215,1.0,2.578385269,1.0,1.0,1.0,1.0,1.0,fomon,2,low,jefatura_femenina,no,espanol_uno_mas_adultos,adultos_ninguno_analfabeta,0.0,0,0,20.97871872,0.0,2.624450078,21.65383486712832,EXCLUSION,17.67,medium,EXCLUSION,0.10602000000000002,AI_right,False
260,#1223,2024-04,No Elegible,Vulnerabilidad Moderada,1.0,1.525552408,1.0,1.0,1.776038647,2.823478261,1.790108696,1.0,sotap,1,low,,,espanol_uno_mas_adultos,adultos_ninguno_analfabeta,,0,0,3.741369748,26.18890898,2.842293421,29.20789446797501,EXCLUSION,20.29,medium,EXCLUSION,0.12173999999999999,AI_right,False
261,#1054,2024-03,Elegible,Vulnerabilidad Elevada,1.0,1.0,1.0,1.0,1.776038647,2.823478261,2.580217391,1.043888889,futij,2,complete,jefatura_femenina,no,espanol_uno_mas_adultos,adultos_ninguno_analfabeta,0.0,0,0,0.0,32.85812825,2.917065088,31.80072082478675,INCLUSION,24.92,medium,INCLUSION,0.14952,AI_right,False
262,#252,2023-10,Elegible,Vulnerabilidad Baja,1.0,1.0,1.0,1.0,1.776038647,2.117608696,1.790108696,1.0,sotap,1,low,,,espanol_uno_mas_adultos,adultos_uno_mas_analfabeta,0.0,0,0,0.0,21.88512181,2.610810239,21.18083670503239,INCLUSION,24.84,low,INCLUSION,0.14904,AI_right,False
263,#555,2024-02,No Elegible,Vulnerabilidad Baja,1.0,1.525552408,2.578385269,1.0,1.0,1.498900966,1.0,1.0,sotap,6,average,jefatura_femenina,no,espanol_uno_mas_adultos,adultos_ninguno_analfabeta,,0,0,13.7168894,3.815111519,2.51477447,17.85065003298846,EXCLUSION,30.86,low,EXCLUSION,0.18516,AI_right,False
264,#1765,2024-01,Lista de Reserva,Vulnerabilidad Moderada,2.700708215,1.0,3.251728045,1.0,1.0,1.0,1.790108696,1.0,fupal,1,low,,,espanol_uno_mas_adultos,adultos_ninguno_analfabeta,,0,0,24.2379543,5.614422911,2.878161744,30.45170107462941,EXCLUSION,21.18,medium,INCLUSION,0.12708,wrongly_include,True
265,#555,2023-12,Elegible,Vulnerabilidad Elevada,1.0,1.0,2.578385269,1.0,1.776038647,2.823478261,2.580217391,1.043888889,sotap,1,low,,,espanol_ningun_adulto,adultos_uno_mas_analfabeta,,0,0,8.975915299,32.85812825,3.184241129,41.06549005402387,INCLUSION,35.62,high,INCLUSION,0.21371999999999997,AI_right,False
266,#238,2023-11,No Elegible,Vulnerabilidad Baja,2.070141643,1.0,1.0,1.0,1.0,2.117608696,1.0,1.043888889,futij,1,low,,,espanol_uno_mas_adultos,adultos_ninguno_analfabeta,,-500,0,6.702282231,7.858894815,2.418839839,14.523956096434295,EXCLUSION,24.27,low,INCLUSION,0.14562,wrongly_include,True
267,#252,2023-10,Elegible,Vulnerabilidad Elevada,1.0,1.0,2.578385269,1.0,1.776038647,2.117608696,2.580217391,1.043888889,sotap,1,low,,,espanol_uno_mas_adultos,adultos_ninguno_analfabeta,-500.0,0,0,8.975915299,28.09152966,3.051206127,36.45228537324866,INCLUSION,23.87,high,EXCLUSION,0.14322000000000001,wrongly_exclude,True
268,#1054,2023-11,No Elegible por Intenciones,Vulnerabilidad Elevada,2.070141643,2.051104816,1.0,1.0,1.776038647,2.823478261,1.790108696,1.043888889,futij,1,low,,,espanol_uno_mas_adultos,adultos_ninguno_analfabeta,-500.0,0,0,14.63015408,26.85846924,3.185095016,41.09510390983604,EXCLUSION,22.47,high,EXCLUSION,0.13482,AI_right,False
269,#071,2023-09,Elegible,Vulnerabilidad Elevada,2.070141643,1.0,3.251728045,1.0,1.0,1.498900966,1.790108696,1.043888889,sotap,1,low,,,espanol_ningun_adulto,adultos_uno_mas_analfabeta,0.0,0,0,20.51851115,10.52243148,2.904430968,31.362626469860267,INCLUSION,24.87,medium,INCLUSION,0.14922,AI_right,False
270,#527,2023-11,Lista de Reserva,Vulnerabilidad Moderada,1.0,1.525552408,1.0,1.0,1.776038647,2.117608696,1.790108696,1.0,sotap,1,low,,,espanol_ningun_adulto,adultos_ninguno_analfabeta,,0,0,3.741369748,21.88512181,2.722175411,25.04260747289278,EXCLUSION,25.92,medium,EXCLUSION,0.15552000000000002,AI_right,False
271,#527,2023-12,Elegible,Vulnerabilidad Elevada,1.0,1.0,2.578385269,1.0,1.776038647,2.823478261,2.580217391,1.043888889,sotap,3,average,jefatura_femenina,si,espanol_uno_mas_adultos,adultos_ninguno_analfabeta,0.0,-500,0,8.975915299,32.85812825,3.184241129,41.06549005402387,INCLUSION,33.07,high,EXCLUSION,0.19841999999999999,wrongly_exclude,True
272,#458,2023-08,Elegible,Vulnerabilidad Baja,2.700708215,1.0,1.249197356,1.0,1.776038647,1.0,1.790108696,1.0,fupal,1,low,,,espanol_uno_mas_adultos,adultos_ninguno_analfabeta,,0,0,11.93561888,12.01413641,2.69058685,23.94722851736708,INCLUSION,18.98,medium,INCLUSION,0.11388,AI_right,False
273,#112,2024-04,No Elegible por Intenciones,Vulnerabilidad Baja,1.0,1.525552408,1.0,1.0,1.0,1.498900966,1.0,1.0,sotap,3,low,jefatura_masculina,no,espanol_uno_mas_adultos,adultos_ninguno_analfabeta,0.0,0,0,3.741369748,3.815111519,2.217844323,7.554108183067449,EXCLUSION,16.8,low,EXCLUSION,0.1008,AI_right,False
274,#527,2024-03,No Elegible,Vulnerabilidad Elevada,1.0,1.0,2.578385269,1.0,1.776038647,2.823478261,1.790108696,1.0,sotap,5,high,jefatura_femenina,no,espanol_uno_mas_adultos,adultos_ninguno_analfabeta,0.0,0,0,8.975915299,26.18890898,2.998104289,34.61089292935174,EXCLUSION,28.21,high,EXCLUSION,0.16926,AI_right,False
275,#071,2024-01,Elegible,Vulnerabilidad Moderada,1.0,1.0,2.578385269,1.0,1.776038647,2.117608696,1.790108696,1.0,sotap,3,average,jefatura_masculina,no,espanol_uno_mas_adultos,adultos_ninguno_analfabeta,0.0,0,0,8.975915299,21.88512181,2.877986279,30.44560593426951,INCLUSION,33.23,medium,INCLUSION,0.19937999999999997,AI_right,False
276,#1765,2023-08,Lista de Reserva,Vulnerabilidad Baja,1.0,1.525552408,1.0,1.0,1.776038647,1.498900966,1.790108696,1.0,fupal,2,low,jefatura_masculina,no,espanol_uno_mas_adultos,adultos_ninguno_analfabeta,,-500,0,3.741369748,17.10850297,2.588860746,20.41970500378282,EXCLUSION,30.21,low,INCLUSION,0.18126,wrongly_include,True
277,#071,2023-08,Elegible,Vulnerabilidad Elevada,1.0,2.051104816,1.0,1.0,1.776038647,2.823478261,1.790108696,1.0,sotap,2,low,jefatura_masculina,no,espanol_uno_mas_adultos,adultos_ninguno_analfabeta,,0,0,6.609317356,26.18890898,2.927660413,32.16813549794806,INCLUSION,23.06,medium,INCLUSION,0.13835999999999998,AI_right,False
278,#071,2023-08,Lista de Reserva,Vulnerabilidad Baja,1.0,1.0,1.0,1.0,1.0,2.117608696,1.790108696,1.0,sotap,4,average,jefatura_masculina,no,espanol_uno_mas_adultos,adultos_ninguno_analfabeta,,0,-500,0.0,14.16503897,2.395343965,13.709193850906429,EXCLUSION,28.17,low,EXCLUSION,0.16902,AI_right,False
279,#1407,2024-02,Elegible,Vulnerabilidad Moderada,1.0,1.0,1.0,1.0,1.776038647,2.823478261,2.580217391,1.0,foten,1,low,,,espanol_uno_mas_adultos,adultos_ninguno_analfabeta,0.0,0,0,0.0,32.12448674,2.896589272,31.09068863222006,INCLUSION,25.6,medium,EXCLUSION,0.1536,wrongly_exclude,True
280,#112,2023-11,No Elegible,Vulnerabilidad Elevada,2.070141643,1.0,1.0,1.0,1.776038647,2.117608696,2.580217391,1.043888889,sotap,3,complete,jefatura_femenina,si,espanol_uno_mas_adultos,adultos_ninguno_analfabeta,,0,0,6.702282231,28.09152966,2.983529432,34.10548451948735,EXCLUSION,18.58,high,EXCLUSION,0.11148,AI_right,False
281,#645,2024-01,No Elegible,Vulnerabilidad Moderada,1.0,1.0,1.0,1.0,1.776038647,2.823478261,1.790108696,1.0,fupal,1,low,,,espanol_uno_mas_adultos,adultos_ninguno_analfabeta,,0,0,0.0,26.18890898,2.730928248,25.34612370011462,EXCLUSION,28.14,medium,EXCLUSION,0.16884,AI_right,False
282,#527,2024-03,Lista de Reserva,Vulnerabilidad Baja,1.0,1.0,1.0,1.0,1.776038647,1.0,1.790108696,1.0,sotap,4,low,jefatura_femenina,no,espanol_uno_mas_adultos,adultos_ninguno_analfabeta,-500.0,0,0,0.0,12.01413641,2.33531262,11.62750948618979,EXCLUSION,17.32,low,INCLUSION,0.10392,wrongly_include,True
283,#1725,2024-06,No Elegible,Vulnerabilidad Elevada,2.700708215,1.0,3.251728045,1.0,1.776038647,2.823478261,1.790108696,1.0,foten,2,average,jefatura_femenina,si,espanol_uno_mas_adultos,adultos_ninguno_analfabeta,,0,0,24.2379543,26.18890898,3.45239235,50.36407960744292,EXCLUSION,18.54,high,EXCLUSION,0.11123999999999999,AI_right,False
284,#1200,2024-03,Elegible,Vulnerabilidad Elevada,1.0,1.0,2.578385269,1.0,1.776038647,2.823478261,2.580217391,1.043888889,fupal,3,average,jefatura_femenina,si,espanol_uno_mas_adultos,adultos_ninguno_analfabeta,0.0,0,0,8.975915299,32.85812825,3.184241129,41.06549005402387,INCLUSION,29.95,high,INCLUSION,0.1797,AI_right,False
285,#606,2024-01,No Elegible,Vulnerabilidad Moderada,2.070141643,1.0,2.578385269,1.0,1.0,1.498900966,1.790108696,1.043888889,foten,3,low,jefatura_masculina,no,espanol_uno_mas_adultos,adultos_ninguno_analfabeta,0.0,0,0,17.46888676,10.52243148,2.813656206,28.214862117365684,EXCLUSION,27.79,medium,INCLUSION,0.16673999999999997,wrongly_include,True
286,#1583,2023-06,No Elegible,Vulnerabilidad Elevada,1.0,2.051104816,2.578385269,1.0,1.776038647,2.823478261,1.790108696,1.0,foten,1,low,,,espanol_uno_mas_adultos,adultos_ninguno_analfabeta,0.0,0,0,17.3510839,26.18890898,3.247398574,43.25558283110052,EXCLUSION,32.55,high,EXCLUSION,0.19529999999999997,AI_right,False
287,#555,2024-04,Elegible,Vulnerabilidad Baja,1.0,1.0,1.0,1.0,1.0,1.498900966,1.0,1.0,sotap,1,low,,,espanol_uno_mas_adultos,adultos_ninguno_analfabeta,0.0,0,0,0.0,3.815111519,2.10647915,3.692337415207061,INCLUSION,15.19,low,INCLUSION,0.09114,AI_right,False
288,#555,2024-01,Elegible,Vulnerabilidad Moderada,2.070141643,1.0,1.0,1.0,1.776038647,2.117608696,1.790108696,1.043888889,sotap,4,low,jefatura_masculina,no,espanol_uno_mas_adultos,adultos_ninguno_analfabeta,0.0,0,-500,6.702282231,22.50821784,2.827700095,28.70184925716677,INCLUSION,24.92,medium,INCLUSION,0.14952,AI_right,False
289,#1167,2024-06,No Elegible,Vulnerabilidad Moderada,1.0,1.525552408,1.0,1.0,1.776038647,2.823478261,1.790108696,1.0,foten,1,low,,,espanol_uno_mas_adultos,adultos_ninguno_analfabeta,,0,0,3.741369748,26.18890898,2.842293421,29.20789446797501,EXCLUSION,19.03,medium,EXCLUSION,0.11418,AI_right,False
290,#645,2024-06,No Elegible,Vulnerabilidad Baja,1.0,1.0,1.0,1.0,1.0,2.117608696,1.790108696,1.0,fupal,1,low,,,espanol_uno_mas_adultos,adultos_ninguno_analfabeta,0.0,0,0,0.0,14.16503897,2.395343965,13.709193850906429,EXCLUSION,14.61,low,EXCLUSION,0.08766,AI_right,False
291,#458,2024-01,No Elegible por Duplicidad,Vulnerabilidad Baja,1.0,1.0,1.0,1.0,1.0,1.0,1.0,1.0,fupal,1,low,,,espanol_uno_mas_adultos,adultos_ninguno_analfabeta,-500.0,0,0,0.0,0.0,2.0,0.0,EXCLUSION,23.26,low,EXCLUSION,0.13956000000000002,AI_right,False
292,#1101,2023-06,No Elegible,Vulnerabilidad Elevada,1.0,2.051104816,1.249197356,1.0,1.776038647,2.823478261,2.580217391,1.043888889,sotap,2,complete,jefatura_femenina,si,espanol_uno_mas_adultos,adultos_ninguno_analfabeta,,0,0,8.909093135,32.85812825,3.182252108,40.99651748596419,EXCLUSION,21.03,high,INCLUSION,0.12618000000000001,wrongly_include,True
293,#112,2024-03,Elegible,Vulnerabilidad Baja,1.0,1.0,1.0,1.0,1.776038647,2.117608696,1.790108696,1.0,sotap,1,low,,,espanol_uno_mas_adultos,adultos_ninguno_analfabeta,-500.0,0,0,0.0,21.88512181,2.610810239,21.18083670503239,INCLUSION,22.37,low,EXCLUSION,0.13422,wrongly_exclude,True
294,#1311,2023-10,Lista de Reserva,Vulnerabilidad Severa,2.070141643,1.0,1.0,1.0,1.776038647,2.823478261,2.580217391,2.544987923,sotap,4,average,jefatura_femenina,no,espanol_uno_mas_adultos,adultos_ninguno_analfabeta,0.0,0,0,6.702282231,50.0,3.594991325,55.308918375475805,EXCLUSION,21.62,high,EXCLUSION,0.12972,AI_right,False
295,#1765,2023-08,Lista de Reserva,Vulnerabilidad Moderada,1.0,1.0,1.0,1.0,1.776038647,2.823478261,1.790108696,1.0,fupal,1,low,,,espanol_uno_mas_adultos,adultos_uno_mas_analfabeta,-500.0,0,0,0.0,26.18890898,2.730928248,25.34612370011462,EXCLUSION,29.35,medium,EXCLUSION,0.1761,AI_right,False
296,#1223,2023-10,Lista de Reserva,Vulnerabilidad Baja,1.0,1.0,1.0,1.0,1.776038647,1.498900966,1.790108696,1.0,sotap,1,low,,,espanol_uno_mas_adultos,adultos_ninguno_analfabeta,,0,0,0.0,17.10850297,2.477495573,16.55793423592243,EXCLUSION,20.42,low,EXCLUSION,0.12252,AI_right,False
297,#112,2024-01,Elegible,Vulnerabilidad Elevada,1.0,1.0,1.249197356,1.0,1.776038647,2.117608696,2.580217391,1.738466184,sotap,2,low,jefatura_femenina,no,espanol_ningun_adulto,adultos_ninguno_analfabeta,0.0,0,0,1.921713018,36.78475459,3.083858084,37.58454006717147,INCLUSION,23.94,high,INCLUSION,0.14364,AI_right,False
298,#527,2024-05,No Elegible,Vulnerabilidad Moderada,1.0,1.0,2.578385269,1.0,1.776038647,2.117608696,1.790108696,1.0,sotap,1,low,,,espanol_uno_mas_adultos,adultos_ninguno_analfabeta,,0,0,8.975915299,21.88512181,2.877986279,30.44560593426951,EXCLUSION,22.2,medium,EXCLUSION,0.13319999999999999,AI_right,False
299,#1407,2024-06,Lista de Reserva,Vulnerabilidad Moderada,1.0,1.0,1.0,1.0,1.776038647,2.823478261,2.580217391,1.0,foten,2,average,jefatura_masculina,no,espanol_uno_mas_adultos,adultos_ninguno_analfabeta,,0,0,0.0,32.12448674,2.896589272,31.09068863222006,EXCLUSION,20.57,medium,INCLUSION,0.12341999999999999,wrongly_include,True
300,#112,2023-09,No Elegible,Vulnerabilidad Moderada,2.070141643,1.0,1.249197356,1.0,1.776038647,1.498900966,1.790108696,1.043888889,sotap,2,average,jefatura_masculina,si,espanol_uno_mas_adultos,adultos_ninguno_analfabeta,-500.0,0,0,9.00737574,17.68003002,2.76155929,26.40831107261532,EXCLUSION,18.09,medium,EXCLUSION,0.10854,AI_right,False
301,#1677,2023-10,Elegible,Vulnerabilidad Baja,1.0,1.0,1.0,1.0,1.0,1.0,1.0,1.0,futij,1,low,,,espanol_uno_mas_adultos,adultos_ninguno_analfabeta,,-500,0,0.0,0.0,2.0,0.0,INCLUSION,22.98,low,INCLUSION,0.13788,AI_right,False
302,#112,2024-04,No Elegible,Vulnerabilidad Baja,1.0,1.525552408,1.0,1.0,1.776038647,1.498900966,1.790108696,1.0,sotap,4,average,jefatura_masculina,no,espanol_ningun_adulto,adultos_ninguno_analfabeta,,0,0,3.741369748,17.10850297,2.588860746,20.41970500378282,EXCLUSION,20.77,low,EXCLUSION,0.12462,AI_right,False
303,#1311,2024-01,No Elegible,Vulnerabilidad Baja,1.0,1.0,1.0,1.0,1.776038647,1.498900966,1.790108696,1.0,sotap,3,low,jefatura_femenina,no,espanol_uno_mas_adultos,adultos_ninguno_analfabeta,,0,0,0.0,17.10850297,2.477495573,16.55793423592243,EXCLUSION,26.09,low,EXCLUSION,0.15654,AI_right,False
304,#112,2024-01,No Elegible,Vulnerabilidad Elevada,2.070141643,1.0,3.251728045,1.0,1.776038647,2.117608696,1.790108696,1.043888889,sotap,3,average,jefatura_femenina,si,espanol_uno_mas_adultos,adultos_uno_mas_analfabeta,500.0,0,0,20.51851115,22.50821784,3.238952342,42.96269823900911,EXCLUSION,36.07,high,EXCLUSION,0.21642,AI_right,False
305,#606,2023-12,No Elegible,Vulnerabilidad Elevada,1.0,1.0,3.251728045,1.0,1.776038647,2.823478261,2.580217391,1.0,foten,3,low,jefatura_masculina,si,espanol_uno_mas_adultos,adultos_ninguno_analfabeta,-500.0,0,0,11.51832969,32.12448674,3.23944252,42.97968968997395,EXCLUSION,28.04,high,EXCLUSION,0.16823999999999997,AI_right,False
306,#527,2024-04,No Elegible,Vulnerabilidad Elevada,2.700708215,1.0,2.578385269,1.0,1.776038647,2.823478261,1.790108696,1.0,sotap,1,low,,,espanol_uno_mas_adultos,adultos_ninguno_analfabeta,0.0,0,0,20.97871872,26.18890898,3.355378326,46.99995856724294,EXCLUSION,20.69,high,EXCLUSION,0.12414,AI_right,False
307,#252,2023-12,No Elegible,Vulnerabilidad Elevada,1.0,1.0,3.251728045,1.0,1.776038647,2.823478261,1.790108696,1.043888889,sotap,2,average,jefatura_femenina,si,espanol_uno_mas_adultos,adultos_ninguno_analfabeta,0.0,0,0,11.51832969,26.85846924,3.092468817,37.88313789914145,EXCLUSION,32.83,high,EXCLUSION,0.19698,AI_right,False
308,#1223,2024-06,No Elegible,Vulnerabilidad Baja,1.0,1.0,3.251728045,1.0,1.0,1.498900966,1.0,1.043888889,sotap,2,average,jefatura_masculina,no,espanol_uno_mas_adultos,adultos_ninguno_analfabeta,,0,0,11.51832969,4.243121443,2.461278087,15.995574609596703,EXCLUSION,17.67,low,EXCLUSION,0.10602000000000002,AI_right,False
309,#440,2024-02,No Elegible,Vulnerabilidad Moderada,2.700708215,1.0,1.0,1.0,1.776038647,2.117608696,1.790108696,1.0,pcr_cdmx,1,low,,,espanol_uno_mas_adultos,adultos_ninguno_analfabeta,,0,0,9.472088355,21.88512181,2.892755308,30.95774633538465,EXCLUSION,20.9,medium,EXCLUSION,0.12539999999999998,AI_right,False
310,#527,2024-06,No Elegible por Duplicidad,Vulnerabilidad Elevada,1.599560907,1.0,2.578385269,1.0,1.776038647,2.823478261,2.580217391,1.043888889,sotap,1,low,,,espanol_uno_mas_adultos,adultos_ninguno_analfabeta,0.0,0,0,14.28054816,32.85812825,3.342138208,46.54083130512371,EXCLUSION,19.06,high,INCLUSION,0.11435999999999999,wrongly_include,True
311,#1765,2023-10,No Elegible,Vulnerabilidad Baja,1.0,2.051104816,1.0,1.0,1.776038647,2.823478261,1.0,1.0,fupal,1,low,,,espanol_uno_mas_adultos,adultos_ninguno_analfabeta,,-500,0,6.609317356,17.78726377,2.693171842,24.036863632451063,EXCLUSION,32.4,medium,EXCLUSION,0.1944,AI_right,False
312,#458,2024-04,No Elegible,Vulnerabilidad Baja,1.0,1.0,1.0,1.0,1.776038647,1.498900966,1.790108696,1.0,fupal,2,low,jefatura_masculina,no,espanol_uno_mas_adultos,adultos_ninguno_analfabeta,,-500,0,0.0,17.10850297,2.477495573,16.55793423592243,EXCLUSION,20.1,low,EXCLUSION,0.1206,AI_right,False
313,#1101,2023-07,No Elegible,Vulnerabilidad Elevada,1.0,2.051104816,1.0,1.0,1.776038647,2.823478261,1.790108696,1.043888889,sotap,4,average,jefatura_femenina,si,espanol_uno_mas_adultos,adultos_ninguno_analfabeta,,0,0,6.609317356,26.85846924,2.946347732,32.816148639221,EXCLUSION,19.34,medium,EXCLUSION,0.11603999999999999,AI_right,False
314,#555,2024-01,No Elegible,Vulnerabilidad Baja,1.0,1.0,1.0,1.0,1.776038647,1.498900966,1.790108696,1.043888889,sotap,1,low,,,espanol_uno_mas_adultos,adultos_ninguno_analfabeta,0.0,0,0,0.0,17.68003002,2.493446802,17.11106897392638,EXCLUSION,25.73,low,EXCLUSION,0.15438000000000002,AI_right,False
315,#1841,2023-11,Elegible,Vulnerabilidad Elevada,1.0,1.0,3.251728045,1.0,1.776038647,2.823478261,1.790108696,1.0,foten,1,low,,,espanol_ningun_adulto,adultos_uno_mas_analfabeta,,0,0,11.51832969,26.18890898,3.073781497,37.23512475786851,INCLUSION,39.4,high,INCLUSION,0.23639999999999997,AI_right,False
316,#112,2024-05,Elegible,Vulnerabilidad Baja,2.070141643,1.0,1.0,1.0,1.776038647,1.498900966,1.790108696,1.0,sotap,4,average,jefatura_femenina,si,espanol_uno_mas_adultos,adultos_ninguno_analfabeta,0.0,0,0,6.702282231,17.10850297,2.676994919,23.47590261139824,INCLUSION,16.62,medium,INCLUSION,0.09972,AI_right,False
317,#1223,2024-05,No Elegible,Vulnerabilidad Severa,1.0,2.051104816,2.578385269,1.0,1.776038647,2.823478261,2.580217391,1.738466184,sotap,2,complete,jefatura_femenina,si,espanol_ningun_adulto,adultos_uno_mas_analfabeta,0.0,0,0,17.3510839,42.19960637,3.69425457,58.75103996839293,EXCLUSION,27.38,high,EXCLUSION,0.16427999999999998,AI_right,False
318,#1167,2023-08,No Elegible,Vulnerabilidad Elevada,1.0,1.0,1.0,1.0,1.776038647,2.823478261,2.580217391,1.043888889,foten,3,low,jefatura_femenina,no,espanol_uno_mas_adultos,adultos_ninguno_analfabeta,-500.0,0,0,0.0,32.85812825,2.917065088,31.80072082478675,EXCLUSION,24.6,medium,EXCLUSION,0.1476,AI_right,False
319,#112,2023-07,Lista de Reserva,Vulnerabilidad Severa,2.700708215,1.0,2.578385269,1.0,1.776038647,2.823478261,2.580217391,1.0,sotap,2,average,jefatura_masculina,no,espanol_uno_mas_adultos,adultos_ninguno_analfabeta,,0,0,20.97871872,32.12448674,3.521039349,52.74452349934838,EXCLUSION,16.88,high,INCLUSION,0.10127999999999998,wrongly_include,True
320,#527,2023-09,No Elegible,Vulnerabilidad Moderada,1.0,1.0,1.0,1.0,1.776038647,2.823478261,2.580217391,1.0,sotap,2,low,jefatura_masculina,no,espanol_uno_mas_adultos,adultos_ninguno_analfabeta,,-500,0,0.0,32.12448674,2.896589272,31.09068863222006,EXCLUSION,28.85,medium,INCLUSION,0.1731,wrongly_include,True
321,#252,2023-08,No Elegible por Intenciones,Vulnerabilidad Baja,1.0,1.0,1.0,1.0,1.776038647,1.498900966,1.790108696,1.0,sotap,1,low,,,espanol_uno_mas_adultos,adultos_ninguno_analfabeta,0.0,0,0,0.0,17.10850297,2.477495573,16.55793423592243,EXCLUSION,23.21,low,EXCLUSION,0.13926,AI_right,False
322,#1323,2024-04,No Elegible,Vulnerabilidad Elevada,1.0,1.0,2.578385269,1.0,1.776038647,2.823478261,2.580217391,1.043888889,fupal,2,average,jefatura_femenina,si,espanol_uno_mas_adultos,adultos_ninguno_analfabeta,,0,0,8.975915299,32.85812825,3.184241129,41.06549005402387,EXCLUSION,22.98,high,INCLUSION,0.13788,wrongly_include,True
323,#555,2024-01,Elegible,Vulnerabilidad Severa,2.070141643,2.051104816,1.0,1.0,1.776038647,2.823478261,1.790108696,2.544987923,sotap,2,average,jefatura_femenina,si,espanol_uno_mas_adultos,adultos_ninguno_analfabeta,,0,0,14.63015408,42.50305317,3.621732844,56.23622948438472,INCLUSION,25.38,high,INCLUSION,0.15227999999999997,AI_right,False
324,#071,2023-09,No Elegible por Intenciones,Vulnerabilidad Severa,2.700708215,1.0,3.251728045,1.0,1.776038647,2.117608696,2.580217391,2.544987923,sotap,2,average,jefatura_masculina,no,espanol_uno_mas_adultos,adultos_ninguno_analfabeta,0.0,0,0,24.2379543,44.04383881,3.950720577,67.64441994058369,EXCLUSION,21.79,high,INCLUSION,0.13074,wrongly_include,True
325,#1167,2023-07,No Elegible,Vulnerabilidad Baja,1.0,1.0,1.0,1.0,1.0,1.0,1.790108696,1.043888889,foten,4,average,jefatura_masculina,no,espanol_ningun_adulto,adultos_uno_mas_analfabeta,,0,0,0.0,6.061858428,2.169185496,5.866781761928531,EXCLUSION,18.25,low,EXCLUSION,0.1095,AI_right,False
326,#1223,2024-06,Lista de Reserva,Vulnerabilidad Moderada,2.700708215,1.0,2.578385269,1.0,1.0,1.0,1.790108696,1.0,sotap,5,high,jefatura_masculina,no,espanol_uno_mas_adultos,adultos_ninguno_analfabeta,0.0,0,0,20.97871872,5.614422911,2.78114772,27.08758003442943,EXCLUSION,13.67,medium,INCLUSION,0.08202,wrongly_include,True
327,#1200,2024-06,No Elegible,Vulnerabilidad Moderada,1.0,1.0,1.0,1.0,1.776038647,2.117608696,2.580217391,1.0,fupal,2,average,jefatura_femenina,no,espanol_uno_mas_adultos,adultos_ninguno_analfabeta,,0,0,0.0,27.40879931,2.764975192,26.526756739404888,EXCLUSION,18.74,medium,EXCLUSION,0.11243999999999998,AI_right,False
328,#071,2023-10,Lista de Reserva,Vulnerabilidad Baja,1.0,1.0,1.0,1.0,1.0,1.498900966,1.0,1.0,sotap,2,low,jefatura_masculina,no,espanol_uno_mas_adultos,adultos_ninguno_analfabeta,0.0,0,0,0.0,3.815111519,2.10647915,3.692337415207061,EXCLUSION,22.44,low,INCLUSION,0.13464,wrongly_include,True
329,#112,2024-02,Lista de Reserva,Vulnerabilidad Baja,1.0,1.0,1.0,1.0,1.0,2.823478261,1.0,1.0,sotap,1,low,,,espanol_uno_mas_adultos,adultos_ninguno_analfabeta,0.0,0,0,0.0,10.61532135,2.296271916,10.27370969363565,EXCLUSION,25.39,low,INCLUSION,0.15234,wrongly_include,True
330,#1223,2023-08,Lista de Reserva,Vulnerabilidad Moderada,2.070141643,1.0,1.0,1.0,1.776038647,1.498900966,2.580217391,1.043888889,sotap,3,average,jefatura_femenina,si,espanol_uno_mas_adultos,adultos_ninguno_analfabeta,,0,0,6.702282231,22.80125306,2.835878661,28.985454310751948,EXCLUSION,16.28,medium,INCLUSION,0.09768,wrongly_include,True
331,#1492,2024-02,Elegible,Vulnerabilidad Baja,1.0,1.0,1.0,1.0,1.0,1.0,1.790108696,1.0,fusal,1,low,,,espanol_ningun_adulto,adultos_ninguno_analfabeta,,0,0,0.0,5.614422911,2.156697643,5.433745167301109,INCLUSION,21.46,low,INCLUSION,0.12876,AI_right,False
332,#1841,2023-08,Elegible,Vulnerabilidad Baja,2.700708215,1.0,1.0,1.0,1.0,1.0,1.0,1.0,foten,1,low,,,espanol_uno_mas_adultos,adultos_ninguno_analfabeta,,0,0,9.472088355,0.0,2.28194507,9.776909630352256,INCLUSION,16.36,low,INCLUSION,0.09816,AI_right,False
333,#513,2023-12,Elegible,Vulnerabilidad Baja,1.0,1.0,1.0,1.0,1.0,1.498900966,1.0,1.0,pcr_cdmx,3,average,jefatura_femenina,no,espanol_uno_mas_adultos,adultos_ninguno_analfabeta,0.0,0,0,0.0,3.815111519,2.10647915,3.692337415207061,INCLUSION,25.43,low,INCLUSION,0.15257999999999997,AI_right,False
334,#1101,2024-07,No Elegible,Vulnerabilidad Baja,1.0,1.0,1.0,1.0,1.0,1.0,1.0,1.0,sotap,1,low,,,espanol_uno_mas_adultos,adultos_ninguno_analfabeta,0.0,0,0,0.0,0.0,2.0,0.0,EXCLUSION,16.56,low,EXCLUSION,0.09935999999999999,AI_right,False
335,#1101,2023-08,No Elegible,Vulnerabilidad Elevada,2.070141643,1.0,1.0,1.0,1.776038647,1.0,2.580217391,2.544987923,sotap,1,low,,,espanol_ningun_adulto,adultos_ninguno_analfabeta,0.0,0,-500,6.702282231,30.38303782,3.047485057,36.32324965539039,EXCLUSION,23.73,high,EXCLUSION,0.14238,AI_right,False
336,#112,2024-01,Lista de Reserva,Vulnerabilidad Elevada,1.0,1.0,2.578385269,1.0,1.776038647,2.117608696,2.580217391,1.0,sotap,3,average,jefatura_femenina,si,espanol_uno_mas_adultos,adultos_ninguno_analfabeta,,0,0,8.975915299,27.40879931,3.032151233,35.791525968642006,EXCLUSION,31.1,high,EXCLUSION,0.1866,AI_right,False
337,#870,2024-01,Elegible,Vulnerabilidad Baja,2.700708215,1.0,1.249197356,1.564135978,1.0,1.0,1.790108696,1.043888889,fomon,1,low,,,espanol_uno_mas_adultos,adultos_ninguno_analfabeta,0.0,0,0,17.32315919,6.061858428,2.684824618,23.74741753782192,INCLUSION,17.26,medium,INCLUSION,0.10356,AI_right,False
338,#071,2024-02,No Elegible,Vulnerabilidad Elevada,2.070141643,1.0,2.578385269,1.0,1.0,1.498900966,2.580217391,2.544987923,sotap,1,low,,,espanol_uno_mas_adultos,adultos_ninguno_analfabeta,0.0,0,0,17.46888676,27.63345952,3.291222254,44.77524016401044,EXCLUSION,21.91,high,INCLUSION,0.13146,wrongly_include,True
339,#1583,2023-08,Elegible,Vulnerabilidad Moderada,1.0,1.0,3.251728045,1.0,1.776038647,1.498900966,1.790108696,1.0,foten,1,low,,,espanol_uno_mas_adultos,adultos_ninguno_analfabeta,0.0,0,0,11.51832969,17.10850297,2.820348822,28.44693529367632,INCLUSION,28.3,medium,INCLUSION,0.1698,AI_right,False
340,#458,2024-05,Lista de Reserva,Vulnerabilidad Elevada,2.070141643,1.0,2.578385269,1.0,1.776038647,2.823478261,2.580217391,1.043888889,fupal,1,low,,,espanol_ningun_adulto,adultos_uno_mas_analfabeta,,0,0,17.46888676,32.85812825,3.43704192,49.83177382961031,EXCLUSION,24.44,high,EXCLUSION,0.14664,AI_right,False
341,#645,2023-12,No Elegible,Vulnerabilidad Baja,2.070141643,1.0,1.0,1.0,1.776038647,1.0,2.580217391,1.043888889,fupal,1,low,,,espanol_uno_mas_adultos,adultos_ninguno_analfabeta,-500.0,0,0,6.702282231,17.15905947,2.678405943,23.524832152671745,EXCLUSION,17.59,medium,EXCLUSION,0.10554,AI_right,False
342,#1859,2023-07,No Elegible,Vulnerabilidad Baja,1.0,1.0,1.0,1.0,1.0,1.498900966,1.790108696,1.0,pcr_cdmx,1,low,,,espanol_uno_mas_adultos,adultos_ninguno_analfabeta,,0,0,0.0,10.02735341,2.279861825,9.70466314991279,EXCLUSION,13.81,low,EXCLUSION,0.08286,AI_right,False
343,#112,2023-07,No Elegible,Vulnerabilidad Baja,1.0,1.525552408,1.0,1.0,1.0,2.117608696,1.790108696,1.0,sotap,1,low,,,espanol_uno_mas_adultos,adultos_ninguno_analfabeta,0.0,0,0,3.741369748,14.16503897,2.506709138,17.570964618766816,EXCLUSION,17.76,low,EXCLUSION,0.10656,AI_right,False
344,#1101,2024-04,No Elegible,Vulnerabilidad Severa,2.700708215,2.051104816,2.578385269,1.0,1.776038647,2.117608696,2.580217391,1.0,sotap,2,average,jefatura_femenina,si,espanol_uno_mas_adultos,adultos_uno_mas_analfabeta,0.0,0,0,31.71522481,27.40879931,3.709006849,59.2626091990155,EXCLUSION,24.78,high,EXCLUSION,0.14868,AI_right,False
345,#1311,2023-08,No Elegible por Duplicidad,Vulnerabilidad Elevada,1.0,1.0,3.251728045,1.0,1.776038647,1.498900966,2.580217391,1.043888889,sotap,1,low,,,espanol_uno_mas_adultos,adultos_ninguno_analfabeta,0.0,0,-500,11.51832969,22.80125306,2.979232564,33.956486993030026,EXCLUSION,30.57,high,EXCLUSION,0.18342,AI_right,False
346,#252,2024-06,Lista de Reserva,Vulnerabilidad Baja,1.0,1.0,1.0,1.0,1.0,1.0,1.0,1.0,sotap,1,low,,,espanol_uno_mas_adultos,adultos_ninguno_analfabeta,,0,0,0.0,0.0,2.0,0.0,EXCLUSION,14.91,low,EXCLUSION,0.08946,AI_right,False
347,#458,2024-04,No Elegible,Vulnerabilidad Baja,2.700708215,1.0,1.0,1.0,1.0,1.0,1.790108696,1.0,fupal,1,low,,,espanol_uno_mas_adultos,adultos_ninguno_analfabeta,0.0,0,0,9.472088355,5.614422911,2.438642712,15.210654797653364,EXCLUSION,13.55,low,EXCLUSION,0.0813,AI_right,False
348,#555,2024-03,No Elegible,Vulnerabilidad Severa,2.700708215,1.525552408,3.251728045,1.0,1.776038647,2.823478261,1.790108696,1.0,sotap,4,average,jefatura_femenina,si,espanol_ningun_adulto,adultos_ninguno_analfabeta,-500.0,0,0,30.67858802,26.18890898,3.644103496,57.01197936118624,EXCLUSION,25.97,high,EXCLUSION,0.15582,AI_right,False
349,#1860,2023-07,No Elegible,Vulnerabilidad Elevada,2.070141643,1.0,1.0,1.0,1.776038647,1.498900966,2.580217391,2.544987923,pcr_cdmx,2,average,jefatura_masculina,no,espanol_uno_mas_adultos,adultos_ninguno_analfabeta,-500.0,0,0,6.702282231,37.43330939,3.244257006,43.14663643599621,EXCLUSION,17.76,high,EXCLUSION,0.10656,AI_right,False
350,#1200,2024-05,No Elegible,Vulnerabilidad Baja,1.0,1.0,2.578385269,1.0,1.0,1.498900966,1.0,1.0,fupal,1,low,,,espanol_uno_mas_adultos,adultos_uno_mas_analfabeta,0.0,0,0,8.975915299,3.815111519,2.373655191,12.95710664444418,EXCLUSION,24.88,low,EXCLUSION,0.14928,AI_right,False
351,#1311,2024-01,Lista de Reserva,Vulnerabilidad Baja,1.0,1.0,1.0,1.0,1.0,1.498900966,1.0,1.0,sotap,1,low,,,espanol_uno_mas_adultos,adultos_ninguno_analfabeta,,0,0,0.0,3.815111519,2.10647915,3.692337415207061,EXCLUSION,22.74,low,EXCLUSION,0.13643999999999998,AI_right,False
352,#111,2024-02,No Elegible,Vulnerabilidad Baja,1.0,1.0,1.0,1.0,1.0,1.0,1.790108696,1.0,fomon,1,low,,,espanol_uno_mas_adultos,adultos_ninguno_analfabeta,0.0,0,0,0.0,5.614422911,2.156697643,5.433745167301109,EXCLUSION,20.4,low,EXCLUSION,0.12239999999999998,AI_right,False
353,#112,2023-06,No Elegible,Vulnerabilidad Baja,1.0,2.051104816,1.0,1.0,1.776038647,1.498900966,1.790108696,1.0,sotap,3,low,jefatura_masculina,si,espanol_uno_mas_adultos,adultos_ninguno_analfabeta,,0,0,6.609317356,17.10850297,2.674227738,23.379946033755868,EXCLUSION,15.43,medium,EXCLUSION,0.09258,AI_right,False
354,#112,2024-03,Elegible,Vulnerabilidad Severa,1.0,2.051104816,2.578385269,1.0,1.776038647,2.823478261,2.580217391,1.738466184,sotap,3,average,jefatura_femenina,si,espanol_uno_mas_adultos,adultos_ninguno_analfabeta,0.0,0,0,17.3510839,42.19960637,3.69425457,58.75103996839293,INCLUSION,25.07,high,INCLUSION,0.15041999999999997,AI_right,False
355,#1101,2024-04,No Elegible,Vulnerabilidad Baja,1.0,1.0,1.0,1.0,1.0,1.0,1.790108696,1.0,sotap,1,low,,,espanol_ningun_adulto,adultos_ninguno_analfabeta,,0,0,0.0,5.614422911,2.156697643,5.433745167301109,EXCLUSION,15.66,low,EXCLUSION,0.09395999999999999,AI_right,False
356,#527,2024-04,No Elegible,Vulnerabilidad Baja,1.0,1.0,1.0,1.0,1.0,2.117608696,1.790108696,1.0,sotap,1,low,,,espanol_uno_mas_adultos,adultos_ninguno_analfabeta,,0,0,0.0,14.16503897,2.395343965,13.709193850906429,EXCLUSION,15.53,low,EXCLUSION,0.09318,AI_right,False
357,#252,2024-06,No Elegible,Vulnerabilidad Elevada,1.0,2.051104816,2.578385269,1.0,1.776038647,1.0,2.580217391,1.738466184,sotap,3,average,jefatura_femenina,si,espanol_uno_mas_adultos,adultos_ninguno_analfabeta,,0,0,17.3510839,24.36547812,3.196506911,41.49083179960618,EXCLUSION,15.46,high,EXCLUSION,0.09276000000000001,AI_right,False
358,#1859,2023-11,Lista de Reserva,Vulnerabilidad Baja,2.700708215,1.0,1.249197356,1.0,1.0,1.0,1.0,1.0,pcr_cdmx,5,average,jefatura_masculina,no,espanol_uno_mas_adultos,adultos_ninguno_analfabeta,0.0,0,0,11.93561888,0.0,2.35527423,12.31971903117728,EXCLUSION,20.65,low,EXCLUSION,0.12389999999999998,AI_right,False
359,#1407,2024-05,Lista de Reserva,Vulnerabilidad Elevada,2.070141643,1.0,2.578385269,1.0,1.776038647,2.117608696,2.580217391,1.043888889,foten,4,average,jefatura_femenina,no,espanol_uno_mas_adultos,adultos_ninguno_analfabeta,,0,0,17.46888676,28.09152966,3.304006918,45.2185691488351,EXCLUSION,20.86,high,EXCLUSION,0.12516,AI_right,False
360,#1624,2024-07,No Elegible,Vulnerabilidad Baja,1.0,1.0,1.0,1.0,1.776038647,1.0,1.790108696,1.0,fusal,1,low,,,espanol_ningun_adulto,adultos_ninguno_analfabeta,,0,0,0.0,12.01413641,2.33531262,11.62750948618979,EXCLUSION,20.73,low,INCLUSION,0.12438,wrongly_include,True
361,,2023-09,Elegible,Vulnerabilidad Moderada,1.0,1.0,2.578385269,1.0,1.776038647,2.117608696,1.790108696,1.0,,2,average,jefatura_masculina,si,espanol_ningun_adulto,adultos_uno_mas_analfabeta,,0,0,8.975915299,21.88512181,2.877986279,30.44560593426951,INCLUSION,28.78,medium,INCLUSION,0.17268,AI_right,False
362,#458,2023-06,No Elegible,Vulnerabilidad Baja,1.0,1.0,1.0,1.0,1.0,1.0,1.790108696,1.0,fupal,1,low,,,espanol_uno_mas_adultos,adultos_ninguno_analfabeta,,0,0,0.0,5.614422911,2.156697643,5.433745167301109,EXCLUSION,15.47,low,INCLUSION,0.09282,wrongly_include,True
363,#252,2024-01,Lista de Reserva,Vulnerabilidad Elevada,2.070141643,1.0,2.578385269,1.0,1.776038647,2.117608696,2.580217391,1.043888889,sotap,1,low,,,espanol_ningun_adulto,adultos_uno_mas_analfabeta,0.0,0,0,17.46888676,28.09152966,3.304006918,45.2185691488351,EXCLUSION,31.94,high,EXCLUSION,0.19164,AI_right,False
364,#252,2024-02,No Elegible,Vulnerabilidad Baja,1.0,1.525552408,1.0,1.0,1.776038647,1.0,1.0,1.0,sotap,1,low,,,espanol_uno_mas_adultos,adultos_ninguno_analfabeta,,0,0,3.741369748,5.532745347,2.265783208,9.21646683684858,EXCLUSION,21.48,low,EXCLUSION,0.12888,AI_right,False
365,#1311,2024-07,Lista de Reserva,Vulnerabilidad Elevada,2.700708215,1.0,3.251728045,1.0,1.776038647,2.117608696,2.580217391,1.0,sotap,2,average,jefatura_femenina,si,espanol_uno_mas_adultos,adultos_ninguno_analfabeta,,0,0,24.2379543,27.40879931,3.486439293,51.54471264673319,EXCLUSION,22.52,high,EXCLUSION,0.13512,AI_right,False
366,#112,2023-08,Elegible,Vulnerabilidad Elevada,2.070141643,1.0,2.578385269,1.0,1.776038647,1.0,2.580217391,2.544987923,sotap,2,low,jefatura_femenina,no,espanol_uno_mas_adultos,adultos_uno_mas_analfabeta,-500.0,0,0,17.46888676,30.38303782,3.367962543,47.43633428473814,INCLUSION,22.6,high,INCLUSION,0.1356,AI_right,False
367,#112,2023-08,Elegible,Vulnerabilidad Moderada,1.0,1.0,1.0,1.0,1.776038647,2.823478261,1.790108696,1.0,sotap,1,low,,,espanol_uno_mas_adultos,adultos_ninguno_analfabeta,0.0,0,0,0.0,26.18890898,2.730928248,25.34612370011462,INCLUSION,24.12,medium,INCLUSION,0.14472,AI_right,False
368,#252,2023-09,Lista de Reserva,Vulnerabilidad Baja,1.0,1.0,1.0,1.564135978,1.0,2.117608696,1.0,1.0,sotap,1,low,,,espanol_uno_mas_adultos,adultos_ninguno_analfabeta,,0,0,3.975239986,7.392265486,2.32464347,11.2575421743845,EXCLUSION,17.5,low,EXCLUSION,0.105,AI_right,False
369,#458,2023-07,Lista de Reserva,Vulnerabilidad Elevada,2.700708215,2.051104816,2.578385269,1.0,1.0,1.0,1.0,1.0,fupal,2,average,jefatura_masculina,si,espanol_uno_mas_adultos,adultos_uno_mas_analfabeta,,0,0,31.71522481,0.0,2.944031657,32.73585245961061,EXCLUSION,21.4,medium,EXCLUSION,0.1284,AI_right,False
370,#252,2024-05,No Elegible,Vulnerabilidad Baja,1.0,1.0,2.578385269,1.0,1.0,1.498900966,1.0,1.0,sotap,7,high,jefatura_masculina,no,espanol_uno_mas_adultos,adultos_ninguno_analfabeta,,0,0,8.975915299,3.815111519,2.373655191,12.95710664444418,EXCLUSION,15.67,low,EXCLUSION,0.09402,AI_right,False
371,#112,2024-01,Elegible,Vulnerabilidad Baja,1.0,1.525552408,1.0,1.0,1.776038647,1.498900966,1.0,1.0,sotap,2,low,jefatura_masculina,no,espanol_uno_mas_adultos,adultos_ninguno_analfabeta,,0,-500,3.741369748,9.93697889,2.388704659,13.478967740201298,INCLUSION,29.2,low,INCLUSION,0.1752,AI_right,False
372,#1223,2024-03,Elegible,Vulnerabilidad Baja,2.700708215,1.0,1.0,1.0,1.776038647,1.0,1.790108696,1.0,sotap,1,low,,,espanol_uno_mas_adultos,adultos_ninguno_analfabeta,0.0,0,0,9.472088355,12.01413641,2.61725769,21.404419116542044,INCLUSION,20.99,medium,INCLUSION,0.12593999999999997,AI_right,False
373,#1805,2023-12,No Elegible,Vulnerabilidad Baja,1.0,1.0,1.0,1.0,1.776038647,1.498900966,1.790108696,1.0,fomon,1,low,,,espanol_uno_mas_adultos,adultos_ninguno_analfabeta,,0,0,0.0,17.10850297,2.477495573,16.55793423592243,EXCLUSION,25.17,low,EXCLUSION,0.15102000000000002,AI_right,False
374,#676,2024-01,Elegible,Vulnerabilidad Baja,1.0,1.0,1.0,1.0,1.776038647,1.498900966,1.790108696,1.0,pcr_cdmx,3,low,jefatura_masculina,no,espanol_ningun_adulto,adultos_uno_mas_analfabeta,,0,0,0.0,17.10850297,2.477495573,16.55793423592243,INCLUSION,33.02,low,INCLUSION,0.19812000000000002,AI_right,False
375,#1054,2023-11,Lista de Reserva,Vulnerabilidad Severa,2.700708215,2.051104816,3.251728045,1.0,1.776038647,2.823478261,1.790108696,1.0,futij,2,complete,jefatura_femenina,si,espanol_uno_mas_adultos,adultos_ninguno_analfabeta,0.0,0,0,35.61565687,26.18890898,3.791059708,62.10792802384809,EXCLUSION,30.28,high,EXCLUSION,0.18168,AI_right,False
376,#1101,2023-07,No Elegible,Vulnerabilidad Elevada,1.0,1.525552408,2.578385269,1.0,1.776038647,1.498900966,1.790108696,1.043888889,sotap,3,low,jefatura_femenina,no,espanol_uno_mas_adultos,adultos_uno_mas_analfabeta,,0,-500,13.7168894,17.68003002,2.901742121,31.269381591707777,EXCLUSION,28.11,medium,EXCLUSION,0.16866,AI_right,False
377,#458,2024-03,Elegible,Vulnerabilidad Elevada,1.0,1.0,3.251728045,1.0,1.776038647,2.823478261,1.790108696,1.0,fupal,4,average,jefatura_masculina,no,espanol_uno_mas_adultos,adultos_ninguno_analfabeta,-500.0,0,0,11.51832969,26.18890898,3.073781497,37.23512475786851,INCLUSION,33.22,high,EXCLUSION,0.19932,wrongly_exclude,True
378,#692,2024-01,No Elegible,Vulnerabilidad Baja,2.070141643,1.0,1.0,1.0,1.776038647,1.498900966,1.790108696,1.043888889,pcr_cdmx,1,low,,,espanol_uno_mas_adultos,adultos_ninguno_analfabeta,0.0,0,0,6.702282231,17.68003002,2.692946147,24.029037349402188,EXCLUSION,23.92,medium,EXCLUSION,0.14352,AI_right,False
379,#1311,2023-08,No Elegible,Vulnerabilidad Moderada,1.0,1.525552408,1.0,1.0,1.776038647,2.117608696,2.580217391,1.043888889,sotap,1,low,,,espanol_uno_mas_adultos,adultos_ninguno_analfabeta,0.0,0,0,3.741369748,28.09152966,2.895395259,31.049286911871928,EXCLUSION,22.87,medium,EXCLUSION,0.13722,AI_right,False
380,#1101,2024-03,Elegible,Vulnerabilidad Elevada,2.700708215,2.051104816,2.578385269,1.0,1.0,1.0,1.0,1.0,sotap,2,complete,jefatura_femenina,si,espanol_uno_mas_adultos,adultos_ninguno_analfabeta,,0,0,31.71522481,0.0,2.944031657,32.73585245961061,INCLUSION,15.76,medium,INCLUSION,0.09455999999999999,AI_right,False
381,#016,2023-08,Elegible,Vulnerabilidad Baja,1.0,1.525552408,1.0,1.0,1.0,2.117608696,1.0,1.0,futij,1,low,,,espanol_uno_mas_adultos,adultos_ninguno_analfabeta,,0,0,3.741369748,7.392265486,2.317682116,11.016145758255425,INCLUSION,18.47,low,INCLUSION,0.11081999999999999,AI_right,False
382,#672,2024-02,Elegible,Vulnerabilidad Elevada,1.0,1.525552408,1.0,1.564135978,1.776038647,2.823478261,2.580217391,1.0,fupal,3,low,jefatura_masculina,no,espanol_uno_mas_adultos,adultos_ninguno_analfabeta,,0,-500,8.159313021,32.12448674,3.139458425,39.512576505548864,INCLUSION,25.6,high,INCLUSION,0.1536,AI_right,False
383,#1200,2024-06,No Elegible,Vulnerabilidad Elevada,2.700708215,1.0,2.578385269,1.0,1.776038647,1.498900966,1.790108696,2.544987923,fupal,1,low,,,espanol_uno_mas_adultos,adultos_ninguno_analfabeta,,0,0,20.97871872,31.0340229,3.490604678,51.689151876183416,EXCLUSION,15.35,high,EXCLUSION,0.0921,AI_right,False
384,#1311,2024-06,No Elegible,Vulnerabilidad Moderada,1.0,1.0,1.0,1.0,1.776038647,2.823478261,1.790108696,1.0,sotap,1,low,,,espanol_uno_mas_adultos,adultos_ninguno_analfabeta,,0,0,0.0,26.18890898,2.730928248,25.34612370011462,EXCLUSION,17.05,medium,EXCLUSION,0.1023,AI_right,False
385,#527,2023-10,No Elegible,Vulnerabilidad Baja,1.0,1.0,2.578385269,1.0,1.0,1.498900966,1.0,1.0,sotap,2,low,jefatura_femenina,no,espanol_uno_mas_adultos,adultos_ninguno_analfabeta,,0,0,8.975915299,3.815111519,2.373655191,12.95710664444418,EXCLUSION,21.83,low,EXCLUSION,0.13097999999999999,AI_right,False
386,#1223,2023-09,Lista de Reserva,Vulnerabilidad Baja,1.0,1.0,1.0,1.0,1.776038647,1.498900966,2.580217391,1.0,sotap,4,average,jefatura_masculina,no,espanol_uno_mas_adultos,adultos_ninguno_analfabeta,,0,0,0.0,22.17502718,2.618901451,21.46141263032042,EXCLUSION,20.91,medium,EXCLUSION,0.12546,AI_right,False
387,#527,2024-07,Lista de Reserva,Vulnerabilidad Baja,1.0,1.525552408,1.0,1.0,1.776038647,1.0,1.0,1.0,sotap,1,low,,,espanol_uno_mas_adultos,adultos_ninguno_analfabeta,,0,0,3.741369748,5.532745347,2.265783208,9.21646683684858,EXCLUSION,20.14,low,EXCLUSION,0.12083999999999999,AI_right,False
388,#1771,2024-06,No Elegible,Vulnerabilidad Baja,1.0,1.0,1.0,1.0,1.776038647,1.498900966,1.790108696,1.0,fupal,1,low,,,espanol_uno_mas_adultos,adultos_ninguno_analfabeta,,0,0,0.0,17.10850297,2.477495573,16.55793423592243,EXCLUSION,16.4,low,EXCLUSION,0.09839999999999999,AI_right,False
389,#513,2023-08,Lista de Reserva,Vulnerabilidad Moderada,2.700708215,1.0,2.578385269,1.0,1.0,2.117608696,1.0,1.0,pcr_cdmx,2,average,jefatura_femenina,si,espanol_ningun_adulto,adultos_ninguno_analfabeta,,0,0,20.97871872,7.392265486,2.830767021,28.808209857523355,EXCLUSION,26.08,medium,EXCLUSION,0.15647999999999998,AI_right,False
390,#1311,2023-09,No Elegible,Vulnerabilidad Elevada,2.700708215,2.051104816,1.249197356,1.0,1.776038647,1.0,1.790108696,1.0,sotap,4,average,jefatura_masculina,no,espanol_uno_mas_adultos,adultos_ninguno_analfabeta,,0,0,20.89305637,12.01413641,2.957212882,33.19292530323276,EXCLUSION,20.03,medium,INCLUSION,0.12018,wrongly_include,True
391,#458,2024-02,No Elegible,Vulnerabilidad Baja,1.0,1.0,2.578385269,1.0,1.0,1.498900966,1.0,1.0,fupal,1,low,,,espanol_uno_mas_adultos,adultos_ninguno_analfabeta,0.0,0,0,8.975915299,3.815111519,2.373655191,12.95710664444418,EXCLUSION,28.81,low,EXCLUSION,0.17285999999999999,AI_right,False
392,#692,2024-02,Elegible,Vulnerabilidad Baja,1.0,1.0,2.578385269,1.0,1.0,1.498900966,1.790108696,1.043888889,pcr_cdmx,1,low,,,espanol_uno_mas_adultos,adultos_ninguno_analfabeta,0.0,0,0,8.975915299,10.52243148,2.560855415,19.44857834177924,INCLUSION,23.09,low,INCLUSION,0.13854,AI_right,False
393,#1282,2024-01,Lista de Reserva,Vulnerabilidad Baja,2.700708215,1.0,1.249197356,1.0,1.0,1.0,1.790108696,1.0,fomon,2,average,jefatura_femenina,si,espanol_uno_mas_adultos,adultos_ninguno_analfabeta,0.0,0,0,11.93561888,5.614422911,2.511971873,17.75346419847839,EXCLUSION,20.17,low,EXCLUSION,0.12102,AI_right,False
394,#1311,2024-05,Lista de Reserva,Vulnerabilidad Elevada,1.0,1.0,3.251728045,1.0,1.776038647,2.823478261,1.790108696,1.738466184,sotap,5,high,jefatura_femenina,no,espanol_uno_mas_adultos,adultos_ninguno_analfabeta,,0,0,11.51832969,35.38399904,3.330414986,46.13430762464765,EXCLUSION,27.75,high,EXCLUSION,0.1665,AI_right,False
395,#1223,2024-05,Elegible,Vulnerabilidad Baja,1.0,1.0,1.0,1.0,1.776038647,1.498900966,1.790108696,1.0,sotap,1,low,,,espanol_uno_mas_adultos,adultos_ninguno_analfabeta,0.0,0,0,0.0,17.10850297,2.477495573,16.55793423592243,INCLUSION,18.7,low,INCLUSION,0.1122,AI_right,False
396,#1311,2024-04,Lista de Reserva,Vulnerabilidad Baja,1.0,1.0,2.578385269,1.0,1.776038647,1.0,1.790108696,1.043888889,sotap,3,average,jefatura_masculina,no,espanol_uno_mas_adultos,adultos_ninguno_analfabeta,0.0,0,0,8.975915299,12.53066404,2.616904864,21.39218396976588,EXCLUSION,23.37,medium,EXCLUSION,0.14022,AI_right,False
397,#071,2024-02,No Elegible,Vulnerabilidad Baja,1.0,1.0,1.0,1.0,1.0,1.498900966,1.0,1.0,sotap,3,low,jefatura_masculina,no,espanol_uno_mas_adultos,adultos_ninguno_analfabeta,0.0,0,0,0.0,3.815111519,2.10647915,3.692337415207061,EXCLUSION,21.95,low,EXCLUSION,0.13169999999999998,AI_right,False
398,#112,2024-05,No Elegible,Vulnerabilidad Moderada,1.0,1.0,1.0,1.0,1.776038647,2.823478261,1.790108696,1.0,sotap,1,low,,,espanol_uno_mas_adultos,adultos_ninguno_analfabeta,,0,0,0.0,26.18890898,2.730928248,25.34612370011462,EXCLUSION,19.51,medium,EXCLUSION,0.11706000000000001,AI_right,False
399,#527,2023-10,Lista de Reserva,Vulnerabilidad Baja,1.0,1.0,1.0,1.0,1.0,1.0,1.0,1.0,sotap,2,average,jefatura_femenina,si,espanol_uno_mas_adultos,adultos_ninguno_analfabeta,-500.0,0,0,0.0,0.0,2.0,0.0,EXCLUSION,17.61,low,EXCLUSION,0.10566,AI_right,False
400,#555,2023-09,No Elegible,Vulnerabilidad Elevada,1.0,1.0,2.578385269,1.0,1.776038647,2.117608696,2.580217391,1.043888889,sotap,1,low,,,espanol_uno_mas_adultos,adultos_uno_mas_analfabeta,0.0,0,0,8.975915299,28.09152966,3.051206127,36.45228537324866,EXCLUSION,26.62,high,EXCLUSION,0.15972,AI_right,False
401,#133,2023-12,Lista de Reserva,Vulnerabilidad Baja,2.700708215,1.0,1.0,1.0,1.776038647,1.0,1.790108696,1.0,fupal,1,low,,,espanol_uno_mas_adultos,adultos_ninguno_analfabeta,,0,0,9.472088355,12.01413641,2.61725769,21.404419116542044,EXCLUSION,20.57,medium,EXCLUSION,0.12341999999999999,AI_right,False
402,#1167,2024-02,Elegible,Vulnerabilidad Elevada,2.700708215,1.0,1.249197356,1.0,1.776038647,2.823478261,1.790108696,1.043888889,foten,4,low,jefatura_masculina,no,espanol_uno_mas_adultos,adultos_ninguno_analfabeta,,0,0,11.93561888,26.85846924,3.104889798,38.31385587256485,INCLUSION,22.86,high,INCLUSION,0.13716,AI_right,False
403,#071,2023-10,Elegible,Vulnerabilidad Severa,2.070141643,2.051104816,2.578385269,1.0,1.776038647,2.823478261,2.580217391,2.544987923,sotap,3,complete,jefatura_masculina,no,espanol_uno_mas_adultos,adultos_uno_mas_analfabeta,0.0,0,0,27.51489601,50.0,4.214497142,76.79130287849782,INCLUSION,33.54,high,INCLUSION,0.20123999999999997,AI_right,False
404,,2023-09,Lista de Reserva,Vulnerabilidad Severa,2.700708215,1.0,1.249197356,1.0,1.776038647,2.117608696,2.580217391,2.544987923,,3,low,jefatura_femenina,si,espanol_uno_mas_adultos,adultos_ninguno_analfabeta,0.0,0,0,11.93561888,44.04383881,3.584530706,54.94618306443267,EXCLUSION,17.28,high,EXCLUSION,0.10368000000000001,AI_right,False
405,#1167,2024-02,Elegible,Vulnerabilidad Moderada,1.0,1.0,2.578385269,1.564135978,1.776038647,1.0,1.790108696,1.0,foten,1,low,,,espanol_uno_mas_adultos,adultos_ninguno_analfabeta,0.0,0,0,14.01324416,12.01413641,2.7524292,26.09171385650275,INCLUSION,24.45,medium,INCLUSION,0.1467,AI_right,False
406,#252,2023-08,No Elegible,Vulnerabilidad Baja,1.0,1.0,1.0,1.0,1.776038647,1.498900966,1.790108696,1.0,sotap,1,low,,,espanol_uno_mas_adultos,adultos_ninguno_analfabeta,,0,0,0.0,17.10850297,2.477495573,16.55793423592243,EXCLUSION,21.58,low,EXCLUSION,0.12947999999999998,AI_right,False
407,#1223,2024-05,No Elegible,Vulnerabilidad Baja,1.0,1.0,1.249197356,1.0,1.776038647,1.0,2.580217391,1.0,sotap,3,average,jefatura_femenina,no,espanol_uno_mas_adultos,adultos_ninguno_analfabeta,0.0,0,0,1.921713018,16.59309681,2.520312154,18.042670026189647,EXCLUSION,17.4,low,EXCLUSION,0.10439999999999999,AI_right,False
408,#111,2023-12,Elegible,Vulnerabilidad Baja,1.0,1.0,1.0,1.0,1.0,1.0,1.0,1.0,fomon,1,low,,,espanol_uno_mas_adultos,adultos_ninguno_analfabeta,0.0,0,0,0.0,0.0,2.0,0.0,INCLUSION,22.83,low,INCLUSION,0.13698,AI_right,False
409,#1415,2024-03,No Elegible,Vulnerabilidad Baja,2.070141643,1.0,1.0,1.0,1.776038647,1.0,1.790108696,1.0,fomon,2,average,jefatura_femenina,si,espanol_uno_mas_adultos,adultos_ninguno_analfabeta,,0,0,6.702282231,12.01413641,2.534811966,18.545477861665603,EXCLUSION,21.79,low,EXCLUSION,0.13074,AI_right,False
410,#676,2024-01,No Elegible por Duplicidad,Vulnerabilidad Baja,1.0,1.0,1.0,1.0,1.776038647,1.0,1.0,1.0,pcr_cdmx,1,low,,,espanol_uno_mas_adultos,adultos_ninguno_analfabeta,0.0,0,0,0.0,5.532745347,2.154418035,5.354696068988193,EXCLUSION,30.74,low,EXCLUSION,0.18444,AI_right,False
411,#527,2024-05,Elegible,Vulnerabilidad Elevada,2.070141643,1.0,1.0,1.0,1.776038647,2.823478261,1.790108696,1.043888889,sotap,3,average,jefatura_femenina,no,espanol_uno_mas_adultos,adultos_ninguno_analfabeta,,0,0,6.702282231,26.85846924,2.949114914,32.912105216863374,INCLUSION,18.2,medium,INCLUSION,0.10919999999999999,AI_right,False
412,#071,2023-06,No Elegible,Vulnerabilidad Elevada,2.070141643,1.0,2.578385269,1.0,1.776038647,2.823478261,2.580217391,1.043888889,sotap,3,average,jefatura_masculina,no,espanol_uno_mas_adultos,adultos_ninguno_analfabeta,0.0,0,0,17.46888676,32.85812825,3.43704192,49.83177382961031,EXCLUSION,22.69,high,EXCLUSION,0.13614,AI_right,False
413,#555,2024-01,No Elegible,Vulnerabilidad Baja,1.0,1.0,1.0,1.0,1.776038647,1.498900966,2.580217391,1.0,sotap,4,average,jefatura_masculina,no,espanol_uno_mas_adultos,adultos_ninguno_analfabeta,0.0,0,0,0.0,22.17502718,2.618901451,21.46141263032042,EXCLUSION,25.71,medium,EXCLUSION,0.15425999999999998,AI_right,False
414,#555,2023-10,Lista de Reserva,Vulnerabilidad Elevada,2.070141643,1.0,1.0,1.564135978,1.776038647,1.498900966,2.580217391,1.0,sotap,2,average,jefatura_femenina,si,espanol_uno_mas_adultos,adultos_ninguno_analfabeta,0.0,0,0,11.47057999,22.17502718,2.960333388,33.30112735497861,EXCLUSION,27.82,medium,INCLUSION,0.16691999999999999,wrongly_include,True
415,#1223,2024-05,No Elegible,Vulnerabilidad Moderada,1.0,1.0,1.0,1.0,1.776038647,2.823478261,1.790108696,1.0,sotap,1,low,,,espanol_uno_mas_adultos,adultos_ninguno_analfabeta,0.0,0,0,0.0,26.18890898,2.730928248,25.34612370011462,EXCLUSION,21.39,medium,INCLUSION,0.12834,wrongly_include,True
416,#645,2024-02,No Elegible,Vulnerabilidad Severa,2.070141643,1.0,1.0,1.0,1.776038647,2.823478261,2.580217391,2.544987923,fupal,3,average,jefatura_masculina,no,espanol_ningun_adulto,adultos_ninguno_analfabeta,,0,0,6.702282231,50.0,3.594991325,55.308918375475805,EXCLUSION,24.65,high,EXCLUSION,0.1479,AI_right,False
417,#1223,2024-01,Elegible,Vulnerabilidad Elevada,2.070141643,1.0,2.578385269,1.0,1.776038647,1.0,2.580217391,2.544987923,sotap,2,average,jefatura_femenina,si,espanol_ningun_adulto,adultos_ninguno_analfabeta,,0,0,17.46888676,30.38303782,3.367962543,47.43633428473814,INCLUSION,28.1,high,INCLUSION,0.1686,AI_right,False
418,#1311,2023-09,Lista de Reserva,Vulnerabilidad Elevada,1.0,2.051104816,1.0,1.0,1.776038647,2.823478261,1.790108696,1.0,sotap,1,low,,,espanol_uno_mas_adultos,adultos_ninguno_analfabeta,0.0,0,0,6.609317356,26.18890898,2.927660413,32.16813549794806,EXCLUSION,22.24,medium,EXCLUSION,0.13343999999999998,AI_right,False
419,#458,2024-02,No Elegible,Vulnerabilidad Baja,2.700708215,1.0,1.0,1.0,1.0,1.498900966,1.0,1.0,fupal,1,low,,,espanol_uno_mas_adultos,adultos_ninguno_analfabeta,,0,0,9.472088355,3.815111519,2.38842422,13.469247045559316,EXCLUSION,18.15,low,EXCLUSION,0.1089,AI_right,False
420,#1407,2024-01,Elegible,Vulnerabilidad Elevada,2.700708215,1.0,3.251728045,1.564135978,1.0,1.498900966,2.580217391,1.0,foten,1,low,,,espanol_ningun_adulto,adultos_uno_mas_analfabeta,,0,0,31.08118723,14.41616583,3.327511845,46.0336501136734,INCLUSION,32.25,high,EXCLUSION,0.1935,wrongly_exclude,True
421,#1101,2023-12,Lista de Reserva,Vulnerabilidad Elevada,2.700708215,1.0,1.249197356,1.0,1.0,2.117608696,1.790108696,1.738466184,sotap,2,average,jefatura_femenina,si,espanol_uno_mas_adultos,adultos_ninguno_analfabeta,,0,0,11.93561888,21.57742793,2.957496782,33.20276375296195,EXCLUSION,18.51,medium,EXCLUSION,0.11106,AI_right,False
422,#692,2024-01,No Elegible,Vulnerabilidad Baja,1.0,1.0,1.0,1.0,1.776038647,2.117608696,1.790108696,1.0,pcr_cdmx,1,low,,,espanol_ningun_adulto,adultos_ninguno_analfabeta,,0,0,0.0,21.88512181,2.610810239,21.18083670503239,EXCLUSION,30.06,low,EXCLUSION,0.18036,AI_right,False
423,#1223,2023-12,No Elegible,Vulnerabilidad Moderada,1.0,1.0,1.0,1.0,1.776038647,2.823478261,1.790108696,1.0,sotap,2,average,jefatura_femenina,no,espanol_uno_mas_adultos,adultos_ninguno_analfabeta,0.0,0,0,0.0,26.18890898,2.730928248,25.34612370011462,EXCLUSION,29.94,medium,EXCLUSION,0.17964,AI_right,False
424,#252,2024-04,No Elegible,Vulnerabilidad Elevada,2.070141643,1.0,1.0,1.564135978,1.776038647,2.117608696,2.580217391,1.043888889,sotap,2,complete,jefatura_femenina,si,espanol_uno_mas_adultos,adultos_ninguno_analfabeta,,0,0,11.47057999,28.09152966,3.125462023,39.02723086866973,EXCLUSION,10.96,high,EXCLUSION,0.06576,AI_right,False
425,#071,2023-08,Elegible,Vulnerabilidad Moderada,1.0,1.0,1.0,1.0,1.776038647,2.823478261,2.580217391,1.0,sotap,7,average,jefatura_masculina,no,espanol_ningun_adulto,adultos_ninguno_analfabeta,,0,0,0.0,32.12448674,2.896589272,31.09068863222006,INCLUSION,24.5,medium,INCLUSION,0.147,AI_right,False
426,#527,2023-11,No Elegible,Vulnerabilidad Baja,1.0,1.0,1.0,1.0,1.776038647,2.117608696,1.790108696,1.0,sotap,1,low,,,espanol_uno_mas_adultos,adultos_ninguno_analfabeta,,0,0,0.0,21.88512181,2.610810239,21.18083670503239,EXCLUSION,23.5,low,EXCLUSION,0.141,AI_right,False
427,#1311,2023-07,Lista de Reserva,Vulnerabilidad Baja,1.0,1.0,1.0,1.0,1.0,1.0,1.790108696,1.0,sotap,3,average,jefatura_femenina,si,espanol_uno_mas_adultos,adultos_ninguno_analfabeta,0.0,0,0,0.0,5.614422911,2.156697643,5.433745167301109,EXCLUSION,15.16,low,EXCLUSION,0.09096,AI_right,False
428,#1101,2024-01,Elegible,Vulnerabilidad Baja,1.0,1.0,1.0,1.0,1.0,1.0,1.0,1.0,sotap,1,low,,,espanol_uno_mas_adultos,adultos_ninguno_analfabeta,0.0,0,0,0.0,0.0,2.0,0.0,INCLUSION,20.66,low,INCLUSION,0.12396,AI_right,False
429,#071,2024-03,No Elegible,Vulnerabilidad Elevada,1.0,1.0,2.578385269,1.0,1.776038647,2.823478261,2.580217391,1.0,sotap,1,low,,,espanol_uno_mas_adultos,adultos_ninguno_analfabeta,0.0,0,0,8.975915299,32.12448674,3.163765312,40.35545786145718,EXCLUSION,27.95,high,EXCLUSION,0.1677,AI_right,False
430,#555,2024-05,Lista de Reserva,Vulnerabilidad Moderada,1.0,1.0,2.578385269,1.0,1.776038647,1.498900966,1.790108696,1.0,sotap,3,complete,jefatura_femenina,si,espanol_uno_mas_adultos,adultos_ninguno_analfabeta,,0,0,8.975915299,17.10850297,2.744671614,25.82270346515955,EXCLUSION,19.81,medium,EXCLUSION,0.11886,AI_right,False
431,#1725,2024-04,No Elegible,Vulnerabilidad Elevada,1.0,2.051104816,1.0,1.0,1.776038647,2.823478261,2.580217391,1.0,foten,1,low,,,espanol_uno_mas_adultos,adultos_ninguno_analfabeta,,0,0,6.609317356,32.12448674,3.093321436,37.9127004300535,EXCLUSION,19.99,high,EXCLUSION,0.11993999999999999,AI_right,False
432,#1223,2024-05,No Elegible,Vulnerabilidad Elevada,1.0,2.051104816,1.0,1.0,1.776038647,2.823478261,2.580217391,1.0,sotap,2,average,jefatura_masculina,si,espanol_uno_mas_adultos,adultos_uno_mas_analfabeta,0.0,0,0,6.609317356,32.12448674,3.093321436,37.9127004300535,EXCLUSION,23.16,high,EXCLUSION,0.13896,AI_right,False
433,#1311,2023-07,No Elegible,Vulnerabilidad Elevada,1.0,2.051104816,1.0,1.0,1.776038647,2.823478261,2.580217391,1.0,sotap,6,high,jefatura_femenina,no,espanol_uno_mas_adultos,adultos_ninguno_analfabeta,0.0,0,0,6.609317356,32.12448674,3.093321436,37.9127004300535,EXCLUSION,22.11,high,EXCLUSION,0.13266,AI_right,False
434,#1311,2024-01,Lista de Reserva,Vulnerabilidad Baja,2.700708215,1.0,1.249197356,1.0,1.776038647,1.498900966,1.0,1.0,sotap,1,low,,,espanol_uno_mas_adultos,adultos_ninguno_analfabeta,0.0,0,0,11.93561888,9.93697889,2.632613717,21.936916003518192,EXCLUSION,25.56,medium,EXCLUSION,0.15336,AI_right,False
435,#1200,2024-02,Elegible,Vulnerabilidad Severa,2.700708215,1.0,3.251728045,1.0,1.776038647,2.823478261,2.580217391,1.0,fupal,2,average,jefatura_femenina,si,espanol_ningun_adulto,adultos_uno_mas_analfabeta,,0,0,24.2379543,32.12448674,3.618053373,56.108644539548365,INCLUSION,24.94,high,INCLUSION,0.14964,AI_right,False
436,#252,2023-10,Lista de Reserva,Vulnerabilidad Elevada,2.700708215,1.0,2.578385269,1.0,1.776038647,2.823478261,1.790108696,1.0,sotap,1,low,,,espanol_uno_mas_adultos,adultos_ninguno_analfabeta,-500.0,0,0,20.97871872,26.18890898,3.355378326,46.99995856724294,EXCLUSION,24.29,high,EXCLUSION,0.14574,AI_right,False
437,#555,2024-01,Elegible por Proceso Acelerado,Vulnerabilidad Moderada,2.700708215,1.0,2.578385269,1.0,1.0,1.498900966,1.0,1.0,sotap,1,low,,,espanol_uno_mas_adultos,adultos_ninguno_analfabeta,,0,0,20.97871872,3.815111519,2.730929228,25.34617228233538,INCLUSION,22.24,medium,INCLUSION,0.13343999999999998,AI_right,False
438,#937,2023-08,No Elegible,Vulnerabilidad Elevada,1.0,1.525552408,2.578385269,1.0,1.776038647,2.117608696,1.790108696,1.0,futij,3,average,jefatura_femenina,si,espanol_uno_mas_adultos,adultos_ninguno_analfabeta,,0,0,13.7168894,21.88512181,3.019105558,35.33914932281379,EXCLUSION,27.68,high,EXCLUSION,0.16607999999999998,AI_right,False
439,#1101,2024-05,No Elegible,Vulnerabilidad Elevada,1.0,1.525552408,2.578385269,1.0,1.776038647,2.823478261,1.790108696,1.0,sotap,3,average,jefatura_masculina,no,espanol_uno_mas_adultos,adultos_ninguno_analfabeta,,0,0,13.7168894,26.18890898,3.139223567,39.50443631789602,EXCLUSION,26.28,high,INCLUSION,0.15768000000000001,wrongly_include,True
440,#1497,2023-09,No Elegible,Vulnerabilidad Severa,2.700708215,1.0,3.251728045,1.0,1.776038647,1.0,2.580217391,2.544987923,futij,2,complete,jefatura_femenina,si,espanol_ningun_adulto,adultos_ninguno_analfabeta,,0,0,24.2379543,30.38303782,3.569449813,54.42323718724288,EXCLUSION,24.03,high,EXCLUSION,0.14418,AI_right,False
441,#1101,2024-01,Elegible,Vulnerabilidad Moderada,1.0,1.0,2.578385269,1.0,1.776038647,2.823478261,1.0,1.0,sotap,1,low,,,espanol_uno_mas_adultos,adultos_uno_mas_analfabeta,,0,0,8.975915299,17.78726377,2.763615719,26.47962106385475,INCLUSION,36.39,medium,EXCLUSION,0.21834,wrongly_exclude,True
442,#1860,2024-01,No Elegible,Vulnerabilidad Baja,1.599560907,1.0,1.0,1.0,1.776038647,1.498900966,1.790108696,1.0,pcr_cdmx,4,low,jefatura_masculina,no,espanol_uno_mas_adultos,adultos_ninguno_analfabeta,0.0,0,0,4.186184624,17.10850297,2.602101053,20.87883446730737,EXCLUSION,30.44,low,EXCLUSION,0.18264,AI_right,False
443,#555,2024-07,No Elegible,Vulnerabilidad Severa,2.700708215,1.525552408,3.251728045,1.0,1.776038647,2.823478261,1.790108696,1.0,sotap,1,low,,,espanol_uno_mas_adultos,adultos_uno_mas_analfabeta,0.0,0,0,30.67858802,26.18890898,3.644103496,57.01197936118624,EXCLUSION,30.71,high,EXCLUSION,0.18425999999999998,AI_right,False
444,#527,2024-03,Lista de Reserva,Vulnerabilidad Moderada,1.0,1.0,2.578385269,1.0,1.0,2.117608696,2.580217391,1.043888889,sotap,2,low,jefatura_masculina,no,espanol_uno_mas_adultos,adultos_ninguno_analfabeta,0.0,0,0,8.975915299,19.54126117,2.812569505,28.177173073525346,EXCLUSION,25.81,medium,INCLUSION,0.15486,wrongly_include,True
445,#1311,2024-05,No Elegible,Vulnerabilidad Baja,1.0,1.0,1.0,1.0,1.0,1.0,1.790108696,1.0,sotap,2,average,jefatura_femenina,si,espanol_uno_mas_adultos,adultos_ninguno_analfabeta,0.0,0,0,0.0,5.614422911,2.156697643,5.433745167301109,EXCLUSION,13.71,low,EXCLUSION,0.08226,AI_right,False
446,#1725,2024-01,Lista de Reserva,Vulnerabilidad Elevada,1.0,1.0,2.578385269,1.0,1.776038647,2.117608696,2.580217391,1.043888889,foten,5,high,jefatura_masculina,no,espanol_uno_mas_adultos,adultos_ninguno_analfabeta,,0,0,8.975915299,28.09152966,3.051206127,36.45228537324866,EXCLUSION,32.11,high,EXCLUSION,0.19266,AI_right,False
447,#555,2023-08,No Elegible,Vulnerabilidad Moderada,2.070141643,1.0,3.251728045,1.0,1.0,1.498900966,1.790108696,1.0,sotap,1,low,,,espanol_ningun_adulto,adultos_ninguno_analfabeta,-500.0,0,0,20.51851115,10.02735341,2.890613418,30.88348050723094,EXCLUSION,19.06,medium,EXCLUSION,0.11435999999999999,AI_right,False
448,#252,2024-05,No Elegible,Vulnerabilidad Baja,1.0,1.0,1.0,1.0,1.776038647,1.498900966,2.580217391,1.043888889,sotap,1,low,,,espanol_uno_mas_adultos,adultos_ninguno_analfabeta,0.0,0,0,0.0,22.80125306,2.636379315,22.06748593527614,EXCLUSION,16.34,medium,EXCLUSION,0.09803999999999999,AI_right,False
449,#676,2024-04,Lista de Reserva,Vulnerabilidad Baja,2.070141643,1.0,1.0,1.0,1.776038647,1.0,2.580217391,1.043888889,pcr_cdmx,2,average,jefatura_masculina,no,espanol_uno_mas_adultos,adultos_ninguno_analfabeta,0.0,0,0,6.702282231,17.15905947,2.678405943,23.524832152671745,EXCLUSION,17.91,medium,EXCLUSION,0.10746,AI_right,False
450,#112,2024-02,Elegible,Vulnerabilidad Baja,1.599560907,1.0,1.0,1.0,1.0,2.823478261,1.790108696,1.043888889,sotap,5,average,jefatura_masculina,no,espanol_uno_mas_adultos,adultos_ninguno_analfabeta,0.0,0,0,4.186184624,18.47313819,2.640187803,22.199554361292552,INCLUSION,21.55,medium,INCLUSION,0.1293,AI_right,False
451,#071,2024-01,Lista de Reserva,Vulnerabilidad Baja,1.0,1.0,1.0,1.0,1.776038647,2.117608696,1.790108696,1.0,sotap,5,average,jefatura_masculina,no,espanol_uno_mas_adultos,adultos_ninguno_analfabeta,,0,0,0.0,21.88512181,2.610810239,21.18083670503239,EXCLUSION,28.46,low,INCLUSION,0.17076,wrongly_include,True
452,#112,2024-03,Elegible,Vulnerabilidad Baja,2.700708215,1.525552408,1.0,1.0,1.0,1.498900966,1.0,1.0,sotap,1,low,,,espanol_uno_mas_adultos,adultos_ninguno_analfabeta,,-500,0,14.26831886,3.815111519,2.531188254,18.41982504444072,INCLUSION,20.31,low,INCLUSION,0.12185999999999998,AI_right,False
453,#555,2023-11,Lista de Reserva,Vulnerabilidad Baja,1.0,1.0,1.0,1.0,1.776038647,2.117608696,1.790108696,1.043888889,sotap,1,low,,,espanol_uno_mas_adultos,adultos_ninguno_analfabeta,-500.0,0,0,0.0,22.50821784,2.628200749,21.78388088169096,EXCLUSION,21.43,medium,EXCLUSION,0.12858,AI_right,False
454,#1765,2024-04,No Elegible,Vulnerabilidad Severa,2.700708215,1.0,3.251728045,1.0,1.776038647,2.117608696,2.580217391,2.544987923,fupal,2,average,jefatura_femenina,si,espanol_ningun_adulto,adultos_uno_mas_analfabeta,,0,0,24.2379543,44.04383881,3.950720577,67.64441994058369,EXCLUSION,21.76,high,EXCLUSION,0.13056,AI_right,False
455,#071,2024-06,No Elegible,Vulnerabilidad Baja,1.0,1.0,1.0,1.0,1.0,1.0,1.0,1.0,sotap,1,low,,,espanol_uno_mas_adultos,adultos_ninguno_analfabeta,0.0,0,0,0.0,0.0,2.0,0.0,EXCLUSION,15.74,low,EXCLUSION,0.09444000000000001,AI_right,False
456,#112,2023-11,Lista de Reserva,Vulnerabilidad Moderada,1.0,1.0,2.578385269,1.0,1.776038647,1.498900966,1.790108696,1.043888889,sotap,2,low,jefatura_femenina,no,espanol_uno_mas_adultos,adultos_ninguno_analfabeta,,0,0,8.975915299,17.68003002,2.760622842,26.375838203163497,EXCLUSION,27.2,medium,EXCLUSION,0.1632,AI_right,False
457,#555,2024-04,Lista de Reserva,Vulnerabilidad Elevada,1.0,1.525552408,2.578385269,1.0,1.776038647,2.823478261,1.0,1.0,sotap,1,low,,,espanol_uno_mas_adultos,adultos_uno_mas_analfabeta,0.0,0,0,13.7168894,17.78726377,2.904734997,31.37316445239903,EXCLUSION,29.97,medium,EXCLUSION,0.17981999999999998,AI_right,False
458,#1311,2024-05,Elegible,Vulnerabilidad Baja,1.0,2.051104816,1.0,1.0,1.0,1.0,1.0,1.0,sotap,4,average,jefatura_masculina,no,espanol_uno_mas_adultos,adultos_ninguno_analfabeta,,0,0,6.609317356,0.0,2.196732164,6.8220117978334365,INCLUSION,15.1,low,INCLUSION,0.0906,AI_right,False
459,#555,2023-07,Lista de Reserva,Vulnerabilidad Baja,1.0,1.0,2.578385269,1.0,1.0,1.0,1.0,1.0,sotap,1,low,,,espanol_ningun_adulto,adultos_ninguno_analfabeta,,0,0,8.975915299,0.0,2.267176041,9.26476922923712,EXCLUSION,15.03,low,INCLUSION,0.09018,wrongly_include,True
460,#1101,2024-01,No Elegible,Vulnerabilidad Moderada,1.0,1.0,1.0,1.0,1.776038647,2.823478261,1.790108696,1.0,sotap,1,low,,,espanol_uno_mas_adultos,adultos_ninguno_analfabeta,0.0,0,0,0.0,26.18890898,2.730928248,25.34612370011462,EXCLUSION,27.75,medium,INCLUSION,0.1665,wrongly_include,True
461,#1311,2024-02,Elegible,Vulnerabilidad Moderada,1.0,1.0,1.0,1.0,1.776038647,2.823478261,2.580217391,1.0,sotap,4,average,jefatura_femenina,si,espanol_uno_mas_adultos,adultos_ninguno_analfabeta,0.0,0,0,0.0,32.12448674,2.896589272,31.09068863222006,INCLUSION,22.86,medium,INCLUSION,0.13716,AI_right,False
462,#112,2023-08,No Elegible,Vulnerabilidad Baja,1.0,1.0,1.0,1.0,1.0,2.117608696,2.580217391,1.0,sotap,1,low,,,espanol_uno_mas_adultos,adultos_ninguno_analfabeta,0.0,0,0,0.0,18.94985465,2.528887403,18.340029377508348,EXCLUSION,20.74,low,EXCLUSION,0.12443999999999998,AI_right,False
463,#555,2023-09,No Elegible,Vulnerabilidad Moderada,1.0,1.0,1.0,1.0,1.776038647,2.823478261,1.790108696,1.0,sotap,1,low,,,espanol_ningun_adulto,adultos_ninguno_analfabeta,0.0,0,0,0.0,26.18890898,2.730928248,25.34612370011462,EXCLUSION,22.95,medium,EXCLUSION,0.1377,AI_right,False
464,#672,2023-12,Lista de Reserva,Vulnerabilidad Baja,1.0,1.0,1.0,1.0,1.0,1.0,2.580217391,1.043888889,fupal,1,low,,,espanol_uno_mas_adultos,adultos_ninguno_analfabeta,,0,0,0.0,10.07114734,2.281084107,9.74704774745146,EXCLUSION,22.35,low,EXCLUSION,0.1341,AI_right,False
465,#645,2024-01,No Elegible,Vulnerabilidad Baja,1.0,1.0,1.0,1.564135978,1.776038647,1.498900966,1.790108696,1.0,fupal,1,low,,,espanol_uno_mas_adultos,adultos_ninguno_analfabeta,0.0,0,0,3.975239986,17.10850297,2.5958221,20.661101419911898,EXCLUSION,36.1,low,EXCLUSION,0.2166,AI_right,False
466,#555,2023-08,Lista de Reserva,Vulnerabilidad Baja,2.070141643,1.0,1.249197356,1.0,1.0,1.0,1.0,1.043888889,sotap,1,low,,,espanol_uno_mas_adultos,adultos_ninguno_analfabeta,-500.0,0,0,9.00737574,0.386821499,2.278908614,9.67161529502962,EXCLUSION,16.36,low,EXCLUSION,0.09816,AI_right,False
467,#1725,2024-04,No Elegible por Duplicidad,Vulnerabilidad Elevada,2.700708215,1.0,1.0,1.0,1.776038647,2.823478261,2.580217391,1.0,foten,4,average,jefatura_femenina,si,espanol_uno_mas_adultos,adultos_ninguno_analfabeta,,0,0,9.472088355,32.12448674,3.178534341,40.86759826257232,EXCLUSION,18.49,high,EXCLUSION,0.11093999999999998,AI_right,False
468,#252,2023-11,Lista de Reserva,Vulnerabilidad Baja,1.0,1.0,1.0,1.0,1.776038647,1.0,1.790108696,1.0,sotap,2,average,jefatura_femenina,si,espanol_uno_mas_adultos,adultos_ninguno_analfabeta,,0,0,0.0,12.01413641,2.33531262,11.62750948618979,EXCLUSION,20.92,low,EXCLUSION,0.12552000000000002,AI_right,False
469,#1223,2024-02,No Elegible,Vulnerabilidad Baja,1.0,1.0,1.0,1.0,1.0,1.498900966,1.0,1.0,sotap,1,low,,,espanol_uno_mas_adultos,adultos_ninguno_analfabeta,,0,0,0.0,3.815111519,2.10647915,3.692337415207061,EXCLUSION,20.19,low,EXCLUSION,0.12114000000000001,AI_right,False
470,#513,2024-02,Elegible,Vulnerabilidad Baja,2.070141643,1.0,1.0,1.0,1.776038647,1.0,1.790108696,1.043888889,pcr_cdmx,1,low,,,espanol_uno_mas_adultos,adultos_ninguno_analfabeta,0.0,0,0,6.702282231,12.53066404,2.549228169,19.04538311600457,INCLUSION,22.33,low,INCLUSION,0.13398,AI_right,False
471,#112,2024-05,Lista de Reserva,Vulnerabilidad Elevada,1.0,1.525552408,2.578385269,1.0,1.776038647,2.823478261,2.580217391,1.0,sotap,3,average,jefatura_masculina,no,espanol_uno_mas_adultos,adultos_ninguno_analfabeta,0.0,0,0,13.7168894,32.12448674,3.304884591,45.24900125000146,EXCLUSION,23.94,high,EXCLUSION,0.14364,AI_right,False
472,#112,2024-03,Elegible,Vulnerabilidad Moderada,1.0,1.0,3.251728045,1.0,1.776038647,2.823478261,1.0,1.0,sotap,1,low,,,espanol_uno_mas_adultos,adultos_ninguno_analfabeta,,0,0,11.51832969,17.78726377,2.839292927,29.10385289237152,INCLUSION,26.13,medium,INCLUSION,0.15677999999999997,AI_right,False
473,#527,2024-02,No Elegible,Vulnerabilidad Baja,1.0,1.0,1.0,1.0,1.0,1.498900966,1.790108696,1.043888889,sotap,5,average,jefatura_masculina,no,espanol_uno_mas_adultos,adultos_ninguno_analfabeta,,0,0,0.0,10.52243148,2.293679375,10.18380911254212,EXCLUSION,19.15,low,EXCLUSION,0.11489999999999997,AI_right,False
474,#071,2024-05,No Elegible,Vulnerabilidad Baja,1.599560907,1.0,1.0,1.0,1.0,2.823478261,1.790108696,1.043888889,sotap,3,average,jefatura_femenina,si,espanol_uno_mas_adultos,adultos_ninguno_analfabeta,0.0,0,0,4.186184624,18.47313819,2.640187803,22.199554361292552,EXCLUSION,16.18,medium,EXCLUSION,0.09708,AI_right,False
475,#1101,2024-07,Lista de Reserva,Vulnerabilidad Elevada,1.0,1.0,2.578385269,1.0,1.776038647,2.117608696,2.580217391,1.043888889,sotap,5,high,jefatura_femenina,no,espanol_uno_mas_adultos,adultos_ninguno_analfabeta,,0,0,8.975915299,28.09152966,3.051206127,36.45228537324866,EXCLUSION,23.07,high,EXCLUSION,0.13842000000000002,AI_right,False
476,#645,2023-07,Lista de Reserva,Vulnerabilidad Moderada,1.0,1.0,1.0,1.0,1.776038647,2.823478261,2.580217391,1.0,fupal,1,low,,,espanol_uno_mas_adultos,adultos_ninguno_analfabeta,,0,0,0.0,32.12448674,2.896589272,31.09068863222006,EXCLUSION,17.86,medium,EXCLUSION,0.10715999999999999,AI_right,False
477,#1677,2024-02,No Elegible,Vulnerabilidad Moderada,1.0,1.0,1.0,1.0,1.776038647,2.823478261,1.790108696,1.043888889,futij,1,low,,,espanol_uno_mas_adultos,adultos_uno_mas_analfabeta,,0,0,0.0,26.85846924,2.749615568,25.99413684138756,EXCLUSION,31.88,medium,EXCLUSION,0.19127999999999998,AI_right,False
478,#071,2023-07,Elegible,Vulnerabilidad Baja,1.0,1.0,3.251728045,1.0,1.776038647,1.0,1.790108696,1.043888889,sotap,1,low,,,espanol_ningun_adulto,adultos_ninguno_analfabeta,,0,0,11.51832969,12.53066404,2.692582072,24.01641579828265,INCLUSION,19.52,medium,EXCLUSION,0.11711999999999999,wrongly_exclude,True
479,#252,2023-11,No Elegible,Vulnerabilidad Moderada,2.700708215,1.0,1.0,1.0,1.776038647,1.0,2.580217391,1.0,sotap,2,complete,jefatura_femenina,si,espanol_uno_mas_adultos,adultos_ninguno_analfabeta,0.0,0,0,9.472088355,16.59309681,2.74505574,25.83602399190964,EXCLUSION,16.75,medium,EXCLUSION,0.1005,AI_right,False
480,#1200,2023-09,No Elegible por Intenciones,Vulnerabilidad Baja,2.070141643,1.0,1.0,1.0,1.0,1.498900966,2.580217391,1.043888889,fupal,1,low,,,espanol_uno_mas_adultos,adultos_ninguno_analfabeta,,0,0,6.702282231,14.95862607,2.6169922,21.39521089991714,EXCLUSION,14.81,medium,EXCLUSION,0.08886000000000001,AI_right,False
481,#1223,2023-08,Elegible,Vulnerabilidad Baja,1.0,1.0,1.0,1.0,1.776038647,2.117608696,1.790108696,1.0,sotap,1,low,,,espanol_uno_mas_adultos,adultos_ninguno_analfabeta,,0,0,0.0,21.88512181,2.610810239,21.18083670503239,INCLUSION,22.03,low,INCLUSION,0.13218000000000002,AI_right,False
482,#1311,2024-01,No Elegible,Vulnerabilidad Baja,1.0,1.0,1.0,1.0,1.776038647,1.0,1.790108696,1.0,sotap,1,low,,,espanol_uno_mas_adultos,adultos_ninguno_analfabeta,,0,0,0.0,12.01413641,2.33531262,11.62750948618979,EXCLUSION,24.88,low,EXCLUSION,0.14928,AI_right,False
483,#071,2023-08,Lista de Reserva,Vulnerabilidad Moderada,1.0,1.0,1.0,1.0,1.776038647,2.823478261,1.790108696,1.0,sotap,1,low,,,espanol_uno_mas_adultos,adultos_ninguno_analfabeta,,0,0,0.0,26.18890898,2.730928248,25.34612370011462,EXCLUSION,25.12,medium,EXCLUSION,0.15072000000000002,AI_right,False
484,#1311,2024-03,No Elegible,Vulnerabilidad Baja,1.0,1.0,1.0,1.0,1.0,1.0,1.790108696,1.0,sotap,3,low,jefatura_masculina,no,espanol_uno_mas_adultos,adultos_ninguno_analfabeta,0.0,0,0,0.0,5.614422911,2.156697643,5.433745167301109,EXCLUSION,17.26,low,INCLUSION,0.10356,wrongly_include,True
485,#1765,2023-10,Elegible,Vulnerabilidad Severa,2.700708215,1.525552408,3.251728045,1.0,1.776038647,2.823478261,1.790108696,1.0,fupal,2,average,jefatura_femenina,si,espanol_ningun_adulto,adultos_uno_mas_analfabeta,,0,0,30.67858802,26.18890898,3.644103496,57.01197936118624,INCLUSION,25.55,high,INCLUSION,0.1533,AI_right,False
486,#1311,2024-06,No Elegible,Vulnerabilidad Baja,1.0,1.0,1.0,1.0,1.776038647,1.498900966,1.0,1.0,sotap,1,low,,,espanol_uno_mas_adultos,adultos_ninguno_analfabeta,0.0,0,0,0.0,9.93697889,2.277339487,9.61719697234091,EXCLUSION,18.22,low,EXCLUSION,0.10932,AI_right,False
487,#071,2023-07,No Elegible,Vulnerabilidad Elevada,1.0,1.0,1.0,1.564135978,1.776038647,2.823478261,2.580217391,1.043888889,sotap,1,low,,,espanol_uno_mas_adultos,adultos_ninguno_analfabeta,0.0,0,0,3.975239986,32.85812825,3.035391615,35.90388800877622,EXCLUSION,14.26,high,INCLUSION,0.08556,wrongly_include,True
488,#1223,2024-02,No Elegible,Vulnerabilidad Elevada,2.700708215,1.0,1.0,1.0,1.776038647,2.823478261,1.790108696,1.0,sotap,5,average,jefatura_masculina,no,espanol_uno_mas_adultos,adultos_uno_mas_analfabeta,,-500,0,9.472088355,26.18890898,3.012873318,35.123033330466875,EXCLUSION,28.05,high,INCLUSION,0.1683,wrongly_include,True
489,#252,2024-06,Lista de Reserva,Vulnerabilidad Baja,1.0,1.0,1.0,1.0,1.0,1.0,1.0,1.0,sotap,1,low,,,espanol_uno_mas_adultos,adultos_ninguno_analfabeta,,0,0,0.0,0.0,2.0,0.0,EXCLUSION,13.46,low,EXCLUSION,0.08076,AI_right,False
490,#1841,2024-04,No Elegible,Vulnerabilidad Moderada,1.0,2.051104816,1.0,1.0,1.776038647,2.117608696,1.790108696,1.0,foten,1,low,,,espanol_uno_mas_adultos,adultos_ninguno_analfabeta,,0,0,6.609317356,21.88512181,2.807542403,28.002848502865827,EXCLUSION,19.47,medium,EXCLUSION,0.11681999999999998,AI_right,False
491,#458,2024-01,No Elegible por Duplicidad,Vulnerabilidad Elevada,2.070141643,1.0,1.0,1.0,1.776038647,2.823478261,1.790108696,1.043888889,fupal,5,high,jefatura_masculina,no,espanol_ningun_adulto,adultos_ninguno_analfabeta,,0,0,6.702282231,26.85846924,2.949114914,32.912105216863374,EXCLUSION,29.98,medium,EXCLUSION,0.17988,AI_right,False
492,#513,2023-12,No Elegible,Vulnerabilidad Baja,2.070141643,1.0,1.0,1.0,1.0,1.0,1.0,1.043888889,pcr_cdmx,1,low,,,espanol_uno_mas_adultos,adultos_ninguno_analfabeta,,0,0,6.702282231,0.386821499,2.210295472,7.2923415718164915,EXCLUSION,20.92,low,EXCLUSION,0.12552000000000002,AI_right,False
493,#112,2023-06,Lista de Reserva,Vulnerabilidad Baja,1.0,1.0,1.0,1.0,1.0,1.0,1.0,1.0,sotap,2,average,jefatura_femenina,si,espanol_uno_mas_adultos,adultos_ninguno_analfabeta,,0,0,0.0,0.0,2.0,0.0,EXCLUSION,15.63,low,EXCLUSION,0.09377999999999999,AI_right,False
494,#071,2024-04,Lista de Reserva,Vulnerabilidad Elevada,2.070141643,2.051104816,1.0,1.0,1.776038647,2.823478261,1.790108696,1.043888889,sotap,1,low,,,espanol_uno_mas_adultos,adultos_uno_mas_analfabeta,,0,0,14.63015408,26.85846924,3.185095016,41.09510390983604,EXCLUSION,22.59,high,EXCLUSION,0.13554,AI_right,False
495,#1311,2023-10,Lista de Reserva,Vulnerabilidad Elevada,2.070141643,2.051104816,1.0,1.0,1.776038647,2.823478261,2.580217391,1.043888889,sotap,4,average,jefatura_masculina,no,espanol_uno_mas_adultos,adultos_ninguno_analfabeta,-500.0,0,0,14.63015408,32.85812825,3.352544536,46.901687893235234,EXCLUSION,19.04,high,EXCLUSION,0.11423999999999998,AI_right,False
496,,2023-10,Lista de Reserva,Vulnerabilidad Elevada,1.0,2.051104816,1.0,1.0,1.776038647,2.823478261,2.580217391,1.0,,4,average,jefatura_masculina,no,espanol_uno_mas_adultos,adultos_ninguno_analfabeta,,0,0,6.609317356,32.12448674,3.093321436,37.9127004300535,EXCLUSION,29.38,high,EXCLUSION,0.17628,AI_right,False
497,#252,2024-07,No Elegible,Vulnerabilidad Severa,2.700708215,2.051104816,3.251728045,1.0,1.776038647,2.823478261,1.790108696,1.0,sotap,1,low,,,espanol_ningun_adulto,adultos_uno_mas_analfabeta,0.0,0,0,35.61565687,26.18890898,3.791059708,62.10792802384809,EXCLUSION,22.5,high,EXCLUSION,0.135,AI_right,False
498,#112,2024-05,No Elegible,Vulnerabilidad Baja,1.0,1.0,1.0,1.0,1.0,1.0,1.0,1.0,sotap,1,low,,,espanol_uno_mas_adultos,adultos_ninguno_analfabeta,,-500,0,0.0,0.0,2.0,0.0,EXCLUSION,17.6,low,EXCLUSION,0.10560000000000001,AI_right,False
499,#071,2023-10,Lista de Reserva,Vulnerabilidad Moderada,2.700708215,1.0,1.0,1.0,1.776038647,2.117608696,1.790108696,1.0,sotap,4,average,jefatura_masculina,no,espanol_uno_mas_adultos,adultos_ninguno_analfabeta,-500.0,0,0,9.472088355,21.88512181,2.892755308,30.95774633538465,EXCLUSION,22.65,medium,EXCLUSION,0.1359,AI_right,False
500,#112,2024-01,Lista de Reserva,Vulnerabilidad Moderada,1.0,1.0,1.0,1.0,1.776038647,2.823478261,1.790108696,1.0,sotap,4,low,jefatura_femenina,no,espanol_ningun_adulto,adultos_uno_mas_analfabeta,0.0,0,0,0.0,26.18890898,2.730928248,25.34612370011462,EXCLUSION,36.81,medium,EXCLUSION,0.22086000000000003,AI_right,False
501,#1311,2024-02,No Elegible,Vulnerabilidad Elevada,1.0,1.0,3.251728045,1.0,1.776038647,2.117608696,2.580217391,1.043888889,sotap,1,low,,,espanol_ningun_adulto,adultos_uno_mas_analfabeta,0.0,0,0,11.51832969,28.09152966,3.126883335,39.07651720176543,EXCLUSION,35.85,high,EXCLUSION,0.2151,AI_right,False
502,#527,2024-06,No Elegible,Vulnerabilidad Elevada,1.0,1.525552408,2.578385269,1.0,1.776038647,2.823478261,1.790108696,1.0,sotap,1,low,,,espanol_uno_mas_adultos,adultos_ninguno_analfabeta,,0,0,13.7168894,26.18890898,3.139223567,39.50443631789602,EXCLUSION,20.57,high,INCLUSION,0.12341999999999999,wrongly_include,True
503,#071,2023-08,No Elegible por Intenciones,Vulnerabilidad Baja,1.0,1.0,1.0,1.0,1.0,1.498900966,1.790108696,1.0,sotap,1,low,,,espanol_uno_mas_adultos,adultos_uno_mas_analfabeta,,0,0,0.0,10.02735341,2.279861825,9.70466314991279,EXCLUSION,21.65,low,EXCLUSION,0.1299,AI_right,False
504,#645,2024-04,No Elegible por Duplicidad,Vulnerabilidad Moderada,1.0,1.0,1.0,1.0,1.776038647,2.823478261,1.790108696,1.0,fupal,1,low,,,espanol_uno_mas_adultos,adultos_uno_mas_analfabeta,-500.0,0,0,0.0,26.18890898,2.730928248,25.34612370011462,EXCLUSION,22.65,medium,EXCLUSION,0.1359,AI_right,False
505,#555,2023-07,Lista de Reserva,Vulnerabilidad Baja,1.0,1.0,1.0,1.0,1.776038647,2.117608696,1.790108696,1.0,sotap,5,average,jefatura_masculina,no,espanol_uno_mas_adultos,adultos_ninguno_analfabeta,,0,0,0.0,21.88512181,2.610810239,21.18083670503239,EXCLUSION,16.67,low,INCLUSION,0.10002000000000001,wrongly_include,True
506,#112,2023-07,Lista de Reserva,Vulnerabilidad Baja,1.0,1.0,1.249197356,1.0,1.0,1.498900966,1.790108696,1.043888889,sotap,1,low,,,espanol_uno_mas_adultos,adultos_ninguno_analfabeta,,0,0,1.921713018,10.52243148,2.350880859,12.167364777174376,EXCLUSION,15.25,low,EXCLUSION,0.0915,AI_right,False
507,#1101,2024-05,No Elegible,Vulnerabilidad Elevada,2.070141643,1.0,3.251728045,1.0,1.776038647,2.117608696,2.580217391,1.043888889,sotap,1,low,,,espanol_uno_mas_adultos,adultos_ninguno_analfabeta,0.0,0,0,20.51851115,28.09152966,3.39478168,48.36633350132969,EXCLUSION,19.93,high,EXCLUSION,0.11957999999999999,AI_right,False
508,#1311,2024-03,Elegible,Vulnerabilidad Baja,2.700708215,1.525552408,1.0,1.0,1.0,1.498900966,1.0,1.0,sotap,1,low,,,espanol_uno_mas_adultos,adultos_ninguno_analfabeta,,0,0,14.26831886,3.815111519,2.531188254,18.41982504444072,INCLUSION,16.44,low,INCLUSION,0.09864,AI_right,False
509,#1860,2024-04,Lista de Reserva,Vulnerabilidad Baja,1.0,1.0,1.0,1.0,1.0,1.0,1.0,1.0,pcr_cdmx,4,low,jefatura_masculina,no,espanol_uno_mas_adultos,adultos_ninguno_analfabeta,0.0,0,0,0.0,0.0,2.0,0.0,EXCLUSION,15.84,low,EXCLUSION,0.09503999999999999,AI_right,False
510,#112,2023-08,No Elegible,Vulnerabilidad Severa,2.700708215,1.0,3.251728045,1.0,1.776038647,2.117608696,2.580217391,1.043888889,sotap,4,complete,jefatura_femenina,si,espanol_ningun_adulto,adultos_uno_mas_analfabeta,,0,0,24.2379543,28.09152966,3.505494188,52.20547205133984,EXCLUSION,22.45,high,INCLUSION,0.1347,wrongly_include,True
511,#527,2024-05,No Elegible,Vulnerabilidad Baja,2.700708215,1.0,1.0,1.0,1.0,1.498900966,1.790108696,1.0,sotap,1,low,,,espanol_uno_mas_adultos,adultos_ninguno_analfabeta,,0,0,9.472088355,10.02735341,2.561806895,19.481572780265047,EXCLUSION,11.62,low,EXCLUSION,0.06971999999999999,AI_right,False
512,#1859,2024-04,No Elegible,Vulnerabilidad Baja,1.0,1.0,1.0,1.0,1.776038647,1.498900966,1.790108696,1.0,pcr_cdmx,1,low,,,espanol_uno_mas_adultos,adultos_ninguno_analfabeta,0.0,0,0,0.0,17.10850297,2.477495573,16.55793423592243,EXCLUSION,18.1,low,EXCLUSION,0.10860000000000002,AI_right,False
513,#555,2023-08,No Elegible,Vulnerabilidad Baja,1.0,1.0,1.0,1.0,1.0,1.0,1.0,1.0,sotap,1,low,,,espanol_uno_mas_adultos,adultos_ninguno_analfabeta,-500.0,0,0,0.0,0.0,2.0,0.0,EXCLUSION,17.01,low,EXCLUSION,0.10206000000000001,AI_right,False
514,#1223,2023-07,No Elegible,Vulnerabilidad Elevada,2.070141643,1.0,2.578385269,1.0,1.776038647,2.823478261,2.580217391,1.043888889,sotap,2,average,jefatura_femenina,si,espanol_uno_mas_adultos,adultos_uno_mas_analfabeta,0.0,0,-500,17.46888676,32.85812825,3.43704192,49.83177382961031,EXCLUSION,23.69,high,EXCLUSION,0.14214,AI_right,False
515,#1725,2024-02,Elegible,Vulnerabilidad Baja,1.0,1.0,1.0,1.0,1.0,2.117608696,1.790108696,1.0,foten,1,low,,,espanol_uno_mas_adultos,adultos_ninguno_analfabeta,,0,0,0.0,14.16503897,2.395343965,13.709193850906429,INCLUSION,21.99,low,INCLUSION,0.13193999999999997,AI_right,False
516,#458,2023-08,No Elegible,Vulnerabilidad Elevada,2.700708215,1.0,3.251728045,1.0,1.0,2.117608696,2.580217391,1.738466184,fupal,1,low,,,espanol_ningun_adulto,adultos_uno_mas_analfabeta,,0,0,24.2379543,27.07165714,3.477029709,51.21842004890596,EXCLUSION,23.9,high,EXCLUSION,0.1434,AI_right,False
517,#1223,2023-10,Lista de Reserva,Vulnerabilidad Elevada,1.0,1.525552408,1.0,1.0,1.776038647,2.823478261,2.580217391,1.0,sotap,1,low,,,espanol_uno_mas_adultos,adultos_ninguno_analfabeta,,0,0,3.741369748,32.12448674,3.007954444,34.95245940008045,EXCLUSION,22.66,high,EXCLUSION,0.13596,AI_right,False
518,#458,2024-01,Elegible,Vulnerabilidad Severa,2.700708215,1.0,2.578385269,1.0,1.776038647,2.823478261,2.580217391,1.738466184,fupal,1,low,,,espanol_uno_mas_adultos,adultos_ninguno_analfabeta,0.0,0,0,20.97871872,42.19960637,3.802234322,62.49541570453535,INCLUSION,26.58,high,INCLUSION,0.15947999999999998,AI_right,False
519,#112,2023-07,No Elegible,Vulnerabilidad Baja,2.070141643,1.0,1.0,1.0,1.0,1.0,1.790108696,1.043888889,sotap,4,average,jefatura_masculina,no,espanol_uno_mas_adultos,adultos_ninguno_analfabeta,,0,-500,6.702282231,6.061858428,2.368684842,12.78475013740434,EXCLUSION,15.75,low,EXCLUSION,0.0945,AI_right,False
520,#676,2024-04,No Elegible,Vulnerabilidad Baja,1.0,1.0,1.0,1.564135978,1.0,1.0,1.790108696,1.0,pcr_cdmx,4,low,jefatura_femenina,si,espanol_uno_mas_adultos,adultos_ninguno_analfabeta,0.0,0,0,3.975239986,5.614422911,2.275024169,9.536912351290574,EXCLUSION,12.68,low,EXCLUSION,0.07608,AI_right,False
521,#527,2023-08,Elegible,Vulnerabilidad Elevada,1.0,1.0,1.0,1.0,1.776038647,2.117608696,2.580217391,1.738466184,sotap,4,average,jefatura_femenina,no,espanol_uno_mas_adultos,adultos_uno_mas_analfabeta,,0,0,0.0,36.78475459,3.0266566,35.60098440253921,INCLUSION,26.01,high,INCLUSION,0.15606,AI_right,False
522,#555,2024-06,No Elegible,Vulnerabilidad Baja,1.0,1.0,2.578385269,1.0,1.776038647,1.0,1.790108696,1.0,sotap,2,average,jefatura_femenina,si,espanol_uno_mas_adultos,adultos_ninguno_analfabeta,0.0,0,-500,8.975915299,12.01413641,2.602488661,20.89227871542691,EXCLUSION,23.68,low,EXCLUSION,0.14208,AI_right,False
523,#1223,2024-06,No Elegible,Vulnerabilidad Baja,1.0,1.0,1.0,1.0,1.776038647,1.0,2.580217391,1.043888889,sotap,3,low,jefatura_masculina,no,espanol_uno_mas_adultos,adultos_ninguno_analfabeta,-500.0,0,0,0.0,17.15905947,2.478906597,16.60686377719593,EXCLUSION,13.96,low,EXCLUSION,0.08376,AI_right,False
524,#527,2023-12,No Elegible,Vulnerabilidad Elevada,1.599560907,1.0,1.0,1.0,1.776038647,2.117608696,2.580217391,1.043888889,sotap,1,low,,,espanol_uno_mas_adultos,adultos_ninguno_analfabeta,-500.0,0,0,4.186184624,28.09152966,2.908635566,31.50841637539648,EXCLUSION,19.57,medium,EXCLUSION,0.11742,AI_right,False
525,#1805,2024-06,Lista de Reserva,Vulnerabilidad Baja,1.0,2.051104816,1.0,1.0,1.776038647,2.117608696,1.0,1.0,fomon,1,low,,,espanol_uno_mas_adultos,adultos_ninguno_analfabeta,0.0,0,0,6.609317356,14.06650994,2.5893262,20.43584738145429,EXCLUSION,20.05,low,EXCLUSION,0.1203,AI_right,False
526,#1311,2024-01,No Elegible,Vulnerabilidad Baja,1.0,1.0,1.0,1.0,1.776038647,1.0,1.790108696,1.0,sotap,5,average,jefatura_masculina,no,espanol_uno_mas_adultos,adultos_ninguno_analfabeta,0.0,0,0,0.0,12.01413641,2.33531262,11.62750948618979,EXCLUSION,25.66,low,EXCLUSION,0.15395999999999999,AI_right,False
527,#555,2023-06,No Elegible,Vulnerabilidad Elevada,2.070141643,1.0,1.0,1.0,1.776038647,2.823478261,1.790108696,1.043888889,sotap,1,low,,,espanol_ningun_adulto,adultos_uno_mas_analfabeta,,0,0,6.702282231,26.85846924,2.949114914,32.912105216863374,EXCLUSION,22.82,medium,EXCLUSION,0.13692000000000001,AI_right,False
528,#555,2023-11,Elegible,Vulnerabilidad Baja,1.0,1.0,1.0,1.0,1.776038647,1.0,2.580217391,1.043888889,sotap,1,low,,,espanol_uno_mas_adultos,adultos_uno_mas_analfabeta,,0,0,0.0,17.15905947,2.478906597,16.60686377719593,INCLUSION,25.08,low,INCLUSION,0.15047999999999997,AI_right,False
529,#1101,2024-06,Lista de Reserva,Vulnerabilidad Baja,1.0,1.0,1.0,1.0,1.0,1.498900966,1.0,1.0,sotap,1,low,,,espanol_uno_mas_adultos,adultos_ninguno_analfabeta,0.0,0,0,0.0,3.815111519,2.10647915,3.692337415207061,EXCLUSION,16.45,low,EXCLUSION,0.09869999999999998,AI_right,False
530,#1311,2024-06,No Elegible por Intenciones,Vulnerabilidad Moderada,2.070141643,1.0,1.0,1.0,1.0,2.117608696,2.580217391,1.043888889,sotap,6,average,jefatura_masculina,no,espanol_uno_mas_adultos,adultos_ninguno_analfabeta,,0,0,6.702282231,19.54126117,2.74489281,25.83037221976404,EXCLUSION,11.59,medium,EXCLUSION,0.06954,AI_right,False
531,#555,2024-05,Lista de Reserva,Vulnerabilidad Elevada,2.070141643,1.0,2.578385269,1.0,1.776038647,2.823478261,2.580217391,1.043888889,sotap,3,average,jefatura_masculina,no,espanol_uno_mas_adultos,adultos_ninguno_analfabeta,,0,0,17.46888676,32.85812825,3.43704192,49.83177382961031,EXCLUSION,20.1,high,EXCLUSION,0.1206,AI_right,False
532,#676,2024-01,No Elegible por Duplicidad,Vulnerabilidad Baja,1.0,1.0,1.0,1.0,1.776038647,1.0,1.790108696,1.0,pcr_cdmx,3,low,jefatura_masculina,no,espanol_uno_mas_adultos,adultos_ninguno_analfabeta,0.0,0,0,0.0,12.01413641,2.33531262,11.62750948618979,EXCLUSION,31.78,low,EXCLUSION,0.19068000000000002,AI_right,False
533,#937,2023-09,No Elegible,Vulnerabilidad Baja,1.0,1.0,1.0,1.0,1.776038647,1.498900966,1.0,1.0,futij,1,low,,,espanol_uno_mas_adultos,adultos_ninguno_analfabeta,,0,0,0.0,9.93697889,2.277339487,9.61719697234091,EXCLUSION,23.85,low,EXCLUSION,0.1431,AI_right,False
534,#112,2024-03,Elegible,Vulnerabilidad Elevada,2.070141643,1.0,2.578385269,1.0,1.776038647,2.823478261,2.580217391,1.043888889,sotap,2,low,jefatura_masculina,no,espanol_uno_mas_adultos,adultos_ninguno_analfabeta,-500.0,0,0,17.46888676,32.85812825,3.43704192,49.83177382961031,INCLUSION,22.68,high,EXCLUSION,0.13608,wrongly_exclude,True
535,#1101,2023-07,Lista de Reserva,Vulnerabilidad Elevada,2.700708215,1.0,1.0,1.0,1.776038647,2.823478261,1.790108696,1.0,sotap,2,complete,jefatura_femenina,si,espanol_uno_mas_adultos,adultos_ninguno_analfabeta,0.0,0,-500,9.472088355,26.18890898,3.012873318,35.123033330466875,EXCLUSION,20.3,high,EXCLUSION,0.1218,AI_right,False
536,#1311,2024-05,No Elegible,Vulnerabilidad Elevada,1.0,1.0,2.578385269,1.0,1.776038647,2.823478261,2.580217391,1.0,sotap,5,high,jefatura_femenina,no,espanol_uno_mas_adultos,adultos_ninguno_analfabeta,,-500,0,8.975915299,32.12448674,3.163765312,40.35545786145718,EXCLUSION,29.6,high,EXCLUSION,0.1776,AI_right,False
537,#133,2023-11,Elegible,Vulnerabilidad Moderada,1.0,1.0,2.578385269,1.0,1.776038647,2.117608696,1.790108696,1.0,fupal,1,low,,,espanol_uno_mas_adultos,adultos_ninguno_analfabeta,,0,0,8.975915299,21.88512181,2.877986279,30.44560593426951,INCLUSION,26.29,medium,INCLUSION,0.15773999999999996,AI_right,False
538,#1725,2024-02,No Elegible por Intenciones,Vulnerabilidad Moderada,1.0,1.0,2.578385269,1.0,1.776038647,1.498900966,1.790108696,1.0,foten,1,low,,,espanol_uno_mas_adultos,adultos_ninguno_analfabeta,,0,0,8.975915299,17.10850297,2.744671614,25.82270346515955,EXCLUSION,26.14,medium,EXCLUSION,0.15684,AI_right,False
539,#112,2024-02,No Elegible,Vulnerabilidad Elevada,1.0,2.051104816,1.0,1.0,1.776038647,2.823478261,1.790108696,1.0,sotap,2,low,jefatura_masculina,no,espanol_uno_mas_adultos,adultos_ninguno_analfabeta,0.0,0,0,6.609317356,26.18890898,2.927660413,32.16813549794806,EXCLUSION,25.05,medium,INCLUSION,0.1503,wrongly_include,True
540,#071,2024-04,Lista de Reserva,Vulnerabilidad Baja,1.0,1.0,2.578385269,1.0,1.0,1.0,1.790108696,1.043888889,sotap,2,average,jefatura_femenina,si,espanol_uno_mas_adultos,adultos_ninguno_analfabeta,,0,0,8.975915299,6.061858428,2.436361537,15.13155099116565,EXCLUSION,17.63,low,EXCLUSION,0.10577999999999999,AI_right,False
541,#527,2024-06,No Elegible,Vulnerabilidad Elevada,2.700708215,1.0,3.251728045,1.0,1.776038647,2.117608696,2.580217391,1.0,sotap,1,low,,,espanol_ningun_adulto,adultos_ninguno_analfabeta,,0,0,24.2379543,27.40879931,3.486439293,51.54471264673319,EXCLUSION,17.84,high,EXCLUSION,0.10704,AI_right,False
542,#458,2024-04,Elegible,Vulnerabilidad Baja,1.0,1.0,1.0,1.0,1.0,1.0,1.0,1.0,fupal,1,low,,,espanol_ningun_adulto,adultos_ninguno_analfabeta,,0,0,0.0,0.0,2.0,0.0,INCLUSION,16.0,low,INCLUSION,0.096,AI_right,False
543,#555,2024-05,No Elegible,Vulnerabilidad Baja,1.0,1.0,1.0,1.0,1.776038647,2.117608696,1.0,1.0,sotap,2,low,jefatura_femenina,no,espanol_uno_mas_adultos,adultos_ninguno_analfabeta,0.0,0,0,0.0,14.06650994,2.392594036,13.61383558362086,EXCLUSION,19.67,low,EXCLUSION,0.11802,AI_right,False
544,#071,2023-08,No Elegible por Intenciones,Vulnerabilidad Baja,1.0,1.0,1.0,1.0,1.776038647,2.117608696,1.790108696,1.0,sotap,2,low,jefatura_femenina,no,espanol_uno_mas_adultos,adultos_ninguno_analfabeta,0.0,0,0,0.0,21.88512181,2.610810239,21.18083670503239,EXCLUSION,25.0,low,EXCLUSION,0.15,AI_right,False
545,#527,2023-08,Lista de Reserva,Vulnerabilidad Baja,1.0,2.051104816,1.0,1.0,1.0,1.498900966,1.0,1.0,sotap,1,low,,,espanol_uno_mas_adultos,adultos_ninguno_analfabeta,,0,0,6.609317356,3.815111519,2.303211315,10.514349213040497,EXCLUSION,19.54,low,EXCLUSION,0.11723999999999998,AI_right,False
546,#1167,2023-11,Elegible,Vulnerabilidad Moderada,1.0,1.0,2.578385269,1.0,1.776038647,1.498900966,2.580217391,1.043888889,foten,1,low,,,espanol_uno_mas_adultos,adultos_ninguno_analfabeta,,0,0,8.975915299,22.80125306,2.903555356,31.332255164513256,INCLUSION,26.58,medium,INCLUSION,0.15947999999999998,AI_right,False
547,#606,2024-02,No Elegible,Vulnerabilidad Elevada,1.0,1.525552408,2.578385269,1.0,1.776038647,2.117608696,2.580217391,1.043888889,foten,2,average,jefatura_femenina,si,espanol_uno_mas_adultos,adultos_ninguno_analfabeta,,0,0,13.7168894,28.09152966,3.192325406,41.34582876179294,EXCLUSION,24.87,high,EXCLUSION,0.14922,AI_right,False
548,#1054,2024-01,Elegible,Vulnerabilidad Elevada,1.0,1.525552408,2.578385269,1.0,1.776038647,2.823478261,2.580217391,1.0,futij,3,low,jefatura_masculina,no,espanol_uno_mas_adultos,adultos_ninguno_analfabeta,0.0,0,0,13.7168894,32.12448674,3.304884591,45.24900125000146,INCLUSION,31.29,high,INCLUSION,0.18774,AI_right,False
549,#1311,2024-02,Elegible,Vulnerabilidad Baja,2.700708215,1.0,1.0,1.0,1.776038647,1.0,1.0,1.0,sotap,4,average,jefatura_masculina,no,espanol_ningun_adulto,adultos_uno_mas_analfabeta,,0,0,9.472088355,5.532745347,2.436363105,15.131605699340447,INCLUSION,28.46,low,INCLUSION,0.17076,AI_right,False
550,#1860,2023-09,No Elegible,Vulnerabilidad Baja,1.0,1.0,1.0,1.0,1.0,2.117608696,1.790108696,1.0,pcr_cdmx,3,average,jefatura_femenina,no,espanol_uno_mas_adultos,adultos_ninguno_analfabeta,0.0,0,0,0.0,14.16503897,2.395343965,13.709193850906429,EXCLUSION,21.17,low,INCLUSION,0.12702000000000002,wrongly_include,True
551,#527,2024-05,Elegible,Vulnerabilidad Baja,1.0,1.0,2.578385269,1.0,1.0,1.0,1.0,1.043888889,sotap,1,low,,,espanol_uno_mas_adultos,adultos_ninguno_analfabeta,,0,-500,8.975915299,0.386821499,2.277972167,9.6391424255778,INCLUSION,19.4,low,INCLUSION,0.11639999999999998,AI_right,False
552,#1583,2024-03,No Elegible,Vulnerabilidad Moderada,1.0,1.525552408,1.0,1.0,1.776038647,2.823478261,2.580217391,1.0,foten,1,low,,,espanol_uno_mas_adultos,adultos_ninguno_analfabeta,,0,0,3.741369748,32.12448674,3.007954444,34.95245940008045,EXCLUSION,27.78,high,EXCLUSION,0.16668,AI_right,False
553,#458,2023-10,No Elegible,Vulnerabilidad Baja,1.0,1.0,1.0,1.0,1.0,1.0,1.0,1.0,fupal,1,low,,,espanol_uno_mas_adultos,adultos_ninguno_analfabeta,0.0,0,0,0.0,0.0,2.0,0.0,EXCLUSION,23.03,low,EXCLUSION,0.13818,AI_right,False
554,#527,2023-08,No Elegible,Vulnerabilidad Baja,1.599560907,1.525552408,1.0,1.0,1.776038647,1.498900966,1.0,1.043888889,sotap,1,low,,,espanol_uno_mas_adultos,adultos_ninguno_analfabeta,-500.0,-500,0,8.393749546,10.43108127,2.540977168,18.75926744378996,EXCLUSION,27.64,low,EXCLUSION,0.16584,AI_right,False
555,#527,2023-12,Lista de Reserva,Vulnerabilidad Baja,1.0,1.0,1.0,1.0,1.0,1.0,1.0,1.0,sotap,1,low,,,espanol_uno_mas_adultos,adultos_ninguno_analfabeta,0.0,0,0,0.0,0.0,2.0,0.0,EXCLUSION,20.72,low,EXCLUSION,0.12431999999999999,AI_right,False
556,#1311,2023-10,Elegible,Vulnerabilidad Baja,1.0,1.0,1.0,1.0,1.0,2.117608696,1.790108696,1.0,sotap,1,low,,,espanol_uno_mas_adultos,adultos_ninguno_analfabeta,,0,0,0.0,14.16503897,2.395343965,13.709193850906429,INCLUSION,18.09,low,INCLUSION,0.10854,AI_right,False
557,#555,2024-04,No Elegible,Vulnerabilidad Moderada,1.0,1.0,1.0,1.0,1.776038647,2.823478261,1.790108696,1.0,sotap,1,low,,,espanol_uno_mas_adultos,adultos_ninguno_analfabeta,0.0,0,0,0.0,26.18890898,2.730928248,25.34612370011462,EXCLUSION,18.71,medium,EXCLUSION,0.11226000000000001,AI_right,False
558,#112,2024-05,No Elegible,Vulnerabilidad Moderada,1.0,1.0,2.578385269,1.0,1.776038647,2.117608696,1.790108696,1.0,sotap,1,low,,,espanol_uno_mas_adultos,adultos_uno_mas_analfabeta,,0,0,8.975915299,21.88512181,2.877986279,30.44560593426951,EXCLUSION,24.7,medium,EXCLUSION,0.1482,AI_right,False
559,#692,2023-10,Lista de Reserva,Vulnerabilidad Baja,1.0,1.0,2.578385269,1.0,1.0,1.0,1.0,1.0,pcr_cdmx,1,low,,,espanol_uno_mas_adultos,adultos_ninguno_analfabeta,0.0,0,0,8.975915299,0.0,2.267176041,9.26476922923712,EXCLUSION,21.82,low,EXCLUSION,0.13092,AI_right,False
560,#112,2023-11,No Elegible,Vulnerabilidad Moderada,2.700708215,1.0,2.578385269,1.0,1.0,1.0,1.790108696,1.043888889,sotap,1,low,,,espanol_uno_mas_adultos,adultos_ninguno_analfabeta,0.0,0,0,20.97871872,6.061858428,2.793635574,27.520616629056853,EXCLUSION,19.04,medium,INCLUSION,0.11423999999999998,wrongly_include,True
561,#513,2024-01,Elegible,Vulnerabilidad Baja,1.0,1.0,1.0,1.0,1.776038647,2.117608696,1.790108696,1.0,pcr_cdmx,2,low,jefatura_femenina,no,espanol_uno_mas_adultos,adultos_ninguno_analfabeta,0.0,0,0,0.0,21.88512181,2.610810239,21.18083670503239,INCLUSION,26.84,low,EXCLUSION,0.16104,wrongly_exclude,True
562,#1101,2024-03,Elegible,Vulnerabilidad Elevada,1.0,1.0,2.578385269,1.0,1.776038647,2.117608696,2.580217391,1.738466184,sotap,2,complete,jefatura_femenina,si,espanol_uno_mas_adultos,adultos_ninguno_analfabeta,0.0,0,0,8.975915299,36.78475459,3.29383264,44.86575363177633,INCLUSION,25.72,high,EXCLUSION,0.15431999999999998,wrongly_exclude,True
563,#071,2024-02,No Elegible,Vulnerabilidad Elevada,1.0,1.0,2.578385269,1.0,1.776038647,2.117608696,2.580217391,1.738466184,sotap,4,average,jefatura_masculina,no,espanol_ningun_adulto,adultos_ninguno_analfabeta,,0,0,8.975915299,36.78475459,3.29383264,44.86575363177633,EXCLUSION,28.74,high,INCLUSION,0.17243999999999998,wrongly_include,True
564,#555,2024-02,Lista de Reserva,Vulnerabilidad Baja,1.0,1.0,2.578385269,1.0,1.0,1.498900966,1.0,1.0,sotap,1,low,,,espanol_ningun_adulto,adultos_ninguno_analfabeta,,0,0,8.975915299,3.815111519,2.373655191,12.95710664444418,EXCLUSION,27.35,low,EXCLUSION,0.1641,AI_right,False
565,#1223,2023-12,Elegible,Vulnerabilidad Baja,1.0,1.0,1.0,1.0,1.0,1.498900966,1.790108696,1.0,sotap,4,average,jefatura_femenina,si,espanol_uno_mas_adultos,adultos_ninguno_analfabeta,0.0,0,-500,0.0,10.02735341,2.279861825,9.70466314991279,INCLUSION,23.26,low,INCLUSION,0.13956000000000002,AI_right,False
566,#112,2024-02,Elegible,Vulnerabilidad Moderada,1.0,1.0,1.0,1.0,1.776038647,2.823478261,1.790108696,1.0,sotap,4,average,jefatura_masculina,no,espanol_uno_mas_adultos,adultos_ninguno_analfabeta,0.0,0,0,0.0,26.18890898,2.730928248,25.34612370011462,INCLUSION,24.89,medium,EXCLUSION,0.14934,wrongly_exclude,True
567,#1725,2024-05,No Elegible,Vulnerabilidad Moderada,1.0,1.525552408,1.0,1.0,1.776038647,2.117608696,1.790108696,1.043888889,foten,1,low,,,espanol_uno_mas_adultos,adultos_ninguno_analfabeta,0.0,0,0,3.741369748,22.50821784,2.739565922,25.645651649551347,EXCLUSION,21.69,medium,EXCLUSION,0.13014,AI_right,False
568,#1583,2024-07,No Elegible,Vulnerabilidad Moderada,1.0,1.0,2.578385269,1.0,1.776038647,2.823478261,1.790108696,1.0,foten,2,average,jefatura_femenina,si,espanol_uno_mas_adultos,adultos_ninguno_analfabeta,,0,0,8.975915299,26.18890898,2.998104289,34.61089292935174,EXCLUSION,27.73,high,EXCLUSION,0.16638,AI_right,False
569,#555,2023-12,No Elegible,Vulnerabilidad Baja,1.0,1.0,2.578385269,1.0,1.0,1.0,1.0,1.0,sotap,1,low,,,espanol_ningun_adulto,adultos_ninguno_analfabeta,,0,0,8.975915299,0.0,2.267176041,9.26476922923712,EXCLUSION,25.44,low,EXCLUSION,0.15264,AI_right,False
570,#458,2024-04,No Elegible,Vulnerabilidad Baja,1.0,1.0,2.578385269,1.0,1.776038647,1.498900966,1.0,1.0,fupal,1,low,,,espanol_uno_mas_adultos,adultos_ninguno_analfabeta,0.0,0,0,8.975915299,9.93697889,2.544515527,18.88196620157803,EXCLUSION,20.11,low,EXCLUSION,0.12065999999999999,AI_right,False
571,#555,2024-05,No Elegible,Vulnerabilidad Baja,1.0,1.0,1.0,1.0,1.0,2.117608696,1.0,1.0,sotap,1,low,,,espanol_uno_mas_adultos,adultos_ninguno_analfabeta,,0,0,0.0,7.392265486,2.206316944,7.154374990395034,EXCLUSION,15.19,low,EXCLUSION,0.09114,AI_right,False
572,#1311,2024-02,Elegible,Vulnerabilidad Elevada,1.599560907,1.0,2.578385269,1.0,1.776038647,2.823478261,2.580217391,1.043888889,sotap,3,low,jefatura_masculina,no,espanol_ningun_adulto,adultos_ninguno_analfabeta,0.0,0,0,14.28054816,32.85812825,3.342138208,46.54083130512371,INCLUSION,29.35,high,INCLUSION,0.1761,AI_right,False
573,#071,2023-10,No Elegible,Vulnerabilidad Moderada,1.0,1.0,1.0,1.0,1.776038647,2.823478261,1.790108696,1.0,sotap,3,average,jefatura_masculina,no,espanol_uno_mas_adultos,adultos_ninguno_analfabeta,,0,0,0.0,26.18890898,2.730928248,25.34612370011462,EXCLUSION,26.98,medium,EXCLUSION,0.16188,AI_right,False
574,#112,2023-06,No Elegible,Vulnerabilidad Baja,1.0,1.0,1.0,1.0,1.776038647,2.117608696,1.790108696,1.0,sotap,2,average,jefatura_femenina,si,espanol_uno_mas_adultos,adultos_ninguno_analfabeta,0.0,0,0,0.0,21.88512181,2.610810239,21.18083670503239,EXCLUSION,20.61,low,EXCLUSION,0.12365999999999999,AI_right,False
575,#1476,2024-04,Lista de Reserva,Vulnerabilidad Elevada,2.700708215,1.525552408,2.578385269,1.0,1.0,2.117608696,1.790108696,1.043888889,pcr_cdmx,4,average,jefatura_masculina,no,espanol_uno_mas_adultos,adultos_ninguno_analfabeta,0.0,0,0,27.05638709,14.70478802,3.215765515,42.15866191967167,EXCLUSION,18.15,high,EXCLUSION,0.1089,AI_right,False
576,#1311,2023-07,Lista de Reserva,Vulnerabilidad Elevada,1.0,1.0,1.0,1.0,1.776038647,2.823478261,2.580217391,1.043888889,sotap,4,average,jefatura_femenina,si,espanol_uno_mas_adultos,adultos_ninguno_analfabeta,0.0,0,0,0.0,32.85812825,2.917065088,31.80072082478675,EXCLUSION,16.06,medium,EXCLUSION,0.09635999999999999,AI_right,False
577,#645,2023-12,Lista de Reserva,Vulnerabilidad Baja,1.0,1.0,1.0,1.0,1.776038647,1.0,1.790108696,1.0,fupal,1,low,,,espanol_uno_mas_adultos,adultos_ninguno_analfabeta,,0,0,0.0,12.01413641,2.33531262,11.62750948618979,EXCLUSION,23.74,low,EXCLUSION,0.14243999999999998,AI_right,False
578,#555,2024-07,No Elegible,Vulnerabilidad Elevada,2.070141643,1.0,1.0,1.0,1.776038647,2.117608696,2.580217391,1.043888889,sotap,2,average,jefatura_femenina,si,espanol_uno_mas_adultos,adultos_ninguno_analfabeta,-500.0,0,0,6.702282231,28.09152966,2.983529432,34.10548451948735,EXCLUSION,18.74,high,EXCLUSION,0.11243999999999998,AI_right,False
579,#555,2024-01,Elegible,Vulnerabilidad Elevada,2.070141643,1.0,2.578385269,1.0,1.776038647,2.117608696,1.790108696,1.043888889,sotap,8,average,jefatura_masculina,no,espanol_uno_mas_adultos,adultos_ninguno_analfabeta,,0,0,17.46888676,22.50821784,3.148177581,39.81493388651453,INCLUSION,28.22,high,INCLUSION,0.16932,AI_right,False
580,#252,2023-12,No Elegible,Vulnerabilidad Moderada,1.0,2.051104816,2.578385269,1.0,1.776038647,1.0,1.790108696,1.0,sotap,2,average,jefatura_masculina,no,espanol_uno_mas_adultos,adultos_uno_mas_analfabeta,0.0,0,0,17.3510839,12.01413641,2.851782945,29.536968617175688,EXCLUSION,35.59,medium,EXCLUSION,0.21354000000000004,AI_right,False
581,#527,2023-11,Elegible,Vulnerabilidad Baja,1.0,1.0,1.0,1.0,1.776038647,2.117608696,1.790108696,1.0,sotap,2,average,jefatura_femenina,si,espanol_uno_mas_adultos,adultos_ninguno_analfabeta,0.0,0,0,0.0,21.88512181,2.610810239,21.18083670503239,INCLUSION,23.55,low,INCLUSION,0.1413,AI_right,False
582,#527,2024-01,No Elegible,Vulnerabilidad Moderada,2.070141643,1.0,1.0,1.0,1.776038647,2.117608696,1.790108696,1.0,sotap,1,low,,,espanol_uno_mas_adultos,adultos_ninguno_analfabeta,0.0,0,0,6.702282231,21.88512181,2.810309585,28.0988050805082,EXCLUSION,24.3,medium,EXCLUSION,0.14579999999999999,AI_right,False
583,#1859,2024-04,Elegible,Vulnerabilidad Moderada,1.0,1.525552408,1.0,1.0,1.776038647,2.823478261,1.790108696,1.0,pcr_cdmx,2,average,jefatura_femenina,no,espanol_ningun_adulto,adultos_ninguno_analfabeta,,0,0,3.741369748,26.18890898,2.842293421,29.20789446797501,INCLUSION,22.53,medium,INCLUSION,0.13518,AI_right,False
584,#555,2024-04,No Elegible,Vulnerabilidad Baja,1.0,1.0,1.0,1.0,1.0,2.117608696,1.0,1.0,sotap,1,low,,,espanol_uno_mas_adultos,adultos_uno_mas_analfabeta,0.0,0,0,0.0,7.392265486,2.206316944,7.154374990395034,EXCLUSION,21.21,low,EXCLUSION,0.12726,AI_right,False
585,#1223,2023-12,No Elegible,Vulnerabilidad Severa,2.700708215,1.0,3.251728045,1.0,1.776038647,1.498900966,1.790108696,2.544987923,sotap,4,average,jefatura_femenina,si,espanol_uno_mas_adultos,adultos_uno_mas_analfabeta,0.0,0,0,24.2379543,31.0340229,3.587618702,55.0532729163834,EXCLUSION,25.75,high,EXCLUSION,0.1545,AI_right,False
586,#1725,2023-07,No Elegible,Vulnerabilidad Moderada,1.0,1.0,1.0,1.0,1.776038647,2.823478261,2.580217391,1.0,foten,1,low,,,espanol_uno_mas_adultos,adultos_ninguno_analfabeta,0.0,0,-500,0.0,32.12448674,2.896589272,31.09068863222006,EXCLUSION,23.09,medium,EXCLUSION,0.13854,AI_right,False
587,#071,2024-03,No Elegible,Vulnerabilidad Elevada,1.0,1.0,2.578385269,1.0,1.776038647,2.823478261,1.790108696,1.0,sotap,3,complete,jefatura_femenina,si,espanol_uno_mas_adultos,adultos_ninguno_analfabeta,,0,0,8.975915299,26.18890898,2.998104289,34.61089292935174,EXCLUSION,26.87,high,EXCLUSION,0.16122,AI_right,False
588,#1223,2024-01,Lista de Reserva,Vulnerabilidad Elevada,2.700708215,2.051104816,3.251728045,1.0,1.0,1.498900966,1.0,1.0,sotap,3,average,jefatura_femenina,no,espanol_uno_mas_adultos,adultos_uno_mas_analfabeta,0.0,0,0,35.61565687,3.815111519,3.16661061,40.454141738940535,EXCLUSION,30.3,high,EXCLUSION,0.1818,AI_right,False
589,#071,2023-10,Lista de Reserva,Vulnerabilidad Baja,1.0,1.0,1.0,1.564135978,1.0,1.0,1.0,1.0,sotap,1,low,,,espanol_uno_mas_adultos,adultos_ninguno_analfabeta,,0,0,3.975239986,0.0,2.118326527,4.103167183989466,EXCLUSION,24.17,low,EXCLUSION,0.14502,AI_right,False
590,#1311,2024-03,No Elegible,Vulnerabilidad Baja,1.0,1.0,1.0,1.0,1.0,1.0,1.0,1.0,sotap,1,low,,,espanol_uno_mas_adultos,adultos_ninguno_analfabeta,0.0,0,0,0.0,0.0,2.0,0.0,EXCLUSION,19.16,low,EXCLUSION,0.11495999999999999,AI_right,False
591,#527,2023-10,Elegible,Vulnerabilidad Moderada,1.0,1.0,1.0,1.0,1.776038647,2.823478261,1.790108696,1.0,sotap,1,low,,,espanol_uno_mas_adultos,adultos_ninguno_analfabeta,0.0,0,0,0.0,26.18890898,2.730928248,25.34612370011462,INCLUSION,25.83,medium,INCLUSION,0.15497999999999998,AI_right,False
592,#1102,2023-12,Lista de Reserva,Vulnerabilidad Baja,1.0,1.0,1.0,1.0,1.776038647,1.498900966,1.790108696,1.0,pcr_cdmx,2,average,jefatura_masculina,si,espanol_uno_mas_adultos,adultos_ninguno_analfabeta,,0,0,0.0,17.10850297,2.477495573,16.55793423592243,EXCLUSION,25.52,low,EXCLUSION,0.15311999999999998,AI_right,False
593,#252,2023-10,No Elegible,Vulnerabilidad Elevada,2.700708215,1.0,1.249197356,1.0,1.776038647,2.823478261,1.790108696,1.043888889,sotap,3,average,jefatura_femenina,si,espanol_uno_mas_adultos,adultos_ninguno_analfabeta,0.0,0,0,11.93561888,26.85846924,3.104889798,38.31385587256485,EXCLUSION,19.95,high,EXCLUSION,0.11969999999999999,AI_right,False
594,#555,2023-06,No Elegible,Vulnerabilidad Elevada,2.700708215,2.051104816,1.0,1.0,1.776038647,2.823478261,1.790108696,1.0,sotap,1,low,,,espanol_ningun_adulto,adultos_ninguno_analfabeta,0.0,0,0,17.94487015,26.18890898,3.265073146,43.868477716411775,EXCLUSION,18.82,high,EXCLUSION,0.11291999999999999,AI_right,False
595,#555,2023-12,Lista de Reserva,Vulnerabilidad Severa,2.700708215,1.0,2.578385269,1.0,1.776038647,2.823478261,2.580217391,1.043888889,sotap,2,average,jefatura_femenina,si,espanol_uno_mas_adultos,adultos_ninguno_analfabeta,0.0,0,0,20.97871872,32.85812825,3.541515166,53.45455569191508,EXCLUSION,29.15,high,EXCLUSION,0.17489999999999997,AI_right,False
596,#1311,2023-07,Lista de Reserva,Vulnerabilidad Moderada,2.700708215,1.0,1.0,1.0,1.0,1.0,1.790108696,2.544987923,sotap,1,low,,,espanol_ningun_adulto,adultos_ninguno_analfabeta,-500.0,0,0,9.472088355,16.51639539,2.742915015,25.761790900306664,EXCLUSION,10.82,medium,EXCLUSION,0.06492,AI_right,False
597,#1101,2023-08,Elegible,Vulnerabilidad Elevada,2.070141643,1.0,3.251728045,1.0,1.776038647,1.498900966,1.0,1.043888889,sotap,3,average,jefatura_masculina,no,espanol_uno_mas_adultos,adultos_uno_mas_analfabeta,0.0,0,0,20.51851115,10.43108127,2.901881398,31.27421600096828,INCLUSION,28.27,medium,INCLUSION,0.16962,AI_right,False
598,#1805,2023-08,Elegible,Vulnerabilidad Moderada,1.0,1.0,1.249197356,1.0,1.776038647,2.117608696,2.580217391,1.043888889,fomon,4,average,jefatura_masculina,no,espanol_ningun_adulto,adultos_ninguno_analfabeta,,0,0,1.921713018,28.09152966,2.841231571,29.1710718086438,INCLUSION,26.79,medium,INCLUSION,0.16073999999999997,AI_right,False
599,#252,2023-07,No Elegible,Vulnerabilidad Moderada,2.700708215,1.0,1.249197356,1.0,1.776038647,1.0,2.580217391,1.0,sotap,1,low,,,espanol_uno_mas_adultos,adultos_ninguno_analfabeta,-500.0,0,0,11.93561888,16.59309681,2.8183849,28.37883339273467,EXCLUSION,13.24,medium,EXCLUSION,0.07944,AI_right,False
600,#1101,2024-02,No Elegible por Intenciones,Vulnerabilidad Elevada,1.0,1.0,2.578385269,1.0,1.776038647,2.823478261,2.580217391,1.0,sotap,1,low,,,espanol_uno_mas_adultos,adultos_ninguno_analfabeta,0.0,0,0,8.975915299,32.12448674,3.163765312,40.35545786145718,EXCLUSION,29.26,high,EXCLUSION,0.17556000000000002,AI_right,False
601,#238,2024-06,Lista de Reserva,Vulnerabilidad Baja,1.0,1.525552408,1.0,1.0,1.776038647,1.0,2.580217391,1.043888889,futij,1,low,,,espanol_uno_mas_adultos,adultos_ninguno_analfabeta,,0,0,3.741369748,17.15905947,2.59027177,20.46863454505632,EXCLUSION,15.61,low,EXCLUSION,0.09366,AI_right,False
602,#1223,2023-07,No Elegible,Vulnerabilidad Baja,1.0,1.0,1.0,1.0,1.776038647,1.0,2.580217391,1.043888889,sotap,1,low,,,espanol_uno_mas_adultos,adultos_ninguno_analfabeta,0.0,0,0,0.0,17.15905947,2.478906597,16.60686377719593,EXCLUSION,15.88,low,INCLUSION,0.09527999999999999,wrongly_include,True
603,#1101,2024-04,No Elegible,Vulnerabilidad Baja,1.0,1.0,2.578385269,1.0,1.776038647,1.498900966,1.0,1.0,sotap,3,average,jefatura_femenina,si,espanol_uno_mas_adultos,adultos_ninguno_analfabeta,0.0,0,0,8.975915299,9.93697889,2.544515527,18.88196620157803,EXCLUSION,21.14,low,EXCLUSION,0.12684,AI_right,False
604,#1167,2024-04,No Elegible por Duplicidad,Vulnerabilidad Elevada,1.0,2.051104816,2.578385269,1.0,1.776038647,2.823478261,1.790108696,1.0,foten,1,low,,,espanol_uno_mas_adultos,adultos_ninguno_analfabeta,,0,0,17.3510839,26.18890898,3.247398574,43.25558283110052,EXCLUSION,30.73,high,EXCLUSION,0.18438000000000002,AI_right,False
605,#672,2024-03,No Elegible,Vulnerabilidad Moderada,1.599560907,1.0,1.0,1.0,1.776038647,2.823478261,2.580217391,1.043888889,fupal,1,low,,,espanol_uno_mas_adultos,adultos_ninguno_analfabeta,0.0,0,0,4.186184624,32.85812825,3.041670568,36.1216210561717,EXCLUSION,23.51,high,EXCLUSION,0.14106,AI_right,False
606,#1311,2023-11,No Elegible,Vulnerabilidad Baja,1.0,1.0,1.0,1.0,1.776038647,1.498900966,1.790108696,1.0,sotap,1,low,,,espanol_uno_mas_adultos,adultos_ninguno_analfabeta,0.0,0,0,0.0,17.10850297,2.477495573,16.55793423592243,EXCLUSION,21.04,low,EXCLUSION,0.12624,AI_right,False
607,#1101,2023-08,No Elegible,Vulnerabilidad Baja,1.0,1.0,1.0,1.0,1.776038647,1.498900966,2.580217391,1.0,sotap,1,low,,,espanol_uno_mas_adultos,adultos_ninguno_analfabeta,0.0,0,0,0.0,22.17502718,2.618901451,21.46141263032042,EXCLUSION,22.17,medium,EXCLUSION,0.13302,AI_right,False
608,#645,2023-07,Lista de Reserva,Vulnerabilidad Elevada,1.0,1.0,3.251728045,1.0,1.776038647,2.117608696,1.790108696,1.0,fupal,1,low,,,espanol_uno_mas_adultos,adultos_ninguno_analfabeta,,0,0,11.51832969,21.88512181,2.953663487,33.06983776278628,EXCLUSION,21.26,medium,INCLUSION,0.12756,wrongly_include,True
609,#1101,2023-08,No Elegible,Vulnerabilidad Elevada,1.0,1.0,2.578385269,1.0,1.776038647,2.823478261,2.580217391,1.043888889,sotap,1,low,,,espanol_uno_mas_adultos,adultos_ninguno_analfabeta,0.0,0,0,8.975915299,32.85812825,3.184241129,41.06549005402387,EXCLUSION,27.77,high,EXCLUSION,0.16662,AI_right,False
610,#1223,2024-02,Elegible,Vulnerabilidad Elevada,1.0,2.051104816,1.0,1.0,1.776038647,2.823478261,1.790108696,1.0,sotap,2,average,jefatura_femenina,si,espanol_uno_mas_adultos,adultos_ninguno_analfabeta,0.0,0,0,6.609317356,26.18890898,2.927660413,32.16813549794806,INCLUSION,26.75,medium,INCLUSION,0.1605,AI_right,False
611,#1223,2023-08,Lista de Reserva,Vulnerabilidad Baja,1.0,1.0,1.0,1.0,1.0,1.0,1.0,1.0,sotap,1,low,,,espanol_uno_mas_adultos,adultos_ninguno_analfabeta,0.0,0,0,0.0,0.0,2.0,0.0,EXCLUSION,21.2,low,EXCLUSION,0.12719999999999998,AI_right,False
612,#1101,2023-09,No Elegible,Vulnerabilidad Baja,1.0,1.0,1.0,1.0,1.776038647,2.117608696,1.0,1.0,sotap,1,low,,,espanol_ningun_adulto,adultos_ninguno_analfabeta,,0,0,0.0,14.06650994,2.392594036,13.61383558362086,EXCLUSION,23.21,low,EXCLUSION,0.13926,AI_right,False
613,#252,2024-05,No Elegible,Vulnerabilidad Baja,1.0,1.0,1.0,1.0,1.0,1.498900966,1.0,1.0,sotap,4,average,jefatura_masculina,no,espanol_uno_mas_adultos,adultos_ninguno_analfabeta,0.0,0,0,0.0,3.815111519,2.10647915,3.692337415207061,EXCLUSION,17.81,low,EXCLUSION,0.10685999999999998,AI_right,False
614,#252,2024-05,No Elegible,Vulnerabilidad Baja,2.070141643,1.0,1.0,1.0,1.0,1.0,2.580217391,1.0,sotap,3,low,jefatura_masculina,no,espanol_uno_mas_adultos,adultos_ninguno_analfabeta,0.0,0,0,6.702282231,9.580889352,2.466900431,16.190535127239098,EXCLUSION,13.48,low,EXCLUSION,0.08088,AI_right,False
615,#112,2024-05,No Elegible,Vulnerabilidad Baja,1.0,1.0,1.0,1.0,1.0,1.498900966,1.790108696,1.0,sotap,3,low,jefatura_femenina,no,espanol_uno_mas_adultos,adultos_ninguno_analfabeta,0.0,0,0,0.0,10.02735341,2.279861825,9.70466314991279,EXCLUSION,14.82,low,EXCLUSION,0.08892,AI_right,False
616,#1311,2023-11,Elegible,Vulnerabilidad Elevada,1.0,1.0,2.578385269,1.0,1.776038647,2.823478261,2.580217391,1.0,sotap,1,low,,,espanol_uno_mas_adultos,adultos_ninguno_analfabeta,0.0,0,0,8.975915299,32.12448674,3.163765312,40.35545786145718,INCLUSION,29.08,high,INCLUSION,0.17448,AI_right,False
617,#1167,2024-01,Lista de Reserva,Vulnerabilidad Elevada,2.070141643,1.0,1.0,1.0,1.776038647,2.117608696,2.580217391,1.043888889,foten,3,average,jefatura_femenina,si,espanol_uno_mas_adultos,adultos_ninguno_analfabeta,,0,0,6.702282231,28.09152966,2.983529432,34.10548451948735,EXCLUSION,29.79,high,EXCLUSION,0.17873999999999998,AI_right,False
618,#1311,2024-05,No Elegible,Vulnerabilidad Baja,1.0,1.0,1.0,1.0,1.0,1.0,1.0,1.0,sotap,3,low,jefatura_masculina,no,espanol_uno_mas_adultos,adultos_ninguno_analfabeta,0.0,0,0,0.0,0.0,2.0,0.0,EXCLUSION,15.83,low,INCLUSION,0.09498,wrongly_include,True
619,#1101,2024-03,Lista de Reserva,Vulnerabilidad Baja,1.0,1.0,1.0,1.0,1.776038647,2.117608696,1.790108696,1.0,sotap,1,low,,,espanol_uno_mas_adultos,adultos_ninguno_analfabeta,0.0,0,0,0.0,21.88512181,2.610810239,21.18083670503239,EXCLUSION,23.44,low,INCLUSION,0.14064000000000002,wrongly_include,True
620,#1311,2023-09,No Elegible,Vulnerabilidad Baja,1.0,1.0,2.578385269,1.0,1.0,1.498900966,1.0,1.0,sotap,1,low,,,espanol_uno_mas_adultos,adultos_ninguno_analfabeta,0.0,0,0,8.975915299,3.815111519,2.373655191,12.95710664444418,EXCLUSION,21.2,low,EXCLUSION,0.12719999999999998,AI_right,False
621,#555,2023-10,No Elegible por Intenciones,Vulnerabilidad Elevada,1.0,1.0,1.0,1.0,1.776038647,2.117608696,2.580217391,1.738466184,sotap,2,average,jefatura_femenina,si,espanol_uno_mas_adultos,adultos_ninguno_analfabeta,0.0,0,0,0.0,36.78475459,3.0266566,35.60098440253921,EXCLUSION,22.97,high,EXCLUSION,0.13782,AI_right,False
622,#527,2023-12,Elegible,Vulnerabilidad Severa,2.700708215,1.525552408,3.251728045,1.0,1.776038647,2.117608696,1.790108696,1.0,sotap,4,average,jefatura_femenina,no,espanol_uno_mas_adultos,adultos_ninguno_analfabeta,0.0,0,0,30.67858802,21.88512181,3.523985487,52.84669236610401,INCLUSION,27.79,high,INCLUSION,0.16673999999999997,AI_right,False
623,#440,2024-04,No Elegible,Vulnerabilidad Elevada,1.0,1.0,1.0,1.0,1.776038647,2.117608696,2.580217391,1.738466184,pcr_cdmx,1,low,,,espanol_ningun_adulto,adultos_ninguno_analfabeta,,0,0,0.0,36.78475459,3.0266566,35.60098440253921,EXCLUSION,18.01,high,INCLUSION,0.10806,wrongly_include,True
624,#1102,2023-11,No Elegible por Intenciones,Vulnerabilidad Baja,1.0,1.0,2.578385269,1.0,1.776038647,1.0,1.790108696,1.043888889,pcr_cdmx,1,low,,,espanol_uno_mas_adultos,adultos_ninguno_analfabeta,0.0,0,0,8.975915299,12.53066404,2.616904864,21.39218396976588,EXCLUSION,27.81,medium,EXCLUSION,0.16686,AI_right,False
625,#1860,2024-03,Lista de Reserva,Vulnerabilidad Baja,1.0,1.0,1.0,1.0,1.776038647,1.0,2.580217391,1.043888889,pcr_cdmx,1,low,,,espanol_uno_mas_adultos,adultos_ninguno_analfabeta,0.0,0,0,0.0,17.15905947,2.478906597,16.60686377719593,EXCLUSION,24.03,low,EXCLUSION,0.14418,AI_right,False
626,#555,2024-02,No Elegible,Vulnerabilidad Elevada,2.070141643,1.0,1.0,1.0,1.776038647,2.823478261,2.580217391,1.043888889,sotap,7,average,jefatura_femenina,no,espanol_uno_mas_adultos,adultos_ninguno_analfabeta,,-500,0,6.702282231,32.85812825,3.116564434,38.71868920026256,EXCLUSION,26.82,high,INCLUSION,0.16091999999999998,wrongly_include,True
627,#527,2023-06,No Elegible,Vulnerabilidad Moderada,1.0,1.0,1.0,1.0,1.776038647,2.117608696,2.580217391,1.043888889,sotap,2,average,jefatura_femenina,no,espanol_uno_mas_adultos,adultos_ninguno_analfabeta,,0,0,0.0,28.09152966,2.784030087,27.18751614401154,EXCLUSION,17.04,medium,EXCLUSION,0.10224,AI_right,False
628,#1407,2023-11,Elegible,Vulnerabilidad Moderada,2.070141643,1.0,1.0,1.0,1.776038647,2.117608696,1.790108696,1.043888889,foten,1,low,,,espanol_uno_mas_adultos,adultos_ninguno_analfabeta,0.0,0,0,6.702282231,22.50821784,2.827700095,28.70184925716677,INCLUSION,22.88,medium,INCLUSION,0.13727999999999999,AI_right,False
629,#1311,2024-02,No Elegible,Vulnerabilidad Elevada,1.0,1.0,2.578385269,1.0,1.776038647,2.823478261,1.790108696,1.043888889,sotap,1,low,,,espanol_ningun_adulto,adultos_ninguno_analfabeta,0.0,0,0,8.975915299,26.85846924,3.016791609,35.25890607062468,EXCLUSION,28.6,high,EXCLUSION,0.1716,AI_right,False
630,#1311,2023-08,Elegible,Vulnerabilidad Elevada,2.700708215,1.0,2.578385269,1.0,1.776038647,2.823478261,1.790108696,1.0,sotap,4,average,jefatura_masculina,no,espanol_uno_mas_adultos,adultos_ninguno_analfabeta,0.0,0,-500,20.97871872,26.18890898,3.355378326,46.99995856724294,INCLUSION,29.8,high,INCLUSION,0.1788,AI_right,False
631,#112,2024-06,Lista de Reserva,Vulnerabilidad Moderada,2.700708215,1.0,2.578385269,1.0,1.0,2.117608696,1.0,1.043888889,sotap,1,low,,,espanol_uno_mas_adultos,adultos_ninguno_analfabeta,,0,0,20.97871872,7.858894815,2.843790571,29.25982258808681,EXCLUSION,14.14,medium,EXCLUSION,0.08484,AI_right,False
632,#692,2023-11,Elegible,Vulnerabilidad Baja,1.0,1.525552408,1.0,1.0,1.776038647,1.0,1.0,1.0,pcr_cdmx,1,low,,,espanol_uno_mas_adultos,adultos_ninguno_analfabeta,0.0,0,0,3.741369748,5.532745347,2.265783208,9.21646683684858,INCLUSION,23.73,low,INCLUSION,0.14238,AI_right,False
633,#252,2024-02,No Elegible,Vulnerabilidad Elevada,1.0,1.0,3.251728045,1.0,1.776038647,2.823478261,2.580217391,1.0,sotap,3,average,jefatura_femenina,no,espanol_uno_mas_adultos,adultos_ninguno_analfabeta,0.0,0,-500,11.51832969,32.12448674,3.23944252,42.97968968997395,EXCLUSION,38.97,high,EXCLUSION,0.23381999999999997,AI_right,False
634,#1311,2024-04,No Elegible,Vulnerabilidad Baja,1.599560907,1.0,1.0,1.0,1.0,1.0,1.790108696,1.043888889,sotap,1,low,,,espanol_uno_mas_adultos,adultos_ninguno_analfabeta,,0,0,4.186184624,6.061858428,2.293790976,10.187681993313475,EXCLUSION,13.44,low,EXCLUSION,0.08063999999999999,AI_right,False
635,#252,2024-05,Lista de Reserva,Vulnerabilidad Elevada,1.0,1.0,1.0,1.0,1.776038647,2.823478261,2.580217391,1.043888889,sotap,4,complete,jefatura_femenina,si,espanol_uno_mas_adultos,adultos_ninguno_analfabeta,,0,0,0.0,32.85812825,2.917065088,31.80072082478675,EXCLUSION,17.24,medium,EXCLUSION,0.10343999999999999,AI_right,False
636,#1476,2023-09,No Elegible,Vulnerabilidad Baja,1.0,1.0,2.578385269,1.0,1.0,1.498900966,1.0,1.0,pcr_cdmx,1,low,,,espanol_ningun_adulto,adultos_ninguno_analfabeta,0.0,0,0,8.975915299,3.815111519,2.373655191,12.95710664444418,EXCLUSION,23.53,low,EXCLUSION,0.14118,AI_right,False
637,#1311,2023-08,No Elegible,Vulnerabilidad Moderada,1.0,1.0,1.0,1.0,1.776038647,2.823478261,1.790108696,1.043888889,sotap,1,low,,,espanol_uno_mas_adultos,adultos_ninguno_analfabeta,,0,0,0.0,26.85846924,2.749615568,25.99413684138756,EXCLUSION,22.49,medium,EXCLUSION,0.13493999999999998,AI_right,False
638,#112,2023-09,No Elegible,Vulnerabilidad Moderada,2.700708215,1.0,1.249197356,1.0,1.0,2.117608696,2.580217391,1.0,sotap,1,low,,,espanol_uno_mas_adultos,adultos_ninguno_analfabeta,-500.0,0,0,11.93561888,18.94985465,2.884161633,30.65974840868563,EXCLUSION,13.43,medium,EXCLUSION,0.08058,AI_right,False
639,#527,2024-05,No Elegible,Vulnerabilidad Severa,2.700708215,2.051104816,3.251728045,1.0,1.776038647,2.823478261,2.580217391,1.043888889,sotap,4,complete,jefatura_masculina,si,espanol_uno_mas_adultos,adultos_uno_mas_analfabeta,,0,0,35.61565687,32.85812825,3.977196548,68.56252514852022,EXCLUSION,25.02,high,INCLUSION,0.15011999999999998,wrongly_include,True
640,#252,2024-06,No Elegible,Vulnerabilidad Elevada,1.0,1.0,2.578385269,1.564135978,1.776038647,2.117608696,1.790108696,1.043888889,sotap,1,low,,,espanol_uno_mas_adultos,adultos_ninguno_analfabeta,-500.0,0,0,14.01324416,22.50821784,3.045317329,36.24808525200392,EXCLUSION,15.6,high,EXCLUSION,0.0936,AI_right,False
641,#513,2023-10,Elegible,Vulnerabilidad Elevada,1.0,1.0,1.0,1.0,1.776038647,2.823478261,2.580217391,1.043888889,pcr_cdmx,2,average,jefatura_masculina,no,espanol_uno_mas_adultos,adultos_ninguno_analfabeta,-500.0,0,0,0.0,32.85812825,2.917065088,31.80072082478675,INCLUSION,24.01,medium,INCLUSION,0.14406,AI_right,False
642,#1223,2024-03,No Elegible,Vulnerabilidad Moderada,2.700708215,1.0,2.578385269,1.0,1.0,1.0,1.790108696,1.0,sotap,2,average,jefatura_femenina,no,espanol_ningun_adulto,adultos_uno_mas_analfabeta,0.0,0,0,20.97871872,5.614422911,2.78114772,27.08758003442943,EXCLUSION,24.19,medium,EXCLUSION,0.14514,AI_right,False
643,#112,2023-11,Elegible,Vulnerabilidad Moderada,1.0,1.0,1.0,1.0,1.776038647,2.823478261,1.790108696,1.0,sotap,1,low,,,espanol_uno_mas_adultos,adultos_ninguno_analfabeta,0.0,0,0,0.0,26.18890898,2.730928248,25.34612370011462,INCLUSION,24.43,medium,INCLUSION,0.14658,AI_right,False
644,#1101,2023-06,No Elegible,Vulnerabilidad Severa,2.700708215,1.0,2.578385269,1.0,1.776038647,2.823478261,2.580217391,1.0,sotap,2,low,jefatura_masculina,no,espanol_ningun_adulto,adultos_uno_mas_analfabeta,0.0,0,0,20.97871872,32.12448674,3.521039349,52.74452349934838,EXCLUSION,24.58,high,EXCLUSION,0.14748,AI_right,False
645,#252,2023-11,Elegible,Vulnerabilidad Moderada,1.0,1.525552408,1.0,1.0,1.776038647,2.823478261,1.790108696,1.0,sotap,5,low,jefatura_masculina,no,espanol_uno_mas_adultos,adultos_ninguno_analfabeta,,0,0,3.741369748,26.18890898,2.842293421,29.20789446797501,INCLUSION,25.88,medium,INCLUSION,0.15527999999999997,AI_right,False
646,#527,2024-02,No Elegible,Vulnerabilidad Severa,2.700708215,1.0,2.578385269,1.0,1.776038647,2.823478261,2.580217391,1.738466184,sotap,3,complete,jefatura_femenina,si,espanol_uno_mas_adultos,adultos_ninguno_analfabeta,-500.0,0,0,20.97871872,42.19960637,3.802234322,62.49541570453535,EXCLUSION,19.63,high,EXCLUSION,0.11778,AI_right,False
647,#527,2024-03,No Elegible,Vulnerabilidad Moderada,1.0,1.0,1.0,1.0,1.776038647,2.823478261,2.580217391,1.0,sotap,7,low,jefatura_masculina,no,espanol_ningun_adulto,adultos_ninguno_analfabeta,,0,0,0.0,32.12448674,2.896589272,31.09068863222006,EXCLUSION,24.61,medium,INCLUSION,0.14765999999999999,wrongly_include,True
648,#527,2023-10,No Elegible,Vulnerabilidad Elevada,1.0,1.0,2.578385269,1.0,1.776038647,2.117608696,2.580217391,1.043888889,sotap,5,high,jefatura_masculina,no,espanol_uno_mas_adultos,adultos_ninguno_analfabeta,,0,0,8.975915299,28.09152966,3.051206127,36.45228537324866,EXCLUSION,25.85,high,EXCLUSION,0.1551,AI_right,False
649,#1200,2024-05,Lista de Reserva,Vulnerabilidad Baja,1.599560907,1.0,1.0,1.0,1.0,1.0,1.790108696,1.043888889,fupal,1,low,,,espanol_uno_mas_adultos,adultos_ninguno_analfabeta,0.0,0,0,4.186184624,6.061858428,2.293790976,10.187681993313475,EXCLUSION,15.6,low,EXCLUSION,0.0936,AI_right,False
650,#555,2023-06,No Elegible,Vulnerabilidad Moderada,1.599560907,1.0,1.0,1.0,1.776038647,2.823478261,1.790108696,1.043888889,sotap,1,low,,,espanol_uno_mas_adultos,adultos_ninguno_analfabeta,0.0,0,0,4.186184624,26.85846924,2.874221048,30.315037072772505,EXCLUSION,19.36,medium,EXCLUSION,0.11615999999999999,AI_right,False
651,#071,2023-12,Lista de Reserva,Vulnerabilidad Baja,1.0,1.0,1.0,1.0,1.776038647,2.117608696,1.790108696,1.043888889,sotap,1,low,,,espanol_uno_mas_adultos,adultos_ninguno_analfabeta,,0,0,0.0,22.50821784,2.628200749,21.78388088169096,EXCLUSION,25.95,medium,EXCLUSION,0.1557,AI_right,False
652,#527,2023-11,No Elegible,Vulnerabilidad Moderada,2.700708215,1.0,2.578385269,1.0,1.776038647,1.0,1.0,1.0,sotap,1,low,,,espanol_uno_mas_adultos,adultos_ninguno_analfabeta,-500.0,0,0,20.97871872,5.532745347,2.778868113,27.00853093611651,EXCLUSION,20.65,medium,EXCLUSION,0.12389999999999998,AI_right,False
653,#252,2023-07,No Elegible,Vulnerabilidad Elevada,2.700708215,2.051104816,1.249197356,1.0,1.776038647,2.117608696,1.0,1.043888889,sotap,2,complete,jefatura_femenina,si,espanol_uno_mas_adultos,adultos_ninguno_analfabeta,-500.0,0,0,20.89305637,14.60519526,3.029528919,35.70060128838091,EXCLUSION,11.95,high,EXCLUSION,0.0717,AI_right,False
654,#1407,2023-08,No Elegible,Vulnerabilidad Elevada,2.070141643,1.0,1.0,1.0,1.776038647,2.823478261,2.580217391,1.043888889,foten,2,average,jefatura_masculina,no,espanol_uno_mas_adultos,adultos_ninguno_analfabeta,0.0,0,0,6.702282231,32.85812825,3.116564434,38.71868920026256,EXCLUSION,25.2,high,INCLUSION,0.1512,wrongly_include,True
655,#1311,2024-06,No Elegible,Vulnerabilidad Baja,2.070141643,1.0,2.578385269,1.0,1.0,1.0,1.0,1.043888889,sotap,1,low,,,espanol_uno_mas_adultos,adultos_ninguno_analfabeta,,0,0,17.46888676,0.386821499,2.530772958,18.405426201164243,EXCLUSION,13.51,low,EXCLUSION,0.08106,AI_right,False
656,#1805,2023-09,No Elegible,Vulnerabilidad Baja,1.0,1.0,1.0,1.0,1.0,2.117608696,1.790108696,1.0,fomon,1,low,,,espanol_uno_mas_adultos,adultos_uno_mas_analfabeta,0.0,0,0,0.0,14.16503897,2.395343965,13.709193850906429,EXCLUSION,25.68,low,EXCLUSION,0.15407999999999997,AI_right,False
657,#1373,2023-09,Lista de Reserva,Vulnerabilidad Baja,1.0,1.0,1.0,1.0,1.776038647,1.0,1.790108696,1.0,fomon,1,low,,,espanol_ningun_adulto,adultos_ninguno_analfabeta,,0,0,0.0,12.01413641,2.33531262,11.62750948618979,EXCLUSION,20.22,low,EXCLUSION,0.12131999999999998,AI_right,False
658,#112,2024-05,No Elegible,Vulnerabilidad Severa,2.700708215,2.051104816,2.578385269,1.0,1.776038647,2.823478261,2.580217391,1.0,sotap,2,complete,jefatura_femenina,si,espanol_uno_mas_adultos,adultos_ninguno_analfabeta,,0,0,31.71522481,32.12448674,3.840620929,63.82654109183068,EXCLUSION,21.22,high,EXCLUSION,0.12732,AI_right,False
659,#252,2024-05,No Elegible,Vulnerabilidad Elevada,2.700708215,1.0,2.578385269,1.0,1.776038647,2.823478261,1.790108696,1.0,sotap,1,low,,,espanol_uno_mas_adultos,adultos_ninguno_analfabeta,,0,0,20.97871872,26.18890898,3.355378326,46.99995856724294,EXCLUSION,18.68,high,EXCLUSION,0.11208,AI_right,False
660,#071,2023-08,No Elegible,Vulnerabilidad Elevada,1.0,1.0,2.578385269,1.0,1.776038647,2.117608696,2.580217391,1.043888889,sotap,3,average,jefatura_masculina,no,espanol_uno_mas_adultos,adultos_ninguno_analfabeta,,0,0,8.975915299,28.09152966,3.051206127,36.45228537324866,EXCLUSION,27.47,high,EXCLUSION,0.16482,AI_right,False
661,#555,2024-03,No Elegible,Vulnerabilidad Baja,1.0,1.0,1.0,1.0,1.0,1.498900966,1.790108696,1.0,sotap,4,average,jefatura_masculina,no,espanol_uno_mas_adultos,adultos_ninguno_analfabeta,,0,0,0.0,10.02735341,2.279861825,9.70466314991279,EXCLUSION,22.08,low,EXCLUSION,0.13248,AI_right,False
662,#676,2023-10,Elegible,Vulnerabilidad Baja,1.0,1.0,1.0,1.0,1.776038647,1.0,2.580217391,1.0,pcr_cdmx,2,average,jefatura_masculina,no,espanol_uno_mas_adultos,adultos_ninguno_analfabeta,0.0,0,0,0.0,16.59309681,2.46311067,16.059114361557388,INCLUSION,22.81,low,INCLUSION,0.13685999999999998,AI_right,False
663,#1223,2024-04,No Elegible,Vulnerabilidad Baja,2.070141643,1.0,1.0,1.0,1.0,1.498900966,1.790108696,1.043888889,sotap,1,low,,,espanol_uno_mas_adultos,adultos_ninguno_analfabeta,0.0,0,0,6.702282231,10.52243148,2.49317872,17.10177748801793,EXCLUSION,14.43,low,EXCLUSION,0.08657999999999999,AI_right,False
664,#071,2023-11,Elegible,Vulnerabilidad Moderada,1.0,1.0,2.578385269,1.0,1.776038647,2.117608696,1.790108696,1.043888889,sotap,6,average,jefatura_masculina,no,espanol_uno_mas_adultos,adultos_ninguno_analfabeta,0.0,0,-500,8.975915299,22.50821784,2.89537679,31.04865011092808,INCLUSION,32.82,medium,EXCLUSION,0.19691999999999998,wrongly_exclude,True
665,#555,2024-02,Elegible,Vulnerabilidad Baja,1.0,1.525552408,2.578385269,1.0,1.776038647,1.0,1.0,1.043888889,sotap,1,low,,,espanol_uno_mas_adultos,adultos_ninguno_analfabeta,,0,0,13.7168894,5.979299062,2.575176597,19.94519185666718,INCLUSION,23.3,low,INCLUSION,0.1398,AI_right,False
666,#1101,2023-08,No Elegible,Vulnerabilidad Elevada,2.070141643,1.0,1.0,1.0,1.776038647,2.117608696,2.580217391,1.043888889,sotap,1,low,,,espanol_uno_mas_adultos,adultos_ninguno_analfabeta,,0,0,6.702282231,28.09152966,2.983529432,34.10548451948735,EXCLUSION,20.16,high,EXCLUSION,0.12096,AI_right,False
667,#071,2024-03,No Elegible,Vulnerabilidad Elevada,1.599560907,1.0,1.0,1.0,1.776038647,2.823478261,2.580217391,1.0,sotap,2,complete,jefatura_femenina,si,espanol_uno_mas_adultos,adultos_ninguno_analfabeta,,0,0,4.186184624,32.12448674,3.021194752,35.411588863605004,EXCLUSION,24.03,high,EXCLUSION,0.14418,AI_right,False
668,#252,2023-07,Lista de Reserva,Vulnerabilidad Baja,2.700708215,1.0,1.0,1.0,1.0,1.498900966,1.790108696,1.0,sotap,5,average,jefatura_masculina,no,espanol_uno_mas_adultos,adultos_ninguno_analfabeta,,0,0,9.472088355,10.02735341,2.561806895,19.481572780265047,EXCLUSION,13.0,low,EXCLUSION,0.078,AI_right,False
669,#1101,2023-08,No Elegible,Vulnerabilidad Severa,2.070141643,2.051104816,1.0,1.0,1.776038647,2.117608696,2.580217391,2.544987923,sotap,3,average,jefatura_femenina,si,espanol_ningun_adulto,adultos_ninguno_analfabeta,0.0,0,0,14.63015408,44.04383881,3.664735924,57.72743110170387,EXCLUSION,19.19,high,EXCLUSION,0.11514,AI_right,False
670,#527,2024-02,No Elegible,Vulnerabilidad Elevada,2.700708215,1.0,2.578385269,1.0,1.776038647,2.823478261,1.0,1.0,sotap,1,low,,,espanol_ningun_adulto,adultos_ninguno_analfabeta,0.0,0,0,20.97871872,17.78726377,3.120889756,38.86868670174595,EXCLUSION,24.03,high,EXCLUSION,0.14418,AI_right,False
671,#527,2023-06,Lista de Reserva,Vulnerabilidad Baja,1.599560907,1.0,1.0,1.0,1.0,1.0,2.580217391,1.043888889,sotap,2,low,jefatura_femenina,no,espanol_uno_mas_adultos,adultos_ninguno_analfabeta,-500.0,0,0,4.186184624,10.07114734,2.405689587,14.067947978836404,EXCLUSION,12.35,low,EXCLUSION,0.0741,AI_right,False
672,#527,2024-06,No Elegible,Vulnerabilidad Baja,1.0,2.051104816,1.0,1.0,1.0,1.498900966,1.0,1.0,sotap,1,low,,,espanol_uno_mas_adultos,adultos_ninguno_analfabeta,0.0,0,0,6.609317356,3.815111519,2.303211315,10.514349213040497,EXCLUSION,13.86,low,EXCLUSION,0.08316,AI_right,False
673,#071,2024-02,Elegible,Vulnerabilidad Baja,1.0,1.0,1.0,1.0,1.0,1.498900966,1.0,1.0,sotap,1,low,,,espanol_uno_mas_adultos,adultos_ninguno_analfabeta,0.0,0,0,0.0,3.815111519,2.10647915,3.692337415207061,INCLUSION,20.96,low,INCLUSION,0.12576,AI_right,False
674,#1223,2024-07,Lista de Reserva,Vulnerabilidad Baja,1.0,1.525552408,1.0,1.0,1.0,1.498900966,1.790108696,1.0,sotap,2,average,jefatura_masculina,no,espanol_uno_mas_adultos,adultos_ninguno_analfabeta,0.0,0,0,3.741369748,10.02735341,2.391226998,13.566433917773178,EXCLUSION,18.02,low,EXCLUSION,0.10812,AI_right,False
675,#1311,2023-10,Elegible,Vulnerabilidad Baja,1.0,1.0,3.251728045,1.0,1.0,1.498900966,1.790108696,1.0,sotap,3,average,jefatura_masculina,no,espanol_ningun_adulto,adultos_uno_mas_analfabeta,0.0,0,0,11.51832969,10.02735341,2.622715074,21.59366420766668,INCLUSION,28.6,medium,INCLUSION,0.1716,AI_right,False
676,#252,2023-12,No Elegible,Vulnerabilidad Baja,1.0,1.0,2.578385269,1.0,1.0,1.0,1.0,1.0,sotap,1,low,,,espanol_uno_mas_adultos,adultos_ninguno_analfabeta,0.0,0,0,8.975915299,0.0,2.267176041,9.26476922923712,EXCLUSION,26.62,low,EXCLUSION,0.15972,AI_right,False
677,#1054,2023-07,Lista de Reserva,Vulnerabilidad Baja,1.0,1.525552408,1.0,1.0,1.776038647,1.0,1.0,1.0,futij,1,low,,,espanol_uno_mas_adultos,adultos_ninguno_analfabeta,,0,0,3.741369748,5.532745347,2.265783208,9.21646683684858,EXCLUSION,17.72,low,EXCLUSION,0.10632,AI_right,False
678,#645,2023-07,Lista de Reserva,Vulnerabilidad Baja,1.0,1.0,3.251728045,1.0,1.776038647,1.0,1.790108696,1.043888889,fupal,1,low,,,espanol_uno_mas_adultos,adultos_ninguno_analfabeta,0.0,-500,0,11.51832969,12.53066404,2.692582072,24.01641579828265,EXCLUSION,26.42,medium,EXCLUSION,0.15852,AI_right,False
679,#252,2024-01,No Elegible,Vulnerabilidad Moderada,1.0,1.525552408,2.578385269,1.0,1.776038647,1.0,1.790108696,1.0,sotap,1,low,,,espanol_uno_mas_adultos,adultos_ninguno_analfabeta,0.0,0,0,13.7168894,12.01413641,2.743607939,25.785822103971192,EXCLUSION,28.61,medium,EXCLUSION,0.17166,AI_right,False
680,#1476,2023-12,Elegible,Vulnerabilidad Elevada,1.0,1.0,2.578385269,1.0,1.776038647,2.823478261,1.790108696,1.0,pcr_cdmx,4,average,jefatura_masculina,no,espanol_ningun_adulto,adultos_ninguno_analfabeta,,0,0,8.975915299,26.18890898,2.998104289,34.61089292935174,INCLUSION,36.27,high,INCLUSION,0.21762,AI_right,False
681,#1407,2024-05,No Elegible por Intenciones,Vulnerabilidad Baja,1.0,1.0,1.0,1.0,1.0,2.117608696,1.790108696,1.0,foten,2,average,jefatura_masculina,no,espanol_uno_mas_adultos,adultos_ninguno_analfabeta,0.0,0,0,0.0,14.16503897,2.395343965,13.709193850906429,EXCLUSION,18.45,low,EXCLUSION,0.11069999999999999,AI_right,False
682,#1771,2024-03,No Elegible,Vulnerabilidad Elevada,1.0,2.051104816,2.578385269,1.0,1.776038647,2.823478261,1.790108696,1.0,fupal,1,low,,,espanol_ningun_adulto,adultos_uno_mas_analfabeta,,0,0,17.3510839,26.18890898,3.247398574,43.25558283110052,EXCLUSION,32.3,high,EXCLUSION,0.19379999999999997,AI_right,False
683,#071,2024-03,No Elegible,Vulnerabilidad Moderada,1.0,1.0,2.578385269,1.0,1.776038647,1.498900966,1.790108696,1.0,sotap,2,average,jefatura_femenina,si,espanol_ningun_adulto,adultos_ninguno_analfabeta,0.0,0,0,8.975915299,17.10850297,2.744671614,25.82270346515955,EXCLUSION,24.41,medium,EXCLUSION,0.14646,AI_right,False
684,#1311,2023-08,No Elegible,Vulnerabilidad Baja,1.0,1.0,1.0,1.564135978,1.776038647,2.823478261,1.0,1.043888889,sotap,1,low,,,espanol_uno_mas_adultos,adultos_ninguno_analfabeta,0.0,0,0,3.975239986,18.36611881,2.630921956,21.87824592456485,EXCLUSION,32.42,medium,EXCLUSION,0.19452000000000003,AI_right,False
685,#1223,2023-08,Lista de Reserva,Vulnerabilidad Moderada,1.0,1.0,1.0,1.0,1.776038647,2.823478261,1.790108696,1.0,sotap,1,low,,,espanol_ningun_adulto,adultos_ninguno_analfabeta,0.0,0,0,0.0,26.18890898,2.730928248,25.34612370011462,EXCLUSION,25.47,medium,EXCLUSION,0.15281999999999998,AI_right,False
686,#071,2023-12,Lista de Reserva,Vulnerabilidad Elevada,1.0,1.0,2.578385269,1.0,1.776038647,2.823478261,2.580217391,1.043888889,sotap,1,low,,,espanol_uno_mas_adultos,adultos_uno_mas_analfabeta,0.0,0,0,8.975915299,32.85812825,3.184241129,41.06549005402387,EXCLUSION,31.89,high,EXCLUSION,0.19134,AI_right,False
687,#527,2024-02,Elegible,Vulnerabilidad Baja,1.0,1.525552408,1.0,1.0,1.776038647,1.498900966,1.790108696,1.0,sotap,1,low,,,espanol_uno_mas_adultos,adultos_ninguno_analfabeta,,0,0,3.741369748,17.10850297,2.588860746,20.41970500378282,INCLUSION,21.36,low,INCLUSION,0.12816,AI_right,False
688,#676,2023-06,No Elegible,Vulnerabilidad Baja,1.0,1.0,1.0,1.0,1.776038647,2.117608696,1.790108696,1.0,pcr_cdmx,1,low,,,espanol_uno_mas_adultos,adultos_ninguno_analfabeta,0.0,0,0,0.0,21.88512181,2.610810239,21.18083670503239,EXCLUSION,19.5,low,EXCLUSION,0.11699999999999999,AI_right,False
689,#112,2024-04,No Elegible,Vulnerabilidad Moderada,1.0,1.0,1.0,1.0,1.776038647,2.117608696,2.580217391,1.0,sotap,1,low,,,espanol_uno_mas_adultos,adultos_ninguno_analfabeta,,0,0,0.0,27.40879931,2.764975192,26.526756739404888,EXCLUSION,18.13,medium,EXCLUSION,0.10877999999999999,AI_right,False
690,#527,2023-10,Elegible,Vulnerabilidad Baja,1.0,1.0,1.0,1.0,1.776038647,1.498900966,1.790108696,1.0,sotap,1,low,,,espanol_uno_mas_adultos,adultos_ninguno_analfabeta,,0,0,0.0,17.10850297,2.477495573,16.55793423592243,INCLUSION,20.42,low,INCLUSION,0.12252,AI_right,False
691,#112,2024-05,No Elegible,Vulnerabilidad Severa,2.070141643,1.0,1.0,1.0,1.776038647,2.823478261,2.580217391,2.544987923,sotap,2,complete,jefatura_femenina,si,espanol_uno_mas_adultos,adultos_ninguno_analfabeta,,0,0,6.702282231,50.0,3.594991325,55.308918375475805,EXCLUSION,14.52,high,EXCLUSION,0.08711999999999999,AI_right,False
692,#555,2023-11,Elegible,Vulnerabilidad Elevada,2.700708215,1.0,3.251728045,1.0,1.776038647,2.117608696,1.790108696,1.0,sotap,3,complete,jefatura_femenina,si,espanol_uno_mas_adultos,adultos_ninguno_analfabeta,0.0,0,0,24.2379543,21.88512181,3.33227434,46.19879261236069,INCLUSION,23.05,high,INCLUSION,0.1383,AI_right,False
693,#692,2023-12,No Elegible,Vulnerabilidad Baja,1.0,1.0,1.0,1.0,1.776038647,1.498900966,1.790108696,1.0,pcr_cdmx,1,low,,,espanol_uno_mas_adultos,adultos_ninguno_analfabeta,0.0,0,0,0.0,17.10850297,2.477495573,16.55793423592243,EXCLUSION,28.72,low,EXCLUSION,0.17232,AI_right,False
694,#527,2024-05,No Elegible,Vulnerabilidad Elevada,2.700708215,2.051104816,3.251728045,1.0,1.0,2.117608696,1.0,1.0,sotap,2,complete,jefatura_femenina,si,espanol_uno_mas_adultos,adultos_ninguno_analfabeta,,0,-500,35.61565687,7.392265486,3.266448403,43.916179314128506,EXCLUSION,19.21,high,EXCLUSION,0.11526,AI_right,False
695,#937,2023-11,No Elegible,Vulnerabilidad Baja,1.0,1.0,1.0,1.0,1.0,1.0,1.790108696,1.0,futij,1,low,,,espanol_uno_mas_adultos,adultos_ninguno_analfabeta,,0,0,0.0,5.614422911,2.156697643,5.433745167301109,EXCLUSION,20.45,low,EXCLUSION,0.12269999999999999,AI_right,False
696,#1841,2024-05,No Elegible,Vulnerabilidad Baja,1.0,1.525552408,1.0,1.0,1.0,1.498900966,1.0,1.0,foten,1,low,,,espanol_ningun_adulto,adultos_uno_mas_analfabeta,,0,0,3.741369748,3.815111519,2.217844323,7.554108183067449,EXCLUSION,19.92,low,EXCLUSION,0.11952,AI_right,False
697,#1101,2023-07,Lista de Reserva,Vulnerabilidad Baja,1.599560907,1.0,1.0,1.0,1.0,2.823478261,1.790108696,1.043888889,sotap,1,low,,,espanol_uno_mas_adultos,adultos_ninguno_analfabeta,,0,0,4.186184624,18.47313819,2.640187803,22.199554361292552,EXCLUSION,14.21,medium,EXCLUSION,0.08526,AI_right,False
698,#527,2024-03,Elegible,Vulnerabilidad Elevada,1.0,2.051104816,1.0,1.0,1.776038647,2.823478261,2.580217391,1.0,sotap,1,low,,,espanol_uno_mas_adultos,adultos_uno_mas_analfabeta,,0,0,6.609317356,32.12448674,3.093321436,37.9127004300535,INCLUSION,24.97,high,INCLUSION,0.14981999999999998,AI_right,False
699,#555,2023-09,No Elegible,Vulnerabilidad Baja,2.070141643,1.0,1.0,1.0,1.776038647,1.0,1.790108696,1.043888889,sotap,1,low,,,espanol_uno_mas_adultos,adultos_ninguno_analfabeta,,0,0,6.702282231,12.53066404,2.549228169,19.04538311600457,EXCLUSION,17.5,low,EXCLUSION,0.105,AI_right,False
700,#112,2024-05,No Elegible,Vulnerabilidad Elevada,2.070141643,1.0,1.0,1.0,1.776038647,2.117608696,2.580217391,1.043888889,sotap,1,low,,,espanol_ningun_adulto,adultos_ninguno_analfabeta,0.0,0,0,6.702282231,28.09152966,2.983529432,34.10548451948735,EXCLUSION,16.64,high,EXCLUSION,0.09984,AI_right,False
701,#458,2024-03,Lista de Reserva,Vulnerabilidad Baja,1.0,1.0,2.578385269,1.0,1.776038647,1.0,1.790108696,1.043888889,fupal,1,low,,,espanol_uno_mas_adultos,adultos_ninguno_analfabeta,,0,0,8.975915299,12.53066404,2.616904864,21.39218396976588,EXCLUSION,25.59,medium,EXCLUSION,0.15354,AI_right,False
702,#1223,2024-03,No Elegible,Vulnerabilidad Baja,1.0,1.0,1.0,1.0,1.776038647,2.117608696,1.790108696,1.0,sotap,3,low,jefatura_femenina,no,espanol_uno_mas_adultos,adultos_ninguno_analfabeta,0.0,0,0,0.0,21.88512181,2.610810239,21.18083670503239,EXCLUSION,25.23,low,INCLUSION,0.15138000000000001,wrongly_include,True
703,#1223,2024-03,No Elegible,Vulnerabilidad Elevada,2.070141643,1.0,2.578385269,1.0,1.776038647,2.823478261,2.580217391,1.043888889,sotap,2,average,jefatura_masculina,si,espanol_uno_mas_adultos,adultos_uno_mas_analfabeta,0.0,0,0,17.46888676,32.85812825,3.43704192,49.83177382961031,EXCLUSION,26.24,high,EXCLUSION,0.15743999999999997,AI_right,False
704,#252,2023-06,No Elegible,Vulnerabilidad Severa,2.700708215,2.051104816,3.251728045,1.0,1.776038647,1.0,2.580217391,1.043888889,sotap,2,complete,jefatura_masculina,si,espanol_uno_mas_adultos,adultos_ninguno_analfabeta,0.0,0,0,35.61565687,17.15905947,3.539038057,53.3686681009294,EXCLUSION,18.67,high,EXCLUSION,0.11202,AI_right,False
705,#1323,2024-02,Lista de Reserva,Vulnerabilidad Severa,2.070141643,1.0,1.0,1.0,1.776038647,2.823478261,2.580217391,2.544987923,fupal,1,low,,,espanol_uno_mas_adultos,adultos_ninguno_analfabeta,,0,0,6.702282231,50.0,3.594991325,55.308918375475805,EXCLUSION,20.65,high,INCLUSION,0.12389999999999998,wrongly_include,True
706,#1223,2024-02,Lista de Reserva,Vulnerabilidad Baja,1.0,1.0,2.578385269,1.0,1.0,1.0,1.0,1.0,sotap,1,low,,,espanol_uno_mas_adultos,adultos_ninguno_analfabeta,0.0,0,0,8.975915299,0.0,2.267176041,9.26476922923712,EXCLUSION,23.22,low,INCLUSION,0.13932,wrongly_include,True
707,#1311,2024-04,No Elegible,Vulnerabilidad Baja,1.0,2.051104816,1.0,1.0,1.0,1.498900966,1.0,1.043888889,sotap,1,low,,,espanol_uno_mas_adultos,adultos_ninguno_analfabeta,0.0,0,0,6.609317356,4.243121443,2.315157003,10.928585349676254,EXCLUSION,15.41,low,INCLUSION,0.09246,wrongly_include,True
708,#1223,2024-05,No Elegible,Vulnerabilidad Baja,1.0,1.0,1.0,1.0,1.0,1.0,1.790108696,1.0,sotap,3,average,jefatura_femenina,no,espanol_uno_mas_adultos,adultos_ninguno_analfabeta,-500.0,0,0,0.0,5.614422911,2.156697643,5.433745167301109,EXCLUSION,15.25,low,EXCLUSION,0.0915,AI_right,False
709,#555,2024-05,No Elegible,Vulnerabilidad Severa,2.700708215,1.525552408,3.251728045,1.0,1.776038647,1.498900966,2.580217391,1.043888889,sotap,2,complete,jefatura_femenina,si,espanol_uno_mas_adultos,adultos_ninguno_analfabeta,,0,0,30.67858802,22.80125306,3.549554563,53.73334159634776,EXCLUSION,19.46,high,EXCLUSION,0.11675999999999999,AI_right,False
710,#071,2023-07,Lista de Reserva,Vulnerabilidad Elevada,1.0,1.0,2.578385269,1.0,1.776038647,2.117608696,2.580217391,1.738466184,sotap,1,low,,,espanol_uno_mas_adultos,adultos_ninguno_analfabeta,,0,0,8.975915299,36.78475459,3.29383264,44.86575363177633,EXCLUSION,20.46,high,EXCLUSION,0.12276,AI_right,False
711,#1223,2024-03,Lista de Reserva,Vulnerabilidad Moderada,1.0,2.051104816,1.249197356,1.0,1.776038647,2.117608696,1.790108696,1.0,sotap,1,low,,,espanol_uno_mas_adultos,adultos_ninguno_analfabeta,,0,0,8.909093135,21.88512181,2.875997259,30.376633366209827,EXCLUSION,22.22,medium,EXCLUSION,0.13332,AI_right,False
712,#527,2024-02,Lista de Reserva,Vulnerabilidad Severa,2.700708215,2.051104816,3.251728045,1.564135978,1.776038647,2.117608696,1.790108696,1.043888889,sotap,1,low,,,espanol_uno_mas_adultos,adultos_ninguno_analfabeta,,0,0,43.80517382,22.50821784,3.932100408,66.99874900039238,EXCLUSION,22.32,high,EXCLUSION,0.13392,AI_right,False
713,#071,2024-01,Lista de Reserva,Vulnerabilidad Moderada,1.0,1.0,2.578385269,1.0,1.776038647,2.117608696,1.790108696,1.043888889,sotap,4,average,jefatura_masculina,no,espanol_uno_mas_adultos,adultos_ninguno_analfabeta,0.0,0,0,8.975915299,22.50821784,2.89537679,31.04865011092808,EXCLUSION,30.61,medium,EXCLUSION,0.18366,AI_right,False
714,#1323,2024-01,No Elegible,Vulnerabilidad Baja,1.0,1.525552408,1.0,1.0,1.776038647,2.117608696,1.0,1.0,fupal,4,average,jefatura_femenina,no,espanol_uno_mas_adultos,adultos_ninguno_analfabeta,0.0,0,0,3.741369748,14.06650994,2.503959209,17.475606351481247,EXCLUSION,30.57,low,EXCLUSION,0.18342,AI_right,False
715,#071,2023-06,No Elegible,Vulnerabilidad Elevada,1.0,1.0,2.578385269,1.0,1.776038647,2.823478261,1.790108696,1.0,sotap,4,average,jefatura_femenina,si,espanol_uno_mas_adultos,adultos_uno_mas_analfabeta,,0,0,8.975915299,26.18890898,2.998104289,34.61089292935174,EXCLUSION,25.87,high,EXCLUSION,0.15522,AI_right,False
716,#112,2024-01,Elegible,Vulnerabilidad Elevada,2.070141643,1.0,2.578385269,1.0,1.0,2.117608696,2.580217391,1.043888889,sotap,2,average,jefatura_femenina,si,espanol_uno_mas_adultos,adultos_ninguno_analfabeta,0.0,0,0,17.46888676,19.54126117,3.065370296,36.94345684911179,INCLUSION,20.3,high,INCLUSION,0.1218,AI_right,False
717,#555,2024-04,No Elegible,Vulnerabilidad Baja,2.070141643,1.0,1.0,1.0,1.0,1.498900966,1.790108696,1.043888889,sotap,1,low,,,espanol_uno_mas_adultos,adultos_ninguno_analfabeta,,0,0,6.702282231,10.52243148,2.49317872,17.10177748801793,EXCLUSION,13.23,low,EXCLUSION,0.07937999999999999,AI_right,False
718,#1373,2023-11,Lista de Reserva,Vulnerabilidad Baja,1.0,1.0,1.0,1.0,1.776038647,2.117608696,1.790108696,1.0,fomon,5,average,jefatura_masculina,no,espanol_uno_mas_adultos,adultos_ninguno_analfabeta,-500.0,0,0,0.0,21.88512181,2.610810239,21.18083670503239,EXCLUSION,26.85,low,INCLUSION,0.1611,wrongly_include,True
719,#252,2024-05,Lista de Reserva,Vulnerabilidad Moderada,1.0,1.525552408,1.0,1.0,1.776038647,2.823478261,1.790108696,1.0,sotap,5,high,jefatura_masculina,no,espanol_uno_mas_adultos,adultos_ninguno_analfabeta,,-500,0,3.741369748,26.18890898,2.842293421,29.20789446797501,EXCLUSION,22.35,medium,EXCLUSION,0.1341,AI_right,False
720,#071,2024-05,No Elegible,Vulnerabilidad Elevada,1.0,1.0,2.578385269,1.0,1.776038647,2.117608696,2.580217391,1.0,sotap,6,high,jefatura_femenina,no,espanol_uno_mas_adultos,adultos_ninguno_analfabeta,,0,0,8.975915299,27.40879931,3.032151233,35.791525968642006,EXCLUSION,20.72,high,EXCLUSION,0.12431999999999999,AI_right,False
721,#672,2024-05,No Elegible,Vulnerabilidad Elevada,2.700708215,1.0,2.578385269,1.0,1.776038647,2.823478261,1.790108696,1.0,fupal,1,low,,,espanol_uno_mas_adultos,adultos_ninguno_analfabeta,,0,0,20.97871872,26.18890898,3.355378326,46.99995856724294,EXCLUSION,20.3,high,EXCLUSION,0.1218,AI_right,False
722,#1101,2023-06,No Elegible,Vulnerabilidad Moderada,1.0,2.051104816,2.578385269,1.0,1.776038647,1.498900966,1.0,1.0,sotap,1,low,,,espanol_uno_mas_adultos,adultos_ninguno_analfabeta,-500.0,0,0,17.3510839,9.93697889,2.793809812,27.526656103326808,EXCLUSION,20.22,medium,EXCLUSION,0.12131999999999998,AI_right,False
723,#1311,2023-07,No Elegible,Vulnerabilidad Severa,2.700708215,1.525552408,3.251728045,1.0,1.776038647,2.117608696,1.790108696,1.0,sotap,2,complete,jefatura_masculina,si,espanol_uno_mas_adultos,adultos_ninguno_analfabeta,0.0,0,0,30.67858802,21.88512181,3.523985487,52.84669236610401,EXCLUSION,19.92,high,EXCLUSION,0.11952,AI_right,False
724,#527,2024-03,Lista de Reserva,Vulnerabilidad Moderada,1.0,1.0,1.0,1.0,1.776038647,1.498900966,2.580217391,1.738466184,sotap,2,low,jefatura_masculina,no,espanol_ningun_adulto,adultos_ninguno_analfabeta,,0,0,0.0,30.77500505,2.858925454,29.78463461248595,EXCLUSION,18.44,medium,EXCLUSION,0.11064,AI_right,False
725,#071,2024-04,Lista de Reserva,Vulnerabilidad Baja,1.0,2.051104816,1.0,1.0,1.776038647,1.0,1.790108696,1.0,sotap,2,average,jefatura_femenina,si,espanol_uno_mas_adultos,adultos_ninguno_analfabeta,0.0,0,0,6.609317356,12.01413641,2.532044784,18.449521284023227,EXCLUSION,18.73,low,EXCLUSION,0.11238,AI_right,False
726,#555,2024-03,No Elegible,Vulnerabilidad Moderada,1.0,1.0,1.0,1.0,1.776038647,2.823478261,1.790108696,1.0,sotap,1,low,,,espanol_ningun_adulto,adultos_uno_mas_analfabeta,,0,0,0.0,26.18890898,2.730928248,25.34612370011462,EXCLUSION,28.81,medium,EXCLUSION,0.17285999999999999,AI_right,False
727,#252,2024-05,No Elegible,Vulnerabilidad Moderada,1.0,1.0,1.0,1.0,1.776038647,2.823478261,1.790108696,1.0,sotap,1,low,,,espanol_uno_mas_adultos,adultos_ninguno_analfabeta,0.0,0,0,0.0,26.18890898,2.730928248,25.34612370011462,EXCLUSION,19.57,medium,INCLUSION,0.11742,wrongly_include,True
728,#112,2024-06,Elegible,Vulnerabilidad Moderada,1.0,1.0,1.0,1.0,1.776038647,2.823478261,1.790108696,1.0,sotap,1,low,,,espanol_uno_mas_adultos,adultos_ninguno_analfabeta,,0,0,0.0,26.18890898,2.730928248,25.34612370011462,INCLUSION,17.05,medium,INCLUSION,0.1023,AI_right,False
729,#1223,2024-01,No Elegible,Vulnerabilidad Moderada,1.0,1.0,1.0,1.0,1.776038647,2.823478261,1.790108696,1.0,sotap,1,low,,,espanol_ningun_adulto,adultos_ninguno_analfabeta,0.0,0,0,0.0,26.18890898,2.730928248,25.34612370011462,EXCLUSION,29.4,medium,EXCLUSION,0.17639999999999997,AI_right,False
730,#555,2023-12,Lista de Reserva,Vulnerabilidad Baja,1.599560907,1.0,1.0,1.0,1.0,1.498900966,1.790108696,1.0,sotap,1,low,,,espanol_uno_mas_adultos,adultos_ninguno_analfabeta,0.0,0,0,4.186184624,10.02735341,2.404467305,14.025563381297731,EXCLUSION,21.26,low,EXCLUSION,0.12756,AI_right,False
731,#1167,2024-06,No Elegible,Vulnerabilidad Baja,1.0,1.0,1.249197356,1.0,1.0,1.498900966,1.790108696,1.0,foten,4,average,jefatura_masculina,no,espanol_uno_mas_adultos,adultos_ninguno_analfabeta,,0,0,1.921713018,10.02735341,2.337063309,11.688218814545047,EXCLUSION,16.57,low,EXCLUSION,0.09942000000000001,AI_right,False
732,#1223,2023-11,Lista de Reserva,Vulnerabilidad Baja,1.0,1.0,2.578385269,1.0,1.0,1.0,1.790108696,1.0,sotap,1,low,,,espanol_uno_mas_adultos,adultos_ninguno_analfabeta,,0,0,8.975915299,5.614422911,2.423873683,14.69851439653823,EXCLUSION,21.01,low,EXCLUSION,0.12606,AI_right,False
733,#1311,2023-09,No Elegible,Vulnerabilidad Elevada,1.0,1.525552408,3.251728045,1.0,1.776038647,2.823478261,2.580217391,1.043888889,sotap,2,average,jefatura_masculina,si,espanol_uno_mas_adultos,adultos_ninguno_analfabeta,-500.0,0,0,16.54244021,32.85812825,3.409465421,48.87551330318476,EXCLUSION,23.97,high,EXCLUSION,0.14382,AI_right,False
734,#555,2023-12,No Elegible,Vulnerabilidad Elevada,2.070141643,2.051104816,1.0,1.0,1.776038647,2.823478261,1.790108696,1.043888889,sotap,3,low,jefatura_femenina,si,espanol_uno_mas_adultos,adultos_ninguno_analfabeta,,0,0,14.63015408,26.85846924,3.185095016,41.09510390983604,EXCLUSION,25.98,high,EXCLUSION,0.15588000000000002,AI_right,False
735,#1415,2024-05,No Elegible,Vulnerabilidad Elevada,2.070141643,1.525552408,1.0,1.0,1.776038647,1.498900966,2.580217391,1.043888889,fomon,3,complete,jefatura_femenina,si,espanol_uno_mas_adultos,adultos_ninguno_analfabeta,-500.0,-500,0,11.1900528,22.80125306,2.969461113,33.61764582443294,EXCLUSION,18.97,medium,EXCLUSION,0.11381999999999998,AI_right,False
736,#555,2024-05,Elegible,Vulnerabilidad Severa,2.700708215,2.051104816,3.251728045,1.0,1.776038647,2.823478261,1.790108696,1.0,sotap,2,complete,jefatura_masculina,si,espanol_uno_mas_adultos,adultos_ninguno_analfabeta,0.0,0,0,35.61565687,26.18890898,3.791059708,62.10792802384809,INCLUSION,22.83,high,EXCLUSION,0.13698,wrongly_exclude,True
737,#071,2023-09,Lista de Reserva,Vulnerabilidad Elevada,2.700708215,2.051104816,3.251728045,1.0,1.776038647,1.0,1.790108696,1.043888889,sotap,6,average,jefatura_femenina,no,espanol_uno_mas_adultos,adultos_ninguno_analfabeta,0.0,0,0,35.61565687,12.53066404,3.409860283,48.88921906426224,EXCLUSION,18.05,high,EXCLUSION,0.1083,AI_right,False
738,#071,2023-07,No Elegible,Vulnerabilidad Elevada,2.700708215,1.0,3.251728045,1.0,1.776038647,2.823478261,1.790108696,1.0,sotap,5,high,jefatura_femenina,no,espanol_uno_mas_adultos,adultos_ninguno_analfabeta,,0,0,24.2379543,26.18890898,3.45239235,50.36407960744292,EXCLUSION,17.78,high,EXCLUSION,0.10668000000000001,AI_right,False
739,#112,2024-02,Elegible,Vulnerabilidad Moderada,1.0,1.0,2.578385269,1.0,1.776038647,2.117608696,1.790108696,1.0,sotap,2,average,jefatura_masculina,no,espanol_uno_mas_adultos,adultos_ninguno_analfabeta,,0,0,8.975915299,21.88512181,2.877986279,30.44560593426951,INCLUSION,30.35,medium,INCLUSION,0.18209999999999998,AI_right,False
740,#672,2024-06,No Elegible,Vulnerabilidad Severa,2.070141643,1.0,2.578385269,1.0,1.776038647,2.823478261,2.580217391,1.738466184,fupal,2,complete,jefatura_femenina,si,espanol_uno_mas_adultos,adultos_uno_mas_analfabeta,,0,0,17.46888676,42.19960637,3.697761076,58.87263384223059,EXCLUSION,21.59,high,EXCLUSION,0.12954,AI_right,False
741,#1101,2023-08,No Elegible,Vulnerabilidad Moderada,1.0,1.0,2.578385269,1.0,1.776038647,2.117608696,1.790108696,1.0,sotap,1,low,,,espanol_uno_mas_adultos,adultos_ninguno_analfabeta,,0,0,8.975915299,21.88512181,2.877986279,30.44560593426951,EXCLUSION,26.07,medium,EXCLUSION,0.15641999999999998,AI_right,False
742,#071,2023-07,Lista de Reserva,Vulnerabilidad Elevada,2.070141643,1.0,1.0,1.0,1.776038647,2.823478261,1.790108696,1.043888889,sotap,2,complete,jefatura_femenina,si,espanol_uno_mas_adultos,adultos_ninguno_analfabeta,0.0,0,-500,6.702282231,26.85846924,2.949114914,32.912105216863374,EXCLUSION,21.34,medium,INCLUSION,0.12804,wrongly_include,True
743,#133,2023-07,No Elegible,Vulnerabilidad Elevada,2.700708215,1.0,1.249197356,1.0,1.776038647,2.823478261,2.580217391,1.0,fupal,3,complete,jefatura_femenina,si,espanol_uno_mas_adultos,adultos_ninguno_analfabeta,,0,0,11.93561888,32.12448674,3.251863502,43.41040766339734,EXCLUSION,18.1,high,EXCLUSION,0.10860000000000002,AI_right,False
744,#1311,2024-03,Lista de Reserva,Vulnerabilidad Baja,1.0,1.0,2.578385269,1.0,1.0,1.0,1.790108696,1.043888889,sotap,1,low,,,espanol_uno_mas_adultos,adultos_ninguno_analfabeta,,0,0,8.975915299,6.061858428,2.436361537,15.13155099116565,EXCLUSION,19.87,low,EXCLUSION,0.11922,AI_right,False
745,#1841,2024-02,Lista de Reserva,Vulnerabilidad Elevada,1.0,1.525552408,2.578385269,1.0,1.776038647,2.823478261,1.790108696,1.0,foten,2,average,jefatura_femenina,si,espanol_uno_mas_adultos,adultos_ninguno_analfabeta,,0,0,13.7168894,26.18890898,3.139223567,39.50443631789602,EXCLUSION,31.27,high,INCLUSION,0.18761999999999998,wrongly_include,True
746,#555,2024-04,Elegible,Vulnerabilidad Elevada,2.070141643,1.0,2.578385269,1.0,1.776038647,2.823478261,1.790108696,1.043888889,sotap,1,low,,,espanol_uno_mas_adultos,adultos_ninguno_analfabeta,0.0,0,0,17.46888676,26.85846924,3.2695924,44.02518984621112,INCLUSION,20.76,high,INCLUSION,0.12456,AI_right,False
747,,2024-05,No Elegible,Vulnerabilidad Elevada,1.0,2.051104816,1.0,1.0,1.776038647,2.823478261,1.790108696,1.0,,4,average,jefatura_masculina,no,espanol_uno_mas_adultos,adultos_ninguno_analfabeta,,0,0,6.609317356,26.18890898,2.927660413,32.16813549794806,EXCLUSION,22.38,medium,EXCLUSION,0.13427999999999998,AI_right,False
748,#527,2023-07,Lista de Reserva,Vulnerabilidad Elevada,2.070141643,1.0,1.0,1.0,1.776038647,2.823478261,2.580217391,1.043888889,sotap,2,average,jefatura_masculina,si,espanol_ningun_adulto,adultos_ninguno_analfabeta,-500.0,0,0,6.702282231,32.85812825,3.116564434,38.71868920026256,EXCLUSION,16.45,high,EXCLUSION,0.09869999999999998,AI_right,False
749,#1223,2024-02,No Elegible,Vulnerabilidad Elevada,2.700708215,1.0,3.251728045,1.0,1.0,2.117608696,2.580217391,1.0,sotap,2,low,jefatura_femenina,no,espanol_uno_mas_adultos,adultos_ninguno_analfabeta,0.0,0,0,24.2379543,18.94985465,3.250351505,43.35798528483664,EXCLUSION,23.8,high,EXCLUSION,0.1428,AI_right,False
750,#1311,2023-07,Lista de Reserva,Vulnerabilidad Moderada,1.0,1.0,1.0,1.0,1.776038647,2.823478261,1.790108696,1.0,sotap,3,average,jefatura_femenina,si,espanol_uno_mas_adultos,adultos_ninguno_analfabeta,,0,0,0.0,26.18890898,2.730928248,25.34612370011462,EXCLUSION,16.21,medium,EXCLUSION,0.09726000000000001,AI_right,False
751,#527,2023-11,Elegible,Vulnerabilidad Baja,1.0,1.525552408,1.0,1.0,1.0,1.0,1.0,1.0,sotap,1,low,,,espanol_uno_mas_adultos,adultos_ninguno_analfabeta,0.0,0,0,3.741369748,0.0,2.111365173,3.861770767860388,INCLUSION,22.82,low,INCLUSION,0.13692000000000001,AI_right,False
752,#1223,2024-06,No Elegible,Vulnerabilidad Baja,1.0,1.525552408,1.0,1.0,1.776038647,1.0,1.0,1.0,sotap,4,average,jefatura_femenina,si,espanol_uno_mas_adultos,adultos_ninguno_analfabeta,,0,0,3.741369748,5.532745347,2.265783208,9.21646683684858,EXCLUSION,14.5,low,EXCLUSION,0.087,AI_right,False
753,#645,2024-02,No Elegible,Vulnerabilidad Moderada,1.0,2.051104816,1.0,1.0,1.776038647,2.117608696,1.790108696,1.0,fupal,1,low,,,espanol_uno_mas_adultos,adultos_ninguno_analfabeta,,0,0,6.609317356,21.88512181,2.807542403,28.002848502865827,EXCLUSION,28.51,medium,EXCLUSION,0.17106000000000002,AI_right,False
754,#527,2024-02,No Elegible,Vulnerabilidad Elevada,1.0,1.0,2.578385269,1.0,1.776038647,2.823478261,1.790108696,1.043888889,sotap,2,low,jefatura_masculina,no,espanol_uno_mas_adultos,adultos_ninguno_analfabeta,-500.0,0,0,8.975915299,26.85846924,3.016791609,35.25890607062468,EXCLUSION,25.65,high,EXCLUSION,0.1539,AI_right,False
755,#1359,2023-08,No Elegible por Intenciones,Vulnerabilidad Baja,1.0,1.0,1.0,1.0,1.776038647,1.498900966,2.580217391,1.043888889,foten,2,average,jefatura_masculina,no,espanol_ningun_adulto,adultos_ninguno_analfabeta,,0,0,0.0,22.80125306,2.636379315,22.06748593527614,EXCLUSION,26.45,medium,EXCLUSION,0.1587,AI_right,False
756,#1223,2024-02,No Elegible,Vulnerabilidad Baja,1.0,2.051104816,1.0,1.0,1.776038647,1.498900966,1.790108696,1.0,sotap,3,low,jefatura_masculina,no,espanol_uno_mas_adultos,adultos_ninguno_analfabeta,-500.0,0,-500,6.609317356,17.10850297,2.674227738,23.379946033755868,EXCLUSION,24.83,medium,INCLUSION,0.14898,wrongly_include,True
757,#1841,2024-05,No Elegible,Vulnerabilidad Moderada,1.0,1.0,1.0,1.0,1.776038647,2.117608696,2.580217391,1.0,foten,1,low,,,espanol_uno_mas_adultos,adultos_ninguno_analfabeta,,0,0,0.0,27.40879931,2.764975192,26.526756739404888,EXCLUSION,18.97,medium,EXCLUSION,0.11381999999999998,AI_right,False
758,#112,2023-07,Lista de Reserva,Vulnerabilidad Baja,1.0,1.0,1.0,1.0,1.776038647,1.0,1.0,1.043888889,sotap,1,low,,,espanol_uno_mas_adultos,adultos_ninguno_analfabeta,0.0,0,0,0.0,5.979299062,2.166881278,5.786879238885778,EXCLUSION,17.53,low,EXCLUSION,0.10518000000000001,AI_right,False
759,#527,2023-07,Lista de Reserva,Vulnerabilidad Moderada,2.700708215,1.0,2.578385269,1.0,1.0,1.0,2.580217391,1.0,sotap,1,low,,,espanol_uno_mas_adultos,adultos_uno_mas_analfabeta,500.0,0,0,20.97871872,9.580889352,2.891851162,30.92640161889161,EXCLUSION,14.35,medium,EXCLUSION,0.0861,AI_right,False
760,#1223,2024-03,No Elegible,Vulnerabilidad Baja,1.0,1.0,2.578385269,1.0,1.0,1.0,1.0,1.0,sotap,5,low,jefatura_masculina,no,espanol_uno_mas_adultos,adultos_ninguno_analfabeta,,0,0,8.975915299,0.0,2.267176041,9.26476922923712,EXCLUSION,24.33,low,EXCLUSION,0.14598,AI_right,False
761,#527,2023-07,No Elegible,Vulnerabilidad Elevada,1.0,1.0,2.578385269,1.0,1.776038647,2.823478261,1.790108696,1.0,sotap,2,complete,jefatura_femenina,si,espanol_uno_mas_adultos,adultos_ninguno_analfabeta,0.0,0,0,8.975915299,26.18890898,2.998104289,34.61089292935174,EXCLUSION,20.85,high,EXCLUSION,0.12510000000000002,AI_right,False
762,#111,2024-01,No Elegible,Vulnerabilidad Baja,1.0,1.0,1.0,1.0,1.776038647,1.498900966,2.580217391,1.0,fomon,1,low,,,espanol_uno_mas_adultos,adultos_ninguno_analfabeta,0.0,0,0,0.0,22.17502718,2.618901451,21.46141263032042,EXCLUSION,27.22,medium,EXCLUSION,0.16332,AI_right,False
763,#555,2024-04,No Elegible,Vulnerabilidad Baja,1.0,1.0,1.0,1.0,1.776038647,1.498900966,1.0,1.0,sotap,1,low,,,espanol_uno_mas_adultos,adultos_ninguno_analfabeta,0.0,0,0,0.0,9.93697889,2.277339487,9.61719697234091,EXCLUSION,20.1,low,EXCLUSION,0.1206,AI_right,False
764,#252,2023-10,Elegible,Vulnerabilidad Elevada,1.0,1.0,2.578385269,1.564135978,1.776038647,1.498900966,2.580217391,1.738466184,sotap,2,average,jefatura_masculina,no,espanol_uno_mas_adultos,adultos_ninguno_analfabeta,,0,0,14.01324416,30.77500505,3.276042034,44.24883898279891,INCLUSION,20.14,high,INCLUSION,0.12083999999999999,AI_right,False
765,#252,2024-01,Lista de Reserva,Vulnerabilidad Baja,1.0,1.0,1.0,1.0,1.776038647,1.498900966,1.790108696,1.0,sotap,3,average,jefatura_femenina,no,espanol_uno_mas_adultos,adultos_ninguno_analfabeta,0.0,0,0,0.0,17.10850297,2.477495573,16.55793423592243,EXCLUSION,29.49,low,INCLUSION,0.17694,wrongly_include,True
766,#1223,2024-02,No Elegible,Vulnerabilidad Elevada,1.0,1.0,2.578385269,1.0,1.776038647,2.823478261,1.790108696,1.043888889,sotap,2,low,jefatura_masculina,no,espanol_uno_mas_adultos,adultos_ninguno_analfabeta,,0,0,8.975915299,26.85846924,3.016791609,35.25890607062468,EXCLUSION,29.09,high,INCLUSION,0.17454,wrongly_include,True
767,#1323,2023-06,No Elegible por Duplicidad,Vulnerabilidad Baja,1.0,1.0,1.0,1.0,1.776038647,2.823478261,1.0,1.043888889,fupal,1,low,,,espanol_uno_mas_adultos,adultos_ninguno_analfabeta,,0,0,0.0,18.36611881,2.51259543,17.77507874057539,EXCLUSION,23.0,low,EXCLUSION,0.138,AI_right,False
768,#1583,2024-05,No Elegible,Vulnerabilidad Elevada,1.0,1.0,1.0,1.0,1.776038647,2.823478261,2.580217391,1.738466184,foten,4,average,jefatura_masculina,no,espanol_uno_mas_adultos,adultos_ninguno_analfabeta,,0,0,0.0,42.19960637,3.177784244,40.84158083740703,EXCLUSION,19.87,high,EXCLUSION,0.11922,AI_right,False
769,#1223,2024-02,No Elegible,Vulnerabilidad Severa,2.700708215,2.051104816,2.578385269,1.0,1.776038647,2.823478261,1.790108696,1.0,sotap,1,low,,,espanol_uno_mas_adultos,adultos_ninguno_analfabeta,,0,0,31.71522481,26.18890898,3.674959905,58.08197615972523,EXCLUSION,26.71,high,INCLUSION,0.16025999999999999,wrongly_include,True
770,#1841,2024-05,No Elegible,Vulnerabilidad Elevada,1.0,1.0,2.578385269,1.0,1.776038647,2.823478261,2.580217391,1.738466184,foten,7,high,jefatura_masculina,no,espanol_uno_mas_adultos,adultos_ninguno_analfabeta,0.0,0,0,8.975915299,42.19960637,3.444960285,50.10635006664415,EXCLUSION,27.54,high,EXCLUSION,0.16523999999999997,AI_right,False
771,#1311,2023-10,No Elegible,Vulnerabilidad Baja,1.0,1.0,1.0,1.0,1.776038647,1.0,1.790108696,1.0,sotap,1,low,,,espanol_uno_mas_adultos,adultos_ninguno_analfabeta,,0,0,0.0,12.01413641,2.33531262,11.62750948618979,EXCLUSION,19.73,low,EXCLUSION,0.11838,AI_right,False
772,#672,2023-07,No Elegible,Vulnerabilidad Elevada,2.700708215,1.0,3.251728045,1.0,1.776038647,1.498900966,1.790108696,1.043888889,fupal,7,average,jefatura_femenina,no,espanol_uno_mas_adultos,adultos_ninguno_analfabeta,,0,0,24.2379543,17.68003002,3.214910903,42.12902488125468,EXCLUSION,17.17,high,EXCLUSION,0.10302000000000001,AI_right,False
773,#645,2023-12,Lista de Reserva,Vulnerabilidad Elevada,1.0,1.0,2.578385269,1.0,1.776038647,2.823478261,2.580217391,1.0,fupal,3,low,jefatura_masculina,no,espanol_ningun_adulto,adultos_uno_mas_analfabeta,,0,0,8.975915299,32.12448674,3.163765312,40.35545786145718,EXCLUSION,36.04,high,EXCLUSION,0.21624,AI_right,False
774,#1725,2024-03,No Elegible,Vulnerabilidad Elevada,1.0,1.0,2.578385269,1.0,1.776038647,2.823478261,2.580217391,1.043888889,foten,5,high,jefatura_masculina,no,espanol_uno_mas_adultos,adultos_ninguno_analfabeta,,0,0,8.975915299,32.85812825,3.184241129,41.06549005402387,EXCLUSION,31.29,high,INCLUSION,0.18774,wrongly_include,True
775,#1359,2023-10,No Elegible,Vulnerabilidad Baja,1.0,1.0,1.0,1.0,1.0,2.117608696,1.790108696,1.0,foten,1,low,,,espanol_uno_mas_adultos,adultos_ninguno_analfabeta,,0,0,0.0,14.16503897,2.395343965,13.709193850906429,EXCLUSION,21.22,low,INCLUSION,0.12732,wrongly_include,True
776,#1323,2023-12,No Elegible,Vulnerabilidad Moderada,1.0,1.0,1.0,1.0,1.776038647,2.117608696,2.580217391,1.0,fupal,1,low,,,espanol_uno_mas_adultos,adultos_ninguno_analfabeta,,0,0,0.0,27.40879931,2.764975192,26.526756739404888,EXCLUSION,26.72,medium,EXCLUSION,0.16032,AI_right,False
777,#1101,2023-08,Elegible,Vulnerabilidad Severa,2.700708215,1.0,1.249197356,1.0,1.776038647,2.823478261,2.580217391,2.544987923,sotap,2,complete,jefatura_femenina,si,espanol_uno_mas_adultos,adultos_ninguno_analfabeta,,0,0,11.93561888,50.0,3.750766209,60.71066903117728,INCLUSION,16.02,high,INCLUSION,0.09612,AI_right,False
778,#527,2024-05,No Elegible,Vulnerabilidad Baja,1.0,1.0,3.251728045,1.0,1.776038647,1.0,1.790108696,1.043888889,sotap,1,low,,,espanol_uno_mas_adultos,adultos_ninguno_analfabeta,0.0,0,0,11.51832969,12.53066404,2.692582072,24.01641579828265,EXCLUSION,18.93,medium,EXCLUSION,0.11357999999999999,AI_right,False
779,#1476,2024-05,No Elegible,Vulnerabilidad Baja,1.0,1.525552408,1.0,1.0,1.0,1.498900966,1.0,1.0,pcr_cdmx,1,low,,,espanol_uno_mas_adultos,adultos_ninguno_analfabeta,,0,0,3.741369748,3.815111519,2.217844323,7.554108183067449,EXCLUSION,15.78,low,EXCLUSION,0.09468,AI_right,False
780,#527,2024-01,Elegible,Vulnerabilidad Elevada,1.0,1.0,2.578385269,1.0,1.776038647,2.823478261,2.580217391,1.043888889,sotap,5,average,jefatura_femenina,no,espanol_uno_mas_adultos,adultos_ninguno_analfabeta,,0,0,8.975915299,32.85812825,3.184241129,41.06549005402387,INCLUSION,27.79,high,INCLUSION,0.16673999999999997,AI_right,False
781,#1223,2023-06,Lista de Reserva,Vulnerabilidad Baja,2.700708215,1.0,1.0,1.0,1.776038647,1.498900966,1.0,1.0,sotap,1,low,,,espanol_uno_mas_adultos,adultos_ninguno_analfabeta,,0,0,9.472088355,9.93697889,2.559284556,19.394106602693164,EXCLUSION,14.93,low,EXCLUSION,0.08957999999999999,AI_right,False
782,#527,2024-01,No Elegible,Vulnerabilidad Elevada,1.0,1.0,2.578385269,1.0,1.0,2.117608696,2.580217391,1.738466184,sotap,4,average,jefatura_masculina,si,espanol_uno_mas_adultos,adultos_ninguno_analfabeta,,0,0,8.975915299,27.07165714,3.022741649,35.46523337081478,EXCLUSION,24.54,high,EXCLUSION,0.14723999999999998,AI_right,False
783,#1223,2024-01,Elegible,Vulnerabilidad Elevada,2.700708215,1.0,1.249197356,1.0,1.776038647,2.117608696,2.580217391,1.043888889,sotap,5,average,jefatura_masculina,no,espanol_uno_mas_adultos,adultos_uno_mas_analfabeta,,0,0,11.93561888,28.09152966,3.139304316,39.50723517518882,INCLUSION,28.52,high,INCLUSION,0.17112,AI_right,False
784,#676,2024-05,Elegible,Vulnerabilidad Baja,1.0,1.0,1.0,1.0,1.776038647,1.0,2.580217391,1.0,pcr_cdmx,1,low,,,espanol_uno_mas_adultos,adultos_ninguno_analfabeta,,0,0,0.0,16.59309681,2.46311067,16.059114361557388,INCLUSION,16.41,low,INCLUSION,0.09845999999999999,AI_right,False
785,#071,2024-04,Lista de Reserva,Vulnerabilidad Moderada,2.070141643,2.051104816,1.0,1.0,1.776038647,1.0,1.790108696,1.0,sotap,1,low,,,espanol_uno_mas_adultos,adultos_ninguno_analfabeta,-500.0,0,0,14.63015408,12.01413641,2.770792068,26.72847655463827,EXCLUSION,14.33,medium,EXCLUSION,0.08598,AI_right,False
786,#555,2023-11,No Elegible,Vulnerabilidad Moderada,2.700708215,1.0,2.578385269,1.0,1.0,1.498900966,1.0,1.0,sotap,1,low,,,espanol_ningun_adulto,adultos_uno_mas_analfabeta,0.0,0,0,20.97871872,3.815111519,2.730929228,25.34617228233538,EXCLUSION,24.17,medium,EXCLUSION,0.14502,AI_right,False
787,#527,2023-10,No Elegible,Vulnerabilidad Moderada,1.0,1.525552408,1.0,1.0,1.776038647,2.117608696,1.790108696,1.0,sotap,1,low,,,espanol_ningun_adulto,adultos_uno_mas_analfabeta,,0,0,3.741369748,21.88512181,2.722175411,25.04260747289278,EXCLUSION,29.27,medium,EXCLUSION,0.17562,AI_right,False
788,#1223,2024-02,Elegible,Vulnerabilidad Baja,2.700708215,1.0,1.0,1.0,1.0,1.498900966,1.0,1.0,sotap,7,low,jefatura_masculina,no,espanol_uno_mas_adultos,adultos_ninguno_analfabeta,0.0,0,0,9.472088355,3.815111519,2.38842422,13.469247045559316,INCLUSION,17.4,low,INCLUSION,0.10439999999999999,AI_right,False
789,#1101,2024-05,No Elegible,Vulnerabilidad Moderada,1.0,2.051104816,1.0,1.0,1.776038647,1.498900966,2.580217391,1.0,sotap,4,average,jefatura_masculina,no,espanol_uno_mas_adultos,adultos_ninguno_analfabeta,0.0,0,0,6.609317356,22.17502718,2.815633615,28.283424428153857,EXCLUSION,19.17,medium,EXCLUSION,0.11502,AI_right,False
790,#1223,2024-01,Lista de Reserva,Vulnerabilidad Baja,1.0,1.0,1.0,1.0,1.776038647,1.498900966,2.580217391,1.043888889,sotap,4,average,jefatura_femenina,si,espanol_uno_mas_adultos,adultos_ninguno_analfabeta,0.0,0,0,0.0,22.80125306,2.636379315,22.06748593527614,EXCLUSION,23.85,medium,EXCLUSION,0.1431,AI_right,False
791,#1101,2024-06,No Elegible,Vulnerabilidad Baja,1.0,1.0,1.0,1.0,1.776038647,1.498900966,1.0,1.0,sotap,4,average,jefatura_masculina,no,espanol_uno_mas_adultos,adultos_ninguno_analfabeta,0.0,0,0,0.0,9.93697889,2.277339487,9.61719697234091,EXCLUSION,18.53,low,EXCLUSION,0.11118000000000001,AI_right,False
792,#252,2024-05,No Elegible,Vulnerabilidad Baja,1.0,1.0,1.0,1.0,1.776038647,1.498900966,2.580217391,1.0,sotap,1,low,,,espanol_uno_mas_adultos,adultos_ninguno_analfabeta,0.0,0,-500,0.0,22.17502718,2.618901451,21.46141263032042,EXCLUSION,22.68,medium,EXCLUSION,0.13608,AI_right,False
793,#527,2024-04,No Elegible,Vulnerabilidad Elevada,1.0,1.0,2.578385269,1.0,1.776038647,2.823478261,2.580217391,1.0,sotap,1,low,,,espanol_uno_mas_adultos,adultos_ninguno_analfabeta,0.0,0,0,8.975915299,32.12448674,3.163765312,40.35545786145718,EXCLUSION,22.41,high,EXCLUSION,0.13446,AI_right,False
794,#645,2024-01,Lista de Reserva,Vulnerabilidad Baja,1.0,1.0,1.0,1.0,1.776038647,1.498900966,1.790108696,1.0,fupal,2,average,jefatura_femenina,si,espanol_uno_mas_adultos,adultos_ninguno_analfabeta,,0,0,0.0,17.10850297,2.477495573,16.55793423592243,EXCLUSION,26.22,low,INCLUSION,0.15732,wrongly_include,True
795,#1101,2024-02,Elegible,Vulnerabilidad Elevada,2.700708215,1.0,2.578385269,1.0,1.776038647,2.117608696,1.790108696,1.0,sotap,1,low,,,espanol_uno_mas_adultos,adultos_ninguno_analfabeta,0.0,0,0,20.97871872,21.88512181,3.235260316,42.83467157216072,INCLUSION,21.63,high,INCLUSION,0.12977999999999998,AI_right,False
796,#1223,2023-12,Lista de Reserva,Vulnerabilidad Elevada,2.070141643,1.0,1.0,1.0,1.776038647,2.117608696,2.580217391,1.043888889,sotap,3,average,jefatura_femenina,si,espanol_uno_mas_adultos,adultos_ninguno_analfabeta,0.0,0,0,6.702282231,28.09152966,2.983529432,34.10548451948735,EXCLUSION,24.11,high,EXCLUSION,0.14465999999999998,AI_right,False
797,#527,2023-09,No Elegible,Vulnerabilidad Elevada,1.0,1.0,1.0,1.0,1.776038647,2.823478261,2.580217391,1.043888889,sotap,2,average,jefatura_femenina,si,espanol_ningun_adulto,adultos_uno_mas_analfabeta,0.0,0,0,0.0,32.85812825,2.917065088,31.80072082478675,EXCLUSION,26.24,medium,INCLUSION,0.15743999999999997,wrongly_include,True
798,#1223,2023-09,No Elegible,Vulnerabilidad Baja,2.700708215,1.0,1.0,1.0,1.0,1.498900966,1.0,1.0,sotap,1,low,,,espanol_uno_mas_adultos,adultos_ninguno_analfabeta,0.0,0,0,9.472088355,3.815111519,2.38842422,13.469247045559316,EXCLUSION,16.19,low,EXCLUSION,0.09714,AI_right,False
799,#1167,2023-10,No Elegible,Vulnerabilidad Elevada,2.700708215,1.0,1.249197356,1.0,1.776038647,2.117608696,1.790108696,1.043888889,foten,2,average,jefatura_masculina,no,espanol_uno_mas_adultos,adultos_ninguno_analfabeta,0.0,0,0,11.93561888,22.50821784,2.983474979,34.10359991286824,EXCLUSION,24.15,high,EXCLUSION,0.1449,AI_right,False
800,#555,2024-02,Lista de Reserva,Vulnerabilidad Severa,2.070141643,1.0,2.578385269,1.0,1.776038647,2.117608696,2.580217391,2.544987923,sotap,3,complete,jefatura_femenina,si,espanol_uno_mas_adultos,adultos_ninguno_analfabeta,,0,0,17.46888676,44.04383881,3.749233307,60.65751703807895,EXCLUSION,23.22,high,EXCLUSION,0.13932,AI_right,False
801,#440,2023-09,Lista de Reserva,Vulnerabilidad Baja,1.0,1.0,1.0,1.0,1.776038647,1.0,1.790108696,1.0,pcr_cdmx,3,low,jefatura_masculina,no,espanol_uno_mas_adultos,adultos_ninguno_analfabeta,-500.0,0,0,0.0,12.01413641,2.33531262,11.62750948618979,EXCLUSION,22.02,low,INCLUSION,0.13212,wrongly_include,True
802,#606,2024-01,Elegible,Vulnerabilidad Elevada,1.0,1.525552408,2.578385269,1.0,1.776038647,2.117608696,1.790108696,1.0,foten,2,average,jefatura_masculina,no,espanol_uno_mas_adultos,adultos_ninguno_analfabeta,,0,0,13.7168894,21.88512181,3.019105558,35.33914932281379,INCLUSION,34.07,high,INCLUSION,0.20442,AI_right,False
803,#112,2023-12,Elegible,Vulnerabilidad Elevada,2.700708215,1.0,3.251728045,1.0,1.776038647,2.117608696,1.790108696,1.0,sotap,4,average,jefatura_masculina,no,espanol_uno_mas_adultos,adultos_ninguno_analfabeta,,0,0,24.2379543,21.88512181,3.33227434,46.19879261236069,INCLUSION,26.48,high,INCLUSION,0.15888,AI_right,False
804,#1311,2023-12,Elegible,Vulnerabilidad Elevada,2.070141643,2.051104816,1.0,1.0,1.776038647,1.498900966,2.580217391,1.043888889,sotap,2,low,jefatura_masculina,no,espanol_uno_mas_adultos,adultos_ninguno_analfabeta,0.0,0,0,14.63015408,22.80125306,3.071858763,37.16845300372462,INCLUSION,21.76,high,INCLUSION,0.13056,AI_right,False
805,#1624,2024-06,No Elegible,Vulnerabilidad Elevada,2.700708215,1.0,3.251728045,1.0,1.776038647,2.823478261,1.790108696,1.0,fusal,5,high,jefatura_masculina,no,espanol_uno_mas_adultos,adultos_ninguno_analfabeta,0.0,0,0,24.2379543,26.18890898,3.45239235,50.36407960744292,EXCLUSION,23.63,high,EXCLUSION,0.14178,AI_right,False
806,#112,2024-01,Elegible,Vulnerabilidad Elevada,1.0,1.0,1.0,1.0,1.776038647,2.823478261,2.580217391,1.043888889,sotap,4,average,jefatura_masculina,no,espanol_ningun_adulto,adultos_uno_mas_analfabeta,0.0,0,0,0.0,32.85812825,2.917065088,31.80072082478675,INCLUSION,32.92,medium,EXCLUSION,0.19752,wrongly_exclude,True
807,#555,2023-12,No Elegible,Vulnerabilidad Baja,1.0,1.0,1.0,1.0,1.776038647,2.117608696,1.790108696,1.0,sotap,1,low,,,espanol_uno_mas_adultos,adultos_ninguno_analfabeta,0.0,0,-500,0.0,21.88512181,2.610810239,21.18083670503239,EXCLUSION,31.19,low,EXCLUSION,0.18714,AI_right,False
808,#132,2023-10,Lista de Reserva,Vulnerabilidad Baja,1.0,1.0,1.0,1.0,1.0,1.0,1.790108696,1.0,fomon,1,low,,,espanol_uno_mas_adultos,adultos_ninguno_analfabeta,,0,0,0.0,5.614422911,2.156697643,5.433745167301109,EXCLUSION,21.77,low,EXCLUSION,0.13061999999999999,AI_right,False
809,#527,2024-06,No Elegible por Duplicidad,Vulnerabilidad Elevada,2.700708215,1.0,2.578385269,1.0,1.776038647,2.823478261,1.790108696,1.0,sotap,2,complete,jefatura_femenina,si,espanol_uno_mas_adultos,adultos_ninguno_analfabeta,0.0,0,0,20.97871872,26.18890898,3.355378326,46.99995856724294,EXCLUSION,16.43,high,EXCLUSION,0.09858,AI_right,False
810,#672,2023-11,No Elegible,Vulnerabilidad Moderada,1.0,1.0,1.0,1.0,1.776038647,2.117608696,2.580217391,1.043888889,fupal,3,low,jefatura_masculina,no,espanol_uno_mas_adultos,adultos_ninguno_analfabeta,,0,0,0.0,28.09152966,2.784030087,27.18751614401154,EXCLUSION,23.28,medium,INCLUSION,0.13968,wrongly_include,True
811,#1101,2024-03,No Elegible,Vulnerabilidad Baja,1.0,1.0,1.0,1.0,1.776038647,2.117608696,1.790108696,1.0,sotap,1,low,,,espanol_uno_mas_adultos,adultos_ninguno_analfabeta,0.0,0,0,0.0,21.88512181,2.610810239,21.18083670503239,EXCLUSION,24.64,low,EXCLUSION,0.14784,AI_right,False
812,#112,2024-02,No Elegible por Duplicidad,Vulnerabilidad Baja,1.0,1.0,1.0,1.0,1.0,1.0,1.0,1.0,sotap,1,low,,,espanol_uno_mas_adultos,adultos_ninguno_analfabeta,0.0,0,0,0.0,0.0,2.0,0.0,EXCLUSION,20.68,low,EXCLUSION,0.12407999999999998,AI_right,False
813,#252,2023-07,Lista de Reserva,Vulnerabilidad Baja,2.070141643,2.051104816,1.0,1.0,1.0,1.0,1.790108696,1.043888889,sotap,4,average,jefatura_femenina,no,espanol_uno_mas_adultos,adultos_ninguno_analfabeta,0.0,0,0,14.63015408,6.061858428,2.604664944,20.96774883037701,EXCLUSION,15.12,low,EXCLUSION,0.09072,AI_right,False
814,#252,2024-04,No Elegible,Vulnerabilidad Moderada,1.0,1.0,1.0,1.0,1.776038647,2.823478261,1.790108696,1.0,sotap,1,low,,,espanol_uno_mas_adultos,adultos_ninguno_analfabeta,0.0,0,0,0.0,26.18890898,2.730928248,25.34612370011462,EXCLUSION,19.98,medium,INCLUSION,0.11988,wrongly_include,True
815,#555,2024-04,No Elegible,Vulnerabilidad Moderada,1.0,1.0,1.0,1.0,1.776038647,2.823478261,2.580217391,1.0,sotap,3,average,jefatura_masculina,no,espanol_uno_mas_adultos,adultos_ninguno_analfabeta,0.0,0,0,0.0,32.12448674,2.896589272,31.09068863222006,EXCLUSION,21.34,medium,EXCLUSION,0.12804,AI_right,False
816,#252,2024-06,Elegible,Vulnerabilidad Baja,1.0,1.0,1.0,1.0,1.776038647,2.117608696,1.790108696,1.0,sotap,1,low,,,espanol_ningun_adulto,adultos_uno_mas_analfabeta,,0,0,0.0,21.88512181,2.610810239,21.18083670503239,INCLUSION,20.59,low,INCLUSION,0.12354,AI_right,False
817,#112,2024-06,Lista de Reserva,Vulnerabilidad Elevada,1.0,1.0,2.578385269,1.0,1.776038647,2.823478261,2.580217391,1.738466184,sotap,4,average,jefatura_masculina,si,espanol_uno_mas_adultos,adultos_ninguno_analfabeta,,0,0,8.975915299,42.19960637,3.444960285,50.10635006664415,EXCLUSION,16.7,high,EXCLUSION,0.10019999999999998,AI_right,False
818,#1311,2023-10,No Elegible,Vulnerabilidad Severa,2.700708215,2.051104816,3.251728045,1.0,1.776038647,2.823478261,2.580217391,1.043888889,sotap,2,complete,jefatura_femenina,si,espanol_uno_mas_adultos,adultos_uno_mas_analfabeta,,0,0,35.61565687,32.85812825,3.977196548,68.56252514852022,EXCLUSION,32.75,high,EXCLUSION,0.1965,AI_right,False
819,#440,2023-10,No Elegible,Vulnerabilidad Baja,1.0,1.0,1.0,1.0,1.776038647,2.117608696,1.790108696,1.0,pcr_cdmx,1,low,,,espanol_uno_mas_adultos,adultos_ninguno_analfabeta,0.0,0,0,0.0,21.88512181,2.610810239,21.18083670503239,EXCLUSION,27.09,low,EXCLUSION,0.16254,AI_right,False
820,#071,2024-07,No Elegible,Vulnerabilidad Baja,1.0,1.0,1.0,1.564135978,1.0,2.117608696,1.0,1.0,sotap,3,low,jefatura_masculina,no,espanol_uno_mas_adultos,adultos_ninguno_analfabeta,,0,0,3.975239986,7.392265486,2.32464347,11.2575421743845,EXCLUSION,16.75,low,INCLUSION,0.1005,wrongly_include,True
821,#133,2024-07,Lista de Reserva,Vulnerabilidad Elevada,2.070141643,1.0,1.0,1.0,1.776038647,1.498900966,2.580217391,2.544987923,fupal,4,low,jefatura_masculina,no,espanol_uno_mas_adultos,adultos_ninguno_analfabeta,,0,0,6.702282231,37.43330939,3.244257006,43.14663643599621,EXCLUSION,17.8,high,EXCLUSION,0.1068,AI_right,False
822,#1223,2023-09,No Elegible,Vulnerabilidad Moderada,1.0,1.0,1.0,1.0,1.776038647,2.117608696,2.580217391,1.0,sotap,1,low,,,espanol_uno_mas_adultos,adultos_ninguno_analfabeta,0.0,0,0,0.0,27.40879931,2.764975192,26.526756739404888,EXCLUSION,21.45,medium,EXCLUSION,0.12869999999999998,AI_right,False
823,#264,2023-10,Lista de Reserva,Vulnerabilidad Severa,2.700708215,2.051104816,2.578385269,1.0,1.776038647,2.823478261,2.580217391,2.544987923,foten,2,average,jefatura_femenina,si,espanol_uno_mas_adultos,adultos_uno_mas_analfabeta,,0,0,31.71522481,50.0,4.339523636,81.12680245961062,EXCLUSION,25.77,high,EXCLUSION,0.15461999999999998,AI_right,False
824,#112,2023-08,Lista de Reserva,Vulnerabilidad Elevada,1.0,2.051104816,1.0,1.0,1.776038647,2.823478261,2.580217391,1.0,sotap,4,complete,jefatura_femenina,si,espanol_uno_mas_adultos,adultos_ninguno_analfabeta,,-500,-500,6.609317356,32.12448674,3.093321436,37.9127004300535,EXCLUSION,30.67,high,EXCLUSION,0.18402000000000002,AI_right,False
825,#133,2023-06,Elegible,Vulnerabilidad Moderada,1.0,1.525552408,1.0,1.0,1.776038647,2.117608696,1.790108696,1.0,fupal,2,average,jefatura_masculina,si,espanol_uno_mas_adultos,adultos_ninguno_analfabeta,,0,0,3.741369748,21.88512181,2.722175411,25.04260747289278,INCLUSION,19.08,medium,INCLUSION,0.11447999999999997,AI_right,False
826,#112,2024-05,No Elegible,Vulnerabilidad Moderada,1.0,1.0,1.0,1.0,1.776038647,2.823478261,2.580217391,1.0,sotap,1,low,,,espanol_uno_mas_adultos,adultos_ninguno_analfabeta,0.0,0,0,0.0,32.12448674,2.896589272,31.09068863222006,EXCLUSION,18.47,medium,EXCLUSION,0.11081999999999999,AI_right,False
827,#1841,2024-04,Lista de Reserva,Vulnerabilidad Baja,1.0,1.525552408,1.0,1.0,1.776038647,1.0,1.790108696,1.043888889,foten,3,average,jefatura_masculina,no,espanol_uno_mas_adultos,adultos_ninguno_analfabeta,,0,0,3.741369748,12.53066404,2.461093996,15.989185508389149,EXCLUSION,18.94,low,EXCLUSION,0.11364,AI_right,False
828,#440,2024-05,No Elegible por Intenciones,Vulnerabilidad Baja,1.0,1.0,1.0,1.0,1.776038647,1.0,1.0,1.043888889,pcr_cdmx,1,low,,,espanol_uno_mas_adultos,adultos_ninguno_analfabeta,0.0,0,0,0.0,5.979299062,2.166881278,5.786879238885778,EXCLUSION,17.58,low,EXCLUSION,0.10547999999999999,AI_right,False
829,#252,2024-07,No Elegible,Vulnerabilidad Baja,1.0,1.0,3.251728045,1.0,1.0,1.0,1.790108696,1.043888889,sotap,1,low,,,espanol_uno_mas_adultos,adultos_ninguno_analfabeta,,0,0,11.51832969,6.061858428,2.512038745,17.75578281968242,EXCLUSION,22.69,low,INCLUSION,0.13614,wrongly_include,True
830,#1311,2024-02,No Elegible,Vulnerabilidad Baja,1.0,1.0,1.0,1.0,1.776038647,1.0,2.580217391,1.043888889,sotap,1,low,,,espanol_uno_mas_adultos,adultos_ninguno_analfabeta,0.0,0,0,0.0,17.15905947,2.478906597,16.60686377719593,EXCLUSION,22.99,low,EXCLUSION,0.13793999999999998,AI_right,False
831,#1167,2023-11,Lista de Reserva,Vulnerabilidad Moderada,1.0,1.0,1.0,1.0,1.776038647,2.823478261,1.790108696,1.0,foten,1,low,,,espanol_uno_mas_adultos,adultos_ninguno_analfabeta,,0,0,0.0,26.18890898,2.730928248,25.34612370011462,EXCLUSION,27.21,medium,EXCLUSION,0.16326,AI_right,False
832,#676,2024-05,Lista de Reserva,Vulnerabilidad Moderada,2.700708215,1.0,1.249197356,1.0,1.776038647,1.0,2.580217391,1.043888889,pcr_cdmx,1,low,,,espanol_ningun_adulto,adultos_ninguno_analfabeta,0.0,0,0,11.93561888,17.15905947,2.834180827,28.92658280837321,EXCLUSION,15.81,medium,EXCLUSION,0.09486000000000001,AI_right,False
833,#1101,2024-02,No Elegible,Vulnerabilidad Elevada,1.0,1.0,2.578385269,1.0,1.776038647,2.117608696,2.580217391,1.043888889,sotap,2,average,jefatura_femenina,si,espanol_ningun_adulto,adultos_uno_mas_analfabeta,,0,0,8.975915299,28.09152966,3.051206127,36.45228537324866,EXCLUSION,25.91,high,EXCLUSION,0.15546,AI_right,False
834,#1101,2023-07,Lista de Reserva,Vulnerabilidad Baja,1.0,1.0,1.0,1.0,1.776038647,1.498900966,1.790108696,1.0,sotap,4,average,jefatura_masculina,no,espanol_uno_mas_adultos,adultos_ninguno_analfabeta,0.0,0,0,0.0,17.10850297,2.477495573,16.55793423592243,EXCLUSION,17.79,low,EXCLUSION,0.10674,AI_right,False
835,#672,2023-06,No Elegible,Vulnerabilidad Elevada,2.070141643,1.0,1.0,1.0,1.776038647,2.823478261,1.790108696,1.043888889,fupal,3,average,jefatura_femenina,no,espanol_uno_mas_adultos,adultos_ninguno_analfabeta,-500.0,0,0,6.702282231,26.85846924,2.949114914,32.912105216863374,EXCLUSION,18.03,medium,EXCLUSION,0.10818000000000001,AI_right,False
836,#071,2023-10,Elegible,Vulnerabilidad Elevada,1.0,1.0,2.578385269,1.0,1.776038647,2.823478261,1.790108696,1.043888889,sotap,2,average,jefatura_femenina,si,espanol_uno_mas_adultos,adultos_ninguno_analfabeta,-500.0,0,0,8.975915299,26.85846924,3.016791609,35.25890607062468,INCLUSION,24.35,high,INCLUSION,0.1461,AI_right,False
837,#555,2024-01,No Elegible,Vulnerabilidad Baja,1.0,1.0,1.0,1.0,1.776038647,1.0,1.790108696,1.0,sotap,6,average,jefatura_masculina,no,espanol_uno_mas_adultos,adultos_ninguno_analfabeta,,0,0,0.0,12.01413641,2.33531262,11.62750948618979,EXCLUSION,24.73,low,EXCLUSION,0.14837999999999998,AI_right,False
838,#1311,2024-06,No Elegible,Vulnerabilidad Severa,2.070141643,2.051104816,2.578385269,1.0,1.776038647,2.823478261,2.580217391,2.544987923,sotap,2,complete,jefatura_femenina,si,espanol_uno_mas_adultos,adultos_ninguno_analfabeta,,0,0,27.51489601,50.0,4.214497142,76.79130287849782,EXCLUSION,16.59,high,INCLUSION,0.09953999999999999,wrongly_include,True
839,#238,2024-02,No Elegible,Vulnerabilidad Moderada,1.0,1.0,1.0,1.0,1.776038647,2.823478261,2.580217391,1.0,futij,1,low,,,espanol_ningun_adulto,adultos_ninguno_analfabeta,0.0,0,0,0.0,32.12448674,2.896589272,31.09068863222006,EXCLUSION,26.74,medium,EXCLUSION,0.16043999999999997,AI_right,False
840,#1200,2024-03,No Elegible,Vulnerabilidad Elevada,1.0,1.0,3.251728045,1.0,1.776038647,1.498900966,2.580217391,1.043888889,fupal,4,average,jefatura_femenina,si,espanol_uno_mas_adultos,adultos_ninguno_analfabeta,,0,0,11.51832969,22.80125306,2.979232564,33.956486993030026,EXCLUSION,25.35,high,EXCLUSION,0.15209999999999999,AI_right,False
841,#1167,2024-01,No Elegible,Vulnerabilidad Baja,1.0,1.0,1.0,1.0,1.0,1.0,1.790108696,1.043888889,foten,1,low,,,espanol_uno_mas_adultos,adultos_ninguno_analfabeta,0.0,0,0,0.0,6.061858428,2.169185496,5.866781761928531,EXCLUSION,20.84,low,INCLUSION,0.12503999999999998,wrongly_include,True
842,#112,2023-10,No Elegible,Vulnerabilidad Baja,1.0,1.0,1.0,1.0,1.776038647,2.117608696,1.790108696,1.043888889,sotap,1,low,,,espanol_uno_mas_adultos,adultos_ninguno_analfabeta,,0,-500,0.0,22.50821784,2.628200749,21.78388088169096,EXCLUSION,29.21,medium,INCLUSION,0.17526,wrongly_include,True
843,#527,2024-03,Elegible,Vulnerabilidad Elevada,2.700708215,1.0,3.251728045,1.0,1.776038647,2.117608696,2.580217391,1.0,sotap,1,low,,,espanol_uno_mas_adultos,adultos_ninguno_analfabeta,,0,0,24.2379543,27.40879931,3.486439293,51.54471264673319,INCLUSION,22.73,high,INCLUSION,0.13638,AI_right,False
844,#1323,2024-04,No Elegible,Vulnerabilidad Moderada,2.070141643,1.0,1.0,1.0,1.776038647,2.117608696,1.790108696,1.043888889,fupal,2,average,jefatura_masculina,si,espanol_uno_mas_adultos,adultos_ninguno_analfabeta,,0,0,6.702282231,22.50821784,2.827700095,28.70184925716677,EXCLUSION,17.21,medium,EXCLUSION,0.10326,AI_right,False
845,#252,2024-02,Lista de Reserva,Vulnerabilidad Baja,1.599560907,1.0,1.0,1.0,1.0,2.117608696,1.790108696,1.0,sotap,1,low,,,espanol_uno_mas_adultos,adultos_ninguno_analfabeta,0.0,0,0,4.186184624,14.16503897,2.519949445,18.03009408229137,EXCLUSION,20.11,low,EXCLUSION,0.12065999999999999,AI_right,False
846,#1223,2024-04,No Elegible,Vulnerabilidad Baja,1.0,1.0,1.0,1.0,1.0,1.498900966,1.0,1.0,sotap,3,low,jefatura_masculina,no,espanol_uno_mas_adultos,adultos_ninguno_analfabeta,,0,0,0.0,3.815111519,2.10647915,3.692337415207061,EXCLUSION,14.87,low,EXCLUSION,0.08922,AI_right,False
847,#252,2024-02,No Elegible,Vulnerabilidad Elevada,1.0,1.0,1.0,1.0,1.776038647,2.823478261,2.580217391,1.043888889,sotap,1,low,,,espanol_uno_mas_adultos,adultos_uno_mas_analfabeta,,0,0,0.0,32.85812825,2.917065088,31.80072082478675,EXCLUSION,26.32,medium,EXCLUSION,0.15791999999999998,AI_right,False
848,#112,2023-11,No Elegible,Vulnerabilidad Baja,1.0,1.0,1.0,1.0,1.776038647,2.117608696,1.790108696,1.0,sotap,4,average,jefatura_masculina,no,espanol_uno_mas_adultos,adultos_ninguno_analfabeta,,0,0,0.0,21.88512181,2.610810239,21.18083670503239,EXCLUSION,22.5,low,EXCLUSION,0.135,AI_right,False
849,#252,2023-09,No Elegible,Vulnerabilidad Baja,2.700708215,1.0,1.249197356,1.0,1.0,1.498900966,1.790108696,1.0,sotap,1,low,,,espanol_uno_mas_adultos,adultos_ninguno_analfabeta,-500.0,0,0,11.93561888,10.02735341,2.635136055,22.02438218109007,EXCLUSION,13.88,medium,EXCLUSION,0.08328,AI_right,False
850,#071,2024-02,Lista de Reserva,Vulnerabilidad Baja,2.700708215,1.0,1.0,1.0,1.776038647,1.0,1.790108696,1.0,sotap,3,low,jefatura_femenina,si,espanol_uno_mas_adultos,adultos_ninguno_analfabeta,,0,0,9.472088355,12.01413641,2.61725769,21.404419116542044,EXCLUSION,18.53,medium,EXCLUSION,0.11118000000000001,AI_right,False
851,#071,2023-06,No Elegible,Vulnerabilidad Baja,1.0,1.0,1.0,1.564135978,1.776038647,1.498900966,1.790108696,1.0,sotap,1,low,,,espanol_uno_mas_adultos,adultos_ninguno_analfabeta,,0,0,3.975239986,17.10850297,2.5958221,20.661101419911898,EXCLUSION,16.86,low,EXCLUSION,0.10116,AI_right,False
852,#527,2024-01,Lista de Reserva,Vulnerabilidad Elevada,1.0,1.0,2.578385269,1.0,1.776038647,2.117608696,2.580217391,1.043888889,sotap,4,average,jefatura_femenina,si,espanol_uno_mas_adultos,adultos_ninguno_analfabeta,,0,0,8.975915299,28.09152966,3.051206127,36.45228537324866,EXCLUSION,24.92,high,EXCLUSION,0.14952,AI_right,False
853,#1223,2023-09,Lista de Reserva,Vulnerabilidad Baja,1.0,1.0,1.0,1.0,1.0,1.498900966,1.790108696,1.0,sotap,1,low,,,espanol_uno_mas_adultos,adultos_ninguno_analfabeta,0.0,0,0,0.0,10.02735341,2.279861825,9.70466314991279,EXCLUSION,17.46,low,EXCLUSION,0.10476,AI_right,False
854,#1765,2024-06,No Elegible,Vulnerabilidad Moderada,2.070141643,1.0,1.0,1.0,1.776038647,1.498900966,2.580217391,1.0,fupal,1,low,,,espanol_uno_mas_adultos,adultos_ninguno_analfabeta,,0,0,6.702282231,22.17502718,2.818400797,28.37938100579624,EXCLUSION,13.99,medium,EXCLUSION,0.08394,AI_right,False
855,#112,2024-05,Elegible,Vulnerabilidad Baja,2.070141643,1.0,2.578385269,1.0,1.0,1.0,1.790108696,1.043888889,sotap,1,low,,,espanol_uno_mas_adultos,adultos_ninguno_analfabeta,0.0,0,0,17.46888676,6.061858428,2.689162328,23.89783476675209,INCLUSION,15.22,medium,INCLUSION,0.09132,AI_right,False
856,,2023-07,Lista de Reserva,Vulnerabilidad Elevada,2.070141643,1.0,1.0,1.0,1.776038647,2.823478261,2.580217391,1.043888889,,5,average,jefatura_masculina,no,espanol_uno_mas_adultos,adultos_ninguno_analfabeta,0.0,0,0,6.702282231,32.85812825,3.116564434,38.71868920026256,EXCLUSION,18.29,high,EXCLUSION,0.10973999999999999,AI_right,False
857,#1101,2023-07,Lista de Reserva,Vulnerabilidad Elevada,1.0,1.0,2.578385269,1.0,1.776038647,2.117608696,2.580217391,1.043888889,sotap,4,complete,jefatura_femenina,si,espanol_uno_mas_adultos,adultos_ninguno_analfabeta,0.0,0,0,8.975915299,28.09152966,3.051206127,36.45228537324866,EXCLUSION,19.98,high,EXCLUSION,0.11988,AI_right,False
858,#1359,2023-07,Lista de Reserva,Vulnerabilidad Moderada,1.0,1.525552408,1.0,1.0,1.776038647,2.117608696,1.790108696,1.0,foten,2,average,jefatura_masculina,si,espanol_uno_mas_adultos,adultos_ninguno_analfabeta,,0,0,3.741369748,21.88512181,2.722175411,25.04260747289278,EXCLUSION,18.55,medium,INCLUSION,0.1113,wrongly_include,True
859,#133,2024-04,No Elegible,Vulnerabilidad Moderada,2.700708215,1.0,2.578385269,1.0,1.0,1.0,1.790108696,1.043888889,fupal,1,low,,,espanol_uno_mas_adultos,adultos_ninguno_analfabeta,,0,0,20.97871872,6.061858428,2.793635574,27.520616629056853,EXCLUSION,14.61,medium,EXCLUSION,0.08766,AI_right,False
860,#1407,2024-04,No Elegible por Intenciones,Vulnerabilidad Severa,2.700708215,1.0,3.251728045,1.564135978,1.776038647,2.823478261,1.790108696,1.043888889,foten,2,average,jefatura_masculina,si,espanol_uno_mas_adultos,adultos_uno_mas_analfabeta,0.0,0,0,31.08118723,26.85846924,3.674774537,58.07554775763619,EXCLUSION,27.54,high,INCLUSION,0.16523999999999997,wrongly_include,True
861,#1311,2024-01,Elegible,Vulnerabilidad Baja,1.0,1.0,2.578385269,1.0,1.0,1.0,1.790108696,1.0,sotap,6,average,jefatura_femenina,si,espanol_uno_mas_adultos,adultos_ninguno_analfabeta,,0,0,8.975915299,5.614422911,2.423873683,14.69851439653823,INCLUSION,18.66,low,INCLUSION,0.11195999999999999,AI_right,False
862,#1223,2023-07,Lista de Reserva,Vulnerabilidad Moderada,1.0,1.0,2.578385269,1.0,1.776038647,2.117608696,1.790108696,1.0,sotap,3,average,jefatura_masculina,no,espanol_uno_mas_adultos,adultos_ninguno_analfabeta,0.0,0,0,8.975915299,21.88512181,2.877986279,30.44560593426951,EXCLUSION,19.3,medium,EXCLUSION,0.1158,AI_right,False
863,#1415,2024-01,Elegible,Vulnerabilidad Baja,1.0,2.051104816,1.0,1.0,1.776038647,2.823478261,1.0,1.0,fomon,1,low,,,espanol_ningun_adulto,adultos_ninguno_analfabeta,,0,0,6.609317356,17.78726377,2.693171842,24.036863632451063,INCLUSION,32.0,medium,INCLUSION,0.192,AI_right,False
864,#071,2024-04,Lista de Reserva,Vulnerabilidad Baja,2.700708215,1.0,1.0,1.0,1.0,1.498900966,1.0,1.0,sotap,3,low,jefatura_masculina,no,espanol_ningun_adulto,adultos_ninguno_analfabeta,,0,0,9.472088355,3.815111519,2.38842422,13.469247045559316,EXCLUSION,15.16,low,EXCLUSION,0.09096,AI_right,False
865,#1223,2023-11,Elegible,Vulnerabilidad Baja,1.0,1.0,1.0,1.0,1.0,1.498900966,1.790108696,1.0,sotap,1,low,,,espanol_uno_mas_adultos,adultos_ninguno_analfabeta,,0,0,0.0,10.02735341,2.279861825,9.70466314991279,INCLUSION,19.5,low,INCLUSION,0.11699999999999999,AI_right,False
866,#1407,2023-11,Elegible,Vulnerabilidad Elevada,2.700708215,2.051104816,1.0,1.0,1.776038647,2.823478261,1.790108696,1.0,foten,2,average,jefatura_femenina,si,espanol_uno_mas_adultos,adultos_ninguno_analfabeta,,0,0,17.94487015,26.18890898,3.265073146,43.868477716411775,INCLUSION,19.89,high,INCLUSION,0.11933999999999999,AI_right,False
867,#1725,2023-08,Lista de Reserva,Vulnerabilidad Elevada,2.700708215,1.0,3.251728045,1.0,1.0,2.117608696,1.790108696,1.0,foten,2,average,jefatura_masculina,no,espanol_uno_mas_adultos,adultos_ninguno_analfabeta,,0,0,24.2379543,14.16503897,3.116808067,38.72714975823473,EXCLUSION,21.94,high,EXCLUSION,0.13164,AI_right,False
868,#252,2023-06,No Elegible,Vulnerabilidad Moderada,1.0,1.0,1.0,1.0,1.776038647,2.823478261,1.790108696,1.0,sotap,4,average,jefatura_femenina,no,espanol_uno_mas_adultos,adultos_ninguno_analfabeta,,0,0,0.0,26.18890898,2.730928248,25.34612370011462,EXCLUSION,20.5,medium,EXCLUSION,0.12299999999999998,AI_right,False
869,#672,2024-02,Elegible,Vulnerabilidad Baja,1.0,1.0,1.0,1.0,1.776038647,1.0,2.580217391,1.043888889,fupal,2,average,jefatura_femenina,si,espanol_uno_mas_adultos,adultos_ninguno_analfabeta,0.0,0,0,0.0,17.15905947,2.478906597,16.60686377719593,INCLUSION,18.27,low,INCLUSION,0.10962,AI_right,False
870,#555,2023-08,Lista de Reserva,Vulnerabilidad Baja,1.0,1.0,3.251728045,1.0,1.776038647,1.0,1.790108696,1.043888889,sotap,1,low,,,espanol_uno_mas_adultos,adultos_ninguno_analfabeta,0.0,0,0,11.51832969,12.53066404,2.692582072,24.01641579828265,EXCLUSION,25.81,medium,EXCLUSION,0.15486,AI_right,False
871,,2023-07,Lista de Reserva,Vulnerabilidad Severa,2.700708215,1.0,3.251728045,1.0,1.776038647,2.117608696,2.580217391,1.043888889,,1,low,,,espanol_uno_mas_adultos,adultos_uno_mas_analfabeta,0.0,0,0,24.2379543,28.09152966,3.505494188,52.20547205133984,EXCLUSION,20.15,high,INCLUSION,0.12089999999999998,wrongly_include,True
872,#071,2024-04,Lista de Reserva,Vulnerabilidad Moderada,2.700708215,1.0,1.249197356,1.564135978,1.776038647,1.0,1.790108696,1.0,sotap,1,low,,,espanol_ningun_adulto,adultos_ninguno_analfabeta,0.0,0,-500,17.32315919,12.01413641,2.850951742,29.50814526208318,EXCLUSION,19.45,medium,EXCLUSION,0.1167,AI_right,False
873,#870,2024-03,No Elegible,Vulnerabilidad Baja,1.0,1.0,1.0,1.0,1.0,1.0,1.790108696,1.0,fomon,4,low,jefatura_masculina,no,espanol_uno_mas_adultos,adultos_ninguno_analfabeta,0.0,0,0,0.0,5.614422911,2.156697643,5.433745167301109,EXCLUSION,21.12,low,EXCLUSION,0.12672,AI_right,False
874,#1101,2024-02,No Elegible,Vulnerabilidad Elevada,1.0,2.051104816,3.251728045,1.0,1.776038647,1.0,2.580217391,1.0,sotap,3,low,jefatura_femenina,si,espanol_uno_mas_adultos,adultos_ninguno_analfabeta,,0,0,20.39367297,16.59309681,3.070146345,37.10907612140496,EXCLUSION,25.43,high,EXCLUSION,0.15257999999999997,AI_right,False
875,#1102,2024-05,No Elegible,Vulnerabilidad Baja,1.0,1.0,1.0,1.0,1.0,2.117608696,1.790108696,1.0,pcr_cdmx,1,low,,,espanol_uno_mas_adultos,adultos_ninguno_analfabeta,0.0,0,0,0.0,14.16503897,2.395343965,13.709193850906429,EXCLUSION,16.56,low,EXCLUSION,0.09935999999999999,AI_right,False
876,#016,2024-01,Lista de Reserva,Vulnerabilidad Moderada,2.700708215,1.0,1.249197356,1.0,1.776038647,1.498900966,1.790108696,1.0,futij,1,low,,,espanol_uno_mas_adultos,adultos_ninguno_analfabeta,,0,0,11.93561888,17.10850297,2.832769803,28.87765326709971,EXCLUSION,21.04,medium,EXCLUSION,0.12624,AI_right,False
877,#1311,2023-08,No Elegible,Vulnerabilidad Baja,1.0,1.525552408,1.0,1.0,1.776038647,1.498900966,1.790108696,1.0,sotap,3,average,jefatura_masculina,no,espanol_uno_mas_adultos,adultos_ninguno_analfabeta,0.0,0,0,3.741369748,17.10850297,2.588860746,20.41970500378282,EXCLUSION,22.73,low,EXCLUSION,0.13638,AI_right,False
878,#071,2024-05,No Elegible,Vulnerabilidad Baja,1.0,1.0,2.578385269,1.0,1.0,2.117608696,1.0,1.0,sotap,1,low,,,espanol_uno_mas_adultos,adultos_ninguno_analfabeta,0.0,0,0,8.975915299,7.392265486,2.473492984,16.41914421963215,EXCLUSION,21.69,low,EXCLUSION,0.13014,AI_right,False
879,#527,2024-02,No Elegible,Vulnerabilidad Baja,1.0,1.0,1.0,1.0,1.0,1.498900966,1.0,1.0,sotap,1,low,,,espanol_uno_mas_adultos,adultos_ninguno_analfabeta,,0,0,0.0,3.815111519,2.10647915,3.692337415207061,EXCLUSION,21.14,low,EXCLUSION,0.12684,AI_right,False
880,#527,2023-08,Elegible,Vulnerabilidad Elevada,1.0,2.051104816,1.0,1.0,1.776038647,2.823478261,1.790108696,1.0,sotap,4,average,jefatura_femenina,si,espanol_uno_mas_adultos,adultos_ninguno_analfabeta,,0,0,6.609317356,26.18890898,2.927660413,32.16813549794806,INCLUSION,20.94,medium,INCLUSION,0.12564,AI_right,False
881,#1223,2023-09,No Elegible,Vulnerabilidad Baja,1.0,1.525552408,1.0,1.0,1.776038647,1.498900966,1.790108696,1.0,sotap,2,average,jefatura_femenina,si,espanol_uno_mas_adultos,adultos_ninguno_analfabeta,0.0,0,0,3.741369748,17.10850297,2.588860746,20.41970500378282,EXCLUSION,19.46,low,EXCLUSION,0.11675999999999999,AI_right,False
882,#1311,2024-06,No Elegible,Vulnerabilidad Severa,2.700708215,1.0,3.251728045,1.0,1.776038647,2.823478261,2.580217391,1.0,sotap,4,complete,jefatura_femenina,si,espanol_uno_mas_adultos,adultos_ninguno_analfabeta,,0,0,24.2379543,32.12448674,3.618053373,56.108644539548365,EXCLUSION,14.29,high,EXCLUSION,0.08574,AI_right,False
883,#1223,2024-03,No Elegible,Vulnerabilidad Moderada,1.0,1.0,1.0,1.0,1.776038647,2.823478261,1.790108696,1.0,sotap,1,low,,,espanol_ningun_adulto,adultos_ninguno_analfabeta,,0,0,0.0,26.18890898,2.730928248,25.34612370011462,EXCLUSION,24.85,medium,EXCLUSION,0.1491,AI_right,False
884,#1223,2024-03,No Elegible,Vulnerabilidad Elevada,1.0,1.0,2.578385269,1.0,1.776038647,2.823478261,2.580217391,1.043888889,sotap,6,average,jefatura_femenina,no,espanol_uno_mas_adultos,adultos_ninguno_analfabeta,-500.0,0,0,8.975915299,32.85812825,3.184241129,41.06549005402387,EXCLUSION,26.19,high,EXCLUSION,0.15714,AI_right,False
885,#252,2024-02,Elegible,Vulnerabilidad Elevada,1.0,1.0,1.0,1.0,1.776038647,2.823478261,2.580217391,1.043888889,sotap,2,low,jefatura_masculina,no,espanol_uno_mas_adultos,adultos_uno_mas_analfabeta,0.0,0,-500,0.0,32.85812825,2.917065088,31.80072082478675,INCLUSION,28.99,medium,EXCLUSION,0.17393999999999998,wrongly_exclude,True
886,#071,2023-08,Lista de Reserva,Vulnerabilidad Moderada,2.700708215,1.0,2.578385269,1.0,1.0,1.498900966,1.0,1.0,sotap,1,low,,,espanol_ningun_adulto,adultos_ninguno_analfabeta,0.0,0,0,20.97871872,3.815111519,2.730929228,25.34617228233538,EXCLUSION,19.51,medium,EXCLUSION,0.11706000000000001,AI_right,False
887,#555,2024-06,No Elegible,Vulnerabilidad Baja,1.0,2.051104816,1.0,1.0,1.776038647,1.0,2.580217391,1.043888889,sotap,4,average,jefatura_femenina,si,espanol_uno_mas_adultos,adultos_ninguno_analfabeta,0.0,0,0,6.609317356,17.15905947,2.675638761,23.42887557502937,EXCLUSION,16.28,medium,EXCLUSION,0.09768,AI_right,False
888,#1223,2024-06,Lista de Reserva,Vulnerabilidad Elevada,1.0,1.0,2.578385269,1.0,1.776038647,2.117608696,2.580217391,1.0,sotap,1,low,,,espanol_uno_mas_adultos,adultos_ninguno_analfabeta,,0,0,8.975915299,27.40879931,3.032151233,35.791525968642006,EXCLUSION,19.25,high,EXCLUSION,0.11549999999999999,AI_right,False
889,#112,2024-06,No Elegible,Vulnerabilidad Elevada,2.700708215,1.0,3.251728045,1.0,1.776038647,1.0,1.790108696,1.0,sotap,3,low,jefatura_femenina,si,espanol_uno_mas_adultos,adultos_ninguno_analfabeta,0.0,0,0,24.2379543,12.01413641,3.056776721,36.645465393518094,EXCLUSION,15.43,high,EXCLUSION,0.09258,AI_right,False
890,#527,2024-04,Lista de Reserva,Vulnerabilidad Elevada,1.0,1.0,2.578385269,1.0,1.0,2.117608696,2.580217391,1.738466184,sotap,4,average,jefatura_masculina,si,espanol_uno_mas_adultos,adultos_ninguno_analfabeta,,0,-500,8.975915299,27.07165714,3.022741649,35.46523337081478,EXCLUSION,21.57,high,EXCLUSION,0.12942,AI_right,False
891,#071,2023-09,Elegible,Vulnerabilidad Baja,1.0,1.0,1.0,1.564135978,1.0,2.117608696,1.0,1.043888889,sotap,4,average,jefatura_femenina,si,espanol_uno_mas_adultos,adultos_ninguno_analfabeta,0.0,0,0,3.975239986,7.858894815,2.33766702,11.709154904947953,INCLUSION,20.01,low,INCLUSION,0.12006000000000001,AI_right,False
892,#1323,2023-10,Lista de Reserva,Vulnerabilidad Baja,1.0,1.0,1.0,1.0,1.0,1.0,2.580217391,1.0,fupal,1,low,,,espanol_uno_mas_adultos,adultos_ninguno_analfabeta,,0,0,0.0,9.580889352,2.267401085,9.272566751763287,EXCLUSION,20.42,low,EXCLUSION,0.12252,AI_right,False
893,#1101,2024-04,No Elegible por Intenciones,Vulnerabilidad Baja,1.0,1.0,2.578385269,1.0,1.0,1.498900966,1.790108696,1.0,sotap,1,low,,,espanol_uno_mas_adultos,adultos_ninguno_analfabeta,,0,0,8.975915299,10.02735341,2.547037866,18.969432379149907,EXCLUSION,18.54,low,EXCLUSION,0.11123999999999999,AI_right,False
894,#645,2023-07,No Elegible,Vulnerabilidad Baja,1.0,1.0,1.0,1.0,1.0,1.498900966,1.0,1.0,fupal,3,low,jefatura_masculina,no,espanol_uno_mas_adultos,adultos_ninguno_analfabeta,,0,0,0.0,3.815111519,2.10647915,3.692337415207061,EXCLUSION,18.47,low,EXCLUSION,0.11081999999999999,AI_right,False
895,#1311,2024-06,No Elegible,Vulnerabilidad Baja,1.0,1.0,1.0,1.0,1.776038647,2.117608696,1.790108696,1.0,sotap,1,low,,,espanol_uno_mas_adultos,adultos_ninguno_analfabeta,,0,0,0.0,21.88512181,2.610810239,21.18083670503239,EXCLUSION,16.3,low,EXCLUSION,0.0978,AI_right,False
896,#527,2024-04,Lista de Reserva,Vulnerabilidad Elevada,1.0,1.0,2.578385269,1.0,1.776038647,2.117608696,1.790108696,1.738466184,sotap,1,low,,,espanol_uno_mas_adultos,adultos_ninguno_analfabeta,,0,0,8.975915299,30.44211729,3.116810651,38.727228742727625,EXCLUSION,18.06,high,EXCLUSION,0.10835999999999998,AI_right,False
897,#071,2023-09,No Elegible,Vulnerabilidad Baja,1.0,1.0,3.251728045,1.0,1.0,1.498900966,1.790108696,1.0,sotap,1,low,,,espanol_uno_mas_adultos,adultos_ninguno_analfabeta,0.0,0,0,11.51832969,10.02735341,2.622715074,21.59366420766668,EXCLUSION,21.62,medium,EXCLUSION,0.12972,AI_right,False
898,#1101,2023-09,No Elegible,Vulnerabilidad Elevada,2.070141643,1.0,1.0,1.0,1.776038647,2.823478261,1.790108696,1.043888889,sotap,4,average,jefatura_masculina,no,espanol_uno_mas_adultos,adultos_ninguno_analfabeta,0.0,0,0,6.702282231,26.85846924,2.949114914,32.912105216863374,EXCLUSION,20.1,medium,EXCLUSION,0.1206,AI_right,False
899,#071,2023-08,Elegible,Vulnerabilidad Baja,1.0,1.0,2.578385269,1.0,1.0,1.498900966,1.790108696,1.0,sotap,1,low,,,espanol_uno_mas_adultos,adultos_ninguno_analfabeta,,-500,0,8.975915299,10.02735341,2.547037866,18.969432379149907,INCLUSION,24.8,low,INCLUSION,0.1488,AI_right,False
900,#1282,2024-04,No Elegible,Vulnerabilidad Baja,1.0,1.0,1.0,1.0,1.0,1.0,2.580217391,1.043888889,fomon,1,low,,,espanol_uno_mas_adultos,adultos_ninguno_analfabeta,,0,0,0.0,10.07114734,2.281084107,9.74704774745146,EXCLUSION,16.54,low,EXCLUSION,0.09924,AI_right,False
901,#1101,2023-08,No Elegible,Vulnerabilidad Baja,1.0,1.525552408,1.0,1.0,1.776038647,1.498900966,1.0,1.0,sotap,1,low,,,espanol_ningun_adulto,adultos_ninguno_analfabeta,,0,0,3.741369748,9.93697889,2.388704659,13.478967740201298,EXCLUSION,23.33,low,INCLUSION,0.13998,wrongly_include,True
902,#1311,2023-09,Elegible,Vulnerabilidad Elevada,2.070141643,1.0,2.578385269,1.0,1.776038647,2.117608696,1.790108696,1.043888889,sotap,2,average,jefatura_femenina,si,espanol_uno_mas_adultos,adultos_ninguno_analfabeta,,0,0,17.46888676,22.50821784,3.148177581,39.81493388651453,INCLUSION,20.85,high,INCLUSION,0.12510000000000002,AI_right,False
903,#1101,2024-04,No Elegible,Vulnerabilidad Elevada,1.0,2.051104816,1.0,1.0,1.776038647,2.823478261,1.790108696,1.0,sotap,1,low,,,espanol_uno_mas_adultos,adultos_ninguno_analfabeta,0.0,0,0,6.609317356,26.18890898,2.927660413,32.16813549794806,EXCLUSION,19.73,medium,EXCLUSION,0.11838,AI_right,False
904,#112,2024-06,No Elegible,Vulnerabilidad Baja,1.0,1.0,1.0,1.0,1.776038647,1.0,2.580217391,1.0,sotap,1,low,,,espanol_uno_mas_adultos,adultos_ninguno_analfabeta,,0,0,0.0,16.59309681,2.46311067,16.059114361557388,EXCLUSION,14.84,low,EXCLUSION,0.08904,AI_right,False
905,#252,2024-05,Lista de Reserva,Vulnerabilidad Baja,1.0,1.0,1.0,1.0,1.0,1.0,1.790108696,1.043888889,sotap,1,low,,,espanol_uno_mas_adultos,adultos_ninguno_analfabeta,0.0,0,0,0.0,6.061858428,2.169185496,5.866781761928531,EXCLUSION,15.39,low,EXCLUSION,0.09234,AI_right,False
906,#1054,2023-10,Lista de Reserva,Vulnerabilidad Baja,1.0,1.0,1.0,1.0,1.0,1.498900966,1.0,1.0,futij,3,low,jefatura_masculina,no,espanol_uno_mas_adultos,adultos_ninguno_analfabeta,,0,0,0.0,3.815111519,2.10647915,3.692337415207061,EXCLUSION,24.62,low,EXCLUSION,0.14772,AI_right,False
907,#1311,2024-01,No Elegible,Vulnerabilidad Baja,1.0,1.0,1.0,1.0,1.776038647,1.0,1.790108696,1.0,sotap,1,low,,,espanol_uno_mas_adultos,adultos_ninguno_analfabeta,,0,0,0.0,12.01413641,2.33531262,11.62750948618979,EXCLUSION,24.38,low,EXCLUSION,0.14628,AI_right,False
908,#071,2023-09,No Elegible,Vulnerabilidad Elevada,1.0,1.0,3.251728045,1.0,1.776038647,2.117608696,1.790108696,1.0,sotap,1,low,,,espanol_ningun_adulto,adultos_uno_mas_analfabeta,,0,0,11.51832969,21.88512181,2.953663487,33.06983776278628,EXCLUSION,29.91,medium,EXCLUSION,0.17945999999999998,AI_right,False
909,#1101,2024-03,Lista de Reserva,Vulnerabilidad Severa,2.700708215,1.0,2.578385269,1.0,1.776038647,2.823478261,2.580217391,1.0,sotap,2,complete,jefatura_femenina,si,espanol_ningun_adulto,adultos_ninguno_analfabeta,,0,0,20.97871872,32.12448674,3.521039349,52.74452349934838,EXCLUSION,25.42,high,EXCLUSION,0.15252000000000002,AI_right,False
910,#1311,2024-02,Lista de Reserva,Vulnerabilidad Baja,1.0,2.051104816,1.0,1.0,1.0,1.0,1.0,1.0,sotap,5,low,jefatura_masculina,no,espanol_uno_mas_adultos,adultos_ninguno_analfabeta,-500.0,0,0,6.609317356,0.0,2.196732164,6.8220117978334365,EXCLUSION,17.81,low,EXCLUSION,0.10685999999999998,AI_right,False
911,#1311,2023-09,Lista de Reserva,Vulnerabilidad Elevada,2.700708215,1.0,3.251728045,1.0,1.776038647,2.117608696,2.580217391,1.0,sotap,1,low,,,espanol_uno_mas_adultos,adultos_ninguno_analfabeta,,0,0,24.2379543,27.40879931,3.486439293,51.54471264673319,EXCLUSION,21.72,high,INCLUSION,0.13032,wrongly_include,True
912,#1223,2024-04,No Elegible,Vulnerabilidad Elevada,2.700708215,2.051104816,3.251728045,1.0,1.0,2.117608696,1.0,1.0,sotap,1,low,,,espanol_uno_mas_adultos,adultos_ninguno_analfabeta,,0,0,35.61565687,7.392265486,3.266448403,43.916179314128506,EXCLUSION,24.49,high,EXCLUSION,0.14694,AI_right,False
913,#1223,2023-12,Elegible,Vulnerabilidad Elevada,2.700708215,1.525552408,1.249197356,1.0,1.776038647,1.498900966,1.790108696,1.0,sotap,1,low,,,espanol_uno_mas_adultos,adultos_ninguno_analfabeta,0.0,0,0,17.00620089,17.10850297,2.983700152,34.111411676763524,INCLUSION,20.86,high,INCLUSION,0.12516,AI_right,False
914,#252,2024-05,No Elegible,Vulnerabilidad Severa,2.700708215,1.525552408,3.251728045,1.0,1.776038647,2.823478261,1.790108696,1.0,sotap,1,low,,,espanol_uno_mas_adultos,adultos_uno_mas_analfabeta,0.0,0,0,30.67858802,26.18890898,3.644103496,57.01197936118624,EXCLUSION,28.54,high,EXCLUSION,0.17123999999999998,AI_right,False
915,#1583,2024-02,No Elegible,Vulnerabilidad Elevada,2.070141643,1.0,1.0,1.0,1.776038647,2.117608696,2.580217391,2.544987923,foten,3,average,jefatura_masculina,no,espanol_uno_mas_adultos,adultos_ninguno_analfabeta,,0,0,6.702282231,44.04383881,3.428755821,49.5444324087312,EXCLUSION,23.13,high,EXCLUSION,0.13878,AI_right,False
916,#1407,2023-11,Lista de Reserva,Vulnerabilidad Elevada,2.700708215,1.0,2.578385269,1.0,1.776038647,2.117608696,1.790108696,1.0,foten,1,low,,,espanol_uno_mas_adultos,adultos_ninguno_analfabeta,-500.0,0,0,20.97871872,21.88512181,3.235260316,42.83467157216072,EXCLUSION,25.22,high,EXCLUSION,0.15131999999999998,AI_right,False
917,#1841,2023-06,No Elegible,Vulnerabilidad Moderada,1.0,1.0,1.0,1.0,1.776038647,2.823478261,1.790108696,1.0,foten,3,low,jefatura_femenina,no,espanol_uno_mas_adultos,adultos_ninguno_analfabeta,0.0,0,0,0.0,26.18890898,2.730928248,25.34612370011462,EXCLUSION,22.23,medium,EXCLUSION,0.13338,AI_right,False
918,#112,2024-02,Lista de Reserva,Vulnerabilidad Elevada,1.0,1.0,2.578385269,1.564135978,1.776038647,2.823478261,2.580217391,1.043888889,sotap,1,low,,,espanol_uno_mas_adultos,adultos_ninguno_analfabeta,,0,0,14.01324416,32.85812825,3.334181668,46.26492519509971,EXCLUSION,26.1,high,EXCLUSION,0.1566,AI_right,False
919,#1101,2024-05,Lista de Reserva,Vulnerabilidad Moderada,1.0,1.0,1.0,1.0,1.776038647,2.823478261,1.790108696,1.0,sotap,4,average,jefatura_masculina,no,espanol_uno_mas_adultos,adultos_ninguno_analfabeta,0.0,0,0,0.0,26.18890898,2.730928248,25.34612370011462,EXCLUSION,21.17,medium,EXCLUSION,0.12702000000000002,AI_right,False
920,#071,2024-02,Elegible,Vulnerabilidad Elevada,1.0,1.0,3.251728045,1.0,1.776038647,2.823478261,1.790108696,1.043888889,sotap,4,average,jefatura_masculina,no,espanol_uno_mas_adultos,adultos_ninguno_analfabeta,,-500,0,11.51832969,26.85846924,3.092468817,37.88313789914145,INCLUSION,38.66,high,EXCLUSION,0.23195999999999994,wrongly_exclude,True
921,#1223,2024-04,Lista de Reserva,Vulnerabilidad Elevada,1.0,2.051104816,1.0,1.0,1.776038647,2.117608696,2.580217391,1.0,sotap,4,complete,jefatura_femenina,si,espanol_uno_mas_adultos,adultos_ninguno_analfabeta,,0,0,6.609317356,27.40879931,2.961707356,33.34876853723833,EXCLUSION,15.42,medium,EXCLUSION,0.09252,AI_right,False
922,#1765,2024-02,No Elegible,Vulnerabilidad Moderada,1.0,1.0,2.578385269,1.0,1.776038647,1.498900966,1.790108696,1.043888889,fupal,4,average,jefatura_masculina,no,espanol_uno_mas_adultos,adultos_uno_mas_analfabeta,0.0,0,0,8.975915299,17.68003002,2.760622842,26.375838203163497,EXCLUSION,35.95,medium,EXCLUSION,0.21570000000000003,AI_right,False
923,#458,2024-01,No Elegible,Vulnerabilidad Baja,1.0,1.0,3.251728045,1.0,1.0,1.498900966,1.0,1.043888889,fupal,1,low,,,espanol_uno_mas_adultos,adultos_ninguno_analfabeta,,0,0,11.51832969,4.243121443,2.461278087,15.995574609596703,EXCLUSION,33.49,low,EXCLUSION,0.20094,AI_right,False
924,#111,2023-09,No Elegible,Vulnerabilidad Elevada,2.070141643,1.0,1.0,1.0,1.776038647,2.823478261,1.790108696,1.043888889,fomon,1,low,,,espanol_uno_mas_adultos,adultos_uno_mas_analfabeta,0.0,0,0,6.702282231,26.85846924,2.949114914,32.912105216863374,EXCLUSION,25.66,medium,EXCLUSION,0.15395999999999999,AI_right,False
925,#252,2024-05,Elegible,Vulnerabilidad Elevada,2.700708215,1.0,1.249197356,1.0,1.776038647,2.823478261,2.580217391,1.0,sotap,4,average,jefatura_masculina,no,espanol_uno_mas_adultos,adultos_ninguno_analfabeta,-500.0,0,0,11.93561888,32.12448674,3.251863502,43.41040766339734,INCLUSION,16.14,high,INCLUSION,0.09684000000000001,AI_right,False
926,#440,2023-07,Lista de Reserva,Vulnerabilidad Baja,2.070141643,1.0,1.0,1.0,1.0,1.0,1.790108696,1.043888889,pcr_cdmx,1,low,,,espanol_uno_mas_adultos,adultos_ninguno_analfabeta,0.0,0,0,6.702282231,6.061858428,2.368684842,12.78475013740434,EXCLUSION,13.65,low,EXCLUSION,0.0819,AI_right,False
927,#1311,2023-10,Elegible,Vulnerabilidad Elevada,1.0,1.0,2.578385269,1.0,1.776038647,2.823478261,2.580217391,1.043888889,sotap,3,average,jefatura_masculina,no,espanol_uno_mas_adultos,adultos_ninguno_analfabeta,,0,0,8.975915299,32.85812825,3.184241129,41.06549005402387,INCLUSION,25.38,high,INCLUSION,0.15227999999999997,AI_right,False
928,#1311,2023-06,Lista de Reserva,Vulnerabilidad Baja,1.0,1.0,1.0,1.0,1.0,1.0,1.790108696,1.043888889,sotap,7,average,jefatura_masculina,no,espanol_uno_mas_adultos,adultos_ninguno_analfabeta,0.0,0,0,0.0,6.061858428,2.169185496,5.866781761928531,EXCLUSION,16.62,low,EXCLUSION,0.09972,AI_right,False
929,#252,2023-06,No Elegible,Vulnerabilidad Moderada,1.0,1.525552408,1.0,1.0,1.776038647,2.823478261,1.790108696,1.0,sotap,1,low,,,espanol_uno_mas_adultos,adultos_ninguno_analfabeta,-500.0,0,0,3.741369748,26.18890898,2.842293421,29.20789446797501,EXCLUSION,17.48,medium,EXCLUSION,0.10488,AI_right,False
930,#555,2024-05,No Elegible,Vulnerabilidad Elevada,1.0,1.0,3.251728045,1.0,1.776038647,2.823478261,2.580217391,1.0,sotap,4,low,jefatura_femenina,no,espanol_uno_mas_adultos,adultos_ninguno_analfabeta,-500.0,0,-500,11.51832969,32.12448674,3.23944252,42.97968968997395,EXCLUSION,24.47,high,EXCLUSION,0.14682,AI_right,False
931,#527,2024-04,No Elegible,Vulnerabilidad Moderada,2.700708215,1.0,1.0,1.0,1.776038647,2.117608696,2.580217391,1.043888889,sotap,3,average,jefatura_masculina,no,espanol_uno_mas_adultos,adultos_ninguno_analfabeta,0.0,0,0,9.472088355,28.09152966,3.065975156,36.9644257743638,EXCLUSION,15.9,high,EXCLUSION,0.0954,AI_right,False
932,#112,2023-09,Lista de Reserva,Vulnerabilidad Elevada,2.070141643,1.0,1.0,1.0,1.776038647,2.823478261,2.580217391,1.043888889,sotap,3,average,jefatura_femenina,no,espanol_uno_mas_adultos,adultos_ninguno_analfabeta,0.0,0,0,6.702282231,32.85812825,3.116564434,38.71868920026256,EXCLUSION,22.01,high,EXCLUSION,0.13206,AI_right,False
933,#016,2024-07,No Elegible,Vulnerabilidad Severa,2.700708215,1.0,3.251728045,1.0,1.776038647,2.823478261,2.580217391,1.043888889,futij,3,average,jefatura_femenina,si,espanol_uno_mas_adultos,adultos_uno_mas_analfabeta,,0,0,24.2379543,32.85812825,3.63852919,56.81867673211505,EXCLUSION,29.15,high,EXCLUSION,0.17489999999999997,AI_right,False
934,#1583,2024-05,Elegible,Vulnerabilidad Elevada,1.0,1.0,2.578385269,1.0,1.776038647,2.823478261,2.580217391,1.043888889,foten,4,average,jefatura_masculina,no,espanol_uno_mas_adultos,adultos_ninguno_analfabeta,0.0,0,0,8.975915299,32.85812825,3.184241129,41.06549005402387,INCLUSION,24.64,high,INCLUSION,0.14784,AI_right,False
935,#555,2024-04,No Elegible,Vulnerabilidad Elevada,2.700708215,1.0,1.0,1.0,1.776038647,2.823478261,1.790108696,1.0,sotap,3,average,jefatura_femenina,si,espanol_uno_mas_adultos,adultos_uno_mas_analfabeta,-500.0,0,0,9.472088355,26.18890898,3.012873318,35.123033330466875,EXCLUSION,18.05,high,EXCLUSION,0.1083,AI_right,False
936,#1101,2024-01,No Elegible,Vulnerabilidad Moderada,1.0,1.0,1.0,1.0,1.776038647,2.823478261,1.790108696,1.0,sotap,1,low,,,espanol_uno_mas_adultos,adultos_ninguno_analfabeta,,0,0,0.0,26.18890898,2.730928248,25.34612370011462,EXCLUSION,26.17,medium,EXCLUSION,0.15702000000000002,AI_right,False
937,#1725,2024-05,Elegible,Vulnerabilidad Elevada,1.599560907,1.0,1.0,1.0,1.776038647,2.823478261,2.580217391,1.043888889,foten,2,low,jefatura_femenina,si,espanol_uno_mas_adultos,adultos_ninguno_analfabeta,,0,0,4.186184624,32.85812825,3.041670568,36.1216210561717,INCLUSION,16.72,high,INCLUSION,0.10031999999999999,AI_right,False
938,#1407,2023-08,No Elegible,Vulnerabilidad Moderada,2.070141643,1.0,2.578385269,1.0,1.0,1.498900966,1.790108696,1.043888889,foten,1,low,,,espanol_uno_mas_adultos,adultos_ninguno_analfabeta,,0,0,17.46888676,10.52243148,2.813656206,28.214862117365684,EXCLUSION,22.47,medium,EXCLUSION,0.13482,AI_right,False
939,#692,2024-04,Lista de Reserva,Vulnerabilidad Baja,1.0,1.0,2.578385269,1.0,1.0,1.0,1.0,1.0,pcr_cdmx,1,low,,,espanol_uno_mas_adultos,adultos_ninguno_analfabeta,,0,0,8.975915299,0.0,2.267176041,9.26476922923712,EXCLUSION,17.04,low,EXCLUSION,0.10224,AI_right,False
940,#133,2024-05,No Elegible por Duplicidad,Vulnerabilidad Moderada,1.0,1.0,1.0,1.0,1.776038647,2.823478261,1.790108696,1.0,fupal,1,low,,,espanol_uno_mas_adultos,adultos_ninguno_analfabeta,0.0,0,0,0.0,26.18890898,2.730928248,25.34612370011462,EXCLUSION,20.92,medium,EXCLUSION,0.12552000000000002,AI_right,False
941,#1359,2024-04,No Elegible,Vulnerabilidad Elevada,2.700708215,1.0,3.251728045,1.0,1.0,2.117608696,2.580217391,1.043888889,foten,2,average,jefatura_femenina,si,espanol_uno_mas_adultos,adultos_ninguno_analfabeta,,0,0,24.2379543,19.54126117,3.266857566,43.93035975161653,EXCLUSION,15.93,high,EXCLUSION,0.09558,AI_right,False
942,#071,2024-02,No Elegible,Vulnerabilidad Elevada,2.070141643,1.0,2.578385269,2.128271955,1.0,1.498900966,1.790108696,1.043888889,sotap,4,average,jefatura_masculina,no,espanol_uno_mas_adultos,adultos_ninguno_analfabeta,0.0,0,0,28.0817378,10.52243148,3.129557084,39.16924531668392,EXCLUSION,35.66,high,EXCLUSION,0.21395999999999998,AI_right,False
943,#1223,2023-11,No Elegible,Vulnerabilidad Baja,2.070141643,1.0,1.0,1.0,1.776038647,1.498900966,1.790108696,1.043888889,sotap,1,low,,,espanol_uno_mas_adultos,adultos_ninguno_analfabeta,0.0,0,0,6.702282231,17.68003002,2.692946147,24.029037349402188,EXCLUSION,21.35,medium,EXCLUSION,0.12810000000000002,AI_right,False
944,#133,2023-12,No Elegible por Intenciones,Vulnerabilidad Baja,1.0,1.0,1.0,1.0,1.0,2.117608696,1.0,1.0,fupal,1,low,,,espanol_uno_mas_adultos,adultos_ninguno_analfabeta,0.0,0,0,0.0,7.392265486,2.206316944,7.154374990395034,EXCLUSION,22.96,low,EXCLUSION,0.13776,AI_right,False
945,#112,2024-01,No Elegible,Vulnerabilidad Baja,1.0,1.0,1.0,1.0,1.0,1.0,1.790108696,1.0,sotap,1,low,,,espanol_uno_mas_adultos,adultos_ninguno_analfabeta,-500.0,0,0,0.0,5.614422911,2.156697643,5.433745167301109,EXCLUSION,18.79,low,INCLUSION,0.11273999999999998,wrongly_include,True
946,#555,2023-07,No Elegible,Vulnerabilidad Moderada,1.0,1.0,1.0,1.0,1.776038647,2.117608696,2.580217391,1.043888889,sotap,1,low,,,espanol_ningun_adulto,adultos_ninguno_analfabeta,0.0,0,0,0.0,28.09152966,2.784030087,27.18751614401154,EXCLUSION,17.25,medium,EXCLUSION,0.1035,AI_right,False
947,#1223,2023-12,Elegible,Vulnerabilidad Moderada,1.0,1.0,1.0,1.0,1.776038647,2.823478261,1.790108696,1.0,sotap,3,low,jefatura_masculina,no,espanol_ningun_adulto,adultos_ninguno_analfabeta,,0,0,0.0,26.18890898,2.730928248,25.34612370011462,INCLUSION,28.79,medium,INCLUSION,0.17273999999999998,AI_right,False
948,#672,2024-01,Lista de Reserva,Vulnerabilidad Moderada,1.0,1.0,1.0,1.0,1.776038647,2.823478261,2.580217391,1.0,fupal,4,average,jefatura_masculina,no,espanol_uno_mas_adultos,adultos_ninguno_analfabeta,,0,0,0.0,32.12448674,2.896589272,31.09068863222006,EXCLUSION,31.23,medium,EXCLUSION,0.18738000000000002,AI_right,False
949,#112,2024-05,Lista de Reserva,Vulnerabilidad Baja,1.0,1.0,1.0,1.0,1.0,1.498900966,1.0,1.0,sotap,1,low,,,espanol_uno_mas_adultos,adultos_ninguno_analfabeta,0.0,0,0,0.0,3.815111519,2.10647915,3.692337415207061,EXCLUSION,17.67,low,EXCLUSION,0.10602000000000002,AI_right,False
950,#1101,2024-03,No Elegible,Vulnerabilidad Baja,1.0,1.0,1.0,1.564135978,1.0,1.0,1.0,1.0,sotap,2,low,jefatura_femenina,no,espanol_uno_mas_adultos,adultos_ninguno_analfabeta,0.0,0,0,3.975239986,0.0,2.118326527,4.103167183989466,EXCLUSION,19.36,low,EXCLUSION,0.11615999999999999,AI_right,False
951,#1223,2023-10,Elegible,Vulnerabilidad Elevada,1.0,1.525552408,2.578385269,1.0,1.776038647,2.823478261,1.790108696,1.0,sotap,8,average,jefatura_femenina,no,espanol_uno_mas_adultos,adultos_ninguno_analfabeta,,0,0,13.7168894,26.18890898,3.139223567,39.50443631789602,INCLUSION,27.73,high,INCLUSION,0.16638,AI_right,False
952,#252,2024-03,Elegible,Vulnerabilidad Baja,1.0,1.0,1.0,1.0,1.776038647,1.498900966,1.790108696,1.043888889,sotap,2,average,jefatura_femenina,si,espanol_uno_mas_adultos,adultos_ninguno_analfabeta,0.0,-500,0,0.0,17.68003002,2.493446802,17.11106897392638,INCLUSION,26.34,low,INCLUSION,0.15804,AI_right,False
953,#1167,2023-07,Lista de Reserva,Vulnerabilidad Elevada,2.700708215,1.0,2.578385269,1.0,1.776038647,2.823478261,1.790108696,1.0,foten,3,average,jefatura_femenina,no,espanol_uno_mas_adultos,adultos_ninguno_analfabeta,,0,0,20.97871872,26.18890898,3.355378326,46.99995856724294,EXCLUSION,22.02,high,EXCLUSION,0.13212,AI_right,False
954,#1101,2024-01,Elegible por Proceso Acelerado,Vulnerabilidad Baja,1.0,1.0,1.0,1.0,1.0,1.0,1.0,1.0,sotap,1,low,,,espanol_uno_mas_adultos,adultos_uno_mas_analfabeta,,0,0,0.0,0.0,2.0,0.0,INCLUSION,23.41,low,INCLUSION,0.14046,AI_right,False
955,#071,2024-05,Elegible,Vulnerabilidad Moderada,1.0,1.0,2.578385269,1.0,1.776038647,2.823478261,1.0,1.0,sotap,1,low,,,espanol_uno_mas_adultos,adultos_ninguno_analfabeta,,0,0,8.975915299,17.78726377,2.763615719,26.47962106385475,INCLUSION,22.49,medium,INCLUSION,0.13493999999999998,AI_right,False
956,#458,2024-07,Lista de Reserva,Vulnerabilidad Baja,1.0,1.0,1.0,1.0,1.776038647,1.0,1.790108696,1.0,fupal,1,low,,,espanol_uno_mas_adultos,adultos_uno_mas_analfabeta,,0,0,0.0,12.01413641,2.33531262,11.62750948618979,EXCLUSION,21.71,low,EXCLUSION,0.13026000000000001,AI_right,False
957,#1311,2024-06,No Elegible,Vulnerabilidad Elevada,2.070141643,1.0,1.0,1.0,1.776038647,2.823478261,2.580217391,1.043888889,sotap,5,high,jefatura_femenina,si,espanol_uno_mas_adultos,adultos_ninguno_analfabeta,,0,0,6.702282231,32.85812825,3.116564434,38.71868920026256,EXCLUSION,16.96,high,EXCLUSION,0.10176,AI_right,False
958,#1497,2024-02,Elegible,Vulnerabilidad Baja,1.0,1.0,1.0,1.0,1.776038647,2.117608696,1.790108696,1.0,futij,4,average,jefatura_masculina,no,espanol_uno_mas_adultos,adultos_ninguno_analfabeta,,-500,0,0.0,21.88512181,2.610810239,21.18083670503239,INCLUSION,29.27,low,INCLUSION,0.17562,AI_right,False
959,#252,2023-08,No Elegible,Vulnerabilidad Baja,1.0,1.0,1.0,1.0,1.0,1.0,1.0,1.0,sotap,5,high,jefatura_femenina,no,espanol_uno_mas_adultos,adultos_ninguno_analfabeta,,0,0,0.0,0.0,2.0,0.0,EXCLUSION,17.36,low,EXCLUSION,0.10416,AI_right,False
960,#555,2024-07,No Elegible,Vulnerabilidad Moderada,1.0,1.525552408,2.578385269,1.0,1.776038647,1.0,1.790108696,1.0,sotap,1,low,,,espanol_ningun_adulto,adultos_ninguno_analfabeta,-500.0,0,0,13.7168894,12.01413641,2.743607939,25.785822103971192,EXCLUSION,20.42,medium,EXCLUSION,0.12252,AI_right,False
961,#252,2024-04,No Elegible,Vulnerabilidad Moderada,1.0,1.0,1.0,1.0,1.776038647,2.823478261,1.790108696,1.0,sotap,2,average,jefatura_femenina,si,espanol_ningun_adulto,adultos_ninguno_analfabeta,0.0,0,0,0.0,26.18890898,2.730928248,25.34612370011462,EXCLUSION,23.28,medium,EXCLUSION,0.13968,AI_right,False
962,#1387,2024-03,No Elegible,Vulnerabilidad Moderada,1.0,1.525552408,1.0,1.0,1.776038647,2.117608696,1.790108696,1.0,fusal,1,low,,,espanol_uno_mas_adultos,adultos_ninguno_analfabeta,0.0,0,0,3.741369748,21.88512181,2.722175411,25.04260747289278,EXCLUSION,25.41,medium,EXCLUSION,0.15245999999999998,AI_right,False
963,#692,2023-07,Lista de Reserva,Vulnerabilidad Baja,1.0,1.0,1.249197356,1.0,1.0,1.0,1.0,1.0,pcr_cdmx,1,low,,,espanol_uno_mas_adultos,adultos_ninguno_analfabeta,0.0,0,0,1.921713018,0.0,2.057201484,1.983555664632258,EXCLUSION,14.91,low,EXCLUSION,0.08946,AI_right,False
964,#071,2023-09,No Elegible,Vulnerabilidad Moderada,1.0,1.0,1.0,1.0,1.776038647,2.823478261,1.790108696,1.043888889,sotap,1,low,,,espanol_uno_mas_adultos,adultos_uno_mas_analfabeta,,0,0,0.0,26.85846924,2.749615568,25.99413684138756,EXCLUSION,24.7,medium,INCLUSION,0.1482,wrongly_include,True
965,#527,2023-11,No Elegible,Vulnerabilidad Elevada,2.700708215,1.0,1.0,1.0,1.776038647,2.823478261,1.790108696,1.0,sotap,5,high,jefatura_femenina,no,espanol_uno_mas_adultos,adultos_ninguno_analfabeta,0.0,0,0,9.472088355,26.18890898,3.012873318,35.123033330466875,EXCLUSION,23.22,high,EXCLUSION,0.13932,AI_right,False
966,#071,2024-03,No Elegible,Vulnerabilidad Baja,1.0,1.0,1.0,1.0,1.776038647,2.117608696,1.790108696,1.0,sotap,1,low,,,espanol_uno_mas_adultos,adultos_ninguno_analfabeta,,0,0,0.0,21.88512181,2.610810239,21.18083670503239,EXCLUSION,22.61,low,EXCLUSION,0.13566,AI_right,False
967,#071,2024-02,Elegible,Vulnerabilidad Baja,1.0,1.525552408,1.0,1.0,1.0,1.0,1.0,1.0,sotap,2,average,jefatura_femenina,si,espanol_uno_mas_adultos,adultos_ninguno_analfabeta,0.0,0,0,3.741369748,0.0,2.111365173,3.861770767860388,INCLUSION,21.01,low,INCLUSION,0.12606,AI_right,False
968,#252,2023-08,Elegible,Vulnerabilidad Baja,1.0,1.0,1.0,1.0,1.0,1.0,1.0,1.0,sotap,1,low,,,espanol_uno_mas_adultos,adultos_ninguno_analfabeta,500.0,0,0,0.0,0.0,2.0,0.0,INCLUSION,21.28,low,INCLUSION,0.12768000000000002,AI_right,False
969,#1771,2023-08,Elegible,Vulnerabilidad Elevada,2.700708215,1.0,2.578385269,1.0,1.776038647,2.823478261,1.790108696,1.0,fupal,4,average,jefatura_femenina,no,espanol_uno_mas_adultos,adultos_ninguno_analfabeta,,0,0,20.97871872,26.18890898,3.355378326,46.99995856724294,INCLUSION,24.93,high,INCLUSION,0.14958,AI_right,False
970,#252,2023-10,Elegible,Vulnerabilidad Severa,2.700708215,1.0,3.251728045,1.0,1.776038647,2.823478261,2.580217391,1.043888889,sotap,1,low,,,espanol_ningun_adulto,adultos_uno_mas_analfabeta,0.0,0,0,24.2379543,32.85812825,3.63852919,56.81867673211505,INCLUSION,26.21,high,INCLUSION,0.15725999999999998,AI_right,False
971,#1765,2023-09,No Elegible,Vulnerabilidad Severa,2.700708215,1.0,3.251728045,1.0,1.776038647,2.823478261,2.580217391,1.0,fupal,4,average,jefatura_femenina,no,espanol_uno_mas_adultos,adultos_ninguno_analfabeta,,0,0,24.2379543,32.12448674,3.618053373,56.108644539548365,EXCLUSION,23.38,high,EXCLUSION,0.14028,AI_right,False
972,#527,2023-12,Lista de Reserva,Vulnerabilidad Baja,1.0,1.0,1.0,1.0,1.776038647,1.498900966,1.790108696,1.0,sotap,1,low,,,espanol_uno_mas_adultos,adultos_ninguno_analfabeta,500.0,0,0,0.0,17.10850297,2.477495573,16.55793423592243,EXCLUSION,24.48,low,EXCLUSION,0.14688,AI_right,False
973,#1101,2024-07,No Elegible,Vulnerabilidad Severa,2.700708215,1.0,2.578385269,1.0,1.776038647,2.117608696,1.790108696,2.544987923,sotap,2,complete,jefatura_femenina,si,espanol_ningun_adulto,adultos_ninguno_analfabeta,,0,0,20.97871872,37.06714366,3.658988111,57.52812077700585,EXCLUSION,21.78,high,EXCLUSION,0.13068000000000002,AI_right,False
974,,2023-10,No Elegible,Vulnerabilidad Elevada,2.700708215,1.0,2.578385269,1.0,1.776038647,1.498900966,1.790108696,2.544987923,,2,low,jefatura_femenina,no,espanol_uno_mas_adultos,adultos_ninguno_analfabeta,-500.0,0,0,20.97871872,31.0340229,3.490604678,51.689151876183416,EXCLUSION,22.76,high,INCLUSION,0.13656000000000001,wrongly_include,True
975,#252,2023-06,Lista de Reserva,Vulnerabilidad Baja,1.0,1.0,2.578385269,1.0,1.0,1.498900966,1.0,1.0,sotap,1,low,,,espanol_uno_mas_adultos,adultos_ninguno_analfabeta,0.0,0,0,8.975915299,3.815111519,2.373655191,12.95710664444418,EXCLUSION,17.6,low,EXCLUSION,0.10560000000000001,AI_right,False
976,#112,2024-06,No Elegible,Vulnerabilidad Elevada,1.0,2.051104816,2.578385269,1.0,1.776038647,2.117608696,1.790108696,1.0,sotap,7,high,jefatura_masculina,no,espanol_uno_mas_adultos,adultos_ninguno_analfabeta,,0,0,17.3510839,21.88512181,3.127280564,39.090295836018285,EXCLUSION,25.97,high,EXCLUSION,0.15582,AI_right,False
977,#1859,2024-01,Elegible,Vulnerabilidad Baja,1.0,1.0,1.0,1.0,1.0,1.0,1.790108696,1.0,pcr_cdmx,1,low,,,espanol_uno_mas_adultos,adultos_uno_mas_analfabeta,,0,0,0.0,5.614422911,2.156697643,5.433745167301109,INCLUSION,26.4,low,INCLUSION,0.1584,AI_right,False
978,#527,2023-09,Lista de Reserva,Vulnerabilidad Baja,1.0,1.0,1.0,1.0,1.0,1.0,1.0,1.0,sotap,1,low,,,espanol_uno_mas_adultos,adultos_ninguno_analfabeta,,0,0,0.0,0.0,2.0,0.0,EXCLUSION,19.16,low,EXCLUSION,0.11495999999999999,AI_right,False
979,#112,2024-06,Lista de Reserva,Vulnerabilidad Elevada,2.700708215,1.0,3.251728045,1.0,1.776038647,2.117608696,1.790108696,1.0,sotap,3,complete,jefatura_femenina,si,espanol_uno_mas_adultos,adultos_ninguno_analfabeta,,0,0,24.2379543,21.88512181,3.33227434,46.19879261236069,EXCLUSION,19.35,high,EXCLUSION,0.1161,AI_right,False
980,#041,2024-03,No Elegible,Vulnerabilidad Baja,2.070141643,1.0,1.0,1.0,1.0,1.0,1.790108696,1.043888889,fusal,3,low,jefatura_masculina,no,espanol_uno_mas_adultos,adultos_ninguno_analfabeta,0.0,0,0,6.702282231,6.061858428,2.368684842,12.78475013740434,EXCLUSION,20.77,low,EXCLUSION,0.12462,AI_right,False
981,#527,2023-10,No Elegible,Vulnerabilidad Elevada,2.700708215,2.051104816,2.578385269,1.0,1.0,1.0,1.0,1.0,sotap,3,low,jefatura_masculina,si,espanol_uno_mas_adultos,adultos_ninguno_analfabeta,0.0,0,0,31.71522481,0.0,2.944031657,32.73585245961061,EXCLUSION,22.64,medium,INCLUSION,0.13584000000000002,wrongly_include,True
982,#252,2023-06,Lista de Reserva,Vulnerabilidad Elevada,2.700708215,2.051104816,3.251728045,1.0,1.776038647,1.0,1.790108696,1.0,sotap,6,average,jefatura_femenina,no,espanol_uno_mas_adultos,adultos_ninguno_analfabeta,0.0,0,0,35.61565687,12.01413641,3.395444079,48.38931380992327,EXCLUSION,21.3,high,EXCLUSION,0.1278,AI_right,False
983,#1311,2024-02,No Elegible,Vulnerabilidad Baja,2.070141643,1.0,1.0,1.0,1.0,2.117608696,1.790108696,1.043888889,sotap,3,average,jefatura_femenina,si,espanol_uno_mas_adultos,adultos_ninguno_analfabeta,,0,0,6.702282231,14.70478802,2.60990762,21.14954161220419,EXCLUSION,20.84,low,EXCLUSION,0.12503999999999998,AI_right,False
984,#112,2024-01,Lista de Reserva,Vulnerabilidad Elevada,1.0,1.0,2.578385269,1.0,1.776038647,2.823478261,2.580217391,1.043888889,sotap,2,complete,jefatura_femenina,si,espanol_uno_mas_adultos,adultos_uno_mas_analfabeta,0.0,0,0,8.975915299,32.85812825,3.184241129,41.06549005402387,EXCLUSION,36.94,high,EXCLUSION,0.22163999999999998,AI_right,False
985,#1311,2024-05,No Elegible,Vulnerabilidad Baja,1.0,1.525552408,1.0,1.0,1.776038647,1.498900966,1.790108696,1.0,sotap,1,low,,,espanol_uno_mas_adultos,adultos_ninguno_analfabeta,0.0,0,0,3.741369748,17.10850297,2.588860746,20.41970500378282,EXCLUSION,18.58,low,EXCLUSION,0.11148,AI_right,False
986,#1223,2023-09,Lista de Reserva,Vulnerabilidad Baja,1.0,1.0,2.578385269,1.0,1.776038647,1.0,1.790108696,1.0,sotap,3,average,jefatura_masculina,no,espanol_uno_mas_adultos,adultos_ninguno_analfabeta,,0,0,8.975915299,12.01413641,2.602488661,20.89227871542691,EXCLUSION,24.49,low,EXCLUSION,0.14694,AI_right,False
987,#112,2024-01,Elegible por Proceso Acelerado,Vulnerabilidad Baja,1.0,1.0,2.578385269,1.0,1.776038647,1.0,1.790108696,1.0,sotap,4,average,jefatura_masculina,no,espanol_uno_mas_adultos,adultos_ninguno_analfabeta,,0,0,8.975915299,12.01413641,2.602488661,20.89227871542691,INCLUSION,29.61,low,INCLUSION,0.17765999999999998,AI_right,False
988,#527,2023-11,No Elegible,Vulnerabilidad Moderada,1.0,1.0,1.0,1.0,1.776038647,2.823478261,1.790108696,1.0,sotap,1,low,,,espanol_ningun_adulto,adultos_ninguno_analfabeta,,0,0,0.0,26.18890898,2.730928248,25.34612370011462,EXCLUSION,25.39,medium,EXCLUSION,0.15234,AI_right,False
989,#1223,2024-03,No Elegible,Vulnerabilidad Elevada,2.700708215,1.0,2.578385269,1.0,1.776038647,2.823478261,1.790108696,1.0,sotap,2,average,jefatura_femenina,si,espanol_uno_mas_adultos,adultos_ninguno_analfabeta,0.0,0,0,20.97871872,26.18890898,3.355378326,46.99995856724294,EXCLUSION,23.49,high,EXCLUSION,0.14093999999999998,AI_right,False
990,#1311,2024-06,Lista de Reserva,Vulnerabilidad Baja,1.0,2.051104816,1.0,1.0,1.776038647,1.498900966,1.790108696,1.0,sotap,3,low,jefatura_masculina,no,espanol_uno_mas_adultos,adultos_ninguno_analfabeta,0.0,0,0,6.609317356,17.10850297,2.674227738,23.379946033755868,EXCLUSION,16.91,medium,EXCLUSION,0.10146,AI_right,False
991,#1359,2023-12,Lista de Reserva,Vulnerabilidad Baja,1.0,2.051104816,1.0,1.0,1.0,2.117608696,1.790108696,1.0,foten,2,average,jefatura_femenina,si,espanol_uno_mas_adultos,adultos_ninguno_analfabeta,,0,0,6.609317356,14.16503897,2.59207613,20.531205648739864,EXCLUSION,22.31,low,EXCLUSION,0.13385999999999998,AI_right,False
992,#527,2023-11,No Elegible,Vulnerabilidad Moderada,2.070141643,1.0,1.0,1.0,1.776038647,2.117608696,1.790108696,1.043888889,sotap,3,average,jefatura_femenina,no,espanol_uno_mas_adultos,adultos_ninguno_analfabeta,,0,0,6.702282231,22.50821784,2.827700095,28.70184925716677,EXCLUSION,24.78,medium,EXCLUSION,0.14868,AI_right,False
993,#1223,2024-01,No Elegible,Vulnerabilidad Baja,1.0,1.0,1.0,1.0,1.0,1.498900966,1.790108696,1.0,sotap,1,low,,,espanol_uno_mas_adultos,adultos_ninguno_analfabeta,,0,0,0.0,10.02735341,2.279861825,9.70466314991279,EXCLUSION,19.89,low,EXCLUSION,0.11933999999999999,AI_right,False
994,,2023-12,No Elegible,Vulnerabilidad Moderada,1.0,1.0,1.0,1.0,1.776038647,2.823478261,2.580217391,1.0,,1,low,,,espanol_uno_mas_adultos,adultos_ninguno_analfabeta,,0,0,0.0,32.12448674,2.896589272,31.09068863222006,EXCLUSION,28.15,medium,EXCLUSION,0.16889999999999997,AI_right,False
995,#1771,2023-11,No Elegible,Vulnerabilidad Moderada,2.070141643,1.0,2.578385269,1.0,1.0,2.117608696,1.0,1.0,fupal,4,average,jefatura_femenina,no,espanol_uno_mas_adultos,adultos_ninguno_analfabeta,,0,0,17.46888676,7.392265486,2.726293776,25.1854279952186,EXCLUSION,28.77,medium,INCLUSION,0.17262,wrongly_include,True
996,#1101,2024-04,No Elegible,Vulnerabilidad Moderada,2.070141643,1.0,2.578385269,1.0,1.0,2.117608696,1.0,1.0,sotap,1,low,,,espanol_uno_mas_adultos,adultos_ninguno_analfabeta,,0,0,17.46888676,7.392265486,2.726293776,25.1854279952186,EXCLUSION,17.67,medium,EXCLUSION,0.10602000000000002,AI_right,False
997,#555,2024-04,No Elegible,Vulnerabilidad Baja,1.0,1.0,1.0,1.0,1.0,1.498900966,1.790108696,1.0,sotap,4,average,jefatura_masculina,no,espanol_uno_mas_adultos,adultos_ninguno_analfabeta,0.0,0,0,0.0,10.02735341,2.279861825,9.70466314991279,EXCLUSION,16.83,low,EXCLUSION,0.10097999999999999,AI_right,False
998,#1761,2023-12,No Elegible,Vulnerabilidad Baja,1.0,1.0,1.0,1.0,1.0,1.0,1.0,1.0,fomon,1,low,,,espanol_uno_mas_adultos,adultos_ninguno_analfabeta,,0,0,0.0,0.0,2.0,0.0,EXCLUSION,21.55,low,INCLUSION,0.1293,wrongly_include,True
999,#676,2023-10,Lista de Reserva,Vulnerabilidad Baja,1.0,1.0,2.578385269,1.0,1.776038647,1.0,1.790108696,1.0,pcr_cdmx,1,low,,,espanol_uno_mas_adultos,adultos_ninguno_analfabeta,0.0,0,0,8.975915299,12.01413641,2.602488661,20.89227871542691,EXCLUSION,27.66,low,EXCLUSION,0.16596,AI_right,False
1000,#645,2024-06,No Elegible,Vulnerabilidad Moderada,1.0,1.0,1.0,1.0,1.776038647,2.117608696,2.580217391,1.043888889,fupal,3,low,jefatura_masculina,no,espanol_uno_mas_adultos,adultos_ninguno_analfabeta,,0,0,0.0,28.09152966,2.784030087,27.18751614401154,EXCLUSION,15.54,medium,EXCLUSION,0.09323999999999999,AI_right,False
1001,#1583,2023-08,No Elegible por Intenciones,Vulnerabilidad Elevada,1.0,1.0,2.578385269,1.0,1.776038647,2.823478261,1.790108696,1.0,foten,1,low,,,espanol_uno_mas_adultos,adultos_ninguno_analfabeta,,0,0,8.975915299,26.18890898,2.998104289,34.61089292935174,EXCLUSION,33.27,high,EXCLUSION,0.19962000000000002,AI_right,False
1002,#1725,2024-03,No Elegible,Vulnerabilidad Moderada,1.0,2.051104816,1.0,1.0,1.776038647,2.823478261,1.0,1.043888889,foten,1,low,,,espanol_uno_mas_adultos,adultos_ninguno_analfabeta,0.0,0,0,6.609317356,18.36611881,2.709327594,24.597090538408825,EXCLUSION,28.14,medium,EXCLUSION,0.16884,AI_right,False
1003,#458,2023-12,Elegible,Vulnerabilidad Baja,1.0,1.0,1.0,1.0,1.0,2.117608696,1.790108696,1.0,fupal,1,low,,,espanol_uno_mas_adultos,adultos_uno_mas_analfabeta,,0,0,0.0,14.16503897,2.395343965,13.709193850906429,INCLUSION,23.64,low,INCLUSION,0.14184,AI_right,False
1004,#555,2023-08,No Elegible,Vulnerabilidad Severa,2.700708215,1.0,2.578385269,1.0,1.776038647,2.823478261,2.580217391,1.043888889,sotap,6,high,jefatura_femenina,si,espanol_ningun_adulto,adultos_ninguno_analfabeta,-500.0,0,0,20.97871872,32.85812825,3.541515166,53.45455569191508,EXCLUSION,22.07,high,EXCLUSION,0.13242,AI_right,False
1005,#112,2024-04,No Elegible,Vulnerabilidad Baja,1.0,1.0,1.0,1.0,1.0,1.498900966,1.790108696,1.0,sotap,2,average,jefatura_femenina,si,espanol_uno_mas_adultos,adultos_ninguno_analfabeta,-500.0,0,0,0.0,10.02735341,2.279861825,9.70466314991279,EXCLUSION,13.88,low,EXCLUSION,0.08328,AI_right,False
1006,#1223,2023-08,Lista de Reserva,Vulnerabilidad Baja,2.700708215,1.0,1.0,1.0,1.0,1.498900966,1.790108696,1.0,sotap,1,low,,,espanol_uno_mas_adultos,adultos_ninguno_analfabeta,-500.0,0,0,9.472088355,10.02735341,2.561806895,19.481572780265047,EXCLUSION,14.89,low,EXCLUSION,0.08934,AI_right,False
1007,#1101,2023-09,No Elegible por Intenciones,Vulnerabilidad Elevada,1.0,2.051104816,1.0,1.0,1.776038647,2.823478261,2.580217391,1.0,sotap,3,average,jefatura_femenina,si,espanol_uno_mas_adultos,adultos_ninguno_analfabeta,0.0,0,0,6.609317356,32.12448674,3.093321436,37.9127004300535,EXCLUSION,20.75,high,EXCLUSION,0.12449999999999999,AI_right,False
1008,#527,2024-01,Elegible,Vulnerabilidad Elevada,1.0,1.0,1.0,1.0,1.776038647,2.823478261,2.580217391,1.043888889,sotap,2,complete,jefatura_masculina,no,espanol_uno_mas_adultos,adultos_ninguno_analfabeta,0.0,0,0,0.0,32.85812825,2.917065088,31.80072082478675,INCLUSION,28.07,medium,INCLUSION,0.16842,AI_right,False
1009,#672,2023-09,Lista de Reserva,Vulnerabilidad Elevada,2.700708215,1.0,2.578385269,1.0,1.0,2.117608696,1.790108696,2.544987923,fupal,4,average,jefatura_masculina,no,espanol_uno_mas_adultos,adultos_ninguno_analfabeta,,0,0,20.97871872,27.3162731,3.386842878,48.09104298249722,EXCLUSION,17.53,high,EXCLUSION,0.10518000000000001,AI_right,False
1010,#458,2024-02,Elegible,Vulnerabilidad Baja,1.0,1.0,1.0,1.0,1.0,1.498900966,1.0,1.0,fupal,3,low,jefatura_masculina,no,espanol_uno_mas_adultos,adultos_ninguno_analfabeta,0.0,-500,0,0.0,3.815111519,2.10647915,3.692337415207061,INCLUSION,25.16,low,INCLUSION,0.15095999999999998,AI_right,False
1011,#238,2024-05,Lista de Reserva,Vulnerabilidad Elevada,1.0,2.051104816,1.0,1.0,1.776038647,2.823478261,1.790108696,1.0,futij,3,average,jefatura_masculina,no,espanol_ningun_adulto,adultos_ninguno_analfabeta,,0,0,6.609317356,26.18890898,2.927660413,32.16813549794806,EXCLUSION,23.8,medium,EXCLUSION,0.1428,AI_right,False
1012,#672,2024-07,No Elegible,Vulnerabilidad Elevada,1.0,1.0,2.578385269,1.0,1.776038647,2.823478261,1.790108696,1.0,fupal,3,low,jefatura_femenina,no,espanol_uno_mas_adultos,adultos_ninguno_analfabeta,,0,0,8.975915299,26.18890898,2.998104289,34.61089292935174,EXCLUSION,25.53,high,EXCLUSION,0.15318,AI_right,False
1013,#252,2023-10,Lista de Reserva,Vulnerabilidad Baja,1.0,1.0,2.578385269,1.0,1.0,2.117608696,1.790108696,1.043888889,sotap,1,low,,,espanol_uno_mas_adultos,adultos_uno_mas_analfabeta,-500.0,0,0,8.975915299,14.70478802,2.677584315,23.496342465965498,EXCLUSION,24.65,medium,EXCLUSION,0.1479,AI_right,False
1014,#071,2023-06,Elegible,Vulnerabilidad Moderada,1.0,1.0,1.0,1.0,1.776038647,2.823478261,1.790108696,1.0,sotap,2,low,jefatura_masculina,no,espanol_uno_mas_adultos,adultos_ninguno_analfabeta,0.0,0,0,0.0,26.18890898,2.730928248,25.34612370011462,INCLUSION,18.64,medium,INCLUSION,0.11184000000000001,AI_right,False
1015,#1223,2024-05,No Elegible,Vulnerabilidad Moderada,1.0,1.0,1.0,1.0,1.776038647,2.823478261,1.790108696,1.0,sotap,1,low,,,espanol_uno_mas_adultos,adultos_ninguno_analfabeta,,0,0,0.0,26.18890898,2.730928248,25.34612370011462,EXCLUSION,19.51,medium,EXCLUSION,0.11706000000000001,AI_right,False
1016,#252,2024-01,Elegible,Vulnerabilidad Elevada,2.700708215,2.051104816,3.251728045,1.0,1.0,2.117608696,1.0,1.0,sotap,4,average,jefatura_femenina,si,espanol_uno_mas_adultos,adultos_ninguno_analfabeta,0.0,0,0,35.61565687,7.392265486,3.266448403,43.916179314128506,INCLUSION,21.09,high,EXCLUSION,0.12653999999999999,wrongly_exclude,True
1017,#1101,2023-11,Elegible,Vulnerabilidad Elevada,1.0,1.0,2.578385269,1.0,1.776038647,2.823478261,2.580217391,1.043888889,sotap,5,low,jefatura_femenina,no,espanol_uno_mas_adultos,adultos_ninguno_analfabeta,-500.0,0,0,8.975915299,32.85812825,3.184241129,41.06549005402387,INCLUSION,26.44,high,INCLUSION,0.15864,AI_right,False
1018,#252,2023-06,Lista de Reserva,Vulnerabilidad Severa,2.700708215,2.051104816,2.578385269,1.0,1.776038647,2.823478261,2.580217391,1.0,sotap,3,average,jefatura_femenina,no,espanol_uno_mas_adultos,adultos_ninguno_analfabeta,0.0,0,0,31.71522481,32.12448674,3.840620929,63.82654109183068,EXCLUSION,20.04,high,EXCLUSION,0.12023999999999999,AI_right,False
1019,#555,2023-11,No Elegible,Vulnerabilidad Elevada,2.700708215,2.051104816,1.249197356,1.0,1.776038647,2.117608696,1.790108696,1.0,sotap,5,average,jefatura_masculina,no,espanol_uno_mas_adultos,adultos_ninguno_analfabeta,0.0,0,0,20.89305637,21.88512181,3.232710501,42.746252522075366,EXCLUSION,20.22,high,EXCLUSION,0.12131999999999998,AI_right,False
1020,#1101,2024-06,No Elegible,Vulnerabilidad Elevada,1.0,1.0,2.578385269,1.0,1.776038647,2.823478261,2.580217391,1.0,sotap,1,low,,,espanol_uno_mas_adultos,adultos_ninguno_analfabeta,0.0,0,0,8.975915299,32.12448674,3.163765312,40.35545786145718,EXCLUSION,19.14,high,EXCLUSION,0.11484,AI_right,False
1021,#1223,2024-04,No Elegible,Vulnerabilidad Moderada,1.0,1.0,1.0,1.0,1.776038647,2.823478261,2.580217391,1.0,sotap,1,low,,,espanol_uno_mas_adultos,adultos_ninguno_analfabeta,0.0,0,0,0.0,32.12448674,2.896589272,31.09068863222006,EXCLUSION,19.78,medium,EXCLUSION,0.11868,AI_right,False
1022,#112,2023-08,No Elegible,Vulnerabilidad Elevada,2.070141643,1.525552408,1.0,1.0,1.776038647,2.117608696,2.580217391,1.043888889,sotap,1,low,,,espanol_uno_mas_adultos,adultos_ninguno_analfabeta,0.0,0,0,11.1900528,28.09152966,3.117111884,38.73767603316834,EXCLUSION,20.94,high,EXCLUSION,0.12564,AI_right,False
1023,#112,2023-06,Lista de Reserva,Vulnerabilidad Moderada,1.0,1.0,2.578385269,1.0,1.776038647,2.117608696,1.790108696,1.0,sotap,3,average,jefatura_femenina,no,espanol_uno_mas_adultos,adultos_ninguno_analfabeta,-500.0,0,0,8.975915299,21.88512181,2.877986279,30.44560593426951,EXCLUSION,21.41,medium,INCLUSION,0.12846,wrongly_include,True
1024,#1805,2024-03,No Elegible,Vulnerabilidad Baja,1.0,1.0,1.0,1.564135978,1.0,2.117608696,1.0,1.0,fomon,1,low,,,espanol_uno_mas_adultos,adultos_ninguno_analfabeta,,0,0,3.975239986,7.392265486,2.32464347,11.2575421743845,EXCLUSION,22.18,low,EXCLUSION,0.13308,AI_right,False
1025,#458,2023-07,Lista de Reserva,Vulnerabilidad Baja,2.700708215,1.0,1.0,1.0,1.0,2.117608696,1.0,1.0,fupal,1,low,,,espanol_uno_mas_adultos,adultos_ninguno_analfabeta,,0,0,9.472088355,7.392265486,2.488262013,16.93128462074729,EXCLUSION,12.56,low,EXCLUSION,0.07536000000000001,AI_right,False
1026,#527,2023-10,No Elegible,Vulnerabilidad Baja,2.070141643,1.0,1.0,1.0,1.776038647,1.0,1.790108696,1.043888889,sotap,1,low,,,espanol_uno_mas_adultos,adultos_ninguno_analfabeta,-500.0,0,0,6.702282231,12.53066404,2.549228169,19.04538311600457,EXCLUSION,17.53,low,EXCLUSION,0.10518000000000001,AI_right,False
1027,#1223,2024-04,No Elegible,Vulnerabilidad Baja,1.0,2.051104816,1.0,1.0,1.0,1.0,1.0,1.0,sotap,1,low,,,espanol_uno_mas_adultos,adultos_ninguno_analfabeta,-500.0,0,0,6.609317356,0.0,2.196732164,6.8220117978334365,EXCLUSION,13.54,low,EXCLUSION,0.08123999999999999,AI_right,False
1028,#527,2024-05,No Elegible,Vulnerabilidad Severa,2.700708215,1.525552408,3.251728045,1.0,1.776038647,2.823478261,1.790108696,1.0,sotap,4,complete,jefatura_masculina,si,espanol_uno_mas_adultos,adultos_uno_mas_analfabeta,,0,0,30.67858802,26.18890898,3.644103496,57.01197936118624,EXCLUSION,25.68,high,EXCLUSION,0.15407999999999997,AI_right,False
1029,#555,2023-09,No Elegible,Vulnerabilidad Elevada,2.070141643,1.525552408,1.0,1.0,1.776038647,2.117608696,1.790108696,2.544987923,sotap,4,average,jefatura_masculina,si,espanol_uno_mas_adultos,adultos_ninguno_analfabeta,,0,0,11.1900528,37.06714366,3.367619831,47.42444579903434,EXCLUSION,18.47,high,EXCLUSION,0.11081999999999999,AI_right,False
1030,#071,2023-11,Elegible,Vulnerabilidad Moderada,1.0,1.0,3.251728045,1.0,1.776038647,1.0,2.580217391,1.0,sotap,1,low,,,espanol_uno_mas_adultos,adultos_ninguno_analfabeta,,0,0,11.51832969,16.59309681,2.805963919,27.94811541931128,INCLUSION,24.75,medium,INCLUSION,0.1485,AI_right,False
1031,#645,2024-02,No Elegible,Vulnerabilidad Elevada,2.700708215,1.0,3.251728045,1.0,1.776038647,2.823478261,1.790108696,1.0,fupal,2,average,jefatura_femenina,si,espanol_uno_mas_adultos,adultos_ninguno_analfabeta,,0,0,24.2379543,26.18890898,3.45239235,50.36407960744292,EXCLUSION,23.42,high,EXCLUSION,0.14052,AI_right,False
1032,#513,2024-01,No Elegible,Vulnerabilidad Elevada,1.0,1.525552408,2.578385269,1.0,1.776038647,2.823478261,1.790108696,1.0,pcr_cdmx,5,average,jefatura_femenina,no,espanol_uno_mas_adultos,adultos_ninguno_analfabeta,-500.0,0,0,13.7168894,26.18890898,3.139223567,39.50443631789602,EXCLUSION,33.75,high,INCLUSION,0.2025,wrongly_include,True
1033,#252,2024-06,Lista de Reserva,Vulnerabilidad Baja,1.0,1.0,1.0,1.0,1.0,1.0,1.0,1.0,sotap,1,low,,,espanol_uno_mas_adultos,adultos_ninguno_analfabeta,-500.0,0,0,0.0,0.0,2.0,0.0,EXCLUSION,12.51,low,EXCLUSION,0.07505999999999999,AI_right,False
1034,#1311,2024-02,Elegible,Vulnerabilidad Severa,2.700708215,1.0,3.251728045,1.0,1.776038647,2.823478261,2.580217391,1.043888889,sotap,2,average,jefatura_masculina,no,espanol_uno_mas_adultos,adultos_ninguno_analfabeta,,0,0,24.2379543,32.85812825,3.63852919,56.81867673211505,INCLUSION,24.44,high,INCLUSION,0.14664,AI_right,False
1035,#1311,2024-05,Lista de Reserva,Vulnerabilidad Elevada,2.700708215,1.0,3.251728045,1.0,1.776038647,2.823478261,1.790108696,1.0,sotap,1,low,,,espanol_ningun_adulto,adultos_uno_mas_analfabeta,,0,0,24.2379543,26.18890898,3.45239235,50.36407960744292,EXCLUSION,22.06,high,EXCLUSION,0.13235999999999998,AI_right,False
1036,#1223,2023-10,Lista de Reserva,Vulnerabilidad Baja,1.0,1.0,1.0,1.564135978,1.0,1.0,1.0,1.0,sotap,1,low,,,espanol_uno_mas_adultos,adultos_uno_mas_analfabeta,,0,0,3.975239986,0.0,2.118326527,4.103167183989466,EXCLUSION,20.93,low,EXCLUSION,0.12558,AI_right,False
1037,#252,2024-01,Elegible por Proceso Acelerado,Vulnerabilidad Baja,2.700708215,1.0,1.249197356,1.0,1.776038647,1.0,1.790108696,1.0,sotap,4,average,jefatura_masculina,no,espanol_uno_mas_adultos,adultos_ninguno_analfabeta,,0,0,11.93561888,12.01413641,2.69058685,23.94722851736708,INCLUSION,18.7,medium,INCLUSION,0.1122,AI_right,False
1038,#1223,2023-07,No Elegible,Vulnerabilidad Elevada,1.0,1.0,2.578385269,1.0,1.776038647,2.823478261,1.790108696,1.0,sotap,2,complete,jefatura_femenina,si,espanol_uno_mas_adultos,adultos_ninguno_analfabeta,,0,0,8.975915299,26.18890898,2.998104289,34.61089292935174,EXCLUSION,17.2,high,EXCLUSION,0.10319999999999999,AI_right,False
1039,#1359,2023-07,No Elegible,Vulnerabilidad Elevada,1.599560907,1.0,1.0,1.0,1.776038647,2.117608696,2.580217391,1.043888889,foten,3,low,jefatura_masculina,si,espanol_uno_mas_adultos,adultos_ninguno_analfabeta,,0,0,4.186184624,28.09152966,2.908635566,31.50841637539648,EXCLUSION,16.33,medium,EXCLUSION,0.09797999999999998,AI_right,False
1040,#108,2024-03,No Elegible,Vulnerabilidad Baja,1.0,1.0,2.578385269,1.0,1.776038647,1.0,1.790108696,1.0,futij,1,low,,,espanol_uno_mas_adultos,adultos_ninguno_analfabeta,0.0,0,0,8.975915299,12.01413641,2.602488661,20.89227871542691,EXCLUSION,26.04,low,EXCLUSION,0.15623999999999996,AI_right,False
1041,#112,2024-03,Elegible,Vulnerabilidad Elevada,2.700708215,1.0,1.0,1.0,1.776038647,2.117608696,2.580217391,1.0,sotap,2,low,jefatura_masculina,no,espanol_uno_mas_adultos,adultos_ninguno_analfabeta,0.0,0,-500,9.472088355,27.40879931,3.046920262,36.303666369757146,INCLUSION,23.19,high,INCLUSION,0.13914,AI_right,False
1042,#555,2023-08,Lista de Reserva,Vulnerabilidad Moderada,1.0,1.525552408,1.0,1.0,1.776038647,2.823478261,1.790108696,1.0,sotap,7,high,jefatura_masculina,no,espanol_uno_mas_adultos,adultos_ninguno_analfabeta,0.0,0,0,3.741369748,26.18890898,2.842293421,29.20789446797501,EXCLUSION,28.57,medium,EXCLUSION,0.17142,AI_right,False
1043,#555,2024-06,No Elegible,Vulnerabilidad Elevada,2.700708215,1.0,1.249197356,1.0,1.776038647,2.117608696,2.580217391,1.0,sotap,1,low,,,espanol_uno_mas_adultos,adultos_ninguno_analfabeta,0.0,0,0,11.93561888,27.40879931,3.120249422,38.84647577058217,EXCLUSION,14.28,high,EXCLUSION,0.08567999999999999,AI_right,False
1044,#041,2023-08,No Elegible,Vulnerabilidad Baja,1.0,1.0,1.0,1.0,1.0,1.0,1.0,1.0,fusal,1,low,,,espanol_uno_mas_adultos,adultos_ninguno_analfabeta,,0,0,0.0,0.0,2.0,0.0,EXCLUSION,23.13,low,EXCLUSION,0.13878,AI_right,False
1045,#1841,2023-07,No Elegible,Vulnerabilidad Moderada,1.0,1.0,2.578385269,1.564135978,1.776038647,1.0,1.790108696,1.0,foten,4,average,jefatura_masculina,no,espanol_uno_mas_adultos,adultos_ninguno_analfabeta,,0,0,14.01324416,12.01413641,2.7524292,26.09171385650275,EXCLUSION,27.64,medium,EXCLUSION,0.16584,AI_right,False
1046,#692,2023-08,Elegible,Vulnerabilidad Baja,1.0,1.0,1.0,1.0,1.0,1.0,1.790108696,1.0,pcr_cdmx,1,low,,,espanol_uno_mas_adultos,adultos_ninguno_analfabeta,0.0,0,0,0.0,5.614422911,2.156697643,5.433745167301109,INCLUSION,22.55,low,INCLUSION,0.1353,AI_right,False
1047,#071,2023-07,No Elegible por Duplicidad,Vulnerabilidad Elevada,1.0,2.051104816,1.249197356,1.0,1.776038647,2.117608696,2.580217391,1.043888889,sotap,1,low,,,espanol_uno_mas_adultos,adultos_ninguno_analfabeta,,0,0,8.909093135,28.09152966,3.049217106,36.38331280518898,EXCLUSION,15.95,high,EXCLUSION,0.0957,AI_right,False
1048,#1223,2024-04,No Elegible por Duplicidad,Vulnerabilidad Elevada,2.070141643,1.0,2.578385269,1.0,1.776038647,2.823478261,2.580217391,1.043888889,sotap,2,complete,jefatura_masculina,si,espanol_uno_mas_adultos,adultos_ninguno_analfabeta,0.0,0,0,17.46888676,32.85812825,3.43704192,49.83177382961031,EXCLUSION,18.76,high,EXCLUSION,0.11256000000000001,AI_right,False
1049,#1223,2024-01,Elegible,Vulnerabilidad Elevada,2.700708215,1.0,2.578385269,1.0,1.776038647,2.117608696,1.790108696,1.0,sotap,3,complete,jefatura_femenina,si,espanol_uno_mas_adultos,adultos_ninguno_analfabeta,0.0,0,0,20.97871872,21.88512181,3.235260316,42.83467157216072,INCLUSION,30.05,high,INCLUSION,0.1803,AI_right,False
1050,#252,2024-02,Lista de Reserva,Vulnerabilidad Elevada,2.700708215,1.0,3.251728045,1.0,1.776038647,1.498900966,1.790108696,1.0,sotap,4,average,jefatura_femenina,si,espanol_uno_mas_adultos,adultos_ninguno_analfabeta,0.0,0,0,24.2379543,17.10850297,3.198959675,41.57589014325073,EXCLUSION,22.56,high,EXCLUSION,0.13535999999999998,AI_right,False
1051,#071,2023-07,No Elegible,Vulnerabilidad Baja,1.0,1.0,2.578385269,1.0,1.776038647,1.0,1.790108696,1.043888889,sotap,2,low,jefatura_femenina,no,espanol_uno_mas_adultos,adultos_ninguno_analfabeta,-500.0,0,0,8.975915299,12.53066404,2.616904864,21.39218396976588,EXCLUSION,14.52,medium,EXCLUSION,0.08711999999999999,AI_right,False
1052,#527,2023-11,No Elegible,Vulnerabilidad Moderada,1.0,1.0,1.0,1.0,1.776038647,2.823478261,1.790108696,1.0,sotap,2,average,jefatura_masculina,no,espanol_ningun_adulto,adultos_ninguno_analfabeta,,0,0,0.0,26.18890898,2.730928248,25.34612370011462,EXCLUSION,27.4,medium,EXCLUSION,0.16439999999999996,AI_right,False
1053,#527,2023-11,Elegible,Vulnerabilidad Elevada,2.700708215,1.0,3.251728045,1.0,1.776038647,2.823478261,1.790108696,1.0,sotap,3,low,jefatura_femenina,si,espanol_uno_mas_adultos,adultos_ninguno_analfabeta,,0,0,24.2379543,26.18890898,3.45239235,50.36407960744292,INCLUSION,25.62,high,INCLUSION,0.15372,AI_right,False
1054,#1223,2023-11,Elegible,Vulnerabilidad Elevada,2.700708215,1.0,3.251728045,1.0,1.776038647,2.117608696,1.790108696,1.043888889,sotap,1,low,,,espanol_ningun_adulto,adultos_uno_mas_analfabeta,,0,0,24.2379543,22.50821784,3.34966485,46.80183678901926,INCLUSION,30.04,high,INCLUSION,0.18023999999999998,AI_right,False
1055,#1860,2023-06,No Elegible por Intenciones,Vulnerabilidad Baja,1.0,1.0,1.0,1.0,1.0,1.498900966,1.0,1.0,pcr_cdmx,3,average,jefatura_femenina,no,espanol_uno_mas_adultos,adultos_ninguno_analfabeta,0.0,0,0,0.0,3.815111519,2.10647915,3.692337415207061,EXCLUSION,18.45,low,EXCLUSION,0.11069999999999999,AI_right,False
1056,,2024-04,No Elegible,Vulnerabilidad Moderada,1.0,1.525552408,1.0,1.0,1.776038647,2.823478261,1.790108696,1.043888889,,3,low,jefatura_masculina,no,espanol_ningun_adulto,adultos_ninguno_analfabeta,,0,0,3.741369748,26.85846924,2.86098074,29.85590760924795,EXCLUSION,21.67,medium,EXCLUSION,0.13002,AI_right,False
1057,#071,2024-03,No Elegible,Vulnerabilidad Baja,1.0,1.0,1.0,1.0,1.0,1.498900966,1.0,1.0,sotap,1,low,,,espanol_uno_mas_adultos,adultos_ninguno_analfabeta,500.0,0,0,0.0,3.815111519,2.10647915,3.692337415207061,EXCLUSION,22.39,low,EXCLUSION,0.13434000000000001,AI_right,False
1058,,2024-02,No Elegible,Vulnerabilidad Elevada,1.0,2.051104816,1.0,1.564135978,1.776038647,2.823478261,1.790108696,1.043888889,,4,average,jefatura_masculina,no,espanol_uno_mas_adultos,adultos_ninguno_analfabeta,,0,0,11.36661491,26.85846924,3.087952892,37.72654078580627,EXCLUSION,27.18,high,EXCLUSION,0.16307999999999997,AI_right,False
1059,#1497,2024-05,No Elegible,Vulnerabilidad Moderada,1.0,1.0,1.0,1.0,1.776038647,2.823478261,1.790108696,1.0,futij,4,average,jefatura_femenina,no,espanol_uno_mas_adultos,adultos_ninguno_analfabeta,0.0,0,0,0.0,26.18890898,2.730928248,25.34612370011462,EXCLUSION,22.05,medium,EXCLUSION,0.1323,AI_right,False
1060,#112,2023-12,Elegible,Vulnerabilidad Baja,1.0,1.0,1.0,1.0,1.0,1.0,2.580217391,1.0,sotap,2,low,jefatura_femenina,no,espanol_uno_mas_adultos,adultos_ninguno_analfabeta,,0,0,0.0,9.580889352,2.267401085,9.272566751763287,INCLUSION,17.42,low,INCLUSION,0.10452000000000002,AI_right,False
1061,,2023-06,No Elegible,Vulnerabilidad Elevada,2.700708215,2.051104816,1.249197356,1.0,1.776038647,1.498900966,2.580217391,1.043888889,,4,average,jefatura_masculina,no,espanol_uno_mas_adultos,adultos_uno_mas_analfabeta,,0,0,20.89305637,22.80125306,3.258279578,43.63290175231912,EXCLUSION,20.97,high,EXCLUSION,0.12582,AI_right,False
1062,#071,2024-04,Lista de Reserva,Vulnerabilidad Baja,1.599560907,1.0,1.0,1.0,1.0,1.0,1.790108696,1.043888889,sotap,1,low,,,espanol_uno_mas_adultos,adultos_ninguno_analfabeta,,0,0,4.186184624,6.061858428,2.293790976,10.187681993313475,EXCLUSION,14.34,low,EXCLUSION,0.08603999999999999,AI_right,False
1063,#527,2023-12,Lista de Reserva,Vulnerabilidad Severa,2.700708215,1.0,3.251728045,1.564135978,1.776038647,2.823478261,1.790108696,1.043888889,sotap,1,low,,,espanol_uno_mas_adultos,adultos_ninguno_analfabeta,,0,0,31.08118723,26.85846924,3.674774537,58.07554775763619,EXCLUSION,25.9,high,EXCLUSION,0.1554,AI_right,False
1064,#606,2024-02,No Elegible,Vulnerabilidad Elevada,2.070141643,1.0,1.0,1.0,1.776038647,2.823478261,1.790108696,1.043888889,foten,4,average,jefatura_masculina,no,espanol_uno_mas_adultos,adultos_ninguno_analfabeta,-500.0,0,0,6.702282231,26.85846924,2.949114914,32.912105216863374,EXCLUSION,23.68,medium,EXCLUSION,0.14208,AI_right,False
1065,#071,2023-06,No Elegible,Vulnerabilidad Elevada,1.599560907,2.051104816,1.0,1.0,1.776038647,2.823478261,2.580217391,1.0,sotap,7,average,jefatura_masculina,no,espanol_uno_mas_adultos,adultos_ninguno_analfabeta,0.0,0,0,11.61905914,32.12448674,3.242440821,43.0836607144044,EXCLUSION,21.86,high,EXCLUSION,0.13116,AI_right,False
1066,#071,2024-02,No Elegible,Vulnerabilidad Baja,1.0,1.0,1.0,1.0,1.776038647,1.0,1.790108696,1.0,sotap,1,low,,,espanol_uno_mas_adultos,adultos_ninguno_analfabeta,,0,0,0.0,12.01413641,2.33531262,11.62750948618979,EXCLUSION,21.34,low,EXCLUSION,0.12804,AI_right,False
1067,#112,2023-08,Lista de Reserva,Vulnerabilidad Baja,1.0,1.0,2.578385269,1.0,1.0,1.0,1.0,1.043888889,sotap,1,low,,,espanol_uno_mas_adultos,adultos_ninguno_analfabeta,0.0,0,0,8.975915299,0.386821499,2.277972167,9.6391424255778,EXCLUSION,25.9,low,INCLUSION,0.1554,wrongly_include,True
1068,#1101,2024-04,No Elegible,Vulnerabilidad Baja,1.0,1.0,1.0,1.0,1.776038647,1.0,2.580217391,1.0,sotap,1,low,,,espanol_uno_mas_adultos,adultos_ninguno_analfabeta,0.0,0,0,0.0,16.59309681,2.46311067,16.059114361557388,EXCLUSION,13.87,low,INCLUSION,0.08321999999999999,wrongly_include,True
1069,#1223,2023-07,No Elegible,Vulnerabilidad Elevada,1.0,1.0,1.0,1.0,1.776038647,2.117608696,2.580217391,1.738466184,sotap,2,average,jefatura_masculina,no,espanol_uno_mas_adultos,adultos_ninguno_analfabeta,0.0,0,0,0.0,36.78475459,3.0266566,35.60098440253921,EXCLUSION,14.78,high,INCLUSION,0.08868,wrongly_include,True
1070,#1311,2023-10,No Elegible,Vulnerabilidad Severa,2.070141643,1.0,3.251728045,1.0,1.776038647,2.823478261,2.580217391,1.043888889,sotap,5,high,jefatura_masculina,no,espanol_uno_mas_adultos,adultos_uno_mas_analfabeta,-500.0,0,0,20.51851115,32.85812825,3.527816682,52.9795381821049,EXCLUSION,31.41,high,EXCLUSION,0.18846,AI_right,False
1071,#252,2024-04,No Elegible,Vulnerabilidad Baja,1.0,1.0,1.0,1.0,1.0,1.0,1.790108696,1.0,sotap,1,low,,,espanol_uno_mas_adultos,adultos_ninguno_analfabeta,,0,0,0.0,5.614422911,2.156697643,5.433745167301109,EXCLUSION,14.4,low,EXCLUSION,0.0864,AI_right,False
1072,#071,2024-01,Elegible,Vulnerabilidad Baja,1.0,1.0,1.0,1.0,1.776038647,1.0,1.790108696,1.0,sotap,3,low,jefatura_masculina,no,espanol_uno_mas_adultos,adultos_ninguno_analfabeta,0.0,0,0,0.0,12.01413641,2.33531262,11.62750948618979,INCLUSION,20.7,low,INCLUSION,0.12419999999999999,AI_right,False
1073,#252,2024-05,Lista de Reserva,Vulnerabilidad Baja,1.0,1.0,2.578385269,1.0,1.0,2.117608696,1.790108696,1.0,sotap,1,low,,,espanol_uno_mas_adultos,adultos_ninguno_analfabeta,0.0,0,0,8.975915299,14.16503897,2.662520006,22.973963080143548,EXCLUSION,21.97,medium,EXCLUSION,0.13182,AI_right,False
1074,#1311,2024-04,No Elegible,Vulnerabilidad Elevada,2.070141643,1.0,1.0,1.0,1.776038647,2.823478261,2.580217391,1.043888889,sotap,3,average,jefatura_femenina,no,espanol_uno_mas_adultos,adultos_ninguno_analfabeta,,0,0,6.702282231,32.85812825,3.116564434,38.71868920026256,EXCLUSION,18.66,high,EXCLUSION,0.11195999999999999,AI_right,False
1075,#1101,2023-08,Lista de Reserva,Vulnerabilidad Moderada,1.0,1.0,1.0,1.0,1.776038647,2.823478261,2.580217391,1.0,sotap,1,low,,,espanol_uno_mas_adultos,adultos_ninguno_analfabeta,,0,0,0.0,32.12448674,2.896589272,31.09068863222006,EXCLUSION,22.17,medium,EXCLUSION,0.13302,AI_right,False
1076,#1860,2023-07,No Elegible,Vulnerabilidad Baja,1.0,1.0,1.0,1.0,1.776038647,1.0,2.580217391,1.0,pcr_cdmx,3,average,jefatura_femenina,si,espanol_uno_mas_adultos,adultos_ninguno_analfabeta,0.0,0,0,0.0,16.59309681,2.46311067,16.059114361557388,EXCLUSION,16.06,low,EXCLUSION,0.09635999999999999,AI_right,False
1077,#527,2024-06,No Elegible,Vulnerabilidad Moderada,1.0,1.0,1.0,1.0,1.776038647,2.823478261,1.790108696,1.043888889,sotap,1,low,,,espanol_ningun_adulto,adultos_ninguno_analfabeta,-500.0,0,0,0.0,26.85846924,2.749615568,25.99413684138756,EXCLUSION,16.3,medium,EXCLUSION,0.0978,AI_right,False
1078,#1311,2023-11,Elegible,Vulnerabilidad Moderada,1.0,1.0,2.578385269,1.0,1.776038647,2.117608696,1.790108696,1.0,sotap,3,low,jefatura_masculina,no,espanol_uno_mas_adultos,adultos_ninguno_analfabeta,0.0,0,0,8.975915299,21.88512181,2.877986279,30.44560593426951,INCLUSION,29.75,medium,EXCLUSION,0.1785,wrongly_exclude,True
1079,#252,2023-08,No Elegible,Vulnerabilidad Moderada,1.0,1.0,1.0,1.0,1.776038647,2.823478261,2.580217391,1.0,sotap,1,low,,,espanol_uno_mas_adultos,adultos_ninguno_analfabeta,,0,0,0.0,32.12448674,2.896589272,31.09068863222006,EXCLUSION,21.45,medium,EXCLUSION,0.12869999999999998,AI_right,False
1080,#252,2023-09,Lista de Reserva,Vulnerabilidad Baja,1.0,1.0,1.0,1.0,1.776038647,2.117608696,1.790108696,1.0,sotap,1,low,,,espanol_uno_mas_adultos,adultos_ninguno_analfabeta,-500.0,0,0,0.0,21.88512181,2.610810239,21.18083670503239,EXCLUSION,20.64,low,EXCLUSION,0.12383999999999999,AI_right,False
1081,#1415,2024-04,No Elegible,Vulnerabilidad Baja,1.0,1.0,2.578385269,1.0,1.0,1.0,1.0,1.0,fomon,3,low,jefatura_masculina,no,espanol_uno_mas_adultos,adultos_ninguno_analfabeta,,0,0,8.975915299,0.0,2.267176041,9.26476922923712,EXCLUSION,18.0,low,EXCLUSION,0.108,AI_right,False
1082,#527,2024-01,No Elegible,Vulnerabilidad Elevada,1.0,2.051104816,1.0,1.0,1.776038647,2.117608696,2.580217391,1.043888889,sotap,4,average,jefatura_femenina,si,espanol_uno_mas_adultos,adultos_ninguno_analfabeta,,0,0,6.609317356,28.09152966,2.980762251,34.00952794184498,EXCLUSION,22.47,high,EXCLUSION,0.13482,AI_right,False
1083,#1311,2024-01,No Elegible,Vulnerabilidad Severa,2.070141643,2.051104816,1.0,1.0,1.776038647,2.117608696,2.580217391,2.544987923,sotap,3,complete,jefatura_femenina,si,espanol_uno_mas_adultos,adultos_ninguno_analfabeta,,0,0,14.63015408,44.04383881,3.664735924,57.72743110170387,EXCLUSION,25.03,high,EXCLUSION,0.15018,AI_right,False
1084,#252,2024-06,No Elegible,Vulnerabilidad Baja,1.0,1.0,1.249197356,1.0,1.0,1.498900966,1.0,1.0,sotap,2,low,jefatura_masculina,no,espanol_ningun_adulto,adultos_ninguno_analfabeta,,0,0,1.921713018,3.815111519,2.163680634,5.67589307983932,EXCLUSION,15.92,low,EXCLUSION,0.09552000000000001,AI_right,False
1085,#527,2024-06,Lista de Reserva,Vulnerabilidad Baja,1.0,1.0,1.0,1.0,1.776038647,1.0,2.580217391,1.0,sotap,4,average,jefatura_masculina,no,espanol_uno_mas_adultos,adultos_ninguno_analfabeta,0.0,0,0,0.0,16.59309681,2.46311067,16.059114361557388,EXCLUSION,16.17,low,EXCLUSION,0.09702000000000001,AI_right,False
1086,#606,2023-07,Elegible,Vulnerabilidad Baja,1.0,1.0,1.0,1.0,1.0,1.0,1.0,1.0,foten,1,low,,,espanol_uno_mas_adultos,adultos_ninguno_analfabeta,-500.0,0,0,0.0,0.0,2.0,0.0,INCLUSION,11.99,low,INCLUSION,0.07194,AI_right,False
1087,#252,2024-03,Elegible,Vulnerabilidad Baja,1.0,1.0,1.0,1.0,1.0,1.0,1.0,1.0,sotap,1,low,,,espanol_uno_mas_adultos,adultos_ninguno_analfabeta,,0,0,0.0,0.0,2.0,0.0,INCLUSION,20.56,low,INCLUSION,0.12335999999999998,AI_right,False
1088,#1311,2024-05,No Elegible,Vulnerabilidad Baja,1.0,1.0,1.249197356,1.0,1.776038647,1.498900966,1.790108696,1.043888889,sotap,1,low,,,espanol_uno_mas_adultos,adultos_ninguno_analfabeta,,0,0,1.921713018,17.68003002,2.550648286,19.09462463855864,EXCLUSION,19.06,low,EXCLUSION,0.11435999999999999,AI_right,False
1089,#527,2023-11,Lista de Reserva,Vulnerabilidad Baja,1.0,1.0,1.0,1.0,1.0,1.498900966,1.790108696,1.0,sotap,1,low,,,espanol_uno_mas_adultos,adultos_ninguno_analfabeta,0.0,0,0,0.0,10.02735341,2.279861825,9.70466314991279,EXCLUSION,19.11,low,EXCLUSION,0.11465999999999998,AI_right,False
1090,#1101,2024-04,Elegible,Vulnerabilidad Baja,1.0,1.0,1.0,1.0,1.776038647,1.498900966,1.790108696,1.0,sotap,1,low,,,espanol_uno_mas_adultos,adultos_ninguno_analfabeta,0.0,0,0,0.0,17.10850297,2.477495573,16.55793423592243,INCLUSION,18.4,low,INCLUSION,0.1104,AI_right,False
1091,#645,2024-06,No Elegible,Vulnerabilidad Elevada,1.0,1.0,3.251728045,1.0,1.776038647,2.117608696,2.580217391,1.043888889,fupal,5,high,jefatura_masculina,no,espanol_ningun_adulto,adultos_ninguno_analfabeta,,0,0,11.51832969,28.09152966,3.126883335,39.07651720176543,EXCLUSION,23.82,high,EXCLUSION,0.14292,AI_right,False
1092,#1102,2024-01,Elegible,Vulnerabilidad Baja,1.0,1.0,1.0,1.0,1.776038647,2.823478261,1.0,1.0,pcr_cdmx,1,low,,,espanol_ningun_adulto,adultos_ninguno_analfabeta,,0,0,0.0,17.78726377,2.496439678,17.21485183461763,INCLUSION,32.89,low,INCLUSION,0.19734000000000002,AI_right,False
1093,#016,2023-07,Lista de Reserva,Vulnerabilidad Elevada,1.0,1.0,2.578385269,1.0,1.776038647,2.823478261,2.580217391,1.043888889,futij,1,low,,,espanol_uno_mas_adultos,adultos_uno_mas_analfabeta,0.0,0,0,8.975915299,32.85812825,3.184241129,41.06549005402387,EXCLUSION,25.41,high,EXCLUSION,0.15245999999999998,AI_right,False
1094,#692,2023-07,No Elegible,Vulnerabilidad Baja,1.0,1.0,1.0,1.0,1.0,1.498900966,1.790108696,1.043888889,pcr_cdmx,5,average,jefatura_femenina,si,espanol_uno_mas_adultos,adultos_ninguno_analfabeta,0.0,0,0,0.0,10.52243148,2.293679375,10.18380911254212,EXCLUSION,15.59,low,EXCLUSION,0.09354,AI_right,False
1095,#1223,2023-08,Elegible,Vulnerabilidad Baja,1.0,1.525552408,2.578385269,1.0,1.0,1.498900966,1.0,1.0,sotap,3,low,jefatura_masculina,no,espanol_uno_mas_adultos,adultos_ninguno_analfabeta,0.0,0,0,13.7168894,3.815111519,2.51477447,17.85065003298846,INCLUSION,22.34,low,INCLUSION,0.13404,AI_right,False
1096,#606,2023-10,Elegible,Vulnerabilidad Severa,2.700708215,1.0,3.251728045,1.0,1.776038647,2.823478261,2.580217391,1.043888889,foten,1,low,,,espanol_uno_mas_adultos,adultos_ninguno_analfabeta,0.0,0,0,24.2379543,32.85812825,3.63852919,56.81867673211505,INCLUSION,28.03,high,EXCLUSION,0.16818,wrongly_exclude,True
1097,#1101,2023-12,No Elegible,Vulnerabilidad Elevada,2.070141643,1.0,1.0,1.0,1.776038647,2.823478261,2.580217391,1.043888889,sotap,3,average,jefatura_femenina,si,espanol_uno_mas_adultos,adultos_ninguno_analfabeta,,0,0,6.702282231,32.85812825,3.116564434,38.71868920026256,EXCLUSION,26.43,high,EXCLUSION,0.15857999999999997,AI_right,False
1098,#645,2024-05,No Elegible,Vulnerabilidad Moderada,1.0,1.0,1.0,1.0,1.776038647,2.823478261,1.790108696,1.0,fupal,1,low,,,espanol_uno_mas_adultos,adultos_ninguno_analfabeta,,0,0,0.0,26.18890898,2.730928248,25.34612370011462,EXCLUSION,19.38,medium,EXCLUSION,0.11628,AI_right,False
1099,#555,2023-09,Elegible,Vulnerabilidad Baja,1.0,1.0,1.0,1.0,1.776038647,1.0,2.580217391,1.043888889,sotap,1,low,,,espanol_uno_mas_adultos,adultos_ninguno_analfabeta,0.0,0,0,0.0,17.15905947,2.478906597,16.60686377719593,INCLUSION,16.72,low,INCLUSION,0.10031999999999999,AI_right,False
1100,#071,2023-11,Lista de Reserva,Vulnerabilidad Elevada,2.070141643,1.0,1.0,1.0,1.776038647,2.117608696,2.580217391,1.043888889,sotap,4,average,jefatura_masculina,no,espanol_uno_mas_adultos,adultos_ninguno_analfabeta,,0,0,6.702282231,28.09152966,2.983529432,34.10548451948735,EXCLUSION,22.34,high,EXCLUSION,0.13404,AI_right,False
1101,#112,2024-06,No Elegible,Vulnerabilidad Baja,1.0,1.0,2.578385269,1.0,1.776038647,1.0,1.790108696,1.0,sotap,1,low,,,espanol_uno_mas_adultos,adultos_ninguno_analfabeta,-500.0,0,0,8.975915299,12.01413641,2.602488661,20.89227871542691,EXCLUSION,15.71,low,EXCLUSION,0.09426000000000001,AI_right,False
1102,#527,2024-07,No Elegible,Vulnerabilidad Severa,2.700708215,2.051104816,3.251728045,1.0,1.776038647,2.117608696,2.580217391,1.043888889,sotap,2,average,jefatura_femenina,no,espanol_uno_mas_adultos,adultos_uno_mas_analfabeta,,0,0,35.61565687,28.09152966,3.844161546,63.94932046774501,EXCLUSION,29.35,high,EXCLUSION,0.1761,AI_right,False
1103,#645,2024-03,Lista de Reserva,Vulnerabilidad Severa,2.070141643,1.0,1.0,1.0,1.776038647,2.823478261,2.580217391,2.544987923,fupal,1,low,,,espanol_uno_mas_adultos,adultos_uno_mas_analfabeta,,0,0,6.702282231,50.0,3.594991325,55.308918375475805,EXCLUSION,28.47,high,EXCLUSION,0.17082,AI_right,False
1104,#1102,2023-08,Lista de Reserva,Vulnerabilidad Baja,1.0,1.0,1.0,1.0,1.0,1.0,1.790108696,1.0,pcr_cdmx,1,low,,,espanol_uno_mas_adultos,adultos_ninguno_analfabeta,,0,0,0.0,5.614422911,2.156697643,5.433745167301109,EXCLUSION,21.95,low,EXCLUSION,0.13169999999999998,AI_right,False
1105,#672,2024-03,No Elegible,Vulnerabilidad Baja,1.0,1.0,1.0,1.0,1.0,2.117608696,1.0,1.0,fupal,1,low,,,espanol_uno_mas_adultos,adultos_ninguno_analfabeta,-500.0,0,0,0.0,7.392265486,2.206316944,7.154374990395034,EXCLUSION,19.44,low,INCLUSION,0.11664000000000001,wrongly_include,True
1106,#527,2024-01,No Elegible,Vulnerabilidad Baja,1.0,1.525552408,1.0,1.0,1.776038647,1.498900966,1.790108696,1.0,sotap,4,average,jefatura_masculina,no,espanol_uno_mas_adultos,adultos_ninguno_analfabeta,500.0,0,0,3.741369748,17.10850297,2.588860746,20.41970500378282,EXCLUSION,27.19,low,INCLUSION,0.16314,wrongly_include,True
1107,#555,2024-02,No Elegible,Vulnerabilidad Elevada,1.599560907,1.0,2.578385269,1.0,1.776038647,2.823478261,2.580217391,1.043888889,sotap,2,complete,jefatura_femenina,si,espanol_uno_mas_adultos,adultos_ninguno_analfabeta,0.0,0,0,14.28054816,32.85812825,3.342138208,46.54083130512371,EXCLUSION,23.71,high,EXCLUSION,0.14226,AI_right,False
1108,#645,2024-03,Elegible,Vulnerabilidad Moderada,1.0,1.0,1.0,1.0,1.776038647,2.823478261,1.790108696,1.0,fupal,1,low,,,espanol_uno_mas_adultos,adultos_ninguno_analfabeta,,0,0,0.0,26.18890898,2.730928248,25.34612370011462,INCLUSION,24.86,medium,INCLUSION,0.14916,AI_right,False
1109,#112,2024-05,No Elegible,Vulnerabilidad Baja,1.0,1.0,1.0,1.0,1.776038647,1.0,2.580217391,1.0,sotap,1,low,,,espanol_uno_mas_adultos,adultos_ninguno_analfabeta,0.0,0,0,0.0,16.59309681,2.46311067,16.059114361557388,EXCLUSION,17.44,low,EXCLUSION,0.10464,AI_right,False
1110,#1311,2024-06,No Elegible,Vulnerabilidad Elevada,1.0,1.0,2.578385269,1.0,1.776038647,2.117608696,2.580217391,1.043888889,sotap,1,low,,,espanol_uno_mas_adultos,adultos_ninguno_analfabeta,-500.0,0,0,8.975915299,28.09152966,3.051206127,36.45228537324866,EXCLUSION,17.02,high,EXCLUSION,0.10211999999999999,AI_right,False
1111,#071,2024-04,No Elegible,Vulnerabilidad Baja,1.0,1.0,1.0,1.0,1.0,1.0,1.790108696,1.0,sotap,6,average,jefatura_femenina,si,espanol_uno_mas_adultos,adultos_ninguno_analfabeta,0.0,0,0,0.0,5.614422911,2.156697643,5.433745167301109,EXCLUSION,16.1,low,EXCLUSION,0.0966,AI_right,False
1112,#1311,2024-02,No Elegible,Vulnerabilidad Elevada,2.070141643,1.0,3.251728045,1.0,1.0,2.117608696,2.580217391,1.043888889,sotap,3,average,jefatura_femenina,si,espanol_uno_mas_adultos,adultos_ninguno_analfabeta,,0,0,20.51851115,19.54126117,3.156145058,40.09122120160637,EXCLUSION,22.89,high,EXCLUSION,0.13734,AI_right,False
1113,#1223,2023-11,Elegible,Vulnerabilidad Severa,2.070141643,2.051104816,3.251728045,1.0,1.776038647,2.823478261,1.790108696,1.043888889,sotap,3,complete,jefatura_masculina,no,espanol_uno_mas_adultos,adultos_uno_mas_analfabeta,0.0,0,0,31.16447961,26.85846924,3.677253808,58.16152056971697,INCLUSION,32.46,high,INCLUSION,0.19476,AI_right,False
1114,#527,2024-05,No Elegible,Vulnerabilidad Elevada,2.700708215,1.0,1.0,1.0,1.776038647,2.823478261,1.790108696,1.0,sotap,5,low,jefatura_femenina,no,espanol_uno_mas_adultos,adultos_ninguno_analfabeta,,0,0,9.472088355,26.18890898,3.012873318,35.123033330466875,EXCLUSION,16.48,high,EXCLUSION,0.09888,AI_right,False
1115,#555,2023-07,Lista de Reserva,Vulnerabilidad Moderada,1.0,1.0,1.0,1.0,1.776038647,2.823478261,2.580217391,1.0,sotap,6,average,jefatura_masculina,no,espanol_ningun_adulto,adultos_ninguno_analfabeta,,0,0,0.0,32.12448674,2.896589272,31.09068863222006,EXCLUSION,17.6,medium,EXCLUSION,0.10560000000000001,AI_right,False
1116,#1311,2024-04,Elegible,Vulnerabilidad Baja,1.0,1.0,1.0,1.0,1.0,1.498900966,1.0,1.0,sotap,1,low,,,espanol_uno_mas_adultos,adultos_uno_mas_analfabeta,0.0,0,0,0.0,3.815111519,2.10647915,3.692337415207061,INCLUSION,17.49,low,INCLUSION,0.10493999999999998,AI_right,False
1117,#112,2023-11,Elegible,Vulnerabilidad Baja,1.0,2.051104816,1.0,1.0,1.776038647,1.498900966,1.790108696,1.0,sotap,2,low,jefatura_masculina,no,espanol_uno_mas_adultos,adultos_ninguno_analfabeta,0.0,0,0,6.609317356,17.10850297,2.674227738,23.379946033755868,INCLUSION,24.0,medium,INCLUSION,0.144,AI_right,False
1118,#1860,2023-10,Elegible,Vulnerabilidad Elevada,1.0,1.0,1.0,1.0,1.776038647,2.117608696,2.580217391,1.738466184,pcr_cdmx,1,low,,,espanol_uno_mas_adultos,adultos_ninguno_analfabeta,0.0,0,0,0.0,36.78475459,3.0266566,35.60098440253921,INCLUSION,27.39,high,INCLUSION,0.16434,AI_right,False
1119,#555,2023-12,Lista de Reserva,Vulnerabilidad Elevada,1.0,1.0,2.578385269,1.0,1.776038647,2.823478261,1.790108696,1.0,sotap,1,low,,,espanol_uno_mas_adultos,adultos_ninguno_analfabeta,,0,0,8.975915299,26.18890898,2.998104289,34.61089292935174,EXCLUSION,27.47,high,EXCLUSION,0.16482,AI_right,False
1120,#1101,2024-03,No Elegible,Vulnerabilidad Baja,1.0,2.051104816,1.0,1.0,1.776038647,1.498900966,1.790108696,1.0,sotap,1,low,,,espanol_uno_mas_adultos,adultos_ninguno_analfabeta,,0,0,6.609317356,17.10850297,2.674227738,23.379946033755868,EXCLUSION,25.01,medium,EXCLUSION,0.15006,AI_right,False
1121,#112,2024-05,No Elegible,Vulnerabilidad Moderada,1.0,1.0,1.0,1.0,1.776038647,2.823478261,1.790108696,1.0,sotap,4,average,jefatura_masculina,no,espanol_ningun_adulto,adultos_ninguno_analfabeta,,0,0,0.0,26.18890898,2.730928248,25.34612370011462,EXCLUSION,20.24,medium,EXCLUSION,0.12143999999999999,AI_right,False
1122,#1167,2024-02,Elegible,Vulnerabilidad Elevada,2.070141643,1.0,2.578385269,1.0,1.776038647,2.823478261,1.790108696,1.043888889,foten,1,low,,,espanol_uno_mas_adultos,adultos_uno_mas_analfabeta,0.0,0,0,17.46888676,26.85846924,3.2695924,44.02518984621112,INCLUSION,30.51,high,INCLUSION,0.18306000000000003,AI_right,False
1123,#252,2024-01,No Elegible,Vulnerabilidad Moderada,1.0,1.0,1.0,1.0,1.776038647,2.117608696,2.580217391,1.0,sotap,2,low,jefatura_masculina,no,espanol_uno_mas_adultos,adultos_ninguno_analfabeta,0.0,0,0,0.0,27.40879931,2.764975192,26.526756739404888,EXCLUSION,28.95,medium,EXCLUSION,0.1737,AI_right,False
1124,#1101,2023-10,Elegible,Vulnerabilidad Elevada,1.0,1.0,2.578385269,1.0,1.776038647,2.823478261,1.790108696,1.043888889,sotap,1,low,,,espanol_uno_mas_adultos,adultos_uno_mas_analfabeta,,0,0,8.975915299,26.85846924,3.016791609,35.25890607062468,INCLUSION,29.95,high,INCLUSION,0.1797,AI_right,False
1125,#133,2024-02,Lista de Reserva,Vulnerabilidad Baja,1.0,1.0,1.0,1.0,1.0,1.0,1.790108696,1.043888889,fupal,2,low,jefatura_masculina,no,espanol_uno_mas_adultos,adultos_ninguno_analfabeta,,0,0,0.0,6.061858428,2.169185496,5.866781761928531,EXCLUSION,18.66,low,EXCLUSION,0.11195999999999999,AI_right,False
1126,#238,2024-04,No Elegible por Duplicidad,Vulnerabilidad Baja,2.700708215,1.0,1.0,1.0,1.0,1.0,1.790108696,1.0,futij,1,low,,,espanol_uno_mas_adultos,adultos_ninguno_analfabeta,0.0,0,0,9.472088355,5.614422911,2.438642712,15.210654797653364,EXCLUSION,13.97,low,EXCLUSION,0.08382,AI_right,False
1127,#1359,2023-09,No Elegible,Vulnerabilidad Elevada,2.070141643,1.0,1.0,1.0,1.776038647,2.823478261,2.580217391,1.043888889,foten,2,average,jefatura_femenina,si,espanol_uno_mas_adultos,adultos_ninguno_analfabeta,-500.0,0,0,6.702282231,32.85812825,3.116564434,38.71868920026256,EXCLUSION,18.41,high,EXCLUSION,0.11046,AI_right,False
1128,#1311,2024-05,No Elegible,Vulnerabilidad Baja,1.0,1.0,2.578385269,1.0,1.776038647,1.0,1.790108696,1.0,sotap,1,low,,,espanol_uno_mas_adultos,adultos_ninguno_analfabeta,,0,0,8.975915299,12.01413641,2.602488661,20.89227871542691,EXCLUSION,18.41,low,EXCLUSION,0.11046,AI_right,False
1129,#112,2024-06,No Elegible,Vulnerabilidad Baja,1.0,1.525552408,1.0,1.0,1.776038647,1.0,1.0,1.0,sotap,4,average,jefatura_masculina,no,espanol_uno_mas_adultos,adultos_ninguno_analfabeta,0.0,0,0,3.741369748,5.532745347,2.265783208,9.21646683684858,EXCLUSION,16.72,low,EXCLUSION,0.10031999999999999,AI_right,False
1130,#071,2024-02,No Elegible,Vulnerabilidad Baja,2.070141643,1.0,1.0,1.0,1.776038647,1.0,1.790108696,1.043888889,sotap,3,average,jefatura_masculina,no,espanol_uno_mas_adultos,adultos_ninguno_analfabeta,,0,0,6.702282231,12.53066404,2.549228169,19.04538311600457,EXCLUSION,20.71,low,EXCLUSION,0.12426,AI_right,False
1131,#112,2024-01,No Elegible,Vulnerabilidad Elevada,1.0,1.0,2.578385269,1.0,1.776038647,2.117608696,2.580217391,1.043888889,sotap,2,low,jefatura_masculina,no,espanol_ningun_adulto,adultos_uno_mas_analfabeta,0.0,0,0,8.975915299,28.09152966,3.051206127,36.45228537324866,EXCLUSION,37.3,high,EXCLUSION,0.2238,AI_right,False
1132,#1311,2024-03,Elegible,Vulnerabilidad Moderada,2.700708215,1.0,1.0,1.0,1.776038647,2.117608696,2.580217391,1.043888889,sotap,5,high,jefatura_masculina,no,espanol_uno_mas_adultos,adultos_ninguno_analfabeta,0.0,0,-500,9.472088355,28.09152966,3.065975156,36.9644257743638,INCLUSION,24.95,high,INCLUSION,0.1497,AI_right,False
1133,#1476,2024-07,Lista de Reserva,Vulnerabilidad Elevada,2.070141643,1.0,1.0,1.0,1.776038647,2.117608696,2.580217391,1.043888889,pcr_cdmx,1,low,,,espanol_ningun_adulto,adultos_uno_mas_analfabeta,0.0,0,0,6.702282231,28.09152966,2.983529432,34.10548451948735,EXCLUSION,22.26,high,EXCLUSION,0.13356,AI_right,False
1134,#1359,2023-06,No Elegible,Vulnerabilidad Elevada,1.0,1.0,1.0,1.0,1.776038647,2.823478261,2.580217391,1.043888889,foten,3,average,jefatura_femenina,si,espanol_uno_mas_adultos,adultos_ninguno_analfabeta,0.0,0,0,0.0,32.85812825,2.917065088,31.80072082478675,EXCLUSION,19.88,medium,EXCLUSION,0.11927999999999998,AI_right,False
1135,#016,2024-01,No Elegible,Vulnerabilidad Baja,1.599560907,1.0,1.249197356,1.0,1.0,1.498900966,1.790108696,1.043888889,futij,1,low,,,espanol_uno_mas_adultos,adultos_ninguno_analfabeta,,0,0,6.347353616,10.52243148,2.482613957,16.735426915258614,EXCLUSION,22.94,low,EXCLUSION,0.13764,AI_right,False
1136,#555,2024-05,No Elegible,Vulnerabilidad Moderada,1.0,1.525552408,1.0,1.0,1.776038647,2.823478261,1.790108696,1.0,sotap,1,low,,,espanol_ningun_adulto,adultos_ninguno_analfabeta,0.0,0,-500,3.741369748,26.18890898,2.842293421,29.20789446797501,EXCLUSION,25.42,medium,EXCLUSION,0.15252000000000002,AI_right,False
1137,#112,2024-03,No Elegible,Vulnerabilidad Baja,1.0,1.0,1.0,1.0,1.776038647,2.117608696,1.790108696,1.0,sotap,4,average,jefatura_masculina,no,espanol_uno_mas_adultos,adultos_ninguno_analfabeta,,0,0,0.0,21.88512181,2.610810239,21.18083670503239,EXCLUSION,25.15,low,EXCLUSION,0.1509,AI_right,False
1138,#555,2023-10,Lista de Reserva,Vulnerabilidad Severa,2.070141643,1.0,2.578385269,1.0,1.776038647,2.117608696,2.580217391,2.544987923,sotap,5,high,jefatura_femenina,si,espanol_ningun_adulto,adultos_ninguno_analfabeta,0.0,0,0,17.46888676,44.04383881,3.749233307,60.65751703807895,EXCLUSION,24.32,high,EXCLUSION,0.14592,AI_right,False
1139,#555,2024-03,No Elegible,Vulnerabilidad Elevada,1.0,1.0,2.578385269,1.0,1.776038647,2.823478261,1.790108696,1.0,sotap,3,low,jefatura_masculina,no,espanol_uno_mas_adultos,adultos_ninguno_analfabeta,0.0,0,0,8.975915299,26.18890898,2.998104289,34.61089292935174,EXCLUSION,25.7,high,EXCLUSION,0.1542,AI_right,False
1140,#645,2024-01,Elegible por Proceso Acelerado,Vulnerabilidad Moderada,1.0,1.0,1.0,1.0,1.776038647,2.823478261,2.580217391,1.0,fupal,5,average,jefatura_femenina,no,espanol_uno_mas_adultos,adultos_ninguno_analfabeta,,0,0,0.0,32.12448674,2.896589272,31.09068863222006,INCLUSION,28.13,medium,INCLUSION,0.16877999999999999,AI_right,False
1141,#071,2024-01,Elegible,Vulnerabilidad Elevada,2.070141643,1.0,1.0,1.0,1.776038647,2.823478261,1.790108696,1.0,sotap,1,low,,,espanol_uno_mas_adultos,adultos_uno_mas_analfabeta,,0,0,6.702282231,26.18890898,2.930427594,32.26409207559043,INCLUSION,28.11,medium,INCLUSION,0.16866,AI_right,False
1142,#071,2024-05,Elegible,Vulnerabilidad Elevada,1.0,2.051104816,2.578385269,1.0,1.776038647,2.823478261,2.580217391,1.0,sotap,3,average,jefatura_femenina,si,espanol_uno_mas_adultos,adultos_ninguno_analfabeta,-500.0,0,0,17.3510839,32.12448674,3.413059597,49.00014776320596,INCLUSION,20.35,high,INCLUSION,0.1221,AI_right,False
1143,#1223,2024-06,No Elegible,Vulnerabilidad Moderada,1.0,2.051104816,1.249197356,1.0,1.776038647,2.117608696,1.790108696,1.0,sotap,5,high,jefatura_masculina,no,espanol_uno_mas_adultos,adultos_ninguno_analfabeta,,0,0,8.909093135,21.88512181,2.875997259,30.376633366209827,EXCLUSION,21.28,medium,EXCLUSION,0.12768000000000002,AI_right,False
1144,#111,2023-08,No Elegible,Vulnerabilidad Baja,1.0,1.0,1.249197356,1.0,1.0,1.0,1.790108696,1.0,fomon,1,low,,,espanol_uno_mas_adultos,adultos_ninguno_analfabeta,,0,0,1.921713018,5.614422911,2.213899127,7.417300831933367,EXCLUSION,19.05,low,EXCLUSION,0.1143,AI_right,False
1145,#440,2024-04,Lista de Reserva,Vulnerabilidad Baja,2.070141643,1.0,1.0,1.0,1.776038647,1.0,1.790108696,1.043888889,pcr_cdmx,2,low,jefatura_masculina,no,espanol_uno_mas_adultos,adultos_ninguno_analfabeta,,0,0,6.702282231,12.53066404,2.549228169,19.04538311600457,EXCLUSION,13.94,low,EXCLUSION,0.08363999999999999,AI_right,False
1146,#527,2024-01,Lista de Reserva,Vulnerabilidad Moderada,2.070141643,1.0,1.0,1.0,1.776038647,2.117608696,1.790108696,1.043888889,sotap,1,low,,,espanol_uno_mas_adultos,adultos_ninguno_analfabeta,,0,0,6.702282231,22.50821784,2.827700095,28.70184925716677,EXCLUSION,23.81,medium,EXCLUSION,0.14286,AI_right,False
1147,#645,2024-05,No Elegible,Vulnerabilidad Moderada,1.0,1.525552408,1.0,1.0,1.776038647,2.823478261,1.790108696,1.0,fupal,1,low,,,espanol_uno_mas_adultos,adultos_ninguno_analfabeta,0.0,0,0,3.741369748,26.18890898,2.842293421,29.20789446797501,EXCLUSION,23.34,medium,EXCLUSION,0.14004,AI_right,False
1148,#555,2024-01,Lista de Reserva,Vulnerabilidad Baja,2.070141643,1.0,2.578385269,1.0,1.0,1.0,1.790108696,1.0,sotap,1,low,,,espanol_uno_mas_adultos,adultos_ninguno_analfabeta,-500.0,-500,0,17.46888676,5.614422911,2.676674474,23.46479817212467,EXCLUSION,27.45,medium,INCLUSION,0.16469999999999999,wrongly_include,True
1149,#112,2023-10,Elegible,Vulnerabilidad Baja,1.0,1.525552408,1.0,1.0,1.776038647,1.498900966,1.0,1.0,sotap,1,low,,,espanol_uno_mas_adultos,adultos_ninguno_analfabeta,,0,0,3.741369748,9.93697889,2.388704659,13.478967740201298,INCLUSION,20.83,low,INCLUSION,0.12497999999999998,AI_right,False
1150,#1311,2024-01,Elegible,Vulnerabilidad Elevada,2.700708215,1.0,1.0,1.0,1.776038647,2.823478261,2.580217391,1.0,sotap,3,average,jefatura_femenina,si,espanol_uno_mas_adultos,adultos_uno_mas_analfabeta,0.0,0,0,9.472088355,32.12448674,3.178534341,40.86759826257232,INCLUSION,22.95,high,INCLUSION,0.1377,AI_right,False
1151,#458,2023-07,No Elegible,Vulnerabilidad Elevada,2.070141643,1.0,2.578385269,1.0,1.776038647,2.823478261,2.580217391,1.043888889,fupal,2,average,jefatura_femenina,si,espanol_uno_mas_adultos,adultos_ninguno_analfabeta,,0,0,17.46888676,32.85812825,3.43704192,49.83177382961031,EXCLUSION,17.64,high,EXCLUSION,0.10584,AI_right,False
1152,#071,2024-01,Elegible,Vulnerabilidad Moderada,1.0,1.0,2.578385269,1.0,1.776038647,2.117608696,1.790108696,1.0,sotap,1,low,,,espanol_uno_mas_adultos,adultos_ninguno_analfabeta,0.0,0,0,8.975915299,21.88512181,2.877986279,30.44560593426951,INCLUSION,31.08,medium,EXCLUSION,0.18647999999999998,wrongly_exclude,True
1153,#071,2024-02,Elegible,Vulnerabilidad Elevada,2.070141643,1.0,3.251728045,1.0,1.776038647,2.117608696,2.580217391,1.043888889,sotap,1,low,,,espanol_uno_mas_adultos,adultos_ninguno_analfabeta,0.0,0,0,20.51851115,28.09152966,3.39478168,48.36633350132969,INCLUSION,24.65,high,INCLUSION,0.1479,AI_right,False
1154,#1492,2023-11,Lista de Reserva,Vulnerabilidad Baja,1.0,1.0,2.578385269,1.0,1.776038647,1.0,1.790108696,1.0,fusal,1,low,,,espanol_ningun_adulto,adultos_ninguno_analfabeta,,0,0,8.975915299,12.01413641,2.602488661,20.89227871542691,EXCLUSION,28.18,low,EXCLUSION,0.16907999999999998,AI_right,False
1155,#555,2023-06,Lista de Reserva,Vulnerabilidad Moderada,1.0,1.0,1.0,1.0,1.776038647,2.823478261,1.790108696,1.0,sotap,1,low,,,espanol_ningun_adulto,adultos_uno_mas_analfabeta,0.0,0,0,0.0,26.18890898,2.730928248,25.34612370011462,EXCLUSION,23.17,medium,EXCLUSION,0.13902,AI_right,False
1156,#527,2023-08,No Elegible,Vulnerabilidad Moderada,1.0,1.525552408,1.0,1.0,1.776038647,1.498900966,2.580217391,1.043888889,sotap,5,low,jefatura_masculina,no,espanol_uno_mas_adultos,adultos_ninguno_analfabeta,,0,0,3.741369748,22.80125306,2.747744488,25.929256703136527,EXCLUSION,20.63,medium,EXCLUSION,0.12377999999999999,AI_right,False
1157,#252,2024-05,No Elegible,Vulnerabilidad Elevada,2.700708215,1.0,1.0,1.0,1.776038647,2.117608696,2.580217391,1.0,sotap,1,low,,,espanol_uno_mas_adultos,adultos_ninguno_analfabeta,,0,0,9.472088355,27.40879931,3.046920262,36.303666369757146,EXCLUSION,14.91,high,EXCLUSION,0.08946,AI_right,False
1158,#1102,2023-11,Lista de Reserva,Vulnerabilidad Baja,1.0,1.0,1.0,1.0,1.776038647,1.0,1.790108696,1.0,pcr_cdmx,2,low,jefatura_masculina,no,espanol_uno_mas_adultos,adultos_ninguno_analfabeta,0.0,0,0,0.0,12.01413641,2.33531262,11.62750948618979,EXCLUSION,23.68,low,EXCLUSION,0.14208,AI_right,False
1159,#071,2023-10,Lista de Reserva,Vulnerabilidad Baja,2.700708215,1.0,1.249197356,1.0,1.0,1.0,1.0,2.544987923,sotap,4,complete,jefatura_masculina,si,espanol_uno_mas_adultos,adultos_ninguno_analfabeta,,0,0,11.93561888,9.42508403,2.618326813,21.44149443200785,EXCLUSION,15.28,medium,INCLUSION,0.09168,wrongly_include,True
1160,#1102,2023-11,No Elegible,Vulnerabilidad Baja,1.0,1.0,1.0,1.0,1.776038647,1.498900966,1.0,1.0,pcr_cdmx,1,low,,,espanol_uno_mas_adultos,adultos_ninguno_analfabeta,0.0,0,0,0.0,9.93697889,2.277339487,9.61719697234091,EXCLUSION,26.39,low,EXCLUSION,0.15834,AI_right,False
1161,#1407,2024-01,Elegible,Vulnerabilidad Elevada,1.0,1.0,3.251728045,1.0,1.776038647,2.823478261,2.580217391,1.043888889,foten,4,average,jefatura_femenina,no,espanol_uno_mas_adultos,adultos_ninguno_analfabeta,,0,0,11.51832969,32.85812825,3.259918337,43.68972188254064,INCLUSION,37.28,high,INCLUSION,0.22368000000000002,AI_right,False
1162,#071,2024-04,Lista de Reserva,Vulnerabilidad Elevada,1.0,2.051104816,2.578385269,1.0,1.776038647,1.0,2.580217391,1.0,sotap,2,average,jefatura_femenina,si,espanol_uno_mas_adultos,adultos_uno_mas_analfabeta,,0,0,17.3510839,16.59309681,2.979580996,33.968573492543285,EXCLUSION,25.08,high,INCLUSION,0.15047999999999997,wrongly_include,True
1163,#1223,2024-03,Elegible,Vulnerabilidad Baja,2.070141643,1.0,1.0,1.0,1.776038647,1.498900966,1.790108696,1.043888889,sotap,1,low,,,espanol_uno_mas_adultos,adultos_ninguno_analfabeta,0.0,0,0,6.702282231,17.68003002,2.692946147,24.029037349402188,INCLUSION,20.24,medium,INCLUSION,0.12143999999999999,AI_right,False
1164,#555,2023-11,Elegible,Vulnerabilidad Elevada,1.0,1.0,2.578385269,1.0,1.776038647,2.823478261,1.790108696,1.0,sotap,1,low,,,espanol_uno_mas_adultos,adultos_ninguno_analfabeta,0.0,0,0,8.975915299,26.18890898,2.998104289,34.61089292935174,INCLUSION,28.05,high,INCLUSION,0.1683,AI_right,False
1165,#1101,2023-06,Lista de Reserva,Vulnerabilidad Baja,1.0,2.051104816,1.0,1.0,1.0,1.498900966,1.0,1.0,sotap,1,low,,,espanol_uno_mas_adultos,adultos_ninguno_analfabeta,,0,0,6.609317356,3.815111519,2.303211315,10.514349213040497,EXCLUSION,21.24,low,EXCLUSION,0.12743999999999997,AI_right,False
1166,#513,2024-02,No Elegible,Vulnerabilidad Baja,1.0,1.0,1.0,1.0,1.776038647,1.0,2.580217391,1.738466184,pcr_cdmx,1,low,,,espanol_ningun_adulto,adultos_uno_mas_analfabeta,0.0,0,0,0.0,24.36547812,2.680036586,23.58137266862028,EXCLUSION,29.88,medium,EXCLUSION,0.17928,AI_right,False
1167,#555,2024-01,Lista de Reserva,Vulnerabilidad Severa,2.070141643,1.0,3.251728045,1.0,1.776038647,2.117608696,2.580217391,2.544987923,sotap,2,low,jefatura_masculina,no,espanol_uno_mas_adultos,adultos_uno_mas_analfabeta,0.0,0,0,20.51851115,44.04383881,3.840008069,63.80528139057354,EXCLUSION,30.06,high,INCLUSION,0.18036,wrongly_include,True
1168,#672,2023-10,No Elegible,Vulnerabilidad Baja,1.0,1.0,1.0,1.0,1.0,2.117608696,1.790108696,1.0,fupal,1,low,,,espanol_uno_mas_adultos,adultos_ninguno_analfabeta,0.0,0,0,0.0,14.16503897,2.395343965,13.709193850906429,EXCLUSION,20.77,low,INCLUSION,0.12462,wrongly_include,True
1169,#1771,2024-05,Elegible,Vulnerabilidad Baja,1.0,2.051104816,1.0,1.0,1.776038647,1.0,1.790108696,1.0,fupal,2,low,jefatura_femenina,no,espanol_uno_mas_adultos,adultos_ninguno_analfabeta,,0,0,6.609317356,12.01413641,2.532044784,18.449521284023227,INCLUSION,16.35,low,INCLUSION,0.0981,AI_right,False
1170,#1101,2023-08,No Elegible por Intenciones,Vulnerabilidad Elevada,1.0,1.525552408,2.578385269,1.0,1.776038647,2.823478261,1.790108696,1.0,sotap,2,average,jefatura_masculina,no,espanol_uno_mas_adultos,adultos_ninguno_analfabeta,0.0,0,0,13.7168894,26.18890898,3.139223567,39.50443631789602,EXCLUSION,27.13,high,EXCLUSION,0.16277999999999998,AI_right,False
1171,#071,2024-01,Lista de Reserva,Vulnerabilidad Elevada,2.700708215,1.0,1.0,1.0,1.776038647,2.823478261,1.790108696,1.0,sotap,1,low,,,espanol_uno_mas_adultos,adultos_ninguno_analfabeta,,0,0,9.472088355,26.18890898,3.012873318,35.123033330466875,EXCLUSION,25.05,high,EXCLUSION,0.1503,AI_right,False
1172,#252,2023-06,Lista de Reserva,Vulnerabilidad Moderada,1.0,1.0,1.0,1.0,1.776038647,2.823478261,1.790108696,1.0,sotap,4,average,jefatura_femenina,si,espanol_uno_mas_adultos,adultos_ninguno_analfabeta,-500.0,0,0,0.0,26.18890898,2.730928248,25.34612370011462,EXCLUSION,19.3,medium,INCLUSION,0.1158,wrongly_include,True
1173,#1725,2024-06,No Elegible,Vulnerabilidad Moderada,2.070141643,1.0,1.0,1.0,1.776038647,1.0,1.790108696,2.544987923,foten,1,low,,,espanol_uno_mas_adultos,adultos_ninguno_analfabeta,,0,0,6.702282231,24.59957006,2.8860694,30.72589967137496,EXCLUSION,14.35,medium,INCLUSION,0.0861,wrongly_include,True
1174,#1101,2024-01,No Elegible,Vulnerabilidad Baja,1.0,1.0,1.0,1.0,1.776038647,2.117608696,1.790108696,1.0,sotap,4,average,jefatura_masculina,no,espanol_uno_mas_adultos,adultos_ninguno_analfabeta,-500.0,0,0,0.0,21.88512181,2.610810239,21.18083670503239,EXCLUSION,23.63,low,EXCLUSION,0.14178,AI_right,False
1175,#071,2023-12,Elegible,Vulnerabilidad Moderada,2.700708215,1.0,2.578385269,1.0,1.0,1.0,1.790108696,1.043888889,sotap,1,low,,,espanol_uno_mas_adultos,adultos_ninguno_analfabeta,,0,0,20.97871872,6.061858428,2.793635574,27.520616629056853,INCLUSION,19.06,medium,INCLUSION,0.11435999999999999,AI_right,False
1176,#1223,2024-04,No Elegible,Vulnerabilidad Moderada,1.0,1.0,1.0,1.0,1.776038647,2.823478261,1.790108696,1.043888889,sotap,2,low,jefatura_femenina,no,espanol_uno_mas_adultos,adultos_ninguno_analfabeta,0.0,0,0,0.0,26.85846924,2.749615568,25.99413684138756,EXCLUSION,20.37,medium,EXCLUSION,0.12222000000000001,AI_right,False
1177,#555,2024-06,No Elegible,Vulnerabilidad Baja,1.0,1.525552408,1.0,1.0,1.776038647,2.823478261,1.0,1.043888889,sotap,1,low,,,espanol_uno_mas_adultos,adultos_ninguno_analfabeta,500.0,0,0,3.741369748,18.36611881,2.623960602,21.636849508435777,EXCLUSION,21.47,medium,EXCLUSION,0.12882,AI_right,False
1178,#1101,2024-06,No Elegible,Vulnerabilidad Elevada,2.070141643,1.0,2.578385269,1.0,1.776038647,1.0,2.580217391,1.043888889,sotap,3,low,jefatura_masculina,no,espanol_uno_mas_adultos,adultos_ninguno_analfabeta,,0,0,17.46888676,17.15905947,2.998883429,34.63791678201949,EXCLUSION,14.43,high,EXCLUSION,0.08657999999999999,AI_right,False
1179,#1223,2024-06,No Elegible,Vulnerabilidad Elevada,2.070141643,1.0,1.0,1.0,1.776038647,2.823478261,2.580217391,1.043888889,sotap,6,average,jefatura_masculina,no,espanol_uno_mas_adultos,adultos_ninguno_analfabeta,,0,0,6.702282231,32.85812825,3.116564434,38.71868920026256,EXCLUSION,16.52,high,EXCLUSION,0.09911999999999999,AI_right,False
1180,#112,2024-04,Elegible,Vulnerabilidad Baja,1.0,1.0,1.0,1.0,1.0,2.823478261,1.0,1.0,sotap,2,low,jefatura_femenina,no,espanol_uno_mas_adultos,adultos_uno_mas_analfabeta,,0,0,0.0,10.61532135,2.296271916,10.27370969363565,INCLUSION,21.86,low,INCLUSION,0.13116,AI_right,False
1181,#071,2023-11,Elegible,Vulnerabilidad Elevada,1.0,2.051104816,1.0,1.0,1.776038647,2.823478261,2.580217391,1.0,sotap,1,low,,,espanol_ningun_adulto,adultos_ninguno_analfabeta,,0,0,6.609317356,32.12448674,3.093321436,37.9127004300535,INCLUSION,23.33,high,INCLUSION,0.13998,AI_right,False
1182,#1311,2024-04,No Elegible,Vulnerabilidad Elevada,2.700708215,2.051104816,1.0,1.0,1.776038647,2.823478261,1.790108696,1.0,sotap,1,low,,,espanol_ningun_adulto,adultos_ninguno_analfabeta,0.0,0,0,17.94487015,26.18890898,3.265073146,43.868477716411775,EXCLUSION,19.05,high,EXCLUSION,0.1143,AI_right,False
1183,#1101,2024-06,No Elegible,Vulnerabilidad Elevada,1.0,1.0,1.0,1.0,1.776038647,2.823478261,2.580217391,1.043888889,sotap,1,low,,,espanol_uno_mas_adultos,adultos_uno_mas_analfabeta,,0,0,0.0,32.85812825,2.917065088,31.80072082478675,EXCLUSION,18.85,medium,EXCLUSION,0.11309999999999999,AI_right,False
1184,#527,2023-08,No Elegible,Vulnerabilidad Baja,1.0,1.0,1.0,1.0,1.776038647,1.498900966,1.0,1.0,sotap,1,low,,,espanol_uno_mas_adultos,adultos_ninguno_analfabeta,,0,0,0.0,9.93697889,2.277339487,9.61719697234091,EXCLUSION,22.68,low,INCLUSION,0.13608,wrongly_include,True
1185,#1223,2023-09,No Elegible,Vulnerabilidad Baja,1.0,1.525552408,1.0,1.0,1.776038647,1.0,1.790108696,1.043888889,sotap,1,low,,,espanol_ningun_adulto,adultos_ninguno_analfabeta,,0,0,3.741369748,12.53066404,2.461093996,15.989185508389149,EXCLUSION,20.76,low,EXCLUSION,0.12456,AI_right,False
1186,#1223,2023-06,No Elegible,Vulnerabilidad Baja,1.0,1.0,1.0,1.0,1.776038647,2.117608696,1.790108696,1.0,sotap,1,low,,,espanol_uno_mas_adultos,adultos_ninguno_analfabeta,0.0,0,0,0.0,21.88512181,2.610810239,21.18083670503239,EXCLUSION,19.3,low,EXCLUSION,0.1158,AI_right,False
1187,#1101,2023-06,Lista de Reserva,Vulnerabilidad Elevada,2.700708215,1.0,3.251728045,1.0,1.776038647,1.498900966,1.790108696,1.043888889,sotap,1,low,,,espanol_uno_mas_adultos,adultos_ninguno_analfabeta,,0,0,24.2379543,17.68003002,3.214910903,42.12902488125468,EXCLUSION,19.1,high,EXCLUSION,0.1146,AI_right,False
1188,#1725,2024-02,Elegible,Vulnerabilidad Moderada,1.0,1.0,1.0,1.0,1.776038647,2.823478261,1.790108696,1.0,foten,1,low,,,espanol_uno_mas_adultos,adultos_ninguno_analfabeta,0.0,0,0,0.0,26.18890898,2.730928248,25.34612370011462,INCLUSION,27.37,medium,INCLUSION,0.16422,AI_right,False
1189,#1223,2024-04,No Elegible,Vulnerabilidad Elevada,1.0,1.0,3.251728045,1.0,1.776038647,2.823478261,2.580217391,1.043888889,sotap,1,low,,,espanol_uno_mas_adultos,adultos_ninguno_analfabeta,0.0,0,0,11.51832969,32.85812825,3.259918337,43.68972188254064,EXCLUSION,24.22,high,EXCLUSION,0.14532,AI_right,False
1190,#645,2024-03,Elegible,Vulnerabilidad Elevada,2.700708215,2.051104816,1.249197356,1.0,1.776038647,2.117608696,2.580217391,1.043888889,fupal,4,average,jefatura_femenina,no,espanol_uno_mas_adultos,adultos_uno_mas_analfabeta,,0,0,20.89305637,28.09152966,3.405930349,48.752931961054514,INCLUSION,27.72,high,INCLUSION,0.16632,AI_right,False
1191,#1223,2023-11,No Elegible,Vulnerabilidad Moderada,2.700708215,1.0,3.251728045,1.0,1.0,1.498900966,1.0,1.043888889,sotap,1,low,,,espanol_ningun_adulto,adultos_ninguno_analfabeta,0.0,0,0,24.2379543,4.243121443,2.83988894,29.12452945917112,EXCLUSION,23.34,medium,EXCLUSION,0.14004,AI_right,False
1192,#1311,2023-12,Elegible,Vulnerabilidad Moderada,1.0,1.0,1.0,1.0,1.776038647,2.823478261,2.580217391,1.0,sotap,4,average,jefatura_masculina,no,espanol_uno_mas_adultos,adultos_ninguno_analfabeta,,0,0,0.0,32.12448674,2.896589272,31.09068863222006,INCLUSION,26.34,medium,INCLUSION,0.15804,AI_right,False
1193,#1311,2023-10,No Elegible,Vulnerabilidad Moderada,1.0,1.0,1.0,1.0,1.776038647,2.823478261,2.580217391,1.0,sotap,1,low,,,espanol_uno_mas_adultos,adultos_ninguno_analfabeta,0.0,0,0,0.0,32.12448674,2.896589272,31.09068863222006,EXCLUSION,24.39,medium,EXCLUSION,0.14634,AI_right,False
1194,#513,2024-01,No Elegible,Vulnerabilidad Baja,1.599560907,1.525552408,1.0,1.0,1.0,1.0,1.0,1.043888889,pcr_cdmx,1,low,,,espanol_ningun_adulto,adultos_ninguno_analfabeta,0.0,0,0,8.393749546,0.386821499,2.260643489,9.038241996480508,EXCLUSION,24.45,low,EXCLUSION,0.1467,AI_right,False
1195,#071,2023-06,Lista de Reserva,Vulnerabilidad Severa,2.700708215,1.0,3.251728045,1.0,1.776038647,2.117608696,2.580217391,1.043888889,sotap,2,low,jefatura_masculina,no,espanol_ningun_adulto,adultos_uno_mas_analfabeta,0.0,0,0,24.2379543,28.09152966,3.505494188,52.20547205133984,EXCLUSION,24.2,high,EXCLUSION,0.1452,AI_right,False
1196,#440,2024-05,No Elegible,Vulnerabilidad Elevada,1.0,1.0,1.0,1.0,1.776038647,2.823478261,2.580217391,1.043888889,pcr_cdmx,3,average,jefatura_femenina,si,espanol_ningun_adulto,adultos_ninguno_analfabeta,0.0,0,0,0.0,32.85812825,2.917065088,31.80072082478675,EXCLUSION,22.21,medium,EXCLUSION,0.13326000000000002,AI_right,False
1197,#672,2024-06,No Elegible,Vulnerabilidad Moderada,1.0,1.0,2.578385269,1.0,1.0,2.823478261,1.790108696,1.0,fupal,3,low,jefatura_masculina,no,espanol_uno_mas_adultos,adultos_ninguno_analfabeta,,0,0,8.975915299,17.8931401,2.76657071,26.58209018767902,EXCLUSION,17.79,medium,INCLUSION,0.10674,wrongly_include,True
1198,#527,2023-07,No Elegible,Vulnerabilidad Elevada,2.700708215,1.0,3.251728045,1.0,1.776038647,2.117608696,1.790108696,1.0,sotap,5,average,jefatura_masculina,no,espanol_uno_mas_adultos,adultos_ninguno_analfabeta,0.0,0,0,24.2379543,21.88512181,3.33227434,46.19879261236069,EXCLUSION,19.67,high,EXCLUSION,0.11802,AI_right,False
1199,#112,2024-07,Lista de Reserva,Vulnerabilidad Baja,1.0,1.0,1.0,1.0,1.776038647,2.117608696,1.790108696,1.0,sotap,3,low,jefatura_masculina,no,espanol_uno_mas_adultos,adultos_ninguno_analfabeta,,0,0,0.0,21.88512181,2.610810239,21.18083670503239,EXCLUSION,22.31,low,EXCLUSION,0.13385999999999998,AI_right,False
1200,#1311,2024-01,No Elegible,Vulnerabilidad Moderada,1.0,1.0,1.0,1.0,1.776038647,2.117608696,2.580217391,1.043888889,sotap,1,low,,,espanol_uno_mas_adultos,adultos_ninguno_analfabeta,,0,0,0.0,28.09152966,2.784030087,27.18751614401154,EXCLUSION,25.61,medium,EXCLUSION,0.15366,AI_right,False
1201,#672,2023-10,Elegible,Vulnerabilidad Baja,1.0,1.0,1.0,1.0,1.0,1.498900966,1.0,1.0,fupal,1,low,,,espanol_ningun_adulto,adultos_ninguno_analfabeta,,0,0,0.0,3.815111519,2.10647915,3.692337415207061,INCLUSION,24.2,low,INCLUSION,0.1452,AI_right,False
1202,#1101,2023-09,Elegible,Vulnerabilidad Severa,1.0,1.0,3.251728045,1.0,1.776038647,2.823478261,1.790108696,2.544987923,sotap,3,complete,jefatura_femenina,si,espanol_uno_mas_adultos,adultos_ninguno_analfabeta,0.0,0,0,11.51832969,42.50305317,3.529106644,53.02426347369012,INCLUSION,21.48,high,INCLUSION,0.12888,AI_right,False
1203,#555,2023-11,No Elegible,Vulnerabilidad Baja,1.0,1.0,1.0,1.0,1.776038647,1.498900966,1.790108696,1.0,sotap,3,low,jefatura_femenina,no,espanol_ningun_adulto,adultos_ninguno_analfabeta,,0,0,0.0,17.10850297,2.477495573,16.55793423592243,EXCLUSION,26.47,low,INCLUSION,0.15882,wrongly_include,True
1204,#1859,2024-02,No Elegible,Vulnerabilidad Baja,1.0,1.0,1.0,1.0,1.0,1.0,1.0,1.0,pcr_cdmx,1,low,,,espanol_uno_mas_adultos,adultos_ninguno_analfabeta,0.0,0,0,0.0,0.0,2.0,0.0,EXCLUSION,23.18,low,EXCLUSION,0.13908,AI_right,False
1205,#264,2023-07,No Elegible por Intenciones,Vulnerabilidad Elevada,1.0,2.051104816,1.0,1.0,1.776038647,2.823478261,1.790108696,1.0,foten,2,average,jefatura_femenina,si,espanol_uno_mas_adultos,adultos_ninguno_analfabeta,0.0,0,0,6.609317356,26.18890898,2.927660413,32.16813549794806,EXCLUSION,21.77,medium,INCLUSION,0.13061999999999999,wrongly_include,True
1206,#071,2024-05,No Elegible por Intenciones,Vulnerabilidad Elevada,2.700708215,1.0,3.251728045,1.0,1.0,1.498900966,1.790108696,1.043888889,sotap,3,average,jefatura_masculina,no,espanol_uno_mas_adultos,adultos_ninguno_analfabeta,,0,-500,24.2379543,10.52243148,3.015143476,35.20176501987042,EXCLUSION,21.71,high,EXCLUSION,0.13026000000000001,AI_right,False
1207,#1101,2024-05,No Elegible,Vulnerabilidad Elevada,2.070141643,1.0,3.251728045,1.0,1.0,1.498900966,1.790108696,1.043888889,sotap,1,low,,,espanol_ningun_adulto,adultos_uno_mas_analfabeta,,0,0,20.51851115,10.52243148,2.904430968,31.362626469860267,EXCLUSION,17.59,medium,EXCLUSION,0.10554,AI_right,False
1208,#1223,2023-11,No Elegible por Intenciones,Vulnerabilidad Baja,2.070141643,1.0,1.0,1.0,1.0,1.0,1.790108696,1.043888889,sotap,2,low,jefatura_femenina,no,espanol_uno_mas_adultos,adultos_ninguno_analfabeta,0.0,0,0,6.702282231,6.061858428,2.368684842,12.78475013740434,EXCLUSION,20.53,low,EXCLUSION,0.12318,AI_right,False
1209,#1101,2023-09,Lista de Reserva,Vulnerabilidad Elevada,1.0,1.0,1.0,1.0,1.776038647,2.823478261,2.580217391,1.043888889,sotap,6,low,jefatura_masculina,no,espanol_uno_mas_adultos,adultos_uno_mas_analfabeta,0.0,0,0,0.0,32.85812825,2.917065088,31.80072082478675,EXCLUSION,25.63,medium,EXCLUSION,0.15377999999999997,AI_right,False
1210,#132,2023-10,No Elegible,Vulnerabilidad Baja,1.0,1.0,1.0,1.0,1.0,1.498900966,1.0,1.0,fomon,1,low,,,espanol_ningun_adulto,adultos_uno_mas_analfabeta,,0,0,0.0,3.815111519,2.10647915,3.692337415207061,EXCLUSION,26.4,low,EXCLUSION,0.1584,AI_right,False
1211,#264,2024-02,No Elegible,Vulnerabilidad Elevada,1.0,1.0,2.578385269,1.0,1.776038647,2.823478261,2.580217391,1.043888889,foten,2,average,jefatura_femenina,si,espanol_uno_mas_adultos,adultos_uno_mas_analfabeta,0.0,0,0,8.975915299,32.85812825,3.184241129,41.06549005402387,EXCLUSION,35.21,high,EXCLUSION,0.21126,AI_right,False
1212,#527,2024-04,No Elegible,Vulnerabilidad Baja,2.070141643,1.0,1.0,1.0,1.0,1.0,1.790108696,1.043888889,sotap,1,low,,,espanol_uno_mas_adultos,adultos_ninguno_analfabeta,,0,0,6.702282231,6.061858428,2.368684842,12.78475013740434,EXCLUSION,12.73,low,EXCLUSION,0.07637999999999999,AI_right,False
1213,#527,2023-08,Lista de Reserva,Vulnerabilidad Severa,2.700708215,1.0,3.251728045,1.0,1.776038647,2.117608696,2.580217391,1.043888889,sotap,1,low,,,espanol_uno_mas_adultos,adultos_ninguno_analfabeta,0.0,0,0,24.2379543,28.09152966,3.505494188,52.20547205133984,EXCLUSION,23.33,high,EXCLUSION,0.13998,AI_right,False
1214,#252,2024-04,No Elegible por Duplicidad,Vulnerabilidad Moderada,2.070141643,1.0,1.0,1.0,1.776038647,2.117608696,1.790108696,1.043888889,sotap,4,average,jefatura_masculina,no,espanol_uno_mas_adultos,adultos_ninguno_analfabeta,0.0,0,0,6.702282231,22.50821784,2.827700095,28.70184925716677,EXCLUSION,19.34,medium,INCLUSION,0.11603999999999999,wrongly_include,True
1215,#1223,2024-05,Elegible,Vulnerabilidad Elevada,2.070141643,1.0,2.578385269,1.0,1.776038647,2.823478261,1.0,1.738466184,sotap,1,low,,,espanol_uno_mas_adultos,adultos_ninguno_analfabeta,-500.0,0,0,17.46888676,25.73669646,3.238283901,42.93951683604431,INCLUSION,16.87,high,INCLUSION,0.10122,AI_right,False
1216,#264,2024-01,Elegible,Vulnerabilidad Elevada,1.0,2.051104816,2.578385269,1.0,1.776038647,2.117608696,1.790108696,1.0,foten,3,low,jefatura_femenina,si,espanol_uno_mas_adultos,adultos_ninguno_analfabeta,-500.0,0,0,17.3510839,21.88512181,3.127280564,39.090295836018285,INCLUSION,26.18,high,INCLUSION,0.15707999999999997,AI_right,False
1217,#1476,2023-11,Elegible,Vulnerabilidad Baja,1.0,1.0,1.0,1.0,1.776038647,1.0,2.580217391,1.0,pcr_cdmx,1,low,,,espanol_uno_mas_adultos,adultos_ninguno_analfabeta,0.0,0,0,0.0,16.59309681,2.46311067,16.059114361557388,INCLUSION,20.75,low,INCLUSION,0.12449999999999999,AI_right,False
1218,#1841,2023-07,No Elegible,Vulnerabilidad Elevada,1.0,1.0,2.578385269,1.0,1.776038647,2.823478261,1.790108696,1.0,foten,3,average,jefatura_masculina,no,espanol_uno_mas_adultos,adultos_ninguno_analfabeta,-500.0,0,0,8.975915299,26.18890898,2.998104289,34.61089292935174,EXCLUSION,24.02,high,EXCLUSION,0.14412,AI_right,False
1219,#1583,2023-09,Lista de Reserva,Vulnerabilidad Elevada,2.070141643,1.0,1.0,1.0,1.776038647,2.117608696,2.580217391,1.043888889,foten,3,average,jefatura_masculina,si,espanol_ningun_adulto,adultos_uno_mas_analfabeta,,0,0,6.702282231,28.09152966,2.983529432,34.10548451948735,EXCLUSION,27.61,high,INCLUSION,0.16566,wrongly_include,True
1220,#252,2024-05,No Elegible,Vulnerabilidad Elevada,2.070141643,1.0,1.0,1.0,1.776038647,1.498900966,2.580217391,2.544987923,sotap,1,low,,,espanol_uno_mas_adultos,adultos_ninguno_analfabeta,500.0,0,0,6.702282231,37.43330939,3.244257006,43.14663643599621,EXCLUSION,12.39,high,EXCLUSION,0.07434,AI_right,False
1221,#458,2023-10,Elegible,Vulnerabilidad Baja,1.0,1.0,1.0,1.0,1.0,2.823478261,1.790108696,1.0,fupal,1,low,,,espanol_uno_mas_adultos,adultos_ninguno_analfabeta,0.0,0,0,0.0,17.8931401,2.49939467,17.3173209584419,INCLUSION,23.01,low,INCLUSION,0.13806000000000002,AI_right,False
1222,#555,2024-05,No Elegible por Intenciones,Vulnerabilidad Baja,1.0,1.0,1.0,1.0,1.776038647,2.117608696,1.790108696,1.043888889,sotap,2,average,jefatura_femenina,si,espanol_uno_mas_adultos,adultos_ninguno_analfabeta,,0,0,0.0,22.50821784,2.628200749,21.78388088169096,EXCLUSION,18.05,medium,EXCLUSION,0.1083,AI_right,False
1223,#016,2024-06,Lista de Reserva,Vulnerabilidad Moderada,1.0,1.0,1.0,1.0,1.776038647,2.823478261,1.790108696,1.0,futij,4,average,jefatura_masculina,no,espanol_uno_mas_adultos,adultos_ninguno_analfabeta,,0,0,0.0,26.18890898,2.730928248,25.34612370011462,EXCLUSION,21.86,medium,EXCLUSION,0.13116,AI_right,False
1224,#1200,2024-07,No Elegible,Vulnerabilidad Elevada,2.070141643,2.051104816,2.578385269,1.0,1.0,2.117608696,1.790108696,1.043888889,fupal,1,low,,,espanol_uno_mas_adultos,adultos_ninguno_analfabeta,0.0,0,0,27.51489601,14.70478802,3.229413438,42.63192611522619,EXCLUSION,27.44,high,EXCLUSION,0.16464,AI_right,False
1225,#071,2024-06,Lista de Reserva,Vulnerabilidad Elevada,2.070141643,1.0,1.0,1.0,1.776038647,2.823478261,2.580217391,1.043888889,sotap,4,average,jefatura_masculina,no,espanol_uno_mas_adultos,adultos_ninguno_analfabeta,,0,0,6.702282231,32.85812825,3.116564434,38.71868920026256,EXCLUSION,16.6,high,EXCLUSION,0.09960000000000001,AI_right,False
1226,#555,2024-03,Lista de Reserva,Vulnerabilidad Baja,1.0,1.0,2.578385269,1.0,1.0,1.0,1.790108696,1.0,sotap,1,low,,,espanol_uno_mas_adultos,adultos_ninguno_analfabeta,,0,0,8.975915299,5.614422911,2.423873683,14.69851439653823,EXCLUSION,23.68,low,EXCLUSION,0.14208,AI_right,False
1227,#513,2024-02,No Elegible,Vulnerabilidad Baja,1.0,1.0,2.578385269,1.0,1.776038647,1.0,1.790108696,1.0,pcr_cdmx,1,low,,,espanol_uno_mas_adultos,adultos_ninguno_analfabeta,0.0,0,0,8.975915299,12.01413641,2.602488661,20.89227871542691,EXCLUSION,28.09,low,EXCLUSION,0.16854,AI_right,False
1228,#1101,2023-07,Lista de Reserva,Vulnerabilidad Baja,2.700708215,1.0,1.0,1.0,1.776038647,1.0,1.790108696,1.0,sotap,1,low,,,espanol_uno_mas_adultos,adultos_ninguno_analfabeta,500.0,0,0,9.472088355,12.01413641,2.61725769,21.404419116542044,EXCLUSION,14.14,medium,EXCLUSION,0.08484,AI_right,False
1229,#252,2023-07,Lista de Reserva,Vulnerabilidad Moderada,1.0,1.525552408,1.0,1.0,1.776038647,2.823478261,1.790108696,1.0,sotap,3,average,jefatura_masculina,no,espanol_uno_mas_adultos,adultos_ninguno_analfabeta,0.0,0,0,3.741369748,26.18890898,2.842293421,29.20789446797501,EXCLUSION,20.67,medium,EXCLUSION,0.12402,AI_right,False
1230,#1101,2023-08,No Elegible,Vulnerabilidad Moderada,1.0,2.051104816,1.0,1.0,1.776038647,2.823478261,1.0,1.043888889,sotap,3,average,jefatura_masculina,no,espanol_ningun_adulto,adultos_ninguno_analfabeta,0.0,0,0,6.609317356,18.36611881,2.709327594,24.597090538408825,EXCLUSION,31.98,medium,EXCLUSION,0.19188000000000002,AI_right,False
1231,#1311,2023-10,Lista de Reserva,Vulnerabilidad Baja,1.0,1.0,1.0,1.0,1.0,2.117608696,1.790108696,1.0,sotap,1,low,,,espanol_uno_mas_adultos,adultos_ninguno_analfabeta,0.0,0,0,0.0,14.16503897,2.395343965,13.709193850906429,EXCLUSION,22.11,low,EXCLUSION,0.13266,AI_right,False
1232,#1311,2023-07,No Elegible,Vulnerabilidad Baja,1.0,1.0,1.0,1.564135978,1.0,1.498900966,1.0,1.0,sotap,4,average,jefatura_masculina,no,espanol_uno_mas_adultos,adultos_ninguno_analfabeta,0.0,0,0,3.975239986,3.815111519,2.224805677,7.795504599196527,EXCLUSION,16.46,low,EXCLUSION,0.09876,AI_right,False
1233,#1101,2023-10,No Elegible,Vulnerabilidad Baja,1.0,1.525552408,1.0,1.0,1.0,1.498900966,1.0,1.0,sotap,1,low,,,espanol_uno_mas_adultos,adultos_ninguno_analfabeta,,0,0,3.741369748,3.815111519,2.217844323,7.554108183067449,EXCLUSION,18.53,low,EXCLUSION,0.11118000000000001,AI_right,False
1234,#1101,2024-05,No Elegible,Vulnerabilidad Baja,1.0,1.0,3.251728045,1.0,1.776038647,1.0,1.790108696,1.043888889,sotap,1,low,,,espanol_uno_mas_adultos,adultos_ninguno_analfabeta,,0,0,11.51832969,12.53066404,2.692582072,24.01641579828265,EXCLUSION,21.42,medium,INCLUSION,0.12852000000000002,wrongly_include,True
1235,#112,2024-06,No Elegible,Vulnerabilidad Baja,2.070141643,1.0,1.0,1.0,1.0,2.117608696,1.790108696,1.043888889,sotap,2,average,jefatura_masculina,no,espanol_uno_mas_adultos,adultos_ninguno_analfabeta,,0,0,6.702282231,14.70478802,2.60990762,21.14954161220419,EXCLUSION,15.12,low,EXCLUSION,0.09072,AI_right,False
1236,#112,2024-03,No Elegible,Vulnerabilidad Baja,1.0,1.0,1.0,1.0,1.0,1.498900966,1.790108696,1.0,sotap,1,low,,,espanol_uno_mas_adultos,adultos_ninguno_analfabeta,-500.0,0,0,0.0,10.02735341,2.279861825,9.70466314991279,EXCLUSION,16.86,low,EXCLUSION,0.10116,AI_right,False
1237,#1200,2023-11,No Elegible,Vulnerabilidad Elevada,2.070141643,1.0,1.0,1.0,1.776038647,2.823478261,2.580217391,1.043888889,fupal,5,high,jefatura_masculina,no,espanol_ningun_adulto,adultos_ninguno_analfabeta,,0,0,6.702282231,32.85812825,3.116564434,38.71868920026256,EXCLUSION,25.79,high,EXCLUSION,0.15474000000000002,AI_right,False
1238,#252,2023-07,No Elegible,Vulnerabilidad Moderada,2.700708215,1.0,3.251728045,1.0,1.0,1.0,1.790108696,1.0,sotap,1,low,,,espanol_uno_mas_adultos,adultos_ninguno_analfabeta,,0,0,24.2379543,5.614422911,2.878161744,30.45170107462941,EXCLUSION,14.05,medium,EXCLUSION,0.0843,AI_right,False
1239,#071,2024-02,Elegible,Vulnerabilidad Elevada,2.070141643,1.0,1.0,1.0,1.776038647,2.823478261,1.790108696,1.043888889,sotap,4,average,jefatura_masculina,no,espanol_uno_mas_adultos,adultos_ninguno_analfabeta,0.0,0,0,6.702282231,26.85846924,2.949114914,32.912105216863374,INCLUSION,23.55,medium,INCLUSION,0.1413,AI_right,False
1240,#252,2024-04,No Elegible por Duplicidad,Vulnerabilidad Baja,1.0,1.0,1.0,1.0,1.776038647,2.117608696,1.790108696,1.0,sotap,5,average,jefatura_masculina,no,espanol_uno_mas_adultos,adultos_ninguno_analfabeta,,0,0,0.0,21.88512181,2.610810239,21.18083670503239,EXCLUSION,19.64,low,EXCLUSION,0.11784,AI_right,False
1241,#133,2023-08,No Elegible,Vulnerabilidad Elevada,2.700708215,1.0,2.578385269,1.0,1.776038647,2.823478261,1.790108696,1.0,fupal,2,average,jefatura_masculina,si,espanol_uno_mas_adultos,adultos_ninguno_analfabeta,,0,0,20.97871872,26.18890898,3.355378326,46.99995856724294,EXCLUSION,27.04,high,EXCLUSION,0.16223999999999997,AI_right,False
1242,#252,2024-02,No Elegible,Vulnerabilidad Baja,1.0,1.0,1.0,1.0,1.776038647,2.823478261,1.0,1.0,sotap,1,low,,,espanol_uno_mas_adultos,adultos_ninguno_analfabeta,-500.0,0,0,0.0,17.78726377,2.496439678,17.21485183461763,EXCLUSION,24.73,low,EXCLUSION,0.14837999999999998,AI_right,False
1243,#071,2023-09,Lista de Reserva,Vulnerabilidad Elevada,2.700708215,1.0,3.251728045,1.0,1.776038647,2.823478261,1.790108696,1.043888889,sotap,3,complete,jefatura_femenina,si,espanol_uno_mas_adultos,adultos_ninguno_analfabeta,-500.0,0,0,24.2379543,26.85846924,3.471079669,51.01209274871586,EXCLUSION,24.22,high,EXCLUSION,0.14532,AI_right,False
1244,#112,2024-04,No Elegible,Vulnerabilidad Baja,1.0,1.0,1.0,1.0,1.0,1.0,1.0,1.0,sotap,3,low,jefatura_masculina,no,espanol_uno_mas_adultos,adultos_ninguno_analfabeta,,0,0,0.0,0.0,2.0,0.0,EXCLUSION,17.38,low,EXCLUSION,0.10427999999999998,AI_right,False
1245,#555,2024-04,Elegible,Vulnerabilidad Baja,1.0,1.0,1.0,1.0,1.776038647,1.0,2.580217391,1.043888889,sotap,1,low,,,espanol_uno_mas_adultos,adultos_ninguno_analfabeta,,0,0,0.0,17.15905947,2.478906597,16.60686377719593,INCLUSION,15.64,low,INCLUSION,0.09384,AI_right,False
1246,#071,2024-06,No Elegible,Vulnerabilidad Baja,1.0,1.0,1.0,1.0,1.776038647,2.117608696,1.790108696,1.0,sotap,1,low,,,espanol_ningun_adulto,adultos_uno_mas_analfabeta,,0,0,0.0,21.88512181,2.610810239,21.18083670503239,EXCLUSION,20.96,low,INCLUSION,0.12576,wrongly_include,True
1247,#252,2024-06,No Elegible,Vulnerabilidad Severa,2.070141643,2.051104816,2.578385269,1.0,1.776038647,2.117608696,2.580217391,1.043888889,sotap,3,average,jefatura_femenina,si,espanol_uno_mas_adultos,adultos_ninguno_analfabeta,0.0,0,0,27.51489601,28.09152966,3.60303525,55.58786902250935,EXCLUSION,19.33,high,EXCLUSION,0.11597999999999997,AI_right,False
1248,#1860,2023-12,No Elegible,Vulnerabilidad Baja,1.0,1.0,1.0,1.0,1.776038647,1.498900966,1.790108696,1.0,pcr_cdmx,1,low,,,espanol_uno_mas_adultos,adultos_ninguno_analfabeta,,0,0,0.0,17.10850297,2.477495573,16.55793423592243,EXCLUSION,25.05,low,INCLUSION,0.1503,wrongly_include,True
1249,#1311,2024-04,No Elegible,Vulnerabilidad Moderada,2.700708215,1.0,1.0,1.0,1.776038647,2.117608696,1.790108696,1.0,sotap,1,low,,,espanol_ningun_adulto,adultos_uno_mas_analfabeta,,0,0,9.472088355,21.88512181,2.892755308,30.95774633538465,EXCLUSION,20.6,medium,EXCLUSION,0.1236,AI_right,False
1250,#071,2024-02,Elegible,Vulnerabilidad Baja,1.0,1.0,1.0,1.0,1.0,2.117608696,1.790108696,1.0,sotap,2,average,jefatura_masculina,no,espanol_ningun_adulto,adultos_ninguno_analfabeta,,0,0,0.0,14.16503897,2.395343965,13.709193850906429,INCLUSION,21.91,low,EXCLUSION,0.13146,wrongly_exclude,True
1251,#527,2024-02,No Elegible,Vulnerabilidad Elevada,2.700708215,1.0,3.251728045,1.0,1.776038647,2.117608696,2.580217391,1.0,sotap,3,average,jefatura_masculina,no,espanol_uno_mas_adultos,adultos_ninguno_analfabeta,0.0,0,0,24.2379543,27.40879931,3.486439293,51.54471264673319,EXCLUSION,27.44,high,EXCLUSION,0.16464,AI_right,False
1252,#555,2023-07,No Elegible,Vulnerabilidad Elevada,2.700708215,1.0,2.578385269,1.0,1.776038647,1.498900966,1.790108696,1.0,sotap,2,average,jefatura_masculina,no,espanol_uno_mas_adultos,adultos_ninguno_analfabeta,0.0,0,0,20.97871872,17.10850297,3.101945651,38.21176910305076,EXCLUSION,19.97,high,EXCLUSION,0.11981999999999998,AI_right,False
1253,#071,2023-07,No Elegible,Vulnerabilidad Baja,1.0,1.525552408,1.0,1.0,1.0,1.0,1.0,1.0,sotap,4,average,jefatura_masculina,no,espanol_uno_mas_adultos,adultos_ninguno_analfabeta,0.0,0,0,3.741369748,0.0,2.111365173,3.861770767860388,EXCLUSION,16.15,low,EXCLUSION,0.09689999999999999,AI_right,False
1254,#1101,2023-07,No Elegible,Vulnerabilidad Severa,2.700708215,1.0,3.251728045,1.0,1.776038647,2.823478261,2.580217391,1.0,sotap,2,complete,jefatura_femenina,si,espanol_uno_mas_adultos,adultos_ninguno_analfabeta,0.0,0,0,24.2379543,32.12448674,3.618053373,56.108644539548365,EXCLUSION,17.75,high,EXCLUSION,0.1065,AI_right,False
1255,#252,2024-06,No Elegible,Vulnerabilidad Moderada,1.0,1.0,1.0,1.0,1.776038647,2.823478261,1.790108696,1.0,sotap,1,low,,,espanol_ningun_adulto,adultos_ninguno_analfabeta,,0,0,0.0,26.18890898,2.730928248,25.34612370011462,EXCLUSION,18.71,medium,EXCLUSION,0.11226000000000001,AI_right,False
1256,#1223,2023-08,No Elegible,Vulnerabilidad Moderada,1.0,1.0,2.578385269,1.0,1.776038647,2.117608696,1.790108696,1.0,sotap,3,average,jefatura_masculina,no,espanol_uno_mas_adultos,adultos_ninguno_analfabeta,,0,0,8.975915299,21.88512181,2.877986279,30.44560593426951,EXCLUSION,28.41,medium,EXCLUSION,0.17046,AI_right,False
1257,#1311,2023-12,Elegible,Vulnerabilidad Baja,1.0,1.0,1.249197356,1.0,1.776038647,1.498900966,1.790108696,1.043888889,sotap,1,low,,,espanol_ningun_adulto,adultos_ninguno_analfabeta,0.0,0,0,1.921713018,17.68003002,2.550648286,19.09462463855864,INCLUSION,23.27,low,INCLUSION,0.13962,AI_right,False
1258,#1583,2024-05,Elegible,Vulnerabilidad Moderada,1.0,1.525552408,2.578385269,1.0,1.776038647,1.0,1.790108696,1.043888889,foten,2,average,jefatura_femenina,si,espanol_uno_mas_adultos,adultos_ninguno_analfabeta,,0,0,13.7168894,12.53066404,2.758024142,26.28572735831016,INCLUSION,19.89,medium,INCLUSION,0.11933999999999999,AI_right,False
1259,#555,2023-07,Lista de Reserva,Vulnerabilidad Baja,1.0,1.0,2.578385269,1.0,1.0,1.0,1.790108696,1.0,sotap,1,low,,,espanol_uno_mas_adultos,adultos_ninguno_analfabeta,0.0,0,0,8.975915299,5.614422911,2.423873683,14.69851439653823,EXCLUSION,15.09,low,EXCLUSION,0.09054,AI_right,False
1260,#252,2023-12,No Elegible por Intenciones,Vulnerabilidad Baja,1.0,1.0,2.578385269,1.0,1.0,1.498900966,1.0,1.0,sotap,1,low,,,espanol_uno_mas_adultos,adultos_ninguno_analfabeta,,0,0,8.975915299,3.815111519,2.373655191,12.95710664444418,EXCLUSION,24.07,low,INCLUSION,0.14442,wrongly_include,True
1261,#645,2024-01,Elegible,Vulnerabilidad Moderada,2.070141643,1.0,1.0,1.0,1.776038647,1.0,1.790108696,1.738466184,fupal,1,low,,,espanol_uno_mas_adultos,adultos_ninguno_analfabeta,-500.0,0,0,6.702282231,19.10762501,2.732790095,25.410690905029,INCLUSION,23.0,medium,INCLUSION,0.138,AI_right,False
1262,#1311,2023-08,Lista de Reserva,Vulnerabilidad Baja,1.0,1.525552408,2.578385269,1.0,1.0,1.0,1.790108696,1.0,sotap,1,low,,,espanol_uno_mas_adultos,adultos_ninguno_analfabeta,-500.0,0,0,13.7168894,5.614422911,2.564992962,19.59205778508251,EXCLUSION,25.29,low,INCLUSION,0.15174,wrongly_include,True
1263,#252,2024-01,Lista de Reserva,Vulnerabilidad Elevada,2.700708215,1.0,1.0,1.0,1.776038647,2.823478261,1.790108696,1.0,sotap,4,average,jefatura_masculina,no,espanol_uno_mas_adultos,adultos_ninguno_analfabeta,,0,0,9.472088355,26.18890898,3.012873318,35.123033330466875,EXCLUSION,24.51,high,EXCLUSION,0.14706,AI_right,False
1264,#1583,2023-10,Elegible,Vulnerabilidad Moderada,1.0,1.0,2.578385269,1.0,1.776038647,1.498900966,1.790108696,1.0,foten,1,low,,,espanol_uno_mas_adultos,adultos_ninguno_analfabeta,0.0,0,0,8.975915299,17.10850297,2.744671614,25.82270346515955,INCLUSION,28.93,medium,INCLUSION,0.17357999999999998,AI_right,False
1265,#692,2024-03,Elegible,Vulnerabilidad Elevada,2.700708215,1.0,3.251728045,1.0,1.776038647,2.117608696,1.790108696,1.043888889,pcr_cdmx,6,average,jefatura_femenina,no,espanol_uno_mas_adultos,adultos_ninguno_analfabeta,,0,0,24.2379543,22.50821784,3.34966485,46.80183678901926,INCLUSION,25.27,high,INCLUSION,0.15161999999999998,AI_right,False
1266,#527,2024-02,No Elegible,Vulnerabilidad Moderada,1.0,1.0,1.0,1.0,1.776038647,2.823478261,2.580217391,1.0,sotap,1,low,,,espanol_ningun_adulto,adultos_uno_mas_analfabeta,0.0,0,0,0.0,32.12448674,2.896589272,31.09068863222006,EXCLUSION,29.13,medium,EXCLUSION,0.17478,AI_right,False
1267,#555,2024-04,Lista de Reserva,Vulnerabilidad Elevada,1.0,2.051104816,1.0,1.0,1.776038647,2.117608696,2.580217391,1.043888889,sotap,1,low,,,espanol_uno_mas_adultos,adultos_uno_mas_analfabeta,,0,0,6.609317356,28.09152966,2.980762251,34.00952794184498,EXCLUSION,22.33,high,EXCLUSION,0.13398,AI_right,False
1268,#555,2024-04,No Elegible por Intenciones,Vulnerabilidad Moderada,1.0,1.0,1.0,1.0,1.776038647,2.823478261,1.790108696,1.0,sotap,3,low,jefatura_femenina,no,espanol_uno_mas_adultos,adultos_ninguno_analfabeta,0.0,-500,0,0.0,26.18890898,2.730928248,25.34612370011462,EXCLUSION,25.52,medium,EXCLUSION,0.15311999999999998,AI_right,False
1269,#1311,2023-08,Lista de Reserva,Vulnerabilidad Baja,1.0,1.0,1.0,1.0,1.0,1.0,1.0,1.0,sotap,1,low,,,espanol_uno_mas_adultos,adultos_ninguno_analfabeta,,0,0,0.0,0.0,2.0,0.0,EXCLUSION,20.81,low,EXCLUSION,0.12485999999999998,AI_right,False
1270,#1223,2024-06,Lista de Reserva,Vulnerabilidad Moderada,2.700708215,1.0,1.0,1.0,1.0,1.0,1.790108696,2.544987923,sotap,4,average,jefatura_masculina,no,espanol_uno_mas_adultos,adultos_ninguno_analfabeta,0.0,0,0,9.472088355,16.51639539,2.742915015,25.761790900306664,EXCLUSION,11.9,medium,INCLUSION,0.0714,wrongly_include,True
1271,#527,2024-02,No Elegible,Vulnerabilidad Moderada,1.0,1.0,1.0,1.0,1.776038647,2.823478261,1.790108696,1.0,sotap,1,low,,,espanol_ningun_adulto,adultos_ninguno_analfabeta,0.0,0,0,0.0,26.18890898,2.730928248,25.34612370011462,EXCLUSION,25.43,medium,EXCLUSION,0.15257999999999997,AI_right,False
1272,#1101,2024-06,No Elegible,Vulnerabilidad Moderada,1.0,2.051104816,1.0,1.0,1.776038647,2.117608696,1.790108696,1.0,sotap,1,low,,,espanol_uno_mas_adultos,adultos_ninguno_analfabeta,,0,0,6.609317356,21.88512181,2.807542403,28.002848502865827,EXCLUSION,16.41,medium,EXCLUSION,0.09845999999999999,AI_right,False
1273,#1359,2024-02,Elegible,Vulnerabilidad Elevada,2.700708215,1.0,1.0,1.0,1.776038647,2.823478261,2.580217391,1.0,foten,3,average,jefatura_femenina,si,espanol_uno_mas_adultos,adultos_ninguno_analfabeta,0.0,0,-500,9.472088355,32.12448674,3.178534341,40.86759826257232,INCLUSION,24.27,high,EXCLUSION,0.14562,wrongly_exclude,True
1274,#252,2024-05,No Elegible por Intenciones,Vulnerabilidad Baja,1.0,1.525552408,1.0,1.0,1.776038647,1.498900966,1.790108696,1.0,sotap,1,low,,,espanol_uno_mas_adultos,adultos_ninguno_analfabeta,,0,0,3.741369748,17.10850297,2.588860746,20.41970500378282,EXCLUSION,18.37,low,EXCLUSION,0.11022,AI_right,False
1275,#1101,2024-05,Elegible,Vulnerabilidad Elevada,1.0,2.051104816,2.578385269,1.564135978,1.776038647,2.823478261,1.790108696,1.0,sotap,2,complete,jefatura_femenina,si,espanol_uno_mas_adultos,adultos_ninguno_analfabeta,,0,0,23.37941737,26.18890898,3.42683724,49.4779141004986,INCLUSION,19.35,high,INCLUSION,0.1161,AI_right,False
1276,#1359,2024-06,Lista de Reserva,Vulnerabilidad Elevada,1.0,1.0,1.0,1.0,1.776038647,2.823478261,2.580217391,1.043888889,foten,3,average,jefatura_masculina,no,espanol_uno_mas_adultos,adultos_ninguno_analfabeta,0.0,0,0,0.0,32.85812825,2.917065088,31.80072082478675,EXCLUSION,18.88,medium,EXCLUSION,0.11327999999999999,AI_right,False
1277,#1860,2024-01,Elegible,Vulnerabilidad Baja,1.0,1.0,1.0,1.0,1.0,1.0,1.0,1.0,pcr_cdmx,1,low,,,espanol_uno_mas_adultos,adultos_ninguno_analfabeta,,0,-500,0.0,0.0,2.0,0.0,INCLUSION,25.98,low,INCLUSION,0.15588000000000002,AI_right,False
1278,#527,2023-11,Elegible,Vulnerabilidad Elevada,2.700708215,1.0,2.578385269,1.0,1.776038647,2.823478261,1.790108696,1.0,sotap,1,low,,,espanol_uno_mas_adultos,adultos_ninguno_analfabeta,0.0,0,0,20.97871872,26.18890898,3.355378326,46.99995856724294,INCLUSION,26.49,high,INCLUSION,0.15893999999999997,AI_right,False
1279,#1223,2024-06,No Elegible,Vulnerabilidad Baja,1.0,1.0,1.0,1.0,1.0,1.498900966,1.0,1.0,sotap,1,low,,,espanol_uno_mas_adultos,adultos_ninguno_analfabeta,,0,0,0.0,3.815111519,2.10647915,3.692337415207061,EXCLUSION,13.9,low,EXCLUSION,0.0834,AI_right,False
1280,#555,2023-10,Lista de Reserva,Vulnerabilidad Baja,1.0,1.0,2.578385269,1.0,1.0,1.0,1.0,1.0,sotap,1,low,,,espanol_uno_mas_adultos,adultos_ninguno_analfabeta,0.0,0,0,8.975915299,0.0,2.267176041,9.26476922923712,EXCLUSION,22.85,low,EXCLUSION,0.1371,AI_right,False
1281,#1101,2024-01,Elegible,Vulnerabilidad Moderada,1.0,1.0,2.578385269,1.0,1.776038647,2.117608696,1.790108696,1.043888889,sotap,4,average,jefatura_masculina,no,espanol_uno_mas_adultos,adultos_ninguno_analfabeta,0.0,0,0,8.975915299,22.50821784,2.89537679,31.04865011092808,INCLUSION,31.88,medium,INCLUSION,0.19127999999999998,AI_right,False
1282,#1167,2023-12,Elegible,Vulnerabilidad Elevada,1.0,1.0,3.251728045,1.0,1.776038647,2.823478261,2.580217391,1.043888889,foten,1,low,,,espanol_uno_mas_adultos,adultos_ninguno_analfabeta,0.0,0,0,11.51832969,32.85812825,3.259918337,43.68972188254064,INCLUSION,31.06,high,INCLUSION,0.18636,AI_right,False
1283,#071,2024-05,Elegible,Vulnerabilidad Moderada,1.0,2.051104816,2.578385269,1.0,1.776038647,1.0,1.790108696,1.0,sotap,4,average,jefatura_femenina,no,espanol_uno_mas_adultos,adultos_ninguno_analfabeta,0.0,0,0,17.3510839,12.01413641,2.851782945,29.536968617175688,INCLUSION,19.5,medium,INCLUSION,0.11699999999999999,AI_right,False
1284,#252,2023-07,No Elegible,Vulnerabilidad Moderada,1.0,1.0,2.578385269,1.0,1.776038647,2.117608696,1.790108696,1.0,sotap,5,high,jefatura_masculina,no,espanol_uno_mas_adultos,adultos_ninguno_analfabeta,,0,0,8.975915299,21.88512181,2.877986279,30.44560593426951,EXCLUSION,20.18,medium,INCLUSION,0.12108,wrongly_include,True
1285,#555,2024-02,Elegible,Vulnerabilidad Baja,1.0,1.0,1.0,1.0,1.776038647,2.117608696,1.790108696,1.0,sotap,1,low,,,espanol_uno_mas_adultos,adultos_ninguno_analfabeta,,-500,0,0.0,21.88512181,2.610810239,21.18083670503239,INCLUSION,26.91,low,INCLUSION,0.16146,AI_right,False
1286,#555,2023-07,No Elegible,Vulnerabilidad Moderada,2.070141643,1.0,2.578385269,1.0,1.776038647,1.0,1.790108696,1.0,sotap,1,low,,,espanol_uno_mas_adultos,adultos_ninguno_analfabeta,0.0,0,0,17.46888676,12.01413641,2.855289452,29.65856249101336,EXCLUSION,16.38,medium,EXCLUSION,0.09827999999999999,AI_right,False
1287,#1101,2024-04,Lista de Reserva,Vulnerabilidad Elevada,1.0,1.0,1.0,1.0,1.776038647,2.823478261,2.580217391,1.043888889,sotap,3,average,jefatura_masculina,no,espanol_uno_mas_adultos,adultos_ninguno_analfabeta,0.0,0,0,0.0,32.85812825,2.917065088,31.80072082478675,EXCLUSION,21.63,medium,EXCLUSION,0.12977999999999998,AI_right,False
1288,#1497,2024-01,Lista de Reserva,Vulnerabilidad Baja,1.0,1.0,1.0,1.0,1.776038647,2.117608696,1.790108696,1.0,futij,1,low,,,espanol_uno_mas_adultos,adultos_ninguno_analfabeta,,0,0,0.0,21.88512181,2.610810239,21.18083670503239,EXCLUSION,25.91,low,EXCLUSION,0.15546,AI_right,False
1289,#1311,2023-09,No Elegible,Vulnerabilidad Baja,1.0,1.0,1.0,1.0,1.0,1.498900966,1.0,1.0,sotap,1,low,,,espanol_uno_mas_adultos,adultos_ninguno_analfabeta,,0,0,0.0,3.815111519,2.10647915,3.692337415207061,EXCLUSION,18.12,low,EXCLUSION,0.10872,AI_right,False
1290,#1373,2023-07,No Elegible,Vulnerabilidad Baja,1.0,1.0,1.0,1.0,1.776038647,1.0,1.790108696,1.0,fomon,1,low,,,espanol_uno_mas_adultos,adultos_ninguno_analfabeta,,0,0,0.0,12.01413641,2.33531262,11.62750948618979,EXCLUSION,15.91,low,EXCLUSION,0.09545999999999999,AI_right,False
1291,#071,2024-03,Elegible,Vulnerabilidad Moderada,1.0,1.525552408,1.0,1.0,1.776038647,2.823478261,1.790108696,1.0,sotap,1,low,,,espanol_uno_mas_adultos,adultos_ninguno_analfabeta,,0,0,3.741369748,26.18890898,2.842293421,29.20789446797501,INCLUSION,22.61,medium,INCLUSION,0.13566,AI_right,False
1292,#527,2024-02,Lista de Reserva,Vulnerabilidad Elevada,2.700708215,1.0,3.251728045,1.0,1.776038647,2.117608696,1.790108696,1.0,sotap,4,average,jefatura_femenina,no,espanol_uno_mas_adultos,adultos_ninguno_analfabeta,0.0,0,0,24.2379543,21.88512181,3.33227434,46.19879261236069,EXCLUSION,26.53,high,EXCLUSION,0.15918000000000002,AI_right,False
1293,#1200,2023-07,No Elegible,Vulnerabilidad Baja,1.0,1.525552408,1.0,1.0,1.0,1.0,1.790108696,1.043888889,fupal,2,average,jefatura_masculina,no,espanol_uno_mas_adultos,adultos_ninguno_analfabeta,,0,0,3.741369748,6.061858428,2.280550669,9.72855252978892,EXCLUSION,16.72,low,EXCLUSION,0.10031999999999999,AI_right,False
1294,#527,2024-05,No Elegible,Vulnerabilidad Baja,1.0,1.0,1.0,1.0,1.776038647,2.117608696,1.790108696,1.0,sotap,2,low,jefatura_femenina,no,espanol_uno_mas_adultos,adultos_ninguno_analfabeta,0.0,0,0,0.0,21.88512181,2.610810239,21.18083670503239,EXCLUSION,17.74,low,EXCLUSION,0.10643999999999998,AI_right,False
1295,#1223,2024-05,No Elegible,Vulnerabilidad Baja,1.0,1.525552408,1.0,1.0,1.776038647,2.823478261,1.0,1.0,sotap,1,low,,,espanol_uno_mas_adultos,adultos_ninguno_analfabeta,,0,0,3.741369748,17.78726377,2.607804851,21.07662260247801,EXCLUSION,19.81,low,EXCLUSION,0.11886,AI_right,False
1296,#252,2023-08,No Elegible,Vulnerabilidad Baja,1.0,1.0,2.578385269,1.0,1.0,1.498900966,1.790108696,1.043888889,sotap,3,average,jefatura_masculina,no,espanol_uno_mas_adultos,adultos_ninguno_analfabeta,0.0,0,0,8.975915299,10.52243148,2.560855415,19.44857834177924,EXCLUSION,22.28,low,EXCLUSION,0.13368,AI_right,False
1297,#676,2024-06,Lista de Reserva,Vulnerabilidad Baja,1.0,1.0,1.0,1.0,1.776038647,2.117608696,1.790108696,1.0,pcr_cdmx,1,low,,,espanol_uno_mas_adultos,adultos_ninguno_analfabeta,0.0,0,0,0.0,21.88512181,2.610810239,21.18083670503239,EXCLUSION,20.2,low,EXCLUSION,0.12119999999999999,AI_right,False
1298,#1841,2023-10,Elegible,Vulnerabilidad Elevada,2.070141643,2.051104816,1.0,1.0,1.776038647,2.117608696,1.790108696,1.0,foten,1,low,,,espanol_uno_mas_adultos,adultos_uno_mas_analfabeta,0.0,0,0,14.63015408,21.88512181,3.046289687,36.28180377348088,INCLUSION,26.62,high,EXCLUSION,0.15972,wrongly_exclude,True
1299,#555,2023-10,No Elegible,Vulnerabilidad Elevada,2.070141643,1.0,2.578385269,1.0,1.776038647,2.823478261,1.790108696,1.0,sotap,4,average,jefatura_femenina,si,espanol_ningun_adulto,adultos_uno_mas_analfabeta,,0,0,17.46888676,26.18890898,3.25090508,43.37717670493818,EXCLUSION,27.8,high,EXCLUSION,0.1668,AI_right,False
1300,#1311,2023-08,No Elegible,Vulnerabilidad Baja,1.0,1.0,1.0,1.0,1.0,1.498900966,1.0,1.0,sotap,2,low,jefatura_masculina,no,espanol_uno_mas_adultos,adultos_ninguno_analfabeta,0.0,0,0,0.0,3.815111519,2.10647915,3.692337415207061,EXCLUSION,21.11,low,EXCLUSION,0.12666,AI_right,False
1301,#071,2023-06,No Elegible,Vulnerabilidad Baja,1.0,1.0,1.0,1.0,1.0,1.0,1.790108696,1.0,sotap,1,low,,,espanol_uno_mas_adultos,adultos_ninguno_analfabeta,0.0,0,0,0.0,5.614422911,2.156697643,5.433745167301109,EXCLUSION,15.47,low,EXCLUSION,0.09282,AI_right,False
1302,#1311,2023-09,Lista de Reserva,Vulnerabilidad Baja,1.0,2.051104816,1.0,1.0,1.0,1.0,1.790108696,1.0,sotap,1,low,,,espanol_uno_mas_adultos,adultos_ninguno_analfabeta,0.0,0,0,6.609317356,5.614422911,2.353429807,12.255756965134545,EXCLUSION,16.49,low,EXCLUSION,0.09893999999999999,AI_right,False
1303,#527,2024-03,No Elegible,Vulnerabilidad Elevada,1.0,2.051104816,1.0,1.0,1.776038647,2.823478261,2.580217391,1.0,sotap,4,average,jefatura_masculina,no,espanol_uno_mas_adultos,adultos_ninguno_analfabeta,,0,0,6.609317356,32.12448674,3.093321436,37.9127004300535,EXCLUSION,23.87,high,EXCLUSION,0.14322000000000001,AI_right,False
1304,#672,2024-04,Lista de Reserva,Vulnerabilidad Severa,2.700708215,1.0,3.251728045,1.0,1.776038647,2.823478261,2.580217391,2.544987923,fupal,4,average,jefatura_femenina,si,espanol_uno_mas_adultos,adultos_uno_mas_analfabeta,,0,0,24.2379543,50.0,4.11695608,73.40890590732829,EXCLUSION,23.33,high,EXCLUSION,0.13998,AI_right,False
1305,#527,2023-07,No Elegible,Vulnerabilidad Moderada,2.070141643,1.0,3.251728045,1.0,1.776038647,1.498900966,1.0,1.0,sotap,3,low,jefatura_masculina,no,espanol_ningun_adulto,adultos_ninguno_analfabeta,,0,0,20.51851115,9.93697889,2.88809108,30.79601432965906,EXCLUSION,21.16,medium,EXCLUSION,0.12696,AI_right,False
1306,#1167,2023-09,Elegible,Vulnerabilidad Moderada,1.0,1.0,2.578385269,1.0,1.776038647,2.117608696,1.790108696,1.0,foten,3,average,jefatura_masculina,no,espanol_ningun_adulto,adultos_uno_mas_analfabeta,,0,0,8.975915299,21.88512181,2.877986279,30.44560593426951,INCLUSION,34.73,medium,INCLUSION,0.20837999999999995,AI_right,False
1307,#112,2024-01,No Elegible,Vulnerabilidad Moderada,1.0,1.0,1.0,1.0,1.776038647,2.823478261,2.580217391,1.0,sotap,3,low,jefatura_femenina,no,espanol_uno_mas_adultos,adultos_ninguno_analfabeta,0.0,0,0,0.0,32.12448674,2.896589272,31.09068863222006,EXCLUSION,24.57,medium,EXCLUSION,0.14742,AI_right,False
1308,#1359,2023-09,No Elegible,Vulnerabilidad Baja,1.599560907,1.0,1.249197356,1.0,1.0,1.498900966,1.790108696,1.043888889,foten,1,low,,,espanol_uno_mas_adultos,adultos_ninguno_analfabeta,0.0,0,0,6.347353616,10.52243148,2.482613957,16.735426915258614,EXCLUSION,20.3,low,EXCLUSION,0.1218,AI_right,False
1309,#1101,2024-04,Elegible,Vulnerabilidad Severa,2.070141643,1.0,2.578385269,1.0,1.776038647,2.823478261,2.580217391,2.544987923,sotap,1,low,,,espanol_uno_mas_adultos,adultos_uno_mas_analfabeta,0.0,0,0,17.46888676,50.0,3.915468811,66.42200300482355,INCLUSION,21.71,high,INCLUSION,0.13026000000000001,AI_right,False
1310,#252,2024-01,Lista de Reserva,Vulnerabilidad Elevada,2.070141643,1.0,1.0,1.0,1.776038647,1.498900966,2.580217391,2.544987923,sotap,1,low,,,espanol_ningun_adulto,adultos_uno_mas_analfabeta,0.0,0,0,6.702282231,37.43330939,3.244257006,43.14663643599621,EXCLUSION,22.28,high,INCLUSION,0.13368,wrongly_include,True
1311,#1101,2023-08,No Elegible por Intenciones,Vulnerabilidad Moderada,2.070141643,1.0,1.0,1.0,1.776038647,1.498900966,2.580217391,1.043888889,sotap,3,average,jefatura_femenina,no,espanol_uno_mas_adultos,adultos_ninguno_analfabeta,,0,0,6.702282231,22.80125306,2.835878661,28.985454310751948,EXCLUSION,18.05,medium,EXCLUSION,0.1083,AI_right,False
1312,#112,2024-01,No Elegible,Vulnerabilidad Baja,1.0,1.0,1.0,1.0,1.776038647,1.0,1.790108696,1.0,sotap,2,average,jefatura_femenina,si,espanol_uno_mas_adultos,adultos_ninguno_analfabeta,-500.0,0,0,0.0,12.01413641,2.33531262,11.62750948618979,EXCLUSION,25.55,low,EXCLUSION,0.1533,AI_right,False
1313,#555,2023-11,Lista de Reserva,Vulnerabilidad Elevada,2.700708215,2.051104816,2.578385269,1.0,1.776038647,1.0,1.790108696,1.0,sotap,4,average,jefatura_femenina,no,espanol_uno_mas_adultos,adultos_ninguno_analfabeta,0.0,0,0,31.71522481,12.01413641,3.279344277,44.363361945800406,EXCLUSION,24.59,high,INCLUSION,0.14754,wrongly_include,True
1314,#1223,2024-03,No Elegible,Vulnerabilidad Baja,2.700708215,1.0,1.249197356,1.0,1.0,1.498900966,1.0,1.0,sotap,4,average,jefatura_femenina,si,espanol_uno_mas_adultos,adultos_ninguno_analfabeta,,0,0,11.93561888,3.815111519,2.46175338,16.012056446384342,EXCLUSION,19.48,low,EXCLUSION,0.11688,AI_right,False
1315,#1311,2023-06,No Elegible,Vulnerabilidad Moderada,1.0,1.0,1.0,1.0,1.776038647,2.823478261,1.790108696,1.0,sotap,4,average,jefatura_femenina,no,espanol_uno_mas_adultos,adultos_ninguno_analfabeta,0.0,0,0,0.0,26.18890898,2.730928248,25.34612370011462,EXCLUSION,21.25,medium,EXCLUSION,0.1275,AI_right,False
1316,#1223,2024-02,No Elegible,Vulnerabilidad Baja,1.0,1.0,1.0,1.0,1.0,1.0,1.790108696,1.0,sotap,1,low,,,espanol_uno_mas_adultos,adultos_ninguno_analfabeta,0.0,0,0,0.0,5.614422911,2.156697643,5.433745167301109,EXCLUSION,19.22,low,EXCLUSION,0.11531999999999998,AI_right,False
1317,#112,2024-04,No Elegible,Vulnerabilidad Baja,1.0,1.0,2.578385269,1.0,1.0,1.0,1.790108696,1.0,sotap,1,low,,,espanol_uno_mas_adultos,adultos_ninguno_analfabeta,0.0,0,0,8.975915299,5.614422911,2.423873683,14.69851439653823,EXCLUSION,18.3,low,EXCLUSION,0.1098,AI_right,False
1318,#1841,2023-11,No Elegible,Vulnerabilidad Baja,1.0,1.0,1.0,1.0,1.776038647,2.117608696,1.790108696,1.0,foten,2,average,jefatura_masculina,no,espanol_uno_mas_adultos,adultos_ninguno_analfabeta,0.0,0,0,0.0,21.88512181,2.610810239,21.18083670503239,EXCLUSION,28.75,low,EXCLUSION,0.1725,AI_right,False
1319,#071,2024-02,No Elegible,Vulnerabilidad Elevada,2.700708215,1.0,3.251728045,1.0,1.776038647,1.498900966,1.790108696,1.0,sotap,4,average,jefatura_masculina,no,espanol_ningun_adulto,adultos_ninguno_analfabeta,0.0,-500,0,24.2379543,17.10850297,3.198959675,41.57589014325073,EXCLUSION,33.94,high,EXCLUSION,0.20364,AI_right,False
1320,#1311,2024-06,Lista de Reserva,Vulnerabilidad Baja,1.0,1.0,1.0,1.0,1.776038647,2.117608696,1.790108696,1.0,sotap,2,low,jefatura_masculina,no,espanol_uno_mas_adultos,adultos_ninguno_analfabeta,0.0,0,0,0.0,21.88512181,2.610810239,21.18083670503239,EXCLUSION,15.49,low,EXCLUSION,0.09294000000000001,AI_right,False
1321,#112,2023-10,No Elegible,Vulnerabilidad Moderada,2.070141643,1.0,1.0,1.0,1.776038647,1.498900966,2.580217391,1.043888889,sotap,4,average,jefatura_masculina,no,espanol_uno_mas_adultos,adultos_ninguno_analfabeta,0.0,0,0,6.702282231,22.80125306,2.835878661,28.985454310751948,EXCLUSION,17.65,medium,EXCLUSION,0.1059,AI_right,False
1322,#252,2023-07,No Elegible,Vulnerabilidad Elevada,1.599560907,1.0,1.0,1.0,1.776038647,2.823478261,2.580217391,1.043888889,sotap,2,average,jefatura_femenina,si,espanol_uno_mas_adultos,adultos_ninguno_analfabeta,-500.0,0,0,4.186184624,32.85812825,3.041670568,36.1216210561717,EXCLUSION,13.96,high,EXCLUSION,0.08376,AI_right,False
1323,#555,2023-08,No Elegible,Vulnerabilidad Elevada,2.700708215,2.051104816,1.0,1.0,1.776038647,2.823478261,1.790108696,1.0,sotap,4,average,jefatura_femenina,no,espanol_uno_mas_adultos,adultos_ninguno_analfabeta,0.0,0,0,17.94487015,26.18890898,3.265073146,43.868477716411775,EXCLUSION,24.9,high,EXCLUSION,0.1494,AI_right,False
1324,#606,2024-02,Lista de Reserva,Vulnerabilidad Elevada,2.700708215,1.0,3.251728045,1.0,1.776038647,2.117608696,1.790108696,1.0,foten,4,average,jefatura_femenina,no,espanol_uno_mas_adultos,adultos_ninguno_analfabeta,,0,0,24.2379543,21.88512181,3.33227434,46.19879261236069,EXCLUSION,25.04,high,EXCLUSION,0.15024,AI_right,False
1325,#1311,2024-02,Lista de Reserva,Vulnerabilidad Elevada,2.700708215,1.525552408,1.249197356,1.0,1.776038647,2.823478261,1.790108696,1.0,sotap,4,average,jefatura_femenina,no,espanol_uno_mas_adultos,adultos_ninguno_analfabeta,0.0,0,0,17.00620089,26.18890898,3.237132827,42.89960114095571,EXCLUSION,24.21,high,EXCLUSION,0.14526,AI_right,False
1326,#1311,2024-04,No Elegible,Vulnerabilidad Moderada,2.700708215,1.0,2.578385269,1.0,1.0,1.0,1.790108696,1.0,sotap,1,low,,,espanol_uno_mas_adultos,adultos_ninguno_analfabeta,,0,0,20.97871872,5.614422911,2.78114772,27.08758003442943,EXCLUSION,14.42,medium,EXCLUSION,0.08652,AI_right,False
1327,#252,2024-03,No Elegible,Vulnerabilidad Baja,1.0,1.0,1.0,1.0,1.0,1.0,1.790108696,1.0,sotap,1,low,,,espanol_uno_mas_adultos,adultos_ninguno_analfabeta,-500.0,0,0,0.0,5.614422911,2.156697643,5.433745167301109,EXCLUSION,18.39,low,EXCLUSION,0.11034000000000001,AI_right,False
1328,#1101,2023-06,No Elegible,Vulnerabilidad Elevada,1.0,1.0,2.578385269,1.0,1.776038647,2.117608696,2.580217391,1.043888889,sotap,1,low,,,espanol_uno_mas_adultos,adultos_ninguno_analfabeta,,0,0,8.975915299,28.09152966,3.051206127,36.45228537324866,EXCLUSION,19.2,high,EXCLUSION,0.1152,AI_right,False
1329,#527,2024-01,Elegible,Vulnerabilidad Moderada,1.0,1.0,1.0,1.0,1.776038647,2.823478261,2.580217391,1.0,sotap,3,low,jefatura_masculina,no,espanol_uno_mas_adultos,adultos_ninguno_analfabeta,,0,0,0.0,32.12448674,2.896589272,31.09068863222006,INCLUSION,24.62,medium,INCLUSION,0.14772,AI_right,False
1330,#1311,2023-11,No Elegible,Vulnerabilidad Elevada,1.0,1.525552408,2.578385269,1.0,1.776038647,2.117608696,2.580217391,1.043888889,sotap,4,average,jefatura_femenina,si,espanol_uno_mas_adultos,adultos_ninguno_analfabeta,0.0,0,0,13.7168894,28.09152966,3.192325406,41.34582876179294,EXCLUSION,26.87,high,INCLUSION,0.16122,wrongly_include,True
1331,#133,2023-07,Elegible,Vulnerabilidad Elevada,1.0,1.0,2.578385269,1.0,1.776038647,2.823478261,2.580217391,1.043888889,fupal,1,low,,,espanol_uno_mas_adultos,adultos_ninguno_analfabeta,,0,0,8.975915299,32.85812825,3.184241129,41.06549005402387,INCLUSION,19.2,high,INCLUSION,0.1152,AI_right,False
1332,#112,2023-10,No Elegible por Intenciones,Vulnerabilidad Elevada,2.070141643,1.0,3.251728045,1.0,1.776038647,2.117608696,2.580217391,1.043888889,sotap,2,average,jefatura_femenina,si,espanol_uno_mas_adultos,adultos_ninguno_analfabeta,0.0,0,0,20.51851115,28.09152966,3.39478168,48.36633350132969,EXCLUSION,22.26,high,EXCLUSION,0.13356,AI_right,False
1333,#555,2024-02,Lista de Reserva,Vulnerabilidad Baja,1.0,1.525552408,1.0,1.0,1.0,2.823478261,1.0,1.0,sotap,2,low,jefatura_masculina,no,espanol_uno_mas_adultos,adultos_ninguno_analfabeta,0.0,0,0,3.741369748,10.61532135,2.407637089,14.13548046149604,EXCLUSION,26.24,low,EXCLUSION,0.15743999999999997,AI_right,False
1334,#071,2023-07,Lista de Reserva,Vulnerabilidad Baja,1.0,1.0,2.578385269,1.0,1.0,2.117608696,1.790108696,1.0,sotap,2,low,jefatura_femenina,no,espanol_uno_mas_adultos,adultos_ninguno_analfabeta,-500.0,0,0,8.975915299,14.16503897,2.662520006,22.973963080143548,EXCLUSION,14.58,medium,EXCLUSION,0.08748,AI_right,False
1335,#071,2024-04,No Elegible,Vulnerabilidad Baja,1.0,1.0,1.0,1.0,1.0,1.0,1.0,1.0,sotap,1,low,,,espanol_uno_mas_adultos,adultos_ninguno_analfabeta,0.0,0,0,0.0,0.0,2.0,0.0,EXCLUSION,15.74,low,EXCLUSION,0.09444000000000001,AI_right,False
1336,#555,2024-02,Elegible,Vulnerabilidad Moderada,1.0,2.051104816,1.0,1.0,1.776038647,2.117608696,1.790108696,1.0,sotap,1,low,,,espanol_ningun_adulto,adultos_ninguno_analfabeta,0.0,0,0,6.609317356,21.88512181,2.807542403,28.002848502865827,INCLUSION,27.61,medium,INCLUSION,0.16566,AI_right,False
1337,#1359,2023-09,Lista de Reserva,Vulnerabilidad Baja,1.0,1.0,1.0,1.0,1.0,2.117608696,1.0,1.0,foten,1,low,,,espanol_uno_mas_adultos,adultos_ninguno_analfabeta,,0,0,0.0,7.392265486,2.206316944,7.154374990395034,EXCLUSION,18.52,low,EXCLUSION,0.11112,AI_right,False
1338,#1359,2024-06,No Elegible,Vulnerabilidad Moderada,1.0,1.0,1.0,1.0,1.776038647,2.823478261,2.580217391,1.0,foten,2,low,jefatura_masculina,no,espanol_ningun_adulto,adultos_ninguno_analfabeta,,0,0,0.0,32.12448674,2.896589272,31.09068863222006,EXCLUSION,20.89,medium,INCLUSION,0.12534,wrongly_include,True
1339,#645,2024-04,Elegible,Vulnerabilidad Moderada,1.0,1.0,1.0,1.0,1.776038647,2.117608696,2.580217391,1.043888889,fupal,1,low,,,espanol_uno_mas_adultos,adultos_ninguno_analfabeta,,0,0,0.0,28.09152966,2.784030087,27.18751614401154,INCLUSION,17.03,medium,INCLUSION,0.10218,AI_right,False
1340,#458,2023-10,No Elegible,Vulnerabilidad Moderada,1.0,1.0,1.0,1.0,1.776038647,2.823478261,1.790108696,1.0,fupal,1,low,,,espanol_uno_mas_adultos,adultos_ninguno_analfabeta,,0,0,0.0,26.18890898,2.730928248,25.34612370011462,EXCLUSION,27.18,medium,EXCLUSION,0.16307999999999997,AI_right,False
1341,#1101,2023-08,Lista de Reserva,Vulnerabilidad Baja,2.070141643,1.0,1.0,1.0,1.776038647,1.498900966,1.790108696,1.043888889,sotap,1,low,,,espanol_uno_mas_adultos,adultos_ninguno_analfabeta,,0,0,6.702282231,17.68003002,2.692946147,24.029037349402188,EXCLUSION,19.65,medium,EXCLUSION,0.11789999999999998,AI_right,False
1342,#1101,2023-07,No Elegible,Vulnerabilidad Severa,2.700708215,1.0,3.251728045,1.0,1.776038647,2.823478261,2.580217391,1.0,sotap,3,complete,jefatura_femenina,si,espanol_uno_mas_adultos,adultos_ninguno_analfabeta,0.0,0,0,24.2379543,32.12448674,3.618053373,56.108644539548365,EXCLUSION,15.77,high,EXCLUSION,0.09462,AI_right,False
1343,#527,2023-12,Elegible,Vulnerabilidad Moderada,1.0,1.0,1.0,1.0,1.776038647,2.823478261,2.580217391,1.0,sotap,1,low,,,espanol_ningun_adulto,adultos_ninguno_analfabeta,-500.0,0,0,0.0,32.12448674,2.896589272,31.09068863222006,INCLUSION,24.0,medium,INCLUSION,0.144,AI_right,False
1344,#1407,2024-02,No Elegible,Vulnerabilidad Moderada,1.599560907,1.0,2.578385269,1.0,1.0,1.498900966,1.790108696,1.043888889,foten,1,low,,,espanol_uno_mas_adultos,adultos_ninguno_analfabeta,,0,0,14.28054816,10.52243148,2.718752494,24.92391959287908,EXCLUSION,22.41,medium,EXCLUSION,0.13446,AI_right,False
1345,#555,2023-09,Elegible,Vulnerabilidad Moderada,1.0,2.051104816,1.0,1.0,1.776038647,2.117608696,1.790108696,1.0,sotap,1,low,,,espanol_uno_mas_adultos,adultos_ninguno_analfabeta,0.0,0,0,6.609317356,21.88512181,2.807542403,28.002848502865827,INCLUSION,22.27,medium,INCLUSION,0.13362,AI_right,False
1346,#606,2023-07,No Elegible,Vulnerabilidad Baja,1.0,1.0,1.0,1.0,1.0,1.498900966,1.0,1.0,foten,1,low,,,espanol_uno_mas_adultos,adultos_ninguno_analfabeta,0.0,0,0,0.0,3.815111519,2.10647915,3.692337415207061,EXCLUSION,15.85,low,EXCLUSION,0.0951,AI_right,False
1347,#606,2023-09,No Elegible,Vulnerabilidad Elevada,2.070141643,1.0,2.578385269,1.0,1.776038647,1.498900966,1.790108696,1.043888889,foten,2,average,jefatura_femenina,si,espanol_uno_mas_adultos,adultos_ninguno_analfabeta,,0,0,17.46888676,17.68003002,3.013423633,35.14212197874994,EXCLUSION,22.32,high,INCLUSION,0.13392,wrongly_include,True
1348,#527,2024-06,Lista de Reserva,Vulnerabilidad Baja,1.0,1.0,1.0,1.0,1.0,2.117608696,1.0,1.0,sotap,1,low,,,espanol_ningun_adulto,adultos_uno_mas_analfabeta,,0,0,0.0,7.392265486,2.206316944,7.154374990395034,EXCLUSION,20.74,low,INCLUSION,0.12443999999999998,wrongly_include,True
1349,,2023-07,Lista de Reserva,Vulnerabilidad Severa,2.700708215,2.051104816,3.251728045,1.0,1.776038647,2.823478261,2.580217391,1.0,,2,average,jefatura_femenina,si,espanol_uno_mas_adultos,adultos_ninguno_analfabeta,,0,0,35.61565687,32.12448674,3.956720731,67.85249295595354,EXCLUSION,17.15,high,EXCLUSION,0.10289999999999999,AI_right,False
1350,#112,2023-12,Lista de Reserva,Vulnerabilidad Baja,1.0,1.0,1.0,1.0,1.0,1.0,1.790108696,1.0,sotap,1,low,,,espanol_uno_mas_adultos,adultos_ninguno_analfabeta,,0,0,0.0,5.614422911,2.156697643,5.433745167301109,EXCLUSION,20.45,low,EXCLUSION,0.12269999999999999,AI_right,False
1351,#555,2024-03,No Elegible,Vulnerabilidad Baja,1.0,1.0,1.0,1.0,1.0,1.0,2.580217391,1.0,sotap,3,low,jefatura_masculina,no,espanol_uno_mas_adultos,adultos_ninguno_analfabeta,0.0,0,0,0.0,9.580889352,2.267401085,9.272566751763287,EXCLUSION,18.92,low,EXCLUSION,0.11352,AI_right,False
1352,,2023-09,Elegible,Vulnerabilidad Severa,2.070141643,1.0,2.578385269,1.0,1.776038647,2.823478261,2.580217391,2.544987923,,1,low,,,espanol_uno_mas_adultos,adultos_uno_mas_analfabeta,,0,0,17.46888676,50.0,3.915468811,66.42200300482355,INCLUSION,27.66,high,INCLUSION,0.16596,AI_right,False
1353,#071,2024-03,No Elegible,Vulnerabilidad Baja,1.0,1.0,2.578385269,1.0,1.0,1.0,1.0,1.043888889,sotap,3,low,jefatura_femenina,si,espanol_uno_mas_adultos,adultos_ninguno_analfabeta,-500.0,0,0,8.975915299,0.386821499,2.277972167,9.6391424255778,EXCLUSION,22.0,low,EXCLUSION,0.132,AI_right,False
1354,#264,2024-01,No Elegible,Vulnerabilidad Baja,1.0,1.0,1.0,1.0,1.0,1.498900966,1.0,1.0,foten,4,average,jefatura_masculina,no,espanol_uno_mas_adultos,adultos_ninguno_analfabeta,,0,0,0.0,3.815111519,2.10647915,3.692337415207061,EXCLUSION,28.93,low,INCLUSION,0.17357999999999998,wrongly_include,True
1355,#071,2023-07,Lista de Reserva,Vulnerabilidad Severa,2.700708215,2.051104816,2.578385269,1.564135978,1.0,2.117608696,1.0,2.544987923,sotap,2,complete,jefatura_femenina,si,espanol_uno_mas_adultos,adultos_ninguno_analfabeta,,0,0,39.44321718,18.76190405,3.697703903,58.87066656783652,EXCLUSION,12.18,high,EXCLUSION,0.07307999999999999,AI_right,False
1356,#1223,2023-10,No Elegible,Vulnerabilidad Baja,1.0,1.0,1.0,1.564135978,1.0,1.0,1.0,1.043888889,sotap,3,low,jefatura_femenina,no,espanol_uno_mas_adultos,adultos_ninguno_analfabeta,0.0,0,0,3.975239986,0.386821499,2.129122653,4.477540380330147,EXCLUSION,26.63,low,INCLUSION,0.15977999999999998,wrongly_include,True
1357,#112,2024-01,Elegible,Vulnerabilidad Moderada,1.0,2.051104816,1.0,1.0,1.776038647,2.117608696,1.790108696,1.0,sotap,1,low,,,espanol_uno_mas_adultos,adultos_ninguno_analfabeta,,0,0,6.609317356,21.88512181,2.807542403,28.002848502865827,INCLUSION,26.36,medium,INCLUSION,0.15816,AI_right,False
1358,#1167,2024-01,Elegible por Proceso Acelerado,Vulnerabilidad Elevada,1.0,1.0,1.0,1.0,1.776038647,2.823478261,2.580217391,1.043888889,foten,3,average,jefatura_masculina,no,espanol_uno_mas_adultos,adultos_ninguno_analfabeta,,0,0,0.0,32.85812825,2.917065088,31.80072082478675,INCLUSION,30.12,medium,EXCLUSION,0.18072000000000002,wrongly_exclude,True
1359,#252,2024-05,No Elegible,Vulnerabilidad Baja,1.0,1.0,1.0,1.0,1.776038647,1.0,1.790108696,1.0,sotap,3,low,jefatura_masculina,no,espanol_uno_mas_adultos,adultos_ninguno_analfabeta,-500.0,0,0,0.0,12.01413641,2.33531262,11.62750948618979,EXCLUSION,18.38,low,EXCLUSION,0.11027999999999999,AI_right,False
1360,#1223,2023-07,No Elegible,Vulnerabilidad Baja,2.700708215,1.0,1.0,1.0,1.0,1.0,1.790108696,1.0,sotap,1,low,,,espanol_uno_mas_adultos,adultos_ninguno_analfabeta,0.0,0,-500,9.472088355,5.614422911,2.438642712,15.210654797653364,EXCLUSION,13.61,low,EXCLUSION,0.08166,AI_right,False
1361,#1841,2023-06,No Elegible,Vulnerabilidad Baja,1.0,1.0,1.0,1.0,1.0,2.117608696,1.0,1.0,foten,1,low,,,espanol_uno_mas_adultos,adultos_ninguno_analfabeta,,-500,0,0.0,7.392265486,2.206316944,7.154374990395034,EXCLUSION,26.45,low,EXCLUSION,0.1587,AI_right,False
1362,#071,2023-06,Lista de Reserva,Vulnerabilidad Baja,1.0,1.0,1.0,1.0,1.0,2.117608696,1.790108696,1.0,sotap,1,low,,,espanol_uno_mas_adultos,adultos_ninguno_analfabeta,-500.0,0,0,0.0,14.16503897,2.395343965,13.709193850906429,EXCLUSION,13.72,low,EXCLUSION,0.08232,AI_right,False
1363,#252,2023-10,Lista de Reserva,Vulnerabilidad Elevada,1.0,1.525552408,2.578385269,1.0,1.776038647,2.823478261,1.790108696,1.0,sotap,1,low,,,espanol_uno_mas_adultos,adultos_uno_mas_analfabeta,,0,0,13.7168894,26.18890898,3.139223567,39.50443631789602,EXCLUSION,36.73,high,EXCLUSION,0.22037999999999996,AI_right,False
1364,#071,2023-09,No Elegible,Vulnerabilidad Baja,1.0,1.0,2.578385269,1.0,1.0,1.0,1.0,1.0,sotap,1,low,,,espanol_uno_mas_adultos,adultos_ninguno_analfabeta,0.0,0,0,8.975915299,0.0,2.267176041,9.26476922923712,EXCLUSION,20.31,low,EXCLUSION,0.12185999999999998,AI_right,False
1365,#071,2023-12,No Elegible,Vulnerabilidad Baja,1.0,1.0,1.0,1.0,1.0,1.498900966,1.0,1.0,sotap,1,low,,,espanol_uno_mas_adultos,adultos_ninguno_analfabeta,,0,0,0.0,3.815111519,2.10647915,3.692337415207061,EXCLUSION,21.31,low,EXCLUSION,0.12785999999999997,AI_right,False
1366,#1101,2023-07,No Elegible,Vulnerabilidad Elevada,2.070141643,1.0,1.0,1.0,1.776038647,2.823478261,2.580217391,1.0,sotap,4,average,jefatura_masculina,no,espanol_uno_mas_adultos,adultos_uno_mas_analfabeta,0.0,0,0,6.702282231,32.12448674,3.096088617,38.008657007695874,EXCLUSION,19.41,high,EXCLUSION,0.11646,AI_right,False
1367,#1101,2023-08,No Elegible,Vulnerabilidad Baja,1.0,1.0,1.0,1.0,1.0,2.117608696,1.0,1.0,sotap,3,low,jefatura_masculina,no,espanol_uno_mas_adultos,adultos_ninguno_analfabeta,,0,0,0.0,7.392265486,2.206316944,7.154374990395034,EXCLUSION,19.21,low,EXCLUSION,0.11526,AI_right,False
1368,#1101,2024-06,No Elegible,Vulnerabilidad Elevada,2.700708215,1.0,2.578385269,1.0,1.0,1.498900966,1.790108696,1.0,sotap,1,low,,,espanol_uno_mas_adultos,adultos_ninguno_analfabeta,0.0,0,0,20.97871872,10.02735341,2.904311903,31.35849801704111,EXCLUSION,15.47,medium,INCLUSION,0.09282,wrongly_include,True
1369,#1101,2023-08,No Elegible,Vulnerabilidad Baja,1.0,1.0,1.0,1.0,1.0,2.117608696,1.0,1.0,sotap,1,low,,,espanol_uno_mas_adultos,adultos_ninguno_analfabeta,,0,0,0.0,7.392265486,2.206316944,7.154374990395034,EXCLUSION,19.43,low,EXCLUSION,0.11657999999999999,AI_right,False
1370,#1101,2023-12,No Elegible,Vulnerabilidad Baja,1.0,1.0,2.578385269,1.0,1.0,1.0,1.0,1.0,sotap,1,low,,,espanol_uno_mas_adultos,adultos_ninguno_analfabeta,-500.0,-500,0,8.975915299,0.0,2.267176041,9.26476922923712,EXCLUSION,28.51,low,EXCLUSION,0.17106000000000002,AI_right,False
1371,#1223,2023-08,Lista de Reserva,Vulnerabilidad Moderada,2.700708215,1.525552408,1.249197356,1.0,1.0,1.498900966,1.790108696,1.043888889,sotap,2,average,jefatura_masculina,si,espanol_uno_mas_adultos,adultos_ninguno_analfabeta,,0,0,17.00620089,10.52243148,2.799883953,27.737286553383207,EXCLUSION,15.3,medium,EXCLUSION,0.09179999999999999,AI_right,False
1372,#645,2024-03,No Elegible,Vulnerabilidad Elevada,1.0,1.525552408,1.249197356,1.0,1.776038647,2.823478261,2.580217391,1.0,fupal,2,average,jefatura_femenina,si,espanol_uno_mas_adultos,adultos_uno_mas_analfabeta,,0,0,5.877094669,32.12448674,3.071526181,37.15691408476315,EXCLUSION,29.96,high,EXCLUSION,0.17976,AI_right,False
1373,#133,2023-09,No Elegible,Vulnerabilidad Severa,2.070141643,1.0,2.578385269,1.0,1.776038647,2.823478261,2.580217391,2.544987923,fupal,3,complete,jefatura_femenina,si,espanol_uno_mas_adultos,adultos_ninguno_analfabeta,,0,0,17.46888676,50.0,3.915468811,66.42200300482355,EXCLUSION,21.52,high,EXCLUSION,0.12911999999999998,AI_right,False
1374,#555,2023-07,Lista de Reserva,Vulnerabilidad Moderada,1.0,1.0,1.0,1.0,1.776038647,2.117608696,2.580217391,1.043888889,sotap,1,low,,,espanol_ningun_adulto,adultos_ninguno_analfabeta,-500.0,0,0,0.0,28.09152966,2.784030087,27.18751614401154,EXCLUSION,16.25,medium,EXCLUSION,0.0975,AI_right,False
1375,#1101,2023-12,Elegible,Vulnerabilidad Elevada,2.700708215,1.0,3.251728045,1.0,1.0,1.498900966,1.790108696,1.0,sotap,4,average,jefatura_masculina,no,espanol_uno_mas_adultos,adultos_ninguno_analfabeta,0.0,0,0,24.2379543,10.02735341,3.001325926,34.72261905724109,INCLUSION,23.24,high,INCLUSION,0.13943999999999998,AI_right,False
1376,#1223,2023-07,Lista de Reserva,Vulnerabilidad Baja,2.070141643,1.0,1.0,1.0,1.0,1.0,1.790108696,1.0,sotap,1,low,,,espanol_uno_mas_adultos,adultos_ninguno_analfabeta,,0,0,6.702282231,5.614422911,2.356196989,12.35171354277692,EXCLUSION,12.23,low,INCLUSION,0.07338,wrongly_include,True
1377,#252,2023-09,No Elegible,Vulnerabilidad Baja,2.070141643,2.051104816,1.0,1.0,1.0,1.0,1.0,1.043888889,sotap,1,low,,,espanol_uno_mas_adultos,adultos_ninguno_analfabeta,,0,0,14.63015408,0.386821499,2.446275574,15.475340264789162,EXCLUSION,15.18,low,EXCLUSION,0.09108,AI_right,False
1378,#672,2024-02,Lista de Reserva,Vulnerabilidad Moderada,1.0,1.0,2.578385269,1.0,1.776038647,2.117608696,1.790108696,1.0,fupal,1,low,,,espanol_uno_mas_adultos,adultos_ninguno_analfabeta,0.0,0,0,8.975915299,21.88512181,2.877986279,30.44560593426951,EXCLUSION,29.09,medium,EXCLUSION,0.17454,AI_right,False
1379,#606,2023-08,Elegible,Vulnerabilidad Moderada,1.0,1.0,1.0,1.0,1.776038647,2.823478261,1.790108696,1.0,foten,4,average,jefatura_masculina,no,espanol_uno_mas_adultos,adultos_ninguno_analfabeta,,0,0,0.0,26.18890898,2.730928248,25.34612370011462,INCLUSION,26.12,medium,INCLUSION,0.15672,AI_right,False
1380,#527,2023-08,No Elegible,Vulnerabilidad Baja,1.0,1.0,1.0,1.0,1.0,1.0,1.0,1.0,sotap,4,average,jefatura_femenina,si,espanol_uno_mas_adultos,adultos_ninguno_analfabeta,-500.0,0,0,0.0,0.0,2.0,0.0,EXCLUSION,18.97,low,EXCLUSION,0.11381999999999998,AI_right,False
1381,#252,2023-07,No Elegible,Vulnerabilidad Baja,1.0,1.0,1.0,1.0,1.776038647,2.117608696,1.790108696,1.043888889,sotap,4,low,jefatura_masculina,no,espanol_uno_mas_adultos,adultos_ninguno_analfabeta,,0,0,0.0,22.50821784,2.628200749,21.78388088169096,EXCLUSION,15.8,medium,INCLUSION,0.0948,wrongly_include,True
1382,#527,2024-03,Lista de Reserva,Vulnerabilidad Elevada,2.700708215,1.0,1.249197356,1.0,1.776038647,2.823478261,1.790108696,1.043888889,sotap,2,complete,jefatura_masculina,si,espanol_uno_mas_adultos,adultos_ninguno_analfabeta,,0,0,11.93561888,26.85846924,3.104889798,38.31385587256485,EXCLUSION,18.8,high,EXCLUSION,0.1128,AI_right,False
1383,#133,2024-04,No Elegible,Vulnerabilidad Elevada,2.070141643,1.0,1.0,1.0,1.776038647,2.823478261,2.580217391,1.043888889,fupal,4,average,jefatura_femenina,si,espanol_uno_mas_adultos,adultos_ninguno_analfabeta,-500.0,0,0,6.702282231,32.85812825,3.116564434,38.71868920026256,EXCLUSION,18.35,high,EXCLUSION,0.11010000000000002,AI_right,False
1384,#1860,2024-06,No Elegible,Vulnerabilidad Baja,1.0,1.0,1.0,1.0,1.776038647,1.498900966,1.790108696,1.0,pcr_cdmx,1,low,,,espanol_uno_mas_adultos,adultos_ninguno_analfabeta,,0,0,0.0,17.10850297,2.477495573,16.55793423592243,EXCLUSION,18.9,low,EXCLUSION,0.11339999999999997,AI_right,False
1385,#1859,2024-04,No Elegible,Vulnerabilidad Baja,1.0,1.0,1.0,1.0,1.0,2.117608696,1.790108696,1.0,pcr_cdmx,2,average,jefatura_masculina,si,espanol_uno_mas_adultos,adultos_ninguno_analfabeta,,0,0,0.0,14.16503897,2.395343965,13.709193850906429,EXCLUSION,18.21,low,EXCLUSION,0.10926000000000001,AI_right,False
1386,#1101,2024-05,Lista de Reserva,Vulnerabilidad Moderada,1.0,1.0,1.0,1.0,1.776038647,2.823478261,1.790108696,1.0,sotap,1,low,,,espanol_uno_mas_adultos,adultos_ninguno_analfabeta,,0,0,0.0,26.18890898,2.730928248,25.34612370011462,EXCLUSION,19.51,medium,EXCLUSION,0.11706000000000001,AI_right,False
1387,#527,2023-08,Elegible,Vulnerabilidad Baja,1.0,1.0,1.0,1.0,1.0,1.0,1.790108696,1.0,sotap,3,average,jefatura_femenina,si,espanol_uno_mas_adultos,adultos_ninguno_analfabeta,0.0,0,0,0.0,5.614422911,2.156697643,5.433745167301109,INCLUSION,16.74,low,INCLUSION,0.10043999999999999,AI_right,False
1388,#1223,2023-07,Lista de Reserva,Vulnerabilidad Moderada,1.0,1.0,1.0,1.0,1.776038647,2.823478261,2.580217391,1.0,sotap,3,average,jefatura_masculina,no,espanol_ningun_adulto,adultos_ninguno_analfabeta,,0,0,0.0,32.12448674,2.896589272,31.09068863222006,EXCLUSION,19.55,medium,INCLUSION,0.1173,wrongly_include,True
1389,#071,2023-07,No Elegible por Intenciones,Vulnerabilidad Moderada,1.0,1.0,2.578385269,1.0,1.776038647,1.498900966,1.790108696,1.0,sotap,4,average,jefatura_masculina,no,espanol_ningun_adulto,adultos_ninguno_analfabeta,,0,0,8.975915299,17.10850297,2.744671614,25.82270346515955,EXCLUSION,21.07,medium,EXCLUSION,0.12642,AI_right,False
1390,#112,2023-12,Elegible,Vulnerabilidad Elevada,2.700708215,1.0,3.251728045,1.0,1.776038647,2.117608696,1.790108696,1.043888889,sotap,6,high,jefatura_masculina,no,espanol_uno_mas_adultos,adultos_ninguno_analfabeta,,0,0,24.2379543,22.50821784,3.34966485,46.80183678901926,INCLUSION,26.27,high,EXCLUSION,0.15761999999999998,wrongly_exclude,True
1391,#071,2023-11,Elegible,Vulnerabilidad Elevada,2.070141643,2.051104816,1.0,1.0,1.776038647,2.117608696,2.580217391,1.043888889,sotap,4,average,jefatura_masculina,no,espanol_ningun_adulto,adultos_uno_mas_analfabeta,,0,0,14.63015408,28.09152966,3.219509535,42.28848321246002,INCLUSION,22.74,high,INCLUSION,0.13643999999999998,AI_right,False
1392,#1223,2024-06,No Elegible,Vulnerabilidad Moderada,1.0,1.0,1.0,1.0,1.776038647,2.823478261,1.790108696,1.0,sotap,1,low,,,espanol_uno_mas_adultos,adultos_ninguno_analfabeta,0.0,0,0,0.0,26.18890898,2.730928248,25.34612370011462,EXCLUSION,17.96,medium,EXCLUSION,0.10776000000000001,AI_right,False
1393,#1583,2024-04,No Elegible,Vulnerabilidad Severa,1.599560907,1.0,1.0,1.0,1.776038647,2.823478261,2.580217391,2.544987923,foten,4,average,jefatura_femenina,si,espanol_uno_mas_adultos,adultos_uno_mas_analfabeta,,0,0,4.186184624,50.0,3.520097459,52.71185023138494,EXCLUSION,19.72,high,INCLUSION,0.11831999999999998,wrongly_include,True
1394,#1323,2024-02,No Elegible,Vulnerabilidad Baja,1.0,1.0,1.0,1.0,1.0,1.0,1.0,1.0,fupal,1,low,,,espanol_uno_mas_adultos,adultos_ninguno_analfabeta,0.0,0,0,0.0,0.0,2.0,0.0,EXCLUSION,22.61,low,EXCLUSION,0.13566,AI_right,False
1395,#1841,2024-05,No Elegible,Vulnerabilidad Elevada,1.0,2.051104816,1.0,1.0,1.776038647,2.823478261,2.580217391,1.0,foten,2,average,jefatura_masculina,si,espanol_uno_mas_adultos,adultos_uno_mas_analfabeta,,-500,0,6.609317356,32.12448674,3.093321436,37.9127004300535,EXCLUSION,26.68,high,EXCLUSION,0.16007999999999997,AI_right,False
1396,#1223,2024-02,Lista de Reserva,Vulnerabilidad Baja,1.0,1.0,1.0,1.0,1.0,1.0,1.0,1.0,sotap,3,low,jefatura_masculina,no,espanol_uno_mas_adultos,adultos_ninguno_analfabeta,-500.0,0,0,0.0,0.0,2.0,0.0,EXCLUSION,17.65,low,EXCLUSION,0.1059,AI_right,False
1397,#112,2023-08,No Elegible,Vulnerabilidad Elevada,1.0,1.0,2.578385269,1.0,1.776038647,1.498900966,2.580217391,1.043888889,sotap,1,low,,,espanol_ningun_adulto,adultos_ninguno_analfabeta,,0,0,8.975915299,22.80125306,2.903555356,31.332255164513256,EXCLUSION,24.48,medium,INCLUSION,0.14688,wrongly_include,True
1398,#527,2024-02,Elegible,Vulnerabilidad Elevada,1.0,2.051104816,1.0,1.0,1.776038647,2.823478261,2.580217391,1.043888889,sotap,5,high,jefatura_femenina,no,espanol_uno_mas_adultos,adultos_ninguno_analfabeta,,0,0,6.609317356,32.85812825,3.113797253,38.62273262262019,INCLUSION,28.7,high,INCLUSION,0.1722,AI_right,False
1399,#071,2024-07,No Elegible,Vulnerabilidad Baja,1.0,1.0,2.578385269,1.0,1.0,1.0,1.0,1.0,sotap,1,low,,,espanol_uno_mas_adultos,adultos_ninguno_analfabeta,,0,0,8.975915299,0.0,2.267176041,9.26476922923712,EXCLUSION,17.16,low,EXCLUSION,0.10296,AI_right,False
1400,#112,2024-06,Lista de Reserva,Vulnerabilidad Elevada,1.0,1.0,2.578385269,1.0,1.776038647,2.823478261,1.790108696,1.0,sotap,3,average,jefatura_masculina,no,espanol_ningun_adulto,adultos_ninguno_analfabeta,0.0,0,0,8.975915299,26.18890898,2.998104289,34.61089292935174,EXCLUSION,23.71,high,EXCLUSION,0.14226,AI_right,False
1401,#252,2024-03,No Elegible,Vulnerabilidad Baja,2.070141643,1.0,1.0,1.0,1.0,1.0,1.790108696,1.0,sotap,1,low,,,espanol_uno_mas_adultos,adultos_ninguno_analfabeta,0.0,0,0,6.702282231,5.614422911,2.356196989,12.35171354277692,EXCLUSION,17.63,low,EXCLUSION,0.10577999999999999,AI_right,False
1402,#1311,2023-06,No Elegible,Vulnerabilidad Baja,1.0,1.0,1.0,1.0,1.0,2.823478261,1.790108696,1.0,sotap,4,average,jefatura_femenina,no,espanol_uno_mas_adultos,adultos_ninguno_analfabeta,,0,0,0.0,17.8931401,2.49939467,17.3173209584419,EXCLUSION,19.94,low,EXCLUSION,0.11964000000000001,AI_right,False
1403,#071,2023-07,No Elegible,Vulnerabilidad Baja,1.0,2.051104816,1.0,1.0,1.776038647,1.498900966,1.790108696,1.0,sotap,1,low,,,espanol_uno_mas_adultos,adultos_ninguno_analfabeta,,0,0,6.609317356,17.10850297,2.674227738,23.379946033755868,EXCLUSION,16.2,medium,EXCLUSION,0.0972,AI_right,False
1404,#1223,2023-10,No Elegible,Vulnerabilidad Elevada,1.0,1.0,2.578385269,1.0,1.776038647,2.823478261,2.580217391,1.043888889,sotap,1,low,,,espanol_ningun_adulto,adultos_ninguno_analfabeta,0.0,0,0,8.975915299,32.85812825,3.184241129,41.06549005402387,EXCLUSION,27.21,high,EXCLUSION,0.16326,AI_right,False
1405,#1101,2023-10,No Elegible,Vulnerabilidad Baja,1.0,1.0,1.0,1.0,1.776038647,2.117608696,1.790108696,1.043888889,sotap,1,low,,,espanol_uno_mas_adultos,adultos_ninguno_analfabeta,0.0,-500,0,0.0,22.50821784,2.628200749,21.78388088169096,EXCLUSION,29.05,medium,EXCLUSION,0.17429999999999998,AI_right,False
1406,#458,2023-09,No Elegible,Vulnerabilidad Elevada,2.070141643,1.0,1.0,1.0,1.776038647,2.117608696,2.580217391,1.043888889,fupal,1,low,,,espanol_uno_mas_adultos,adultos_ninguno_analfabeta,,0,0,6.702282231,28.09152966,2.983529432,34.10548451948735,EXCLUSION,19.8,high,EXCLUSION,0.1188,AI_right,False
1407,#527,2023-08,No Elegible,Vulnerabilidad Baja,2.700708215,1.0,1.0,1.0,1.0,1.0,1.790108696,1.0,sotap,1,low,,,espanol_ningun_adulto,adultos_uno_mas_analfabeta,,0,0,9.472088355,5.614422911,2.438642712,15.210654797653364,EXCLUSION,17.94,low,EXCLUSION,0.10764,AI_right,False
1408,#458,2024-06,No Elegible,Vulnerabilidad Moderada,1.0,2.051104816,1.0,1.0,1.776038647,2.117608696,1.790108696,1.0,fupal,1,low,,,espanol_uno_mas_adultos,adultos_ninguno_analfabeta,0.0,0,0,6.609317356,21.88512181,2.807542403,28.002848502865827,EXCLUSION,17.88,medium,EXCLUSION,0.10727999999999999,AI_right,False
1409,#1771,2023-09,Elegible,Vulnerabilidad Baja,1.0,1.0,1.0,1.0,1.0,1.0,1.0,1.0,fupal,4,average,jefatura_femenina,si,espanol_uno_mas_adultos,adultos_ninguno_analfabeta,,0,0,0.0,0.0,2.0,0.0,INCLUSION,19.1,low,INCLUSION,0.1146,AI_right,False
1410,#527,2024-07,No Elegible,Vulnerabilidad Baja,1.0,1.0,1.0,1.0,1.776038647,1.498900966,1.790108696,1.0,sotap,3,average,jefatura_femenina,si,espanol_uno_mas_adultos,adultos_ninguno_analfabeta,,0,0,0.0,17.10850297,2.477495573,16.55793423592243,EXCLUSION,18.72,low,EXCLUSION,0.11231999999999999,AI_right,False
1411,#071,2024-06,Lista de Reserva,Vulnerabilidad Baja,1.0,1.0,1.0,1.0,1.0,1.0,1.0,1.0,sotap,1,low,,,espanol_uno_mas_adultos,adultos_ninguno_analfabeta,,0,0,0.0,0.0,2.0,0.0,EXCLUSION,12.78,low,EXCLUSION,0.07668,AI_right,False
1412,#1860,2024-06,Lista de Reserva,Vulnerabilidad Moderada,1.0,1.0,1.0,1.0,1.776038647,2.823478261,1.790108696,1.0,pcr_cdmx,4,average,jefatura_femenina,si,espanol_uno_mas_adultos,adultos_ninguno_analfabeta,-500.0,-500,0,0.0,26.18890898,2.730928248,25.34612370011462,EXCLUSION,22.17,medium,EXCLUSION,0.13302,AI_right,False
1413,#1200,2024-01,Elegible,Vulnerabilidad Elevada,2.070141643,1.0,2.578385269,1.0,1.776038647,2.823478261,2.580217391,1.043888889,fupal,3,low,jefatura_femenina,no,espanol_uno_mas_adultos,adultos_ninguno_analfabeta,,0,0,17.46888676,32.85812825,3.43704192,49.83177382961031,INCLUSION,26.41,high,EXCLUSION,0.15846,wrongly_exclude,True
1414,#1859,2024-02,No Elegible,Vulnerabilidad Elevada,1.0,1.0,2.578385269,1.0,1.776038647,2.117608696,2.580217391,1.738466184,pcr_cdmx,1,low,,,espanol_ningun_adulto,adultos_ninguno_analfabeta,0.0,0,0,8.975915299,36.78475459,3.29383264,44.86575363177633,EXCLUSION,29.09,high,EXCLUSION,0.17454,AI_right,False
1415,#112,2023-12,Elegible,Vulnerabilidad Elevada,2.700708215,1.0,3.251728045,1.0,1.776038647,2.117608696,1.790108696,1.0,sotap,5,average,jefatura_femenina,no,espanol_uno_mas_adultos,adultos_ninguno_analfabeta,,0,0,24.2379543,21.88512181,3.33227434,46.19879261236069,INCLUSION,24.71,high,INCLUSION,0.14826,AI_right,False
1416,#1223,2024-04,No Elegible,Vulnerabilidad Elevada,1.0,1.0,3.251728045,1.0,1.776038647,2.117608696,1.790108696,1.0,sotap,1,low,,,espanol_uno_mas_adultos,adultos_ninguno_analfabeta,,0,0,11.51832969,21.88512181,2.953663487,33.06983776278628,EXCLUSION,20.84,medium,EXCLUSION,0.12503999999999998,AI_right,False
1417,#1101,2024-03,No Elegible,Vulnerabilidad Baja,2.700708215,1.0,1.249197356,1.0,1.0,1.0,1.0,1.0,sotap,1,low,,,espanol_uno_mas_adultos,adultos_ninguno_analfabeta,0.0,0,0,11.93561888,0.0,2.35527423,12.31971903117728,EXCLUSION,17.51,low,INCLUSION,0.10506,wrongly_include,True
1418,#1223,2023-07,No Elegible,Vulnerabilidad Elevada,2.700708215,1.0,1.0,1.0,1.776038647,2.823478261,1.790108696,1.0,sotap,2,complete,jefatura_femenina,si,espanol_uno_mas_adultos,adultos_ninguno_analfabeta,0.0,0,0,9.472088355,26.18890898,3.012873318,35.123033330466875,EXCLUSION,14.8,high,EXCLUSION,0.0888,AI_right,False
1419,#1311,2023-12,Elegible,Vulnerabilidad Moderada,2.700708215,1.0,2.578385269,1.0,1.0,1.0,1.790108696,1.0,sotap,1,low,,,espanol_uno_mas_adultos,adultos_ninguno_analfabeta,0.0,0,0,20.97871872,5.614422911,2.78114772,27.08758003442943,INCLUSION,20.93,medium,INCLUSION,0.12558,AI_right,False
1420,#555,2024-03,Lista de Reserva,Vulnerabilidad Moderada,1.0,1.0,1.0,1.0,1.776038647,2.823478261,1.790108696,1.0,sotap,1,low,,,espanol_uno_mas_adultos,adultos_ninguno_analfabeta,0.0,0,0,0.0,26.18890898,2.730928248,25.34612370011462,EXCLUSION,24.43,medium,EXCLUSION,0.14658,AI_right,False
1421,#458,2023-06,No Elegible,Vulnerabilidad Elevada,2.700708215,1.0,1.249197356,1.0,1.776038647,2.117608696,1.790108696,1.043888889,fupal,4,average,jefatura_masculina,si,espanol_uno_mas_adultos,adultos_ninguno_analfabeta,0.0,0,0,11.93561888,22.50821784,2.983474979,34.10359991286824,EXCLUSION,15.39,high,EXCLUSION,0.09234,AI_right,False
1422,#071,2023-07,No Elegible,Vulnerabilidad Moderada,2.070141643,1.0,1.0,1.0,1.776038647,1.498900966,2.580217391,1.043888889,sotap,1,low,,,espanol_uno_mas_adultos,adultos_ninguno_analfabeta,,0,0,6.702282231,22.80125306,2.835878661,28.985454310751948,EXCLUSION,14.16,medium,EXCLUSION,0.08496,AI_right,False
1423,#071,2024-03,No Elegible,Vulnerabilidad Baja,1.0,1.0,1.0,1.0,1.776038647,2.117608696,1.790108696,1.0,sotap,1,low,,,espanol_uno_mas_adultos,adultos_ninguno_analfabeta,,0,0,0.0,21.88512181,2.610810239,21.18083670503239,EXCLUSION,24.0,low,EXCLUSION,0.144,AI_right,False
1424,#555,2023-11,Lista de Reserva,Vulnerabilidad Moderada,1.0,1.0,1.0,1.0,1.776038647,2.823478261,1.790108696,1.0,sotap,2,average,jefatura_femenina,si,espanol_uno_mas_adultos,adultos_ninguno_analfabeta,,0,0,0.0,26.18890898,2.730928248,25.34612370011462,EXCLUSION,24.26,medium,EXCLUSION,0.14556,AI_right,False
1425,#1223,2023-10,No Elegible,Vulnerabilidad Baja,2.070141643,1.525552408,1.0,1.0,1.776038647,1.0,1.0,1.0,sotap,1,low,,,espanol_ningun_adulto,adultos_ninguno_analfabeta,,0,0,11.1900528,5.532745347,2.487499832,16.904855958144992,EXCLUSION,23.19,low,EXCLUSION,0.13914,AI_right,False
1426,#1101,2024-07,No Elegible,Vulnerabilidad Baja,1.0,1.0,3.251728045,1.0,1.776038647,1.0,1.790108696,1.0,sotap,1,low,,,espanol_uno_mas_adultos,adultos_ninguno_analfabeta,-500.0,0,0,11.51832969,12.01413641,2.678165869,23.51651054394368,EXCLUSION,21.64,medium,EXCLUSION,0.12984,AI_right,False
1427,#112,2023-08,Elegible,Vulnerabilidad Moderada,1.0,1.525552408,1.0,1.0,1.776038647,2.823478261,1.790108696,1.0,sotap,1,low,,,espanol_uno_mas_adultos,adultos_ninguno_analfabeta,0.0,0,0,3.741369748,26.18890898,2.842293421,29.20789446797501,INCLUSION,25.35,medium,INCLUSION,0.15209999999999999,AI_right,False
1428,#071,2024-02,No Elegible,Vulnerabilidad Baja,2.070141643,1.0,1.0,1.0,1.776038647,1.0,1.790108696,1.043888889,sotap,1,low,,,espanol_uno_mas_adultos,adultos_ninguno_analfabeta,,0,0,6.702282231,12.53066404,2.549228169,19.04538311600457,EXCLUSION,17.39,low,EXCLUSION,0.10434,AI_right,False
1429,#1223,2023-07,No Elegible,Vulnerabilidad Elevada,2.700708215,1.0,3.251728045,1.0,1.776038647,2.117608696,1.790108696,1.0,sotap,3,average,jefatura_masculina,no,espanol_uno_mas_adultos,adultos_ninguno_analfabeta,0.0,0,0,24.2379543,21.88512181,3.33227434,46.19879261236069,EXCLUSION,20.1,high,EXCLUSION,0.1206,AI_right,False
1430,#112,2023-07,Lista de Reserva,Vulnerabilidad Baja,2.070141643,1.0,1.0,1.0,1.0,1.0,1.0,1.043888889,sotap,1,low,,,espanol_uno_mas_adultos,adultos_ninguno_analfabeta,,0,0,6.702282231,0.386821499,2.210295472,7.2923415718164915,EXCLUSION,12.47,low,EXCLUSION,0.07482,AI_right,False
1431,#672,2024-02,No Elegible,Vulnerabilidad Baja,2.700708215,1.0,2.578385269,1.0,1.0,1.0,1.0,1.0,fupal,2,low,jefatura_femenina,no,espanol_uno_mas_adultos,adultos_ninguno_analfabeta,,0,0,20.97871872,0.0,2.624450078,21.65383486712832,EXCLUSION,22.34,medium,INCLUSION,0.13404,wrongly_include,True
1432,#1407,2024-02,No Elegible por Duplicidad,Vulnerabilidad Severa,2.700708215,2.051104816,3.251728045,1.0,1.776038647,2.823478261,2.580217391,1.043888889,foten,1,low,,,espanol_uno_mas_adultos,adultos_ninguno_analfabeta,0.0,0,0,35.61565687,32.85812825,3.977196548,68.56252514852022,EXCLUSION,27.99,high,EXCLUSION,0.16793999999999998,AI_right,False
1433,#555,2024-01,Elegible,Vulnerabilidad Moderada,2.070141643,1.0,1.0,1.0,1.776038647,2.117608696,1.790108696,1.043888889,sotap,4,average,jefatura_femenina,si,espanol_uno_mas_adultos,adultos_ninguno_analfabeta,0.0,0,0,6.702282231,22.50821784,2.827700095,28.70184925716677,INCLUSION,24.99,medium,EXCLUSION,0.14994,wrongly_exclude,True
1434,#252,2024-04,No Elegible por Duplicidad,Vulnerabilidad Elevada,1.599560907,1.0,2.578385269,1.0,1.776038647,2.823478261,1.790108696,1.043888889,sotap,3,low,jefatura_masculina,no,espanol_uno_mas_adultos,adultos_ninguno_analfabeta,0.0,0,0,14.28054816,26.85846924,3.174688687,40.73424732172453,EXCLUSION,22.97,high,EXCLUSION,0.13782,AI_right,False
1435,#1311,2024-03,Elegible,Vulnerabilidad Baja,1.0,1.0,1.0,1.0,1.0,1.498900966,1.790108696,1.738466184,sotap,1,low,,,espanol_uno_mas_adultos,adultos_uno_mas_analfabeta,,0,0,0.0,16.8262746,2.469618625,16.2847882570974,INCLUSION,20.14,low,INCLUSION,0.12083999999999999,AI_right,False
1436,#252,2024-06,Lista de Reserva,Vulnerabilidad Baja,1.0,1.0,1.0,1.564135978,1.0,1.498900966,1.790108696,1.0,sotap,1,low,,,espanol_uno_mas_adultos,adultos_ninguno_analfabeta,,0,0,3.975239986,10.02735341,2.398188352,13.807830333902256,EXCLUSION,11.63,low,EXCLUSION,0.06978000000000001,AI_right,False
1437,#527,2024-02,No Elegible,Vulnerabilidad Baja,1.0,1.0,1.0,1.0,1.0,2.117608696,1.790108696,1.0,sotap,3,low,jefatura_masculina,si,espanol_uno_mas_adultos,adultos_ninguno_analfabeta,,0,0,0.0,14.16503897,2.395343965,13.709193850906429,EXCLUSION,19.85,low,EXCLUSION,0.1191,AI_right,False
1438,#264,2024-06,Lista de Reserva,Vulnerabilidad Elevada,1.0,1.0,2.578385269,1.0,1.776038647,2.823478261,2.580217391,1.0,foten,4,average,jefatura_femenina,si,espanol_uno_mas_adultos,adultos_uno_mas_analfabeta,,0,0,8.975915299,32.12448674,3.163765312,40.35545786145718,EXCLUSION,22.86,high,INCLUSION,0.13716,wrongly_include,True
1439,#112,2023-10,No Elegible,Vulnerabilidad Elevada,2.700708215,1.0,1.249197356,1.0,1.776038647,2.117608696,1.790108696,1.0,sotap,3,average,jefatura_femenina,si,espanol_uno_mas_adultos,adultos_ninguno_analfabeta,0.0,0,0,11.93561888,21.88512181,2.966084469,33.50055573620967,EXCLUSION,18.0,medium,EXCLUSION,0.108,AI_right,False
1440,#031,2024-05,No Elegible,Vulnerabilidad Elevada,2.070141643,1.0,2.578385269,1.0,1.776038647,2.117608696,2.580217391,1.043888889,fusal,5,high,jefatura_masculina,no,espanol_uno_mas_adultos,adultos_ninguno_analfabeta,0.0,0,0,17.46888676,28.09152966,3.304006918,45.2185691488351,EXCLUSION,21.79,high,EXCLUSION,0.13074,AI_right,False
1441,#1725,2023-06,No Elegible,Vulnerabilidad Moderada,1.0,1.0,1.0,1.0,1.776038647,2.823478261,2.580217391,1.0,foten,1,low,,,espanol_uno_mas_adultos,adultos_ninguno_analfabeta,,0,0,0.0,32.12448674,2.896589272,31.09068863222006,EXCLUSION,20.39,medium,EXCLUSION,0.12233999999999999,AI_right,False
1442,#071,2024-02,Lista de Reserva,Vulnerabilidad Moderada,1.0,1.0,1.0,1.0,1.776038647,2.823478261,1.790108696,1.0,sotap,1,low,,,espanol_uno_mas_adultos,adultos_ninguno_analfabeta,,0,0,0.0,26.18890898,2.730928248,25.34612370011462,EXCLUSION,24.01,medium,EXCLUSION,0.14406,AI_right,False
1443,#1101,2023-07,No Elegible,Vulnerabilidad Elevada,1.0,1.0,1.0,1.0,1.776038647,2.823478261,2.580217391,1.043888889,sotap,1,low,,,espanol_uno_mas_adultos,adultos_ninguno_analfabeta,0.0,0,0,0.0,32.85812825,2.917065088,31.80072082478675,EXCLUSION,16.85,medium,EXCLUSION,0.10110000000000001,AI_right,False
1444,#252,2023-08,No Elegible,Vulnerabilidad Baja,2.700708215,1.0,1.0,1.0,1.0,1.498900966,2.580217391,1.043888889,sotap,1,low,,,espanol_uno_mas_adultos,adultos_ninguno_analfabeta,,0,0,9.472088355,14.95862607,2.699437924,24.254152154793587,EXCLUSION,15.44,medium,EXCLUSION,0.09263999999999999,AI_right,False
1445,#555,2023-08,Lista de Reserva,Vulnerabilidad Moderada,1.0,1.0,1.0,1.0,1.776038647,2.117608696,2.580217391,1.043888889,sotap,1,low,,,espanol_uno_mas_adultos,adultos_ninguno_analfabeta,,0,0,0.0,28.09152966,2.784030087,27.18751614401154,EXCLUSION,21.63,medium,EXCLUSION,0.12977999999999998,AI_right,False
1446,#071,2023-06,No Elegible,Vulnerabilidad Moderada,1.0,1.0,1.0,1.0,1.776038647,2.823478261,2.580217391,1.0,sotap,3,average,jefatura_masculina,no,espanol_uno_mas_adultos,adultos_ninguno_analfabeta,,0,0,0.0,32.12448674,2.896589272,31.09068863222006,EXCLUSION,20.79,medium,EXCLUSION,0.12473999999999999,AI_right,False
1447,#606,2023-09,Lista de Reserva,Vulnerabilidad Elevada,1.0,1.0,2.578385269,1.0,1.776038647,2.823478261,2.580217391,1.0,foten,4,average,jefatura_masculina,no,espanol_uno_mas_adultos,adultos_ninguno_analfabeta,-500.0,0,0,8.975915299,32.12448674,3.163765312,40.35545786145718,EXCLUSION,27.55,high,EXCLUSION,0.1653,AI_right,False
1448,#1359,2023-12,No Elegible,Vulnerabilidad Elevada,2.070141643,1.0,1.0,1.0,1.776038647,2.823478261,1.790108696,1.043888889,foten,2,average,jefatura_femenina,si,espanol_uno_mas_adultos,adultos_ninguno_analfabeta,,0,0,6.702282231,26.85846924,2.949114914,32.912105216863374,EXCLUSION,24.8,medium,EXCLUSION,0.1488,AI_right,False
1449,#1101,2023-09,No Elegible,Vulnerabilidad Baja,1.0,1.0,1.0,1.0,1.776038647,1.498900966,1.790108696,1.0,sotap,4,average,jefatura_masculina,no,espanol_ningun_adulto,adultos_ninguno_analfabeta,,0,0,0.0,17.10850297,2.477495573,16.55793423592243,EXCLUSION,19.65,low,INCLUSION,0.11789999999999998,wrongly_include,True
1450,#252,2023-12,Elegible,Vulnerabilidad Baja,1.0,1.0,2.578385269,1.0,1.0,1.0,2.580217391,1.043888889,sotap,1,low,,,espanol_uno_mas_adultos,adultos_ninguno_analfabeta,0.0,-500,0,8.975915299,10.07114734,2.548260147,19.01181697668858,INCLUSION,27.94,low,INCLUSION,0.16764,AI_right,False
1451,#112,2024-06,No Elegible,Vulnerabilidad Elevada,2.700708215,1.0,2.578385269,1.0,1.776038647,2.823478261,1.790108696,1.043888889,sotap,3,complete,jefatura_femenina,si,espanol_uno_mas_adultos,adultos_ninguno_analfabeta,0.0,0,0,20.97871872,26.85846924,3.374065645,47.64797170851588,EXCLUSION,16.37,high,INCLUSION,0.09822,wrongly_include,True
1452,#1101,2023-10,No Elegible por Intenciones,Vulnerabilidad Baja,1.0,1.0,1.0,1.0,1.776038647,1.0,1.790108696,1.0,sotap,1,low,,,espanol_uno_mas_adultos,adultos_ninguno_analfabeta,0.0,0,0,0.0,12.01413641,2.33531262,11.62750948618979,EXCLUSION,19.95,low,EXCLUSION,0.11969999999999999,AI_right,False
1453,#252,2024-01,No Elegible,Vulnerabilidad Moderada,1.0,1.525552408,1.0,1.0,1.776038647,2.823478261,1.790108696,1.0,sotap,1,low,,,espanol_uno_mas_adultos,adultos_ninguno_analfabeta,,0,0,3.741369748,26.18890898,2.842293421,29.20789446797501,EXCLUSION,27.21,medium,EXCLUSION,0.16326,AI_right,False
1454,#1101,2023-11,Lista de Reserva,Vulnerabilidad Baja,1.0,1.0,1.0,1.0,1.0,1.0,1.790108696,1.0,sotap,1,low,,,espanol_uno_mas_adultos,adultos_ninguno_analfabeta,-500.0,0,0,0.0,5.614422911,2.156697643,5.433745167301109,EXCLUSION,17.75,low,EXCLUSION,0.1065,AI_right,False
1455,#1223,2023-06,No Elegible,Vulnerabilidad Moderada,1.0,2.051104816,2.578385269,1.564135978,1.0,1.498900966,1.0,1.0,sotap,1,low,,,espanol_ningun_adulto,adultos_ninguno_analfabeta,0.0,0,0,23.37941737,3.815111519,2.802388142,27.82412781559103,EXCLUSION,23.84,medium,EXCLUSION,0.14304,AI_right,False
1456,#527,2024-03,Elegible,Vulnerabilidad Baja,1.0,1.0,1.0,1.0,1.776038647,2.117608696,1.0,1.0,sotap,4,average,jefatura_masculina,no,espanol_uno_mas_adultos,adultos_ninguno_analfabeta,0.0,0,0,0.0,14.06650994,2.392594036,13.61383558362086,INCLUSION,24.39,low,INCLUSION,0.14634,AI_right,False
1457,#252,2024-05,No Elegible,Vulnerabilidad Baja,1.0,1.0,1.0,1.0,1.776038647,2.117608696,1.790108696,1.0,sotap,1,low,,,espanol_uno_mas_adultos,adultos_ninguno_analfabeta,,0,0,0.0,21.88512181,2.610810239,21.18083670503239,EXCLUSION,19.62,low,EXCLUSION,0.11772,AI_right,False
1458,#071,2023-06,No Elegible,Vulnerabilidad Severa,2.700708215,1.0,2.578385269,1.0,1.776038647,2.823478261,2.580217391,1.043888889,sotap,3,average,jefatura_femenina,si,espanol_ningun_adulto,adultos_ninguno_analfabeta,,0,0,20.97871872,32.85812825,3.541515166,53.45455569191508,EXCLUSION,15.66,high,EXCLUSION,0.09395999999999999,AI_right,False
1459,#692,2023-06,Lista de Reserva,Vulnerabilidad Baja,1.0,1.0,1.0,1.0,1.0,1.498900966,1.790108696,1.043888889,pcr_cdmx,1,low,,,espanol_ningun_adulto,adultos_ninguno_analfabeta,,0,0,0.0,10.52243148,2.293679375,10.18380911254212,EXCLUSION,16.5,low,INCLUSION,0.099,wrongly_include,True
1460,#252,2023-07,No Elegible,Vulnerabilidad Elevada,2.700708215,1.0,2.578385269,1.0,1.776038647,2.117608696,1.790108696,1.0,sotap,1,low,,,espanol_uno_mas_adultos,adultos_ninguno_analfabeta,,0,0,20.97871872,21.88512181,3.235260316,42.83467157216072,EXCLUSION,16.46,high,EXCLUSION,0.09876,AI_right,False
1461,#1725,2023-09,No Elegible,Vulnerabilidad Baja,1.0,1.0,1.0,1.0,1.0,1.498900966,1.0,1.0,foten,1,low,,,espanol_uno_mas_adultos,adultos_ninguno_analfabeta,-500.0,0,0,0.0,3.815111519,2.10647915,3.692337415207061,EXCLUSION,21.66,low,EXCLUSION,0.12996,AI_right,False
1462,#1583,2024-03,Lista de Reserva,Vulnerabilidad Moderada,1.0,1.0,2.578385269,1.0,1.776038647,2.117608696,1.790108696,1.043888889,foten,1,low,,,espanol_uno_mas_adultos,adultos_ninguno_analfabeta,,0,0,8.975915299,22.50821784,2.89537679,31.04865011092808,EXCLUSION,26.86,medium,EXCLUSION,0.16116,AI_right,False
1463,#071,2023-12,Lista de Reserva,Vulnerabilidad Baja,1.0,1.0,1.0,1.0,1.776038647,1.0,1.790108696,1.0,sotap,2,low,jefatura_masculina,no,espanol_uno_mas_adultos,adultos_ninguno_analfabeta,,0,0,0.0,12.01413641,2.33531262,11.62750948618979,EXCLUSION,23.15,low,EXCLUSION,0.1389,AI_right,False
1464,#527,2024-06,No Elegible,Vulnerabilidad Baja,1.0,1.0,1.0,1.0,1.776038647,2.117608696,1.0,1.0,sotap,4,average,jefatura_femenina,si,espanol_uno_mas_adultos,adultos_ninguno_analfabeta,0.0,0,0,0.0,14.06650994,2.392594036,13.61383558362086,EXCLUSION,18.78,low,EXCLUSION,0.11268,AI_right,False
1465,#1223,2024-06,No Elegible,Vulnerabilidad Baja,1.0,1.0,1.0,1.0,1.776038647,1.0,1.790108696,1.0,sotap,1,low,,,espanol_uno_mas_adultos,adultos_ninguno_analfabeta,0.0,0,0,0.0,12.01413641,2.33531262,11.62750948618979,EXCLUSION,17.2,low,EXCLUSION,0.10319999999999999,AI_right,False
1466,#1841,2023-06,Lista de Reserva,Vulnerabilidad Severa,2.700708215,1.0,2.578385269,1.0,1.776038647,2.823478261,2.580217391,1.0,foten,4,average,jefatura_masculina,no,espanol_uno_mas_adultos,adultos_ninguno_analfabeta,,0,0,20.97871872,32.12448674,3.521039349,52.74452349934838,EXCLUSION,21.97,high,EXCLUSION,0.13182,AI_right,False
1467,#527,2024-02,No Elegible,Vulnerabilidad Elevada,2.700708215,1.0,3.251728045,1.0,1.776038647,2.823478261,1.790108696,1.0,sotap,1,low,,,espanol_ningun_adulto,adultos_ninguno_analfabeta,,0,0,24.2379543,26.18890898,3.45239235,50.36407960744292,EXCLUSION,28.72,high,EXCLUSION,0.17232,AI_right,False
1468,#527,2024-01,Lista de Reserva,Vulnerabilidad Moderada,1.0,1.0,1.0,1.0,1.776038647,2.823478261,2.580217391,1.0,sotap,3,low,jefatura_masculina,no,espanol_ningun_adulto,adultos_ninguno_analfabeta,,0,0,0.0,32.12448674,2.896589272,31.09068863222006,EXCLUSION,28.58,medium,EXCLUSION,0.17148,AI_right,False
1469,#1223,2024-05,Lista de Reserva,Vulnerabilidad Elevada,1.0,1.0,2.578385269,1.0,1.776038647,1.498900966,2.580217391,1.043888889,sotap,1,low,,,espanol_ningun_adulto,adultos_ninguno_analfabeta,0.0,0,0,8.975915299,22.80125306,2.903555356,31.332255164513256,EXCLUSION,20.81,medium,EXCLUSION,0.12485999999999998,AI_right,False
1470,#1407,2023-12,Elegible,Vulnerabilidad Elevada,1.0,1.525552408,2.578385269,1.0,1.776038647,2.823478261,1.790108696,1.0,foten,3,average,jefatura_femenina,si,espanol_uno_mas_adultos,adultos_ninguno_analfabeta,0.0,0,0,13.7168894,26.18890898,3.139223567,39.50443631789602,INCLUSION,35.2,high,INCLUSION,0.21120000000000003,AI_right,False
1471,#1497,2023-08,Lista de Reserva,Vulnerabilidad Moderada,1.0,1.0,3.251728045,1.0,1.776038647,1.0,2.580217391,1.0,futij,1,low,,,espanol_uno_mas_adultos,adultos_ninguno_analfabeta,0.0,0,0,11.51832969,16.59309681,2.805963919,27.94811541931128,EXCLUSION,26.94,medium,EXCLUSION,0.16164,AI_right,False
1472,#527,2023-10,Elegible,Vulnerabilidad Moderada,1.0,1.0,1.0,1.0,1.776038647,2.823478261,2.580217391,1.0,sotap,9,average,jefatura_femenina,no,espanol_uno_mas_adultos,adultos_ninguno_analfabeta,,0,0,0.0,32.12448674,2.896589272,31.09068863222006,INCLUSION,21.1,medium,INCLUSION,0.12660000000000002,AI_right,False
1473,#1101,2024-03,No Elegible,Vulnerabilidad Elevada,2.070141643,1.0,1.0,1.0,1.776038647,2.823478261,1.790108696,1.043888889,sotap,4,average,jefatura_masculina,no,espanol_uno_mas_adultos,adultos_ninguno_analfabeta,,0,-500,6.702282231,26.85846924,2.949114914,32.912105216863374,EXCLUSION,29.35,medium,EXCLUSION,0.1761,AI_right,False
1474,#252,2023-11,Elegible,Vulnerabilidad Baja,1.0,1.0,1.0,1.0,1.0,1.0,1.0,1.0,sotap,1,low,,,espanol_uno_mas_adultos,adultos_ninguno_analfabeta,-500.0,0,0,0.0,0.0,2.0,0.0,INCLUSION,17.01,low,INCLUSION,0.10206000000000001,AI_right,False
1475,#440,2023-07,Elegible,Vulnerabilidad Baja,1.599560907,1.0,1.0,1.0,1.0,1.0,1.790108696,1.043888889,pcr_cdmx,1,low,,,espanol_uno_mas_adultos,adultos_ninguno_analfabeta,,0,0,4.186184624,6.061858428,2.293790976,10.187681993313475,INCLUSION,13.09,low,INCLUSION,0.07853999999999998,AI_right,False
1476,#252,2024-06,No Elegible,Vulnerabilidad Elevada,1.599560907,1.0,1.0,1.564135978,1.776038647,2.823478261,2.580217391,1.043888889,sotap,4,average,jefatura_femenina,si,espanol_uno_mas_adultos,adultos_ninguno_analfabeta,,0,0,8.656761296,32.85812825,3.174741228,40.73606535605333,EXCLUSION,19.17,high,EXCLUSION,0.11502,AI_right,False
1477,#1771,2024-01,Elegible,Vulnerabilidad Moderada,1.0,1.0,1.0,1.0,1.776038647,2.823478261,1.790108696,1.0,fupal,1,low,,,espanol_uno_mas_adultos,adultos_ninguno_analfabeta,,0,0,0.0,26.18890898,2.730928248,25.34612370011462,INCLUSION,28.14,medium,INCLUSION,0.16884,AI_right,False
1478,#112,2024-04,No Elegible por Duplicidad,Vulnerabilidad Baja,1.0,1.0,1.0,1.0,1.776038647,2.117608696,1.790108696,1.0,sotap,1,low,,,espanol_uno_mas_adultos,adultos_ninguno_analfabeta,0.0,0,0,0.0,21.88512181,2.610810239,21.18083670503239,EXCLUSION,17.58,low,EXCLUSION,0.10547999999999999,AI_right,False
1479,#1359,2023-09,Elegible,Vulnerabilidad Severa,2.700708215,1.0,3.251728045,1.0,1.776038647,2.117608696,2.580217391,1.043888889,foten,3,average,jefatura_masculina,no,espanol_uno_mas_adultos,adultos_ninguno_analfabeta,,0,0,24.2379543,28.09152966,3.505494188,52.20547205133984,INCLUSION,24.06,high,INCLUSION,0.14436,AI_right,False
1480,#1101,2023-07,No Elegible,Vulnerabilidad Elevada,2.070141643,1.0,1.0,1.0,1.776038647,2.823478261,1.790108696,1.043888889,sotap,2,low,jefatura_masculina,no,espanol_uno_mas_adultos,adultos_ninguno_analfabeta,0.0,0,0,6.702282231,26.85846924,2.949114914,32.912105216863374,EXCLUSION,18.01,medium,EXCLUSION,0.10806,AI_right,False
1481,#1497,2023-11,No Elegible,Vulnerabilidad Baja,1.0,1.0,1.0,1.0,1.0,1.498900966,1.0,1.0,futij,2,average,jefatura_femenina,si,espanol_uno_mas_adultos,adultos_ninguno_analfabeta,0.0,0,0,0.0,3.815111519,2.10647915,3.692337415207061,EXCLUSION,23.08,low,INCLUSION,0.13848,wrongly_include,True
1482,#606,2024-04,No Elegible,Vulnerabilidad Elevada,2.070141643,1.0,1.0,1.0,1.776038647,1.498900966,2.580217391,2.544987923,foten,2,average,jefatura_masculina,si,espanol_uno_mas_adultos,adultos_uno_mas_analfabeta,,0,0,6.702282231,37.43330939,3.244257006,43.14663643599621,EXCLUSION,18.56,high,EXCLUSION,0.11135999999999999,AI_right,False
1483,#1311,2023-08,No Elegible,Vulnerabilidad Moderada,1.0,1.0,1.0,1.0,1.776038647,2.823478261,1.790108696,1.0,sotap,4,average,jefatura_masculina,no,espanol_uno_mas_adultos,adultos_ninguno_analfabeta,0.0,0,0,0.0,26.18890898,2.730928248,25.34612370011462,EXCLUSION,24.91,medium,EXCLUSION,0.14945999999999998,AI_right,False
1484,#527,2024-01,No Elegible,Vulnerabilidad Elevada,2.700708215,1.0,2.578385269,1.0,1.776038647,2.823478261,1.790108696,1.0,sotap,1,low,,,espanol_uno_mas_adultos,adultos_ninguno_analfabeta,,0,0,20.97871872,26.18890898,3.355378326,46.99995856724294,EXCLUSION,26.43,high,EXCLUSION,0.15857999999999997,AI_right,False
1485,#1765,2024-04,No Elegible,Vulnerabilidad Elevada,1.0,1.0,1.0,1.0,1.776038647,2.823478261,2.580217391,1.043888889,fupal,1,low,,,espanol_uno_mas_adultos,adultos_ninguno_analfabeta,0.0,0,0,0.0,32.85812825,2.917065088,31.80072082478675,EXCLUSION,19.09,medium,EXCLUSION,0.11453999999999999,AI_right,False
1486,#1765,2023-10,Lista de Reserva,Vulnerabilidad Elevada,1.0,1.0,1.0,1.0,1.776038647,2.823478261,2.580217391,1.043888889,fupal,5,high,jefatura_masculina,no,espanol_ningun_adulto,adultos_ninguno_analfabeta,,0,0,0.0,32.85812825,2.917065088,31.80072082478675,EXCLUSION,27.13,medium,EXCLUSION,0.16277999999999998,AI_right,False
1487,#527,2024-01,Lista de Reserva,Vulnerabilidad Elevada,1.0,2.051104816,2.578385269,1.0,1.776038647,2.823478261,1.790108696,1.0,sotap,3,average,jefatura_femenina,si,espanol_uno_mas_adultos,adultos_uno_mas_analfabeta,0.0,0,0,17.3510839,26.18890898,3.247398574,43.25558283110052,EXCLUSION,40.4,high,EXCLUSION,0.24239999999999998,AI_right,False
1488,#1407,2024-06,No Elegible,Vulnerabilidad Moderada,2.700708215,1.0,1.0,1.0,1.776038647,1.0,2.580217391,1.0,foten,1,low,,,espanol_uno_mas_adultos,adultos_ninguno_analfabeta,0.0,0,0,9.472088355,16.59309681,2.74505574,25.83602399190964,EXCLUSION,12.55,medium,EXCLUSION,0.07529999999999999,AI_right,False
1489,#252,2023-12,No Elegible,Vulnerabilidad Severa,2.700708215,1.0,3.251728045,1.0,1.776038647,2.117608696,2.580217391,1.043888889,sotap,6,high,jefatura_femenina,si,espanol_ningun_adulto,adultos_ninguno_analfabeta,-500.0,0,0,24.2379543,28.09152966,3.505494188,52.20547205133984,EXCLUSION,21.65,high,EXCLUSION,0.1299,AI_right,False
1490,#1841,2024-03,Elegible,Vulnerabilidad Elevada,2.070141643,1.0,1.0,1.0,1.776038647,1.498900966,2.580217391,2.544987923,foten,1,low,,,espanol_uno_mas_adultos,adultos_ninguno_analfabeta,0.0,0,0,6.702282231,37.43330939,3.244257006,43.14663643599621,INCLUSION,20.23,high,INCLUSION,0.12138,AI_right,False
1491,#112,2024-02,Elegible,Vulnerabilidad Elevada,1.0,1.525552408,1.0,1.0,1.776038647,2.823478261,2.580217391,1.0,sotap,1,low,,,espanol_uno_mas_adultos,adultos_ninguno_analfabeta,,0,0,3.741369748,32.12448674,3.007954444,34.95245940008045,INCLUSION,22.73,high,INCLUSION,0.13638,AI_right,False
1492,#555,2023-09,Elegible,Vulnerabilidad Severa,1.0,2.051104816,2.578385269,1.564135978,1.776038647,2.823478261,2.580217391,1.0,sotap,2,complete,jefatura_femenina,si,espanol_ningun_adulto,adultos_uno_mas_analfabeta,,0,0,23.37941737,32.12448674,3.592498263,55.22247903260403,INCLUSION,32.21,high,INCLUSION,0.19326,AI_right,False
1493,#252,2024-05,No Elegible,Vulnerabilidad Elevada,2.070141643,1.0,1.0,1.0,1.776038647,1.0,2.580217391,2.544987923,sotap,4,average,jefatura_masculina,no,espanol_uno_mas_adultos,adultos_uno_mas_analfabeta,,0,0,6.702282231,30.38303782,3.047485057,36.32324965539039,EXCLUSION,17.63,high,EXCLUSION,0.10577999999999999,AI_right,False
1494,#1323,2023-07,No Elegible,Vulnerabilidad Elevada,1.0,1.0,2.578385269,1.0,1.776038647,2.823478261,1.790108696,1.0,fupal,3,average,jefatura_femenina,si,espanol_uno_mas_adultos,adultos_ninguno_analfabeta,,0,0,8.975915299,26.18890898,2.998104289,34.61089292935174,EXCLUSION,21.14,high,EXCLUSION,0.12684,AI_right,False
1495,#527,2024-03,Elegible,Vulnerabilidad Elevada,1.0,1.0,3.251728045,1.0,1.776038647,2.117608696,2.580217391,1.738466184,sotap,1,low,,,espanol_ningun_adulto,adultos_ninguno_analfabeta,-500.0,0,0,11.51832969,36.78475459,3.369509848,47.4899854602931,INCLUSION,24.51,high,INCLUSION,0.14706,AI_right,False
1496,#1841,2024-01,No Elegible,Vulnerabilidad Elevada,2.700708215,1.0,1.249197356,1.0,1.776038647,1.0,1.790108696,2.544987923,foten,2,average,jefatura_femenina,si,espanol_uno_mas_adultos,adultos_ninguno_analfabeta,,0,0,11.93561888,24.59957006,3.041844284,36.12765032707642,EXCLUSION,23.44,high,EXCLUSION,0.14064000000000002,AI_right,False
1497,#1311,2023-10,No Elegible,Vulnerabilidad Elevada,2.700708215,1.0,1.249197356,1.0,1.776038647,2.823478261,1.790108696,1.043888889,sotap,6,average,jefatura_masculina,no,espanol_uno_mas_adultos,adultos_ninguno_analfabeta,,0,0,11.93561888,26.85846924,3.104889798,38.31385587256485,EXCLUSION,24.38,high,EXCLUSION,0.14628,AI_right,False
1498,#1167,2023-07,No Elegible por Duplicidad,Vulnerabilidad Baja,1.0,1.0,1.0,1.0,1.776038647,2.823478261,1.0,1.0,foten,4,average,jefatura_masculina,no,espanol_uno_mas_adultos,adultos_ninguno_analfabeta,,0,0,0.0,17.78726377,2.496439678,17.21485183461763,EXCLUSION,21.55,low,EXCLUSION,0.1293,AI_right,False
1499,#071,2024-01,Elegible,Vulnerabilidad Elevada,2.700708215,1.525552408,1.249197356,1.0,1.776038647,2.117608696,1.790108696,1.043888889,sotap,1,low,,,espanol_ningun_adulto,adultos_ninguno_analfabeta,,0,0,17.00620089,22.50821784,3.134405327,39.33735832253205,INCLUSION,23.83,high,EXCLUSION,0.14298,wrongly_exclude,True
1500,#071,2023-11,No Elegible,Vulnerabilidad Elevada,2.070141643,1.0,1.0,1.0,1.776038647,2.823478261,2.580217391,1.043888889,sotap,1,low,,,espanol_uno_mas_adultos,adultos_ninguno_analfabeta,0.0,0,0,6.702282231,32.85812825,3.116564434,38.71868920026256,EXCLUSION,22.54,high,EXCLUSION,0.13524,AI_right,False
1501,#676,2024-05,Elegible,Vulnerabilidad Baja,1.0,1.0,1.0,1.0,1.776038647,2.117608696,1.0,1.738466184,pcr_cdmx,4,average,jefatura_masculina,no,espanol_ningun_adulto,adultos_ninguno_analfabeta,,0,0,0.0,21.46429064,2.599064908,20.77354830291416,INCLUSION,21.16,low,INCLUSION,0.12696,AI_right,False
1502,#1101,2024-06,No Elegible,Vulnerabilidad Baja,1.0,1.0,1.0,1.0,1.776038647,2.117608696,1.790108696,1.0,sotap,1,low,,,espanol_uno_mas_adultos,adultos_ninguno_analfabeta,,0,0,0.0,21.88512181,2.610810239,21.18083670503239,EXCLUSION,16.3,low,EXCLUSION,0.0978,AI_right,False
1503,#252,2024-06,No Elegible,Vulnerabilidad Moderada,1.0,2.051104816,1.0,2.128271955,1.0,1.0,2.580217391,1.0,sotap,3,average,jefatura_masculina,no,espanol_ningun_adulto,adultos_ninguno_analfabeta,,0,0,14.96519485,9.580889352,2.712853317,24.71935653723113,EXCLUSION,24.44,medium,EXCLUSION,0.14664,AI_right,False
1504,#527,2024-06,No Elegible,Vulnerabilidad Moderada,1.0,1.0,1.0,1.0,1.776038647,2.823478261,2.580217391,1.0,sotap,5,average,jefatura_femenina,si,espanol_uno_mas_adultos,adultos_ninguno_analfabeta,0.0,0,0,0.0,32.12448674,2.896589272,31.09068863222006,EXCLUSION,15.94,medium,EXCLUSION,0.09563999999999999,AI_right,False
1505,#252,2023-08,No Elegible,Vulnerabilidad Elevada,1.0,2.051104816,2.578385269,1.564135978,1.776038647,2.823478261,1.790108696,1.0,sotap,1,low,,,espanol_uno_mas_adultos,adultos_ninguno_analfabeta,0.0,0,0,23.37941737,26.18890898,3.42683724,49.4779141004986,EXCLUSION,31.25,high,EXCLUSION,0.1875,AI_right,False
1506,#252,2023-10,Elegible,Vulnerabilidad Elevada,1.0,1.0,2.578385269,1.0,1.776038647,2.823478261,2.580217391,1.738466184,sotap,3,complete,jefatura_femenina,si,espanol_uno_mas_adultos,adultos_ninguno_analfabeta,,-500,0,8.975915299,42.19960637,3.444960285,50.10635006664415,INCLUSION,26.73,high,EXCLUSION,0.16038,wrongly_exclude,True
1507,#527,2024-02,Lista de Reserva,Vulnerabilidad Elevada,1.0,1.0,2.578385269,1.0,1.776038647,2.823478261,2.580217391,1.0,sotap,1,low,,,espanol_ningun_adulto,adultos_ninguno_analfabeta,0.0,0,0,8.975915299,32.12448674,3.163765312,40.35545786145718,EXCLUSION,28.36,high,INCLUSION,0.17016,wrongly_include,True
1508,#1359,2024-03,No Elegible,Vulnerabilidad Elevada,2.070141643,1.0,1.0,1.0,1.776038647,2.823478261,2.580217391,1.043888889,foten,1,low,,,espanol_uno_mas_adultos,adultos_ninguno_analfabeta,0.0,0,0,6.702282231,32.85812825,3.116564434,38.71868920026256,EXCLUSION,23.88,high,INCLUSION,0.14328,wrongly_include,True
1509,#1497,2023-08,No Elegible,Vulnerabilidad Baja,2.070141643,1.0,1.0,1.0,1.0,1.0,1.0,1.0,futij,1,low,,,espanol_uno_mas_adultos,adultos_ninguno_analfabeta,,0,0,6.702282231,0.0,2.199499346,6.917968375475811,EXCLUSION,18.03,low,INCLUSION,0.10818000000000001,wrongly_include,True
1510,#527,2024-04,No Elegible por Duplicidad,Vulnerabilidad Baja,1.0,1.0,2.578385269,1.0,1.776038647,1.0,1.790108696,1.043888889,sotap,1,low,,,espanol_uno_mas_adultos,adultos_ninguno_analfabeta,,0,0,8.975915299,12.53066404,2.616904864,21.39218396976588,EXCLUSION,19.2,medium,EXCLUSION,0.1152,AI_right,False
1511,#1101,2023-12,Lista de Reserva,Vulnerabilidad Elevada,1.599560907,1.0,2.578385269,1.0,1.776038647,1.0,1.790108696,2.544987923,sotap,3,low,jefatura_femenina,no,espanol_uno_mas_adultos,adultos_ninguno_analfabeta,-500.0,0,0,14.28054816,24.59957006,3.111643173,38.5480417762361,EXCLUSION,21.93,high,INCLUSION,0.13158,wrongly_include,True
1512,#513,2023-09,No Elegible por Intenciones,Vulnerabilidad Baja,1.0,1.0,1.0,1.0,1.776038647,1.0,1.790108696,1.0,pcr_cdmx,1,low,,,espanol_uno_mas_adultos,adultos_ninguno_analfabeta,0.0,0,0,0.0,12.01413641,2.33531262,11.62750948618979,EXCLUSION,24.39,low,EXCLUSION,0.14634,AI_right,False
1513,#937,2024-05,No Elegible,Vulnerabilidad Moderada,1.0,1.0,1.0,1.0,1.776038647,2.823478261,1.790108696,1.0,futij,4,average,jefatura_femenina,si,espanol_uno_mas_adultos,adultos_ninguno_analfabeta,,0,0,0.0,26.18890898,2.730928248,25.34612370011462,EXCLUSION,20.99,medium,EXCLUSION,0.12593999999999997,AI_right,False
1514,#1583,2023-10,No Elegible,Vulnerabilidad Elevada,1.0,1.0,2.578385269,1.0,1.776038647,2.117608696,2.580217391,1.043888889,foten,2,average,jefatura_masculina,no,espanol_uno_mas_adultos,adultos_ninguno_analfabeta,,0,0,8.975915299,28.09152966,3.051206127,36.45228537324866,EXCLUSION,30.18,high,EXCLUSION,0.18108,AI_right,False
1515,#1223,2023-07,Lista de Reserva,Vulnerabilidad Baja,2.700708215,1.0,1.249197356,1.0,1.776038647,1.498900966,1.0,1.0,sotap,1,low,,,espanol_uno_mas_adultos,adultos_ninguno_analfabeta,500.0,0,0,11.93561888,9.93697889,2.632613717,21.936916003518192,EXCLUSION,16.2,medium,INCLUSION,0.0972,wrongly_include,True
1516,#1323,2023-10,No Elegible,Vulnerabilidad Moderada,1.0,1.0,1.0,1.0,1.776038647,2.823478261,1.790108696,1.0,fupal,1,low,,,espanol_uno_mas_adultos,adultos_ninguno_analfabeta,0.0,0,0,0.0,26.18890898,2.730928248,25.34612370011462,EXCLUSION,27.22,medium,EXCLUSION,0.16332,AI_right,False
1517,#1859,2024-06,Elegible,Vulnerabilidad Baja,2.070141643,1.0,1.0,1.0,1.0,2.117608696,1.790108696,1.043888889,pcr_cdmx,1,low,,,espanol_ningun_adulto,adultos_ninguno_analfabeta,0.0,0,0,6.702282231,14.70478802,2.60990762,21.14954161220419,INCLUSION,14.53,low,INCLUSION,0.08718,AI_right,False
1518,#527,2024-02,No Elegible,Vulnerabilidad Elevada,2.070141643,1.0,1.0,1.0,1.776038647,2.117608696,2.580217391,2.544987923,sotap,2,complete,jefatura_femenina,si,espanol_uno_mas_adultos,adultos_ninguno_analfabeta,,0,0,6.702282231,44.04383881,3.428755821,49.5444324087312,EXCLUSION,16.53,high,INCLUSION,0.09918,wrongly_include,True
1519,#1311,2023-10,No Elegible,Vulnerabilidad Baja,1.0,1.0,1.0,1.0,1.0,1.0,1.790108696,1.0,sotap,2,average,jefatura_femenina,si,espanol_uno_mas_adultos,adultos_ninguno_analfabeta,,0,0,0.0,5.614422911,2.156697643,5.433745167301109,EXCLUSION,19.45,low,EXCLUSION,0.1167,AI_right,False
1520,#071,2023-10,Elegible,Vulnerabilidad Elevada,1.0,1.0,1.0,1.0,1.776038647,2.823478261,2.580217391,1.043888889,sotap,2,average,jefatura_femenina,si,espanol_uno_mas_adultos,adultos_ninguno_analfabeta,0.0,0,0,0.0,32.85812825,2.917065088,31.80072082478675,INCLUSION,22.85,medium,INCLUSION,0.1371,AI_right,False
1521,#112,2023-12,Elegible,Vulnerabilidad Elevada,1.0,2.051104816,1.0,1.0,1.776038647,2.823478261,1.790108696,1.0,sotap,2,average,jefatura_masculina,no,espanol_ningun_adulto,adultos_ninguno_analfabeta,0.0,0,0,6.609317356,26.18890898,2.927660413,32.16813549794806,INCLUSION,28.18,medium,EXCLUSION,0.16907999999999998,wrongly_exclude,True
1522,#527,2024-03,No Elegible,Vulnerabilidad Baja,1.0,1.0,1.0,1.0,1.0,1.0,1.790108696,1.0,sotap,1,low,,,espanol_uno_mas_adultos,adultos_ninguno_analfabeta,0.0,0,0,0.0,5.614422911,2.156697643,5.433745167301109,EXCLUSION,19.33,low,EXCLUSION,0.11597999999999997,AI_right,False
1523,#937,2023-11,No Elegible,Vulnerabilidad Elevada,2.070141643,1.0,1.0,1.0,1.776038647,1.498900966,2.580217391,2.544987923,futij,2,average,jefatura_femenina,si,espanol_ningun_adulto,adultos_ninguno_analfabeta,,0,0,6.702282231,37.43330939,3.244257006,43.14663643599621,EXCLUSION,23.93,high,INCLUSION,0.14357999999999999,wrongly_include,True
1524,#252,2023-10,Lista de Reserva,Vulnerabilidad Baja,1.0,1.0,1.0,1.0,1.0,1.498900966,1.0,1.0,sotap,3,low,jefatura_masculina,no,espanol_ningun_adulto,adultos_ninguno_analfabeta,,0,0,0.0,3.815111519,2.10647915,3.692337415207061,EXCLUSION,22.81,low,EXCLUSION,0.13685999999999998,AI_right,False
1525,#1101,2023-06,No Elegible,Vulnerabilidad Moderada,1.0,1.0,2.578385269,1.0,1.0,2.823478261,1.790108696,1.0,sotap,1,low,,,espanol_ningun_adulto,adultos_ninguno_analfabeta,,0,0,8.975915299,17.8931401,2.76657071,26.58209018767902,EXCLUSION,24.27,medium,EXCLUSION,0.14562,AI_right,False
1526,#555,2024-05,Lista de Reserva,Vulnerabilidad Baja,1.0,1.0,1.0,1.0,1.0,2.117608696,2.580217391,1.0,sotap,2,low,jefatura_femenina,no,espanol_ningun_adulto,adultos_ninguno_analfabeta,,0,0,0.0,18.94985465,2.528887403,18.340029377508348,EXCLUSION,18.36,low,EXCLUSION,0.11016,AI_right,False
1527,#1497,2024-05,Lista de Reserva,Vulnerabilidad Severa,2.070141643,1.0,1.0,1.0,1.776038647,2.823478261,2.580217391,2.544987923,futij,3,average,jefatura_femenina,si,espanol_uno_mas_adultos,adultos_ninguno_analfabeta,,0,0,6.702282231,50.0,3.594991325,55.308918375475805,EXCLUSION,19.14,high,EXCLUSION,0.11484,AI_right,False
1528,#071,2023-08,No Elegible,Vulnerabilidad Baja,1.0,1.0,1.0,1.0,1.776038647,2.117608696,1.790108696,1.0,sotap,1,low,,,espanol_ningun_adulto,adultos_ninguno_analfabeta,,0,0,0.0,21.88512181,2.610810239,21.18083670503239,EXCLUSION,23.92,low,EXCLUSION,0.14352,AI_right,False
1529,#1223,2024-04,No Elegible,Vulnerabilidad Baja,1.0,1.0,2.578385269,1.0,1.776038647,1.0,1.790108696,1.0,sotap,1,low,,,espanol_uno_mas_adultos,adultos_ninguno_analfabeta,0.0,0,0,8.975915299,12.01413641,2.602488661,20.89227871542691,EXCLUSION,20.46,low,EXCLUSION,0.12276,AI_right,False
1530,#527,2024-02,No Elegible,Vulnerabilidad Baja,1.0,1.525552408,1.0,1.564135978,1.776038647,1.498900966,1.0,1.0,sotap,1,low,,,espanol_uno_mas_adultos,adultos_ninguno_analfabeta,0.0,0,0,8.159313021,9.93697889,2.52020864,18.03908484566972,EXCLUSION,20.86,low,EXCLUSION,0.12516,AI_right,False
1531,#071,2023-07,Lista de Reserva,Vulnerabilidad Baja,1.0,1.0,1.0,1.0,1.776038647,1.498900966,1.0,1.0,sotap,1,low,,,espanol_uno_mas_adultos,adultos_uno_mas_analfabeta,,0,0,0.0,9.93697889,2.277339487,9.61719697234091,EXCLUSION,17.77,low,EXCLUSION,0.10661999999999999,AI_right,False
1532,#132,2023-08,Elegible,Vulnerabilidad Baja,1.0,1.0,1.0,1.0,1.0,1.0,2.580217391,1.0,fomon,2,average,jefatura_femenina,si,espanol_uno_mas_adultos,adultos_ninguno_analfabeta,0.0,0,0,0.0,9.580889352,2.267401085,9.272566751763287,INCLUSION,19.57,low,INCLUSION,0.11742,AI_right,False
1533,#112,2023-12,No Elegible por Duplicidad,Vulnerabilidad Baja,1.0,1.525552408,1.0,1.0,1.776038647,1.0,1.0,1.0,sotap,1,low,,,espanol_uno_mas_adultos,adultos_ninguno_analfabeta,,0,0,3.741369748,5.532745347,2.265783208,9.21646683684858,EXCLUSION,23.32,low,EXCLUSION,0.13992,AI_right,False
1534,#1497,2023-07,Lista de Reserva,Vulnerabilidad Baja,1.0,1.0,1.0,1.0,1.0,1.498900966,1.0,1.0,futij,2,low,jefatura_masculina,no,espanol_ningun_adulto,adultos_ninguno_analfabeta,,0,-500,0.0,3.815111519,2.10647915,3.692337415207061,EXCLUSION,19.89,low,EXCLUSION,0.11933999999999999,AI_right,False
1535,#041,2024-06,No Elegible,Vulnerabilidad Baja,1.0,2.051104816,1.0,1.0,1.0,1.0,1.0,1.0,fusal,2,average,jefatura_femenina,si,espanol_uno_mas_adultos,adultos_ninguno_analfabeta,-500.0,0,0,6.609317356,0.0,2.196732164,6.8220117978334365,EXCLUSION,13.12,low,EXCLUSION,0.07871999999999998,AI_right,False
1536,#1101,2024-04,No Elegible,Vulnerabilidad Moderada,2.700708215,1.0,2.578385269,1.0,1.0,2.117608696,1.0,1.0,sotap,1,low,,,espanol_ningun_adulto,adultos_ninguno_analfabeta,,0,0,20.97871872,7.392265486,2.830767021,28.808209857523355,EXCLUSION,17.43,medium,EXCLUSION,0.10458,AI_right,False
1537,#1223,2023-11,No Elegible,Vulnerabilidad Moderada,1.0,1.0,1.0,1.0,1.776038647,2.823478261,2.580217391,1.0,sotap,1,low,,,espanol_ningun_adulto,adultos_ninguno_analfabeta,,0,0,0.0,32.12448674,2.896589272,31.09068863222006,EXCLUSION,25.2,medium,EXCLUSION,0.1512,AI_right,False
1538,#112,2023-10,No Elegible por Intenciones,Vulnerabilidad Moderada,1.0,1.0,1.0,1.0,1.776038647,2.823478261,1.790108696,1.0,sotap,4,average,jefatura_masculina,no,espanol_uno_mas_adultos,adultos_ninguno_analfabeta,0.0,0,0,0.0,26.18890898,2.730928248,25.34612370011462,EXCLUSION,23.9,medium,EXCLUSION,0.1434,AI_right,False
1539,#252,2023-11,No Elegible,Vulnerabilidad Moderada,1.0,1.0,1.0,1.0,1.776038647,2.823478261,2.580217391,1.0,sotap,1,low,,,espanol_ningun_adulto,adultos_ninguno_analfabeta,0.0,0,0,0.0,32.12448674,2.896589272,31.09068863222006,EXCLUSION,25.86,medium,EXCLUSION,0.15516,AI_right,False
1540,#1200,2023-09,Elegible,Vulnerabilidad Baja,1.0,1.0,1.0,1.0,1.776038647,2.117608696,1.790108696,1.0,fupal,1,low,,,espanol_uno_mas_adultos,adultos_ninguno_analfabeta,0.0,0,0,0.0,21.88512181,2.610810239,21.18083670503239,INCLUSION,24.03,low,INCLUSION,0.14418,AI_right,False
1541,#1223,2023-10,No Elegible,Vulnerabilidad Moderada,1.0,1.0,1.0,1.0,1.776038647,2.117608696,2.580217391,1.043888889,sotap,4,average,jefatura_femenina,si,espanol_uno_mas_adultos,adultos_ninguno_analfabeta,,0,0,0.0,28.09152966,2.784030087,27.18751614401154,EXCLUSION,23.14,medium,EXCLUSION,0.13884,AI_right,False
1542,#1860,2023-10,No Elegible,Vulnerabilidad Moderada,2.700708215,1.0,1.249197356,1.0,1.776038647,1.498900966,1.790108696,1.0,pcr_cdmx,1,low,,,espanol_uno_mas_adultos,adultos_ninguno_analfabeta,-500.0,0,0,11.93561888,17.10850297,2.832769803,28.87765326709971,EXCLUSION,18.94,medium,EXCLUSION,0.11364,AI_right,False
1543,#1359,2023-07,No Elegible,Vulnerabilidad Baja,1.0,1.0,2.578385269,1.0,1.0,1.0,1.790108696,1.043888889,foten,1,low,,,espanol_uno_mas_adultos,adultos_ninguno_analfabeta,,0,0,8.975915299,6.061858428,2.436361537,15.13155099116565,EXCLUSION,19.8,low,EXCLUSION,0.1188,AI_right,False
1544,#1101,2024-02,Elegible,Vulnerabilidad Moderada,1.0,1.0,1.0,1.0,1.776038647,2.823478261,1.790108696,1.0,sotap,1,low,,,espanol_uno_mas_adultos,adultos_ninguno_analfabeta,,0,0,0.0,26.18890898,2.730928248,25.34612370011462,INCLUSION,24.01,medium,INCLUSION,0.14406,AI_right,False
1545,#1101,2023-08,Elegible,Vulnerabilidad Moderada,1.0,1.0,1.0,1.0,1.776038647,2.823478261,2.580217391,1.0,sotap,1,low,,,espanol_ningun_adulto,adultos_ninguno_analfabeta,0.0,0,-500,0.0,32.12448674,2.896589272,31.09068863222006,INCLUSION,29.76,medium,INCLUSION,0.17856000000000002,AI_right,False
1546,#606,2023-06,No Elegible,Vulnerabilidad Moderada,1.0,1.0,1.0,1.0,1.776038647,2.117608696,2.580217391,1.043888889,foten,3,average,jefatura_masculina,no,espanol_uno_mas_adultos,adultos_ninguno_analfabeta,,0,0,0.0,28.09152966,2.784030087,27.18751614401154,EXCLUSION,18.93,medium,EXCLUSION,0.11357999999999999,AI_right,False
1547,#555,2023-09,Elegible,Vulnerabilidad Elevada,2.700708215,1.0,2.578385269,2.128271955,1.776038647,1.0,2.580217391,1.0,sotap,1,low,,,espanol_uno_mas_adultos,adultos_ninguno_analfabeta,,0,0,32.32102758,16.59309681,3.425174581,49.42026493010937,INCLUSION,15.53,high,INCLUSION,0.09318,AI_right,False
1548,#1311,2024-05,Lista de Reserva,Vulnerabilidad Baja,1.0,1.0,1.0,1.0,1.776038647,1.498900966,1.790108696,1.0,sotap,2,low,jefatura_masculina,no,espanol_uno_mas_adultos,adultos_ninguno_analfabeta,,-500,0,0.0,17.10850297,2.477495573,16.55793423592243,EXCLUSION,24.53,low,EXCLUSION,0.14718,AI_right,False
1549,#1771,2024-04,No Elegible,Vulnerabilidad Elevada,1.0,2.051104816,2.578385269,1.0,1.776038647,2.823478261,1.790108696,1.0,fupal,3,average,jefatura_femenina,no,espanol_uno_mas_adultos,adultos_ninguno_analfabeta,-500.0,0,0,17.3510839,26.18890898,3.247398574,43.25558283110052,EXCLUSION,29.23,high,EXCLUSION,0.17538,AI_right,False
1550,#112,2023-09,Lista de Reserva,Vulnerabilidad Elevada,1.0,2.051104816,2.578385269,1.0,1.776038647,2.117608696,1.790108696,1.0,sotap,4,average,jefatura_femenina,si,espanol_uno_mas_adultos,adultos_ninguno_analfabeta,0.0,0,0,17.3510839,21.88512181,3.127280564,39.090295836018285,EXCLUSION,26.65,high,EXCLUSION,0.15989999999999996,AI_right,False
1551,#606,2024-03,Elegible,Vulnerabilidad Baja,1.0,1.0,1.0,1.0,1.776038647,2.117608696,1.790108696,1.0,foten,1,low,,,espanol_ningun_adulto,adultos_ninguno_analfabeta,,0,0,0.0,21.88512181,2.610810239,21.18083670503239,INCLUSION,25.92,low,EXCLUSION,0.15552000000000002,wrongly_exclude,True
1552,#112,2024-05,Lista de Reserva,Vulnerabilidad Elevada,2.070141643,1.0,1.0,1.0,1.776038647,2.823478261,1.790108696,1.0,sotap,4,average,jefatura_masculina,no,espanol_uno_mas_adultos,adultos_ninguno_analfabeta,-500.0,0,0,6.702282231,26.18890898,2.930427594,32.26409207559043,EXCLUSION,17.69,medium,EXCLUSION,0.10614,AI_right,False
1553,#264,2024-01,No Elegible,Vulnerabilidad Elevada,2.070141643,1.0,1.0,1.0,1.776038647,2.823478261,2.580217391,1.043888889,foten,2,average,jefatura_femenina,si,espanol_uno_mas_adultos,adultos_uno_mas_analfabeta,0.0,0,0,6.702282231,32.85812825,3.116564434,38.71868920026256,EXCLUSION,27.96,high,EXCLUSION,0.16776,AI_right,False
1554,#252,2024-03,Elegible,Vulnerabilidad Elevada,1.0,1.525552408,3.251728045,1.0,1.776038647,2.117608696,1.790108696,1.0,sotap,2,complete,jefatura_femenina,si,espanol_uno_mas_adultos,adultos_ninguno_analfabeta,0.0,0,0,16.54244021,21.88512181,3.103210571,38.2556291834304,INCLUSION,25.47,high,EXCLUSION,0.15281999999999998,wrongly_exclude,True
1555,#1101,2024-01,No Elegible,Vulnerabilidad Baja,2.700708215,1.0,2.578385269,1.0,1.0,1.0,1.0,1.0,sotap,1,low,,,espanol_uno_mas_adultos,adultos_ninguno_analfabeta,0.0,0,0,20.97871872,0.0,2.624450078,21.65383486712832,EXCLUSION,23.52,medium,EXCLUSION,0.14112,AI_right,False
1556,,2024-05,No Elegible,Vulnerabilidad Baja,1.0,1.0,1.0,1.0,1.0,2.117608696,1.0,1.0,,1,low,,,espanol_uno_mas_adultos,adultos_ninguno_analfabeta,-500.0,0,0,0.0,7.392265486,2.206316944,7.154374990395034,EXCLUSION,19.66,low,EXCLUSION,0.11796,AI_right,False
1557,#252,2024-01,Lista de Reserva,Vulnerabilidad Baja,1.0,1.0,1.0,1.0,1.776038647,2.117608696,1.0,1.0,sotap,5,average,jefatura_femenina,no,espanol_uno_mas_adultos,adultos_ninguno_analfabeta,0.0,0,-500,0.0,14.06650994,2.392594036,13.61383558362086,EXCLUSION,35.27,low,EXCLUSION,0.21162,AI_right,False
1558,#645,2023-09,Lista de Reserva,Vulnerabilidad Moderada,1.0,1.0,1.0,1.0,1.776038647,2.823478261,2.580217391,1.0,fupal,1,low,,,espanol_ningun_adulto,adultos_ninguno_analfabeta,,0,0,0.0,32.12448674,2.896589272,31.09068863222006,EXCLUSION,24.28,medium,EXCLUSION,0.14568,AI_right,False
1559,#1200,2024-01,Elegible,Vulnerabilidad Baja,1.0,1.0,1.0,1.0,1.0,1.498900966,1.0,1.0,fupal,1,low,,,espanol_uno_mas_adultos,adultos_uno_mas_analfabeta,0.0,0,0,0.0,3.815111519,2.10647915,3.692337415207061,INCLUSION,26.75,low,INCLUSION,0.1605,AI_right,False
1560,,2023-09,No Elegible,Vulnerabilidad Severa,2.700708215,1.525552408,2.578385269,1.0,1.776038647,2.823478261,1.790108696,1.0,,2,average,jefatura_femenina,si,espanol_uno_mas_adultos,adultos_ninguno_analfabeta,0.0,0,0,27.05638709,26.18890898,3.536285489,53.27321238305791,EXCLUSION,25.41,high,EXCLUSION,0.15245999999999998,AI_right,False
1561,#513,2023-07,Elegible,Vulnerabilidad Baja,1.0,1.0,1.0,1.0,1.776038647,2.823478261,1.0,1.0,pcr_cdmx,1,low,,,espanol_uno_mas_adultos,adultos_ninguno_analfabeta,,0,0,0.0,17.78726377,2.496439678,17.21485183461763,INCLUSION,19.63,low,INCLUSION,0.11778,AI_right,False
1562,#071,2024-03,Elegible,Vulnerabilidad Moderada,1.0,1.0,1.0,1.0,1.776038647,2.117608696,2.580217391,1.043888889,sotap,1,low,,,espanol_uno_mas_adultos,adultos_ninguno_analfabeta,,0,0,0.0,28.09152966,2.784030087,27.18751614401154,INCLUSION,21.64,medium,INCLUSION,0.12984,AI_right,False
1563,#112,2024-06,Lista de Reserva,Vulnerabilidad Baja,1.0,1.0,2.578385269,1.0,1.0,1.498900966,1.0,1.0,sotap,2,average,jefatura_masculina,si,espanol_uno_mas_adultos,adultos_ninguno_analfabeta,-500.0,0,0,8.975915299,3.815111519,2.373655191,12.95710664444418,EXCLUSION,14.67,low,EXCLUSION,0.08802,AI_right,False
1564,#527,2024-03,No Elegible,Vulnerabilidad Baja,1.0,1.0,1.0,1.0,1.0,1.498900966,2.580217391,1.0,sotap,3,average,jefatura_femenina,si,espanol_uno_mas_adultos,adultos_ninguno_analfabeta,0.0,0,0,0.0,14.41616583,2.402352876,13.95223919742477,EXCLUSION,21.0,low,EXCLUSION,0.126,AI_right,False
1565,#1223,2023-08,Lista de Reserva,Vulnerabilidad Baja,1.0,1.0,1.0,1.0,1.776038647,1.498900966,1.790108696,1.0,sotap,3,average,jefatura_masculina,no,espanol_uno_mas_adultos,adultos_ninguno_analfabeta,,0,0,0.0,17.10850297,2.477495573,16.55793423592243,EXCLUSION,20.97,low,EXCLUSION,0.12582,AI_right,False
1566,#606,2024-01,Lista de Reserva,Vulnerabilidad Moderada,1.0,1.0,1.0,1.0,1.776038647,2.823478261,2.580217391,1.0,foten,1,low,,,espanol_ningun_adulto,adultos_uno_mas_analfabeta,,0,0,0.0,32.12448674,2.896589272,31.09068863222006,EXCLUSION,32.63,medium,EXCLUSION,0.19578,AI_right,False
1567,#1101,2024-03,No Elegible,Vulnerabilidad Baja,1.0,1.525552408,1.0,1.0,1.776038647,1.498900966,1.790108696,1.0,sotap,2,average,jefatura_masculina,no,espanol_uno_mas_adultos,adultos_ninguno_analfabeta,0.0,0,0,3.741369748,17.10850297,2.588860746,20.41970500378282,EXCLUSION,22.71,low,EXCLUSION,0.13626,AI_right,False
1568,#252,2023-08,Elegible,Vulnerabilidad Baja,1.0,1.0,1.0,1.0,1.0,1.0,1.0,1.0,sotap,1,low,,,espanol_uno_mas_adultos,adultos_ninguno_analfabeta,0.0,0,0,0.0,0.0,2.0,0.0,INCLUSION,18.48,low,INCLUSION,0.11087999999999999,AI_right,False
1569,#071,2023-08,Elegible,Vulnerabilidad Elevada,1.0,1.0,2.578385269,1.0,1.776038647,2.823478261,1.790108696,1.0,sotap,1,low,,,espanol_ningun_adulto,adultos_ninguno_analfabeta,0.0,0,0,8.975915299,26.18890898,2.998104289,34.61089292935174,INCLUSION,28.94,high,INCLUSION,0.17364,AI_right,False
1570,#527,2023-09,Elegible,Vulnerabilidad Baja,1.0,1.0,1.0,1.0,1.776038647,1.498900966,1.790108696,1.0,sotap,1,low,,,espanol_uno_mas_adultos,adultos_ninguno_analfabeta,0.0,0,0,0.0,17.10850297,2.477495573,16.55793423592243,INCLUSION,20.72,low,INCLUSION,0.12431999999999999,AI_right,False
1571,#555,2023-11,Elegible,Vulnerabilidad Baja,1.0,1.0,1.0,1.0,1.0,1.0,1.790108696,1.0,sotap,5,average,jefatura_masculina,no,espanol_uno_mas_adultos,adultos_ninguno_analfabeta,,0,0,0.0,5.614422911,2.156697643,5.433745167301109,INCLUSION,18.91,low,INCLUSION,0.11345999999999999,AI_right,False
1572,#1200,2024-05,Lista de Reserva,Vulnerabilidad Severa,2.700708215,2.051104816,3.251728045,1.0,1.776038647,2.823478261,2.580217391,1.0,fupal,2,average,jefatura_femenina,si,espanol_ningun_adulto,adultos_uno_mas_analfabeta,,0,0,35.61565687,32.12448674,3.956720731,67.85249295595354,EXCLUSION,27.63,high,EXCLUSION,0.16577999999999998,AI_right,False
1573,#071,2023-10,Elegible,Vulnerabilidad Baja,1.0,1.0,1.249197356,1.0,1.776038647,2.117608696,1.790108696,1.043888889,sotap,1,low,,,espanol_uno_mas_adultos,adultos_ninguno_analfabeta,0.0,0,0,1.921713018,22.50821784,2.685402233,23.76743654632321,INCLUSION,22.12,medium,INCLUSION,0.13272,AI_right,False
1574,#133,2024-06,No Elegible,Vulnerabilidad Elevada,2.070141643,2.051104816,1.0,1.0,1.776038647,1.498900966,1.790108696,1.043888889,fupal,1,low,,,espanol_uno_mas_adultos,adultos_ninguno_analfabeta,,0,0,14.63015408,17.68003002,2.92892625,32.21203604237486,EXCLUSION,15.76,medium,EXCLUSION,0.09455999999999999,AI_right,False
1575,#252,2024-01,Lista de Reserva,Vulnerabilidad Baja,1.0,1.525552408,1.0,1.0,1.776038647,1.498900966,1.0,1.0,sotap,4,average,jefatura_femenina,si,espanol_uno_mas_adultos,adultos_ninguno_analfabeta,,-500,0,3.741369748,9.93697889,2.388704659,13.478967740201298,EXCLUSION,30.22,low,INCLUSION,0.18131999999999998,wrongly_include,True
1576,#1054,2024-04,No Elegible,Vulnerabilidad Elevada,1.0,2.051104816,2.578385269,1.0,1.776038647,2.823478261,1.790108696,1.0,futij,3,average,jefatura_masculina,no,espanol_ningun_adulto,adultos_ninguno_analfabeta,,0,0,17.3510839,26.18890898,3.247398574,43.25558283110052,EXCLUSION,29.04,high,EXCLUSION,0.17423999999999998,AI_right,False
1577,#1860,2023-08,No Elegible,Vulnerabilidad Baja,2.070141643,1.0,1.0,1.0,1.776038647,1.498900966,1.790108696,1.043888889,pcr_cdmx,1,low,,,espanol_uno_mas_adultos,adultos_ninguno_analfabeta,0.0,0,0,6.702282231,17.68003002,2.692946147,24.029037349402188,EXCLUSION,22.51,medium,EXCLUSION,0.13506,AI_right,False
1578,#1223,2023-09,Elegible,Vulnerabilidad Elevada,2.070141643,1.0,1.0,1.0,1.776038647,2.117608696,1.790108696,2.544987923,sotap,1,low,,,espanol_uno_mas_adultos,adultos_ninguno_analfabeta,,0,0,6.702282231,37.06714366,3.234037379,42.792254285353344,INCLUSION,16.67,high,INCLUSION,0.10002000000000001,AI_right,False
1579,#1387,2024-06,No Elegible,Vulnerabilidad Baja,1.0,1.0,1.0,1.0,1.0,1.498900966,1.790108696,1.0,fusal,2,low,jefatura_masculina,no,espanol_uno_mas_adultos,adultos_ninguno_analfabeta,0.0,0,0,0.0,10.02735341,2.279861825,9.70466314991279,EXCLUSION,18.66,low,EXCLUSION,0.11195999999999999,AI_right,False
1580,#112,2023-10,No Elegible,Vulnerabilidad Baja,1.0,1.0,1.0,1.0,1.776038647,2.117608696,1.0,1.0,sotap,2,average,jefatura_femenina,si,espanol_uno_mas_adultos,adultos_ninguno_analfabeta,0.0,0,0,0.0,14.06650994,2.392594036,13.61383558362086,EXCLUSION,27.39,low,EXCLUSION,0.16434,AI_right,False
1581,#1311,2024-01,Elegible,Vulnerabilidad Baja,2.070141643,1.0,1.0,1.0,1.776038647,1.498900966,1.790108696,1.0,sotap,1,low,,,espanol_uno_mas_adultos,adultos_ninguno_analfabeta,,0,0,6.702282231,17.10850297,2.676994919,23.47590261139824,INCLUSION,22.52,medium,INCLUSION,0.13512,AI_right,False
1582,#1725,2023-07,Lista de Reserva,Vulnerabilidad Elevada,2.700708215,1.0,2.578385269,1.0,1.776038647,2.823478261,1.790108696,1.0,foten,3,average,jefatura_femenina,no,espanol_ningun_adulto,adultos_uno_mas_analfabeta,0.0,0,0,20.97871872,26.18890898,3.355378326,46.99995856724294,EXCLUSION,22.43,high,EXCLUSION,0.13458,AI_right,False
1583,#1223,2023-10,Lista de Reserva,Vulnerabilidad Severa,2.700708215,1.0,3.251728045,1.564135978,1.776038647,2.823478261,1.790108696,1.043888889,sotap,7,high,jefatura_masculina,no,espanol_uno_mas_adultos,adultos_uno_mas_analfabeta,-500.0,0,0,31.08118723,26.85846924,3.674774537,58.07554775763619,EXCLUSION,23.74,high,EXCLUSION,0.14243999999999998,AI_right,False
1584,#133,2024-05,Lista de Reserva,Vulnerabilidad Moderada,1.0,1.0,1.0,1.0,1.776038647,2.823478261,1.790108696,1.043888889,fupal,1,low,,,espanol_uno_mas_adultos,adultos_ninguno_analfabeta,0.0,0,0,0.0,26.85846924,2.749615568,25.99413684138756,EXCLUSION,20.86,medium,EXCLUSION,0.12516,AI_right,False
1585,#112,2023-07,Lista de Reserva,Vulnerabilidad Baja,1.0,1.0,1.0,1.0,1.0,1.0,1.790108696,1.0,sotap,1,low,,,espanol_ningun_adulto,adultos_uno_mas_analfabeta,,0,0,0.0,5.614422911,2.156697643,5.433745167301109,EXCLUSION,16.41,low,EXCLUSION,0.09845999999999999,AI_right,False
1586,#672,2023-07,No Elegible,Vulnerabilidad Baja,1.0,1.0,1.0,1.0,1.776038647,2.117608696,1.790108696,1.0,fupal,1,low,,,espanol_uno_mas_adultos,adultos_ninguno_analfabeta,,0,0,0.0,21.88512181,2.610810239,21.18083670503239,EXCLUSION,16.76,low,EXCLUSION,0.10056000000000001,AI_right,False
1587,#1102,2023-07,Elegible,Vulnerabilidad Moderada,1.0,1.0,2.578385269,1.0,1.776038647,2.117608696,1.790108696,1.0,pcr_cdmx,2,average,jefatura_masculina,no,espanol_uno_mas_adultos,adultos_ninguno_analfabeta,,0,0,8.975915299,21.88512181,2.877986279,30.44560593426951,INCLUSION,20.07,medium,INCLUSION,0.12041999999999999,AI_right,False
1588,#252,2023-08,No Elegible por Intenciones,Vulnerabilidad Baja,1.0,1.525552408,1.0,1.0,1.0,1.498900966,1.0,1.0,sotap,1,low,,,espanol_uno_mas_adultos,adultos_ninguno_analfabeta,,0,0,3.741369748,3.815111519,2.217844323,7.554108183067449,EXCLUSION,18.86,low,EXCLUSION,0.11315999999999998,AI_right,False
1589,#1765,2024-04,Lista de Reserva,Vulnerabilidad Moderada,2.700708215,1.0,1.249197356,1.0,1.776038647,1.498900966,1.790108696,1.0,fupal,3,low,jefatura_masculina,no,espanol_uno_mas_adultos,adultos_ninguno_analfabeta,,0,0,11.93561888,17.10850297,2.832769803,28.87765326709971,EXCLUSION,18.79,medium,EXCLUSION,0.11273999999999998,AI_right,False
1590,#555,2024-02,No Elegible,Vulnerabilidad Elevada,1.0,1.0,2.578385269,1.0,1.776038647,2.823478261,1.790108696,1.0,sotap,1,low,,,espanol_uno_mas_adultos,adultos_ninguno_analfabeta,,0,0,8.975915299,26.18890898,2.998104289,34.61089292935174,EXCLUSION,29.41,high,EXCLUSION,0.17646,AI_right,False
1591,#527,2024-06,No Elegible,Vulnerabilidad Elevada,2.700708215,1.525552408,3.251728045,1.0,1.776038647,2.823478261,1.0,1.0,sotap,1,low,,,espanol_uno_mas_adultos,adultos_ninguno_analfabeta,0.0,0,0,30.67858802,17.78726377,3.409614926,48.88070749568925,EXCLUSION,18.52,high,EXCLUSION,0.11112,AI_right,False
1592,#1311,2024-02,Lista de Reserva,Vulnerabilidad Baja,1.0,1.0,1.0,1.0,1.0,1.0,1.0,1.0,sotap,1,low,,,espanol_uno_mas_adultos,adultos_ninguno_analfabeta,0.0,0,0,0.0,0.0,2.0,0.0,EXCLUSION,20.85,low,EXCLUSION,0.12510000000000002,AI_right,False
1593,#1311,2024-06,Lista de Reserva,Vulnerabilidad Moderada,1.0,1.0,1.0,1.0,1.776038647,2.823478261,1.790108696,1.0,sotap,1,low,,,espanol_ningun_adulto,adultos_ninguno_analfabeta,,0,-500,0.0,26.18890898,2.730928248,25.34612370011462,EXCLUSION,22.85,medium,EXCLUSION,0.1371,AI_right,False
1594,#676,2023-11,Elegible,Vulnerabilidad Baja,2.070141643,1.0,1.0,1.0,1.776038647,1.498900966,1.790108696,1.043888889,pcr_cdmx,1,low,,,espanol_ningun_adulto,adultos_ninguno_analfabeta,,0,0,6.702282231,17.68003002,2.692946147,24.029037349402188,INCLUSION,24.33,medium,INCLUSION,0.14598,AI_right,False
1595,#555,2024-01,Elegible,Vulnerabilidad Baja,1.0,1.0,2.578385269,1.564135978,1.0,1.0,1.0,1.0,sotap,1,low,,,espanol_uno_mas_adultos,adultos_ninguno_analfabeta,0.0,0,0,14.01324416,0.0,2.41711658,14.46420437031296,INCLUSION,25.76,low,INCLUSION,0.15456,AI_right,False
1596,#1200,2023-12,Elegible,Vulnerabilidad Baja,1.0,1.0,1.0,1.0,1.0,2.117608696,1.790108696,1.043888889,fupal,2,average,jefatura_masculina,no,espanol_uno_mas_adultos,adultos_ninguno_analfabeta,,0,0,0.0,14.70478802,2.410408275,14.23157323672838,INCLUSION,23.64,low,INCLUSION,0.14184,AI_right,False
1597,#606,2024-06,Lista de Reserva,Vulnerabilidad Elevada,2.070141643,2.051104816,1.0,1.0,1.776038647,2.823478261,1.790108696,1.043888889,foten,2,average,jefatura_masculina,no,espanol_uno_mas_adultos,adultos_uno_mas_analfabeta,,0,0,14.63015408,26.85846924,3.185095016,41.09510390983604,EXCLUSION,23.12,high,INCLUSION,0.13872,wrongly_include,True
1598,#264,2023-07,Lista de Reserva,Vulnerabilidad Elevada,1.0,1.525552408,1.0,1.0,1.776038647,2.823478261,2.580217391,1.0,foten,3,average,jefatura_femenina,si,espanol_uno_mas_adultos,adultos_ninguno_analfabeta,,0,0,3.741369748,32.12448674,3.007954444,34.95245940008045,EXCLUSION,16.62,high,INCLUSION,0.09972,wrongly_include,True
1599,#112,2023-09,Lista de Reserva,Vulnerabilidad Elevada,1.0,2.051104816,2.578385269,1.0,1.776038647,2.823478261,2.580217391,1.043888889,sotap,1,low,,,espanol_uno_mas_adultos,adultos_ninguno_analfabeta,,0,0,17.3510839,32.85812825,3.433535414,49.710179955772645,EXCLUSION,24.11,high,EXCLUSION,0.14465999999999998,AI_right,False
1600,#555,2023-10,Elegible,Vulnerabilidad Baja,1.0,1.0,2.578385269,1.0,1.0,1.498900966,1.790108696,1.043888889,sotap,3,low,jefatura_masculina,no,espanol_uno_mas_adultos,adultos_ninguno_analfabeta,,0,0,8.975915299,10.52243148,2.560855415,19.44857834177924,INCLUSION,24.01,low,EXCLUSION,0.14406,wrongly_exclude,True
1601,#555,2024-06,No Elegible por Duplicidad,Vulnerabilidad Moderada,1.0,1.0,1.0,1.0,1.776038647,2.117608696,2.580217391,1.043888889,sotap,1,low,,,espanol_uno_mas_adultos,adultos_ninguno_analfabeta,0.0,0,0,0.0,28.09152966,2.784030087,27.18751614401154,EXCLUSION,16.4,medium,INCLUSION,0.09839999999999999,wrongly_include,True
1602,#555,2023-10,Lista de Reserva,Vulnerabilidad Baja,1.0,1.0,1.0,1.0,1.0,1.498900966,1.0,1.0,sotap,1,low,,,espanol_uno_mas_adultos,adultos_ninguno_analfabeta,0.0,0,0,0.0,3.815111519,2.10647915,3.692337415207061,EXCLUSION,22.13,low,EXCLUSION,0.13277999999999998,AI_right,False
1603,#672,2023-11,Elegible,Vulnerabilidad Baja,1.0,1.0,2.578385269,1.0,1.0,2.117608696,1.790108696,1.0,fupal,4,average,jefatura_masculina,no,espanol_uno_mas_adultos,adultos_ninguno_analfabeta,,0,0,8.975915299,14.16503897,2.662520006,22.973963080143548,INCLUSION,23.64,medium,INCLUSION,0.14184,AI_right,False
1604,#527,2023-09,Lista de Reserva,Vulnerabilidad Severa,2.700708215,1.0,3.251728045,1.0,1.776038647,2.117608696,2.580217391,1.043888889,sotap,3,complete,jefatura_femenina,si,espanol_uno_mas_adultos,adultos_ninguno_analfabeta,,0,0,24.2379543,28.09152966,3.505494188,52.20547205133984,EXCLUSION,24.41,high,EXCLUSION,0.14646,AI_right,False
1605,#555,2024-05,No Elegible,Vulnerabilidad Elevada,1.0,1.525552408,2.578385269,1.0,1.776038647,2.823478261,2.580217391,1.043888889,sotap,3,low,jefatura_masculina,no,espanol_uno_mas_adultos,adultos_uno_mas_analfabeta,,0,0,13.7168894,32.85812825,3.325360407,45.95903344256815,EXCLUSION,27.39,high,INCLUSION,0.16434,wrongly_include,True
1606,#112,2024-02,Lista de Reserva,Vulnerabilidad Elevada,2.070141643,1.0,1.0,1.0,1.776038647,2.117608696,2.580217391,1.043888889,sotap,2,complete,jefatura_femenina,si,espanol_uno_mas_adultos,adultos_ninguno_analfabeta,,0,0,6.702282231,28.09152966,2.983529432,34.10548451948735,EXCLUSION,18.38,high,EXCLUSION,0.11027999999999999,AI_right,False
1607,#1415,2023-11,Elegible,Vulnerabilidad Baja,1.0,1.0,2.578385269,1.0,1.776038647,1.0,1.790108696,1.043888889,fomon,2,low,jefatura_masculina,no,espanol_uno_mas_adultos,adultos_ninguno_analfabeta,0.0,0,0,8.975915299,12.53066404,2.616904864,21.39218396976588,INCLUSION,26.05,medium,INCLUSION,0.1563,AI_right,False
1608,#676,2023-10,No Elegible,Vulnerabilidad Baja,1.0,1.0,1.0,1.0,1.776038647,2.117608696,1.790108696,1.0,pcr_cdmx,4,average,jefatura_masculina,no,espanol_uno_mas_adultos,adultos_ninguno_analfabeta,-500.0,0,0,0.0,21.88512181,2.610810239,21.18083670503239,EXCLUSION,24.38,low,EXCLUSION,0.14628,AI_right,False
1609,#527,2023-08,No Elegible,Vulnerabilidad Elevada,1.0,1.525552408,2.578385269,1.0,1.776038647,2.823478261,2.580217391,1.0,sotap,1,low,,,espanol_uno_mas_adultos,adultos_ninguno_analfabeta,,0,0,13.7168894,32.12448674,3.304884591,45.24900125000146,EXCLUSION,24.71,high,EXCLUSION,0.14826,AI_right,False
1610,#1323,2024-06,No Elegible,Vulnerabilidad Moderada,1.0,1.0,1.0,1.0,1.776038647,2.117608696,2.580217391,1.043888889,fupal,1,low,,,espanol_ningun_adulto,adultos_ninguno_analfabeta,,0,0,0.0,28.09152966,2.784030087,27.18751614401154,EXCLUSION,18.62,medium,INCLUSION,0.11172,wrongly_include,True
1611,#252,2023-06,No Elegible,Vulnerabilidad Elevada,1.0,1.0,2.578385269,1.0,1.776038647,2.117608696,2.580217391,1.043888889,sotap,2,complete,jefatura_femenina,si,espanol_uno_mas_adultos,adultos_ninguno_analfabeta,,0,0,8.975915299,28.09152966,3.051206127,36.45228537324866,EXCLUSION,19.56,high,EXCLUSION,0.11735999999999999,AI_right,False
1612,#555,2023-11,No Elegible por Duplicidad,Vulnerabilidad Severa,2.700708215,1.0,2.578385269,1.0,1.776038647,2.823478261,2.580217391,1.043888889,sotap,3,average,jefatura_femenina,si,espanol_uno_mas_adultos,adultos_uno_mas_analfabeta,,0,0,20.97871872,32.85812825,3.541515166,53.45455569191508,EXCLUSION,30.68,high,EXCLUSION,0.18408,AI_right,False
1613,#1725,2024-02,Elegible,Vulnerabilidad Moderada,1.0,1.525552408,2.578385269,1.0,1.776038647,1.0,1.790108696,1.0,foten,1,low,,,espanol_uno_mas_adultos,adultos_ninguno_analfabeta,,0,0,13.7168894,12.01413641,2.743607939,25.785822103971192,INCLUSION,26.58,medium,INCLUSION,0.15947999999999998,AI_right,False
1614,#071,2023-07,Lista de Reserva,Vulnerabilidad Baja,1.0,1.0,2.578385269,1.0,1.0,1.0,1.790108696,1.0,sotap,1,low,,,espanol_uno_mas_adultos,adultos_ninguno_analfabeta,,0,0,8.975915299,5.614422911,2.423873683,14.69851439653823,EXCLUSION,14.36,low,EXCLUSION,0.08616,AI_right,False
1615,#071,2023-10,Elegible,Vulnerabilidad Severa,2.700708215,2.051104816,3.251728045,1.0,1.776038647,2.823478261,2.580217391,1.043888889,sotap,1,low,,,espanol_uno_mas_adultos,adultos_uno_mas_analfabeta,,0,-500,35.61565687,32.85812825,3.977196548,68.56252514852022,INCLUSION,28.89,high,INCLUSION,0.17334,AI_right,False
1616,#252,2024-04,No Elegible,Vulnerabilidad Baja,1.0,1.0,1.0,1.0,1.0,1.498900966,2.580217391,1.0,sotap,3,average,jefatura_masculina,no,espanol_uno_mas_adultos,adultos_ninguno_analfabeta,,0,0,0.0,14.41616583,2.402352876,13.95223919742477,EXCLUSION,15.49,low,INCLUSION,0.09294000000000001,wrongly_include,True
1617,#1311,2024-06,No Elegible por Intenciones,Vulnerabilidad Elevada,2.070141643,1.0,2.578385269,1.0,1.776038647,2.823478261,2.580217391,1.043888889,sotap,3,complete,jefatura_femenina,si,espanol_uno_mas_adultos,adultos_ninguno_analfabeta,-500.0,0,0,17.46888676,32.85812825,3.43704192,49.83177382961031,EXCLUSION,14.38,high,EXCLUSION,0.08628000000000001,AI_right,False
1618,#1311,2024-05,No Elegible,Vulnerabilidad Baja,1.0,1.0,1.0,1.0,1.776038647,2.117608696,1.790108696,1.0,sotap,4,average,jefatura_femenina,si,espanol_uno_mas_adultos,adultos_ninguno_analfabeta,,0,0,0.0,21.88512181,2.610810239,21.18083670503239,EXCLUSION,18.85,low,EXCLUSION,0.11309999999999999,AI_right,False
1619,#133,2024-02,Elegible,Vulnerabilidad Moderada,1.0,1.0,1.0,1.0,1.776038647,2.823478261,1.790108696,1.0,fupal,1,low,,,espanol_uno_mas_adultos,adultos_ninguno_analfabeta,,0,0,0.0,26.18890898,2.730928248,25.34612370011462,INCLUSION,26.71,medium,INCLUSION,0.16025999999999999,AI_right,False
1620,#606,2023-07,No Elegible,Vulnerabilidad Elevada,2.700708215,1.0,2.578385269,1.0,1.776038647,1.0,1.790108696,1.0,foten,4,average,jefatura_femenina,no,espanol_uno_mas_adultos,adultos_ninguno_analfabeta,,0,0,20.97871872,12.01413641,2.959762698,33.28134435331811,EXCLUSION,17.76,medium,EXCLUSION,0.10656,AI_right,False
1621,#1223,2023-10,Elegible,Vulnerabilidad Elevada,1.0,1.0,2.578385269,1.0,1.776038647,2.823478261,2.580217391,1.043888889,sotap,1,low,,,espanol_uno_mas_adultos,adultos_ninguno_analfabeta,,0,0,8.975915299,32.85812825,3.184241129,41.06549005402387,INCLUSION,24.09,high,EXCLUSION,0.14454,wrongly_exclude,True
1622,#1805,2024-05,No Elegible,Vulnerabilidad Baja,1.0,1.0,1.0,1.0,1.0,1.498900966,1.790108696,1.0,fomon,2,low,jefatura_femenina,no,espanol_uno_mas_adultos,adultos_ninguno_analfabeta,-500.0,0,0,0.0,10.02735341,2.279861825,9.70466314991279,EXCLUSION,16.25,low,EXCLUSION,0.0975,AI_right,False
1623,#071,2023-09,Elegible,Vulnerabilidad Baja,1.0,1.0,1.0,1.0,1.776038647,2.117608696,1.790108696,1.0,sotap,2,low,jefatura_masculina,no,espanol_uno_mas_adultos,adultos_ninguno_analfabeta,0.0,0,0,0.0,21.88512181,2.610810239,21.18083670503239,INCLUSION,19.39,low,EXCLUSION,0.11634,wrongly_exclude,True
1624,#252,2024-01,No Elegible,Vulnerabilidad Severa,1.0,1.525552408,2.578385269,1.0,1.776038647,2.823478261,2.580217391,2.544987923,sotap,3,complete,jefatura_femenina,si,espanol_uno_mas_adultos,adultos_ninguno_analfabeta,,0,0,13.7168894,50.0,3.803787298,62.5492626177814,EXCLUSION,29.93,high,EXCLUSION,0.17958,AI_right,False
1625,#071,2023-11,No Elegible por Duplicidad,Vulnerabilidad Elevada,2.700708215,1.525552408,2.578385269,1.0,1.776038647,1.498900966,1.790108696,1.043888889,sotap,1,low,,,espanol_uno_mas_adultos,adultos_ninguno_analfabeta,,0,0,27.05638709,17.68003002,3.298804042,45.03815765686967,EXCLUSION,23.3,high,EXCLUSION,0.1398,AI_right,False
1626,#870,2023-11,Elegible,Vulnerabilidad Baja,1.0,1.0,1.0,1.0,1.776038647,1.498900966,2.580217391,1.043888889,fomon,4,average,jefatura_masculina,no,espanol_uno_mas_adultos,adultos_ninguno_analfabeta,0.0,-500,0,0.0,22.80125306,2.636379315,22.06748593527614,INCLUSION,26.7,medium,EXCLUSION,0.1602,wrongly_exclude,True
1627,#1101,2024-06,No Elegible,Vulnerabilidad Elevada,2.070141643,1.0,2.578385269,1.0,1.776038647,2.823478261,2.580217391,1.043888889,sotap,4,average,jefatura_femenina,si,espanol_uno_mas_adultos,adultos_ninguno_analfabeta,-500.0,0,0,17.46888676,32.85812825,3.43704192,49.83177382961031,EXCLUSION,18.34,high,EXCLUSION,0.11004,AI_right,False
1628,#1311,2023-07,Lista de Reserva,Vulnerabilidad Severa,2.070141643,1.0,1.0,1.0,1.776038647,2.823478261,2.580217391,2.544987923,sotap,1,low,,,espanol_ningun_adulto,adultos_uno_mas_analfabeta,,0,0,6.702282231,50.0,3.594991325,55.308918375475805,EXCLUSION,19.79,high,EXCLUSION,0.11873999999999998,AI_right,False
1629,#1101,2024-05,No Elegible,Vulnerabilidad Moderada,1.0,1.0,1.0,1.0,1.776038647,2.823478261,1.790108696,1.0,sotap,1,low,,,espanol_uno_mas_adultos,adultos_ninguno_analfabeta,,0,0,0.0,26.18890898,2.730928248,25.34612370011462,EXCLUSION,18.58,medium,EXCLUSION,0.11148,AI_right,False
1630,#606,2024-05,No Elegible,Vulnerabilidad Moderada,1.0,1.0,1.0,1.0,1.776038647,2.823478261,1.790108696,1.0,foten,2,low,jefatura_masculina,no,espanol_uno_mas_adultos,adultos_ninguno_analfabeta,-500.0,0,0,0.0,26.18890898,2.730928248,25.34612370011462,EXCLUSION,20.1,medium,EXCLUSION,0.1206,AI_right,False
1631,#1359,2023-10,No Elegible,Vulnerabilidad Elevada,1.0,1.0,3.251728045,1.0,1.776038647,2.823478261,2.580217391,1.0,foten,2,average,jefatura_femenina,si,espanol_uno_mas_adultos,adultos_ninguno_analfabeta,0.0,0,0,11.51832969,32.12448674,3.23944252,42.97968968997395,EXCLUSION,29.26,high,EXCLUSION,0.17556000000000002,AI_right,False
1632,#1101,2023-10,Elegible,Vulnerabilidad Elevada,1.0,1.0,3.251728045,1.0,1.776038647,2.823478261,1.790108696,1.0,sotap,1,low,,,espanol_uno_mas_adultos,adultos_ninguno_analfabeta,0.0,0,0,11.51832969,26.18890898,3.073781497,37.23512475786851,INCLUSION,30.33,high,INCLUSION,0.18197999999999998,AI_right,False
1633,#1311,2023-11,Elegible,Vulnerabilidad Elevada,1.0,1.0,2.578385269,1.0,1.776038647,2.823478261,2.580217391,1.0,sotap,3,low,jefatura_masculina,no,espanol_uno_mas_adultos,adultos_ninguno_analfabeta,,0,0,8.975915299,32.12448674,3.163765312,40.35545786145718,INCLUSION,27.34,high,INCLUSION,0.16404,AI_right,False
1634,#1311,2024-01,No Elegible,Vulnerabilidad Elevada,1.0,1.0,2.578385269,1.0,1.776038647,2.823478261,2.580217391,1.043888889,sotap,4,average,jefatura_masculina,no,espanol_uno_mas_adultos,adultos_ninguno_analfabeta,0.0,0,0,8.975915299,32.85812825,3.184241129,41.06549005402387,EXCLUSION,33.24,high,EXCLUSION,0.19944,AI_right,False
1635,#527,2023-12,No Elegible,Vulnerabilidad Elevada,1.0,2.051104816,1.0,1.0,1.776038647,2.823478261,2.580217391,1.0,sotap,1,low,,,espanol_uno_mas_adultos,adultos_uno_mas_analfabeta,,0,0,6.609317356,32.12448674,3.093321436,37.9127004300535,EXCLUSION,32.26,high,EXCLUSION,0.19355999999999998,AI_right,False
1636,#1223,2024-03,No Elegible,Vulnerabilidad Moderada,2.070141643,1.0,1.249197356,1.0,1.776038647,2.117608696,1.790108696,1.043888889,sotap,1,low,,,espanol_uno_mas_adultos,adultos_ninguno_analfabeta,0.0,0,0,9.00737574,22.50821784,2.896313237,31.0811229803799,EXCLUSION,21.84,medium,EXCLUSION,0.13104,AI_right,False
1637,#1311,2024-05,No Elegible,Vulnerabilidad Moderada,2.700708215,1.0,1.0,1.0,1.776038647,1.0,2.580217391,1.0,sotap,4,average,jefatura_masculina,no,espanol_ningun_adulto,adultos_ninguno_analfabeta,,0,0,9.472088355,16.59309681,2.74505574,25.83602399190964,EXCLUSION,16.96,medium,EXCLUSION,0.10176,AI_right,False
1638,#645,2023-11,No Elegible,Vulnerabilidad Baja,1.0,1.0,1.0,1.0,1.776038647,2.117608696,1.0,1.043888889,fupal,2,average,jefatura_femenina,si,espanol_uno_mas_adultos,adultos_ninguno_analfabeta,0.0,0,0,0.0,14.60519526,2.407628657,14.13518547133794,EXCLUSION,24.1,low,EXCLUSION,0.1446,AI_right,False
1639,#071,2023-08,No Elegible,Vulnerabilidad Elevada,1.0,2.051104816,1.0,1.0,1.776038647,2.823478261,1.790108696,1.0,sotap,1,low,,,espanol_ningun_adulto,adultos_ninguno_analfabeta,,0,0,6.609317356,26.18890898,2.927660413,32.16813549794806,EXCLUSION,23.31,medium,EXCLUSION,0.13985999999999998,AI_right,False
1640,#071,2024-03,No Elegible,Vulnerabilidad Elevada,1.0,1.0,2.578385269,1.0,1.776038647,2.117608696,2.580217391,1.043888889,sotap,1,low,,,espanol_uno_mas_adultos,adultos_ninguno_analfabeta,500.0,0,0,8.975915299,28.09152966,3.051206127,36.45228537324866,EXCLUSION,24.9,high,EXCLUSION,0.1494,AI_right,False
1641,#112,2024-03,Elegible,Vulnerabilidad Baja,2.700708215,1.0,1.249197356,1.0,1.776038647,1.498900966,1.0,1.0,sotap,1,low,,,espanol_uno_mas_adultos,adultos_ninguno_analfabeta,,0,0,11.93561888,9.93697889,2.632613717,21.936916003518192,INCLUSION,19.82,medium,INCLUSION,0.11892,AI_right,False
1642,#1859,2023-08,Elegible,Vulnerabilidad Baja,1.0,1.525552408,2.578385269,1.0,1.0,1.0,1.790108696,1.0,pcr_cdmx,4,average,jefatura_masculina,no,espanol_uno_mas_adultos,adultos_ninguno_analfabeta,0.0,0,0,13.7168894,5.614422911,2.564992962,19.59205778508251,INCLUSION,23.21,low,INCLUSION,0.13926,AI_right,False
1643,#1311,2023-08,Lista de Reserva,Vulnerabilidad Elevada,2.700708215,1.0,2.578385269,1.0,1.776038647,2.823478261,1.790108696,1.0,sotap,2,average,jefatura_femenina,si,espanol_uno_mas_adultos,adultos_uno_mas_analfabeta,,0,0,20.97871872,26.18890898,3.355378326,46.99995856724294,EXCLUSION,28.87,high,EXCLUSION,0.17322,AI_right,False
1644,#252,2024-05,No Elegible,Vulnerabilidad Moderada,1.0,1.0,2.578385269,1.0,1.0,2.117608696,2.580217391,1.043888889,sotap,1,low,,,espanol_ningun_adulto,adultos_ninguno_analfabeta,0.0,0,-500,8.975915299,19.54126117,2.812569505,28.177173073525346,EXCLUSION,24.62,medium,EXCLUSION,0.14772,AI_right,False
1645,#1311,2024-06,Elegible,Vulnerabilidad Elevada,1.0,1.0,2.578385269,1.0,1.776038647,2.823478261,1.790108696,1.0,sotap,3,average,jefatura_femenina,si,espanol_uno_mas_adultos,adultos_ninguno_analfabeta,0.0,0,0,8.975915299,26.18890898,2.998104289,34.61089292935174,INCLUSION,21.58,high,INCLUSION,0.12947999999999998,AI_right,False
1646,#1359,2024-01,No Elegible,Vulnerabilidad Baja,1.0,1.0,1.0,1.0,1.776038647,1.498900966,1.790108696,1.0,foten,1,low,,,espanol_ningun_adulto,adultos_ninguno_analfabeta,,0,0,0.0,17.10850297,2.477495573,16.55793423592243,EXCLUSION,28.67,low,EXCLUSION,0.17202,AI_right,False
1647,#1725,2024-02,No Elegible,Vulnerabilidad Moderada,1.0,1.0,2.578385269,1.0,1.776038647,2.117608696,1.790108696,1.0,foten,1,low,,,espanol_uno_mas_adultos,adultos_ninguno_analfabeta,,0,0,8.975915299,21.88512181,2.877986279,30.44560593426951,EXCLUSION,27.05,medium,EXCLUSION,0.1623,AI_right,False
1648,#1476,2024-06,Lista de Reserva,Vulnerabilidad Baja,1.0,1.0,1.0,1.0,1.0,2.117608696,1.790108696,1.0,pcr_cdmx,1,low,,,espanol_ningun_adulto,adultos_ninguno_analfabeta,,0,0,0.0,14.16503897,2.395343965,13.709193850906429,EXCLUSION,17.02,low,EXCLUSION,0.10211999999999999,AI_right,False
1649,#1677,2024-04,Elegible,Vulnerabilidad Elevada,1.0,2.051104816,2.578385269,1.0,1.776038647,2.823478261,1.790108696,1.043888889,futij,1,low,,,espanol_uno_mas_adultos,adultos_ninguno_analfabeta,,0,0,17.3510839,26.85846924,3.266085893,43.90359597237346,INCLUSION,21.0,high,INCLUSION,0.126,AI_right,False
1650,#1677,2024-05,Lista de Reserva,Vulnerabilidad Baja,1.0,1.0,1.0,1.0,1.776038647,1.498900966,1.790108696,1.0,futij,2,average,jefatura_femenina,si,espanol_uno_mas_adultos,adultos_ninguno_analfabeta,0.0,0,0,0.0,17.10850297,2.477495573,16.55793423592243,EXCLUSION,19.52,low,EXCLUSION,0.11711999999999999,AI_right,False
1651,#112,2024-02,No Elegible,Vulnerabilidad Baja,2.700708215,1.0,1.0,1.0,1.0,1.0,1.790108696,1.0,sotap,1,low,,,espanol_ningun_adulto,adultos_uno_mas_analfabeta,,0,0,9.472088355,5.614422911,2.438642712,15.210654797653364,EXCLUSION,20.38,low,EXCLUSION,0.12227999999999999,AI_right,False
1652,#1583,2024-05,Elegible,Vulnerabilidad Baja,1.0,1.0,1.0,1.0,1.0,2.117608696,1.0,1.0,foten,3,average,jefatura_femenina,si,espanol_uno_mas_adultos,adultos_ninguno_analfabeta,,0,0,0.0,7.392265486,2.206316944,7.154374990395034,INCLUSION,19.99,low,INCLUSION,0.11993999999999999,AI_right,False
1653,#1860,2023-11,Lista de Reserva,Vulnerabilidad Baja,1.0,1.0,1.0,1.564135978,1.0,1.0,1.0,1.0,pcr_cdmx,1,low,,,espanol_uno_mas_adultos,adultos_ninguno_analfabeta,,0,0,3.975239986,0.0,2.118326527,4.103167183989466,EXCLUSION,18.9,low,EXCLUSION,0.11339999999999997,AI_right,False
1654,#555,2023-10,Lista de Reserva,Vulnerabilidad Elevada,2.070141643,1.0,1.0,1.0,1.776038647,2.823478261,2.580217391,1.043888889,sotap,2,average,jefatura_femenina,si,espanol_uno_mas_adultos,adultos_ninguno_analfabeta,,0,0,6.702282231,32.85812825,3.116564434,38.71868920026256,EXCLUSION,18.7,high,EXCLUSION,0.1122,AI_right,False
1655,#112,2023-08,No Elegible,Vulnerabilidad Moderada,1.0,1.525552408,1.0,1.0,1.776038647,2.117608696,1.790108696,1.0,sotap,1,low,,,espanol_uno_mas_adultos,adultos_ninguno_analfabeta,0.0,0,0,3.741369748,21.88512181,2.722175411,25.04260747289278,EXCLUSION,25.03,medium,INCLUSION,0.15018,wrongly_include,True
1656,#1311,2024-01,Lista de Reserva,Vulnerabilidad Baja,1.0,1.525552408,1.0,1.0,1.0,2.117608696,1.0,1.0,sotap,3,average,jefatura_masculina,si,espanol_uno_mas_adultos,adultos_ninguno_analfabeta,0.0,0,0,3.741369748,7.392265486,2.317682116,11.016145758255425,EXCLUSION,22.5,low,EXCLUSION,0.135,AI_right,False
1657,#1223,2024-03,No Elegible,Vulnerabilidad Baja,1.0,1.0,1.0,1.0,1.776038647,1.498900966,1.790108696,1.0,sotap,2,low,jefatura_masculina,no,espanol_ningun_adulto,adultos_ninguno_analfabeta,,0,0,0.0,17.10850297,2.477495573,16.55793423592243,EXCLUSION,22.06,low,EXCLUSION,0.13235999999999998,AI_right,False
1658,#527,2024-03,No Elegible,Vulnerabilidad Moderada,1.0,2.051104816,2.578385269,1.0,1.776038647,1.0,1.790108696,1.0,sotap,1,low,,,espanol_ningun_adulto,adultos_uno_mas_analfabeta,,0,0,17.3510839,12.01413641,2.851782945,29.536968617175688,EXCLUSION,34.07,medium,EXCLUSION,0.20442,AI_right,False
1659,#1841,2024-02,Lista de Reserva,Vulnerabilidad Baja,1.0,1.0,1.0,1.0,1.776038647,1.0,1.790108696,1.0,foten,1,low,,,espanol_uno_mas_adultos,adultos_ninguno_analfabeta,0.0,0,0,0.0,12.01413641,2.33531262,11.62750948618979,EXCLUSION,24.22,low,EXCLUSION,0.14532,AI_right,False
1660,#527,2023-06,No Elegible,Vulnerabilidad Baja,1.0,1.0,1.0,1.0,1.776038647,1.0,1.790108696,1.0,sotap,3,low,jefatura_femenina,no,espanol_uno_mas_adultos,adultos_ninguno_analfabeta,0.0,0,0,0.0,12.01413641,2.33531262,11.62750948618979,EXCLUSION,18.89,low,EXCLUSION,0.11334,AI_right,False
1661,#1311,2024-06,No Elegible,Vulnerabilidad Baja,1.0,1.0,1.0,1.0,1.776038647,1.0,1.790108696,1.0,sotap,1,low,,,espanol_uno_mas_adultos,adultos_ninguno_analfabeta,,0,0,0.0,12.01413641,2.33531262,11.62750948618979,EXCLUSION,15.03,low,EXCLUSION,0.09018,AI_right,False
1662,#1311,2023-06,Lista de Reserva,Vulnerabilidad Baja,1.0,1.0,1.0,1.0,1.776038647,2.117608696,1.0,1.0,sotap,1,low,,,espanol_ningun_adulto,adultos_ninguno_analfabeta,0.0,0,0,0.0,14.06650994,2.392594036,13.61383558362086,EXCLUSION,22.0,low,EXCLUSION,0.132,AI_right,False
1663,#1725,2023-09,No Elegible,Vulnerabilidad Elevada,1.0,1.0,3.251728045,1.0,1.776038647,2.823478261,2.580217391,1.0,foten,3,average,jefatura_masculina,no,espanol_ningun_adulto,adultos_ninguno_analfabeta,,0,0,11.51832969,32.12448674,3.23944252,42.97968968997395,EXCLUSION,31.57,high,EXCLUSION,0.18941999999999998,AI_right,False
1664,#555,2024-05,No Elegible,Vulnerabilidad Moderada,1.0,1.0,1.0,1.0,1.776038647,2.823478261,1.790108696,1.043888889,sotap,4,average,jefatura_femenina,no,espanol_uno_mas_adultos,adultos_ninguno_analfabeta,0.0,0,0,0.0,26.85846924,2.749615568,25.99413684138756,EXCLUSION,20.62,medium,EXCLUSION,0.12372000000000001,AI_right,False
1665,#071,2024-04,Lista de Reserva,Vulnerabilidad Moderada,1.0,1.0,1.0,1.0,1.776038647,2.823478261,2.580217391,1.0,sotap,3,average,jefatura_masculina,no,espanol_uno_mas_adultos,adultos_ninguno_analfabeta,0.0,0,-500,0.0,32.12448674,2.896589272,31.09068863222006,EXCLUSION,20.41,medium,EXCLUSION,0.12246,AI_right,False
1666,#555,2024-02,No Elegible,Vulnerabilidad Elevada,2.700708215,1.0,3.251728045,1.0,1.776038647,2.117608696,2.580217391,1.0,sotap,4,average,jefatura_masculina,no,espanol_uno_mas_adultos,adultos_ninguno_analfabeta,,0,0,24.2379543,27.40879931,3.486439293,51.54471264673319,EXCLUSION,26.99,high,INCLUSION,0.16193999999999997,wrongly_include,True
1667,#555,2024-05,Lista de Reserva,Vulnerabilidad Moderada,1.0,1.0,2.578385269,1.0,1.0,2.823478261,1.790108696,1.043888889,sotap,3,average,jefatura_masculina,no,espanol_uno_mas_adultos,adultos_ninguno_analfabeta,0.0,0,0,8.975915299,18.47313819,2.782758364,27.143423359144727,EXCLUSION,18.84,medium,INCLUSION,0.11304,wrongly_include,True
1668,#1805,2024-03,Lista de Reserva,Vulnerabilidad Baja,1.0,1.0,2.578385269,1.0,1.776038647,1.0,1.790108696,1.043888889,fomon,3,low,jefatura_masculina,no,espanol_uno_mas_adultos,adultos_ninguno_analfabeta,,0,0,8.975915299,12.53066404,2.616904864,21.39218396976588,EXCLUSION,28.24,medium,EXCLUSION,0.16943999999999998,AI_right,False
1669,#1102,2023-09,No Elegible,Vulnerabilidad Baja,1.0,1.0,1.0,1.0,1.0,1.498900966,1.790108696,1.0,pcr_cdmx,1,low,,,espanol_ningun_adulto,adultos_uno_mas_analfabeta,,0,0,0.0,10.02735341,2.279861825,9.70466314991279,EXCLUSION,24.91,low,EXCLUSION,0.14945999999999998,AI_right,False
1670,#1311,2024-04,No Elegible,Vulnerabilidad Elevada,1.0,1.0,2.578385269,1.0,1.776038647,2.823478261,1.790108696,1.0,sotap,2,low,jefatura_masculina,no,espanol_uno_mas_adultos,adultos_ninguno_analfabeta,0.0,0,0,8.975915299,26.18890898,2.998104289,34.61089292935174,EXCLUSION,23.21,high,EXCLUSION,0.13926,AI_right,False
1671,#527,2024-03,Lista de Reserva,Vulnerabilidad Moderada,2.700708215,1.0,1.0,1.0,1.776038647,2.117608696,1.790108696,1.0,sotap,2,low,jefatura_masculina,no,espanol_uno_mas_adultos,adultos_ninguno_analfabeta,0.0,0,0,9.472088355,21.88512181,2.892755308,30.95774633538465,EXCLUSION,17.78,medium,EXCLUSION,0.10668000000000001,AI_right,False
1672,#264,2024-01,Elegible por Proceso Acelerado,Vulnerabilidad Elevada,2.700708215,1.0,1.249197356,1.0,1.776038647,2.117608696,1.790108696,1.0,foten,3,average,jefatura_femenina,si,espanol_uno_mas_adultos,adultos_ninguno_analfabeta,0.0,0,0,11.93561888,21.88512181,2.966084469,33.50055573620967,INCLUSION,25.75,medium,INCLUSION,0.1545,AI_right,False
1673,#1311,2024-02,No Elegible,Vulnerabilidad Baja,1.0,1.0,1.249197356,1.0,1.0,1.498900966,1.790108696,1.0,sotap,1,low,,,espanol_uno_mas_adultos,adultos_ninguno_analfabeta,,0,0,1.921713018,10.02735341,2.337063309,11.688218814545047,EXCLUSION,18.03,low,EXCLUSION,0.10818000000000001,AI_right,False
1674,#112,2023-07,No Elegible,Vulnerabilidad Baja,2.070141643,1.0,1.0,1.0,1.0,1.0,1.790108696,1.043888889,sotap,1,low,,,espanol_uno_mas_adultos,adultos_ninguno_analfabeta,0.0,0,0,6.702282231,6.061858428,2.368684842,12.78475013740434,EXCLUSION,11.96,low,EXCLUSION,0.07176,AI_right,False
1675,#252,2024-02,No Elegible,Vulnerabilidad Elevada,2.070141643,1.0,1.0,1.0,1.776038647,2.823478261,2.580217391,1.043888889,sotap,1,low,,,espanol_uno_mas_adultos,adultos_ninguno_analfabeta,0.0,0,0,6.702282231,32.85812825,3.116564434,38.71868920026256,EXCLUSION,20.28,high,EXCLUSION,0.12168,AI_right,False
1676,#1223,2023-07,Lista de Reserva,Vulnerabilidad Elevada,1.0,1.525552408,2.578385269,1.0,1.776038647,2.823478261,1.790108696,1.0,sotap,1,low,,,espanol_uno_mas_adultos,adultos_uno_mas_analfabeta,,0,0,13.7168894,26.18890898,3.139223567,39.50443631789602,EXCLUSION,28.16,high,EXCLUSION,0.16896,AI_right,False
1677,#1223,2023-06,Lista de Reserva,Vulnerabilidad Moderada,1.599560907,1.0,1.0,1.0,1.776038647,2.823478261,1.790108696,1.043888889,sotap,1,low,,,espanol_ningun_adulto,adultos_ninguno_analfabeta,,0,0,4.186184624,26.85846924,2.874221048,30.315037072772505,EXCLUSION,18.67,medium,EXCLUSION,0.11202,AI_right,False
1678,#264,2024-02,Elegible,Vulnerabilidad Baja,1.0,1.0,1.0,1.0,1.0,1.0,1.790108696,1.043888889,foten,1,low,,,espanol_uno_mas_adultos,adultos_ninguno_analfabeta,0.0,0,0,0.0,6.061858428,2.169185496,5.866781761928531,INCLUSION,22.26,low,INCLUSION,0.13356,AI_right,False
1679,#071,2024-02,No Elegible,Vulnerabilidad Baja,1.0,1.0,2.578385269,1.0,1.0,1.0,1.0,1.0,sotap,1,low,,,espanol_ningun_adulto,adultos_ninguno_analfabeta,,0,0,8.975915299,0.0,2.267176041,9.26476922923712,EXCLUSION,23.66,low,EXCLUSION,0.14196,AI_right,False
1680,#527,2023-07,No Elegible,Vulnerabilidad Elevada,2.070141643,1.0,3.251728045,1.0,1.776038647,1.0,2.580217391,2.544987923,sotap,4,average,jefatura_masculina,no,espanol_ningun_adulto,adultos_ninguno_analfabeta,0.0,-500,0,20.51851115,30.38303782,3.458737305,50.58409863723273,EXCLUSION,21.7,high,EXCLUSION,0.13019999999999998,AI_right,False
1681,#112,2023-09,No Elegible,Vulnerabilidad Elevada,1.0,1.0,2.578385269,1.0,1.776038647,2.117608696,2.580217391,1.0,sotap,3,average,jefatura_masculina,si,espanol_uno_mas_adultos,adultos_ninguno_analfabeta,0.0,-500,0,8.975915299,27.40879931,3.032151233,35.791525968642006,EXCLUSION,30.92,high,EXCLUSION,0.18552000000000002,AI_right,False
1682,#1359,2023-11,No Elegible,Vulnerabilidad Elevada,1.0,1.0,2.578385269,1.0,1.776038647,2.823478261,1.790108696,1.043888889,foten,1,low,,,espanol_uno_mas_adultos,adultos_uno_mas_analfabeta,,0,0,8.975915299,26.85846924,3.016791609,35.25890607062468,EXCLUSION,37.5,high,EXCLUSION,0.22499999999999998,AI_right,False
1683,#071,2024-02,No Elegible por Intenciones,Vulnerabilidad Severa,2.700708215,2.051104816,3.251728045,1.0,1.776038647,2.823478261,1.790108696,1.0,sotap,2,low,jefatura_masculina,no,espanol_uno_mas_adultos,adultos_ninguno_analfabeta,,0,0,35.61565687,26.18890898,3.791059708,62.10792802384809,EXCLUSION,27.56,high,EXCLUSION,0.16536,AI_right,False
1684,#133,2024-02,No Elegible,Vulnerabilidad Baja,1.0,1.0,1.0,1.0,1.776038647,2.117608696,1.790108696,1.0,fupal,1,low,,,espanol_uno_mas_adultos,adultos_ninguno_analfabeta,,0,0,0.0,21.88512181,2.610810239,21.18083670503239,EXCLUSION,25.24,low,EXCLUSION,0.15143999999999996,AI_right,False
1685,#555,2023-08,No Elegible,Vulnerabilidad Elevada,1.0,1.525552408,2.578385269,1.0,1.776038647,2.823478261,1.790108696,1.0,sotap,1,low,,,espanol_uno_mas_adultos,adultos_ninguno_analfabeta,0.0,0,0,13.7168894,26.18890898,3.139223567,39.50443631789602,EXCLUSION,27.85,high,EXCLUSION,0.1671,AI_right,False
1686,#527,2024-06,No Elegible,Vulnerabilidad Elevada,2.070141643,1.0,1.0,1.0,1.776038647,1.0,2.580217391,2.544987923,sotap,2,low,jefatura_masculina,no,espanol_uno_mas_adultos,adultos_ninguno_analfabeta,0.0,0,-500,6.702282231,30.38303782,3.047485057,36.32324965539039,EXCLUSION,19.3,high,EXCLUSION,0.1158,AI_right,False
1687,#555,2023-12,Lista de Reserva,Vulnerabilidad Baja,1.0,1.525552408,1.0,1.0,1.0,1.498900966,1.0,1.0,sotap,4,average,jefatura_femenina,si,espanol_uno_mas_adultos,adultos_ninguno_analfabeta,0.0,0,0,3.741369748,3.815111519,2.217844323,7.554108183067449,EXCLUSION,20.86,low,EXCLUSION,0.12516,AI_right,False
1688,#1101,2023-07,Lista de Reserva,Vulnerabilidad Elevada,2.070141643,1.0,1.0,1.0,1.776038647,1.498900966,2.580217391,2.544987923,sotap,1,low,,,espanol_uno_mas_adultos,adultos_ninguno_analfabeta,,0,0,6.702282231,37.43330939,3.244257006,43.14663643599621,EXCLUSION,11.43,high,EXCLUSION,0.06858,AI_right,False
1689,#1223,2023-11,No Elegible,Vulnerabilidad Moderada,2.070141643,1.0,1.249197356,1.564135978,1.0,1.498900966,1.790108696,1.043888889,sotap,6,average,jefatura_masculina,no,espanol_uno_mas_adultos,adultos_ninguno_analfabeta,,0,0,14.04842721,10.52243148,2.711843209,24.684328758587128,EXCLUSION,23.28,medium,EXCLUSION,0.13968,AI_right,False
1690,#071,2023-09,Elegible,Vulnerabilidad Elevada,2.070141643,1.0,1.0,1.0,1.776038647,2.117608696,2.580217391,2.544987923,sotap,1,low,,,espanol_uno_mas_adultos,adultos_ninguno_analfabeta,,0,0,6.702282231,44.04383881,3.428755821,49.5444324087312,INCLUSION,16.74,high,INCLUSION,0.10043999999999999,AI_right,False
1691,#1223,2023-10,No Elegible,Vulnerabilidad Elevada,2.700708215,1.0,3.251728045,1.0,1.776038647,1.498900966,1.790108696,1.0,sotap,2,complete,jefatura_femenina,si,espanol_uno_mas_adultos,adultos_ninguno_analfabeta,,0,0,24.2379543,17.10850297,3.198959675,41.57589014325073,EXCLUSION,24.34,high,INCLUSION,0.14604,wrongly_include,True
1692,#133,2024-05,No Elegible,Vulnerabilidad Baja,1.0,1.0,1.0,1.0,1.0,1.498900966,1.0,1.0,fupal,2,average,jefatura_femenina,si,espanol_uno_mas_adultos,adultos_ninguno_analfabeta,,0,0,0.0,3.815111519,2.10647915,3.692337415207061,EXCLUSION,14.69,low,INCLUSION,0.08814,wrongly_include,True
1693,#112,2024-03,Elegible,Vulnerabilidad Baja,1.0,1.0,1.0,1.0,1.0,2.117608696,1.790108696,1.0,sotap,2,average,jefatura_femenina,si,espanol_uno_mas_adultos,adultos_ninguno_analfabeta,0.0,0,0,0.0,14.16503897,2.395343965,13.709193850906429,INCLUSION,22.12,low,INCLUSION,0.13272,AI_right,False
1694,#1311,2024-03,Elegible,Vulnerabilidad Elevada,1.0,2.051104816,2.578385269,1.0,1.776038647,2.823478261,2.580217391,1.043888889,sotap,4,average,jefatura_masculina,no,espanol_uno_mas_adultos,adultos_ninguno_analfabeta,-500.0,0,0,17.3510839,32.85812825,3.433535414,49.710179955772645,INCLUSION,24.57,high,INCLUSION,0.14742,AI_right,False
1695,#264,2023-08,Lista de Reserva,Vulnerabilidad Elevada,2.700708215,1.0,2.578385269,1.0,1.776038647,2.117608696,2.580217391,1.0,foten,2,average,jefatura_femenina,si,espanol_uno_mas_adultos,adultos_ninguno_analfabeta,0.0,0,0,20.97871872,27.40879931,3.389425269,48.18059160653321,EXCLUSION,23.16,high,EXCLUSION,0.13896,AI_right,False
1696,#676,2024-02,No Elegible,Vulnerabilidad Baja,2.700708215,1.0,1.0,1.0,1.0,1.0,1.0,1.0,pcr_cdmx,4,low,jefatura_masculina,no,espanol_uno_mas_adultos,adultos_ninguno_analfabeta,0.0,0,0,9.472088355,0.0,2.28194507,9.776909630352256,EXCLUSION,18.76,low,INCLUSION,0.11256000000000001,wrongly_include,True
1697,#1223,2024-01,Elegible,Vulnerabilidad Baja,1.0,1.0,1.0,1.0,1.776038647,1.0,1.790108696,1.0,sotap,3,average,jefatura_masculina,no,espanol_uno_mas_adultos,adultos_ninguno_analfabeta,,0,0,0.0,12.01413641,2.33531262,11.62750948618979,INCLUSION,25.68,low,INCLUSION,0.15407999999999997,AI_right,False
1698,#252,2023-09,Elegible,Vulnerabilidad Elevada,1.0,1.0,1.0,1.564135978,1.776038647,1.498900966,2.580217391,1.738466184,sotap,2,low,jefatura_masculina,no,espanol_ningun_adulto,adultos_uno_mas_analfabeta,0.0,0,0,3.975239986,30.77500505,2.977251981,33.887801796475415,INCLUSION,21.25,medium,INCLUSION,0.1275,AI_right,False
1699,#112,2023-08,Elegible,Vulnerabilidad Moderada,1.0,1.0,1.249197356,1.0,1.776038647,2.823478261,1.790108696,1.043888889,sotap,1,low,,,espanol_uno_mas_adultos,adultos_ninguno_analfabeta,0.0,0,0,1.921713018,26.85846924,2.806817052,27.97769250601982,INCLUSION,25.51,medium,EXCLUSION,0.15306,wrongly_exclude,True
1700,#645,2024-04,No Elegible,Vulnerabilidad Moderada,2.700708215,2.051104816,2.578385269,1.0,1.0,1.0,1.0,1.0,fupal,1,low,,,espanol_uno_mas_adultos,adultos_ninguno_analfabeta,0.0,0,0,31.71522481,0.0,2.944031657,32.73585245961061,EXCLUSION,15.64,medium,EXCLUSION,0.09384,AI_right,False
1701,#1311,2024-01,Elegible,Vulnerabilidad Moderada,1.0,1.0,1.0,1.0,1.776038647,2.823478261,1.790108696,1.0,sotap,1,low,,,espanol_ningun_adulto,adultos_ninguno_analfabeta,,0,0,0.0,26.18890898,2.730928248,25.34612370011462,INCLUSION,27.59,medium,INCLUSION,0.16554,AI_right,False
1702,#1223,2023-07,No Elegible,Vulnerabilidad Elevada,1.0,1.0,1.249197356,1.564135978,1.776038647,2.823478261,1.790108696,1.043888889,sotap,1,low,,,espanol_uno_mas_adultos,adultos_ninguno_analfabeta,-500.0,0,0,6.124342631,26.85846924,2.931912031,32.31556694259577,EXCLUSION,16.73,medium,EXCLUSION,0.10038,AI_right,False
1703,#252,2024-05,Elegible,Vulnerabilidad Baja,1.0,1.0,2.578385269,1.0,1.776038647,1.0,1.790108696,1.0,sotap,1,low,,,espanol_uno_mas_adultos,adultos_ninguno_analfabeta,0.0,0,0,8.975915299,12.01413641,2.602488661,20.89227871542691,INCLUSION,19.83,low,INCLUSION,0.11897999999999997,AI_right,False
1704,#1311,2024-01,Lista de Reserva,Vulnerabilidad Baja,1.0,1.525552408,1.0,1.564135978,1.0,2.117608696,1.0,1.0,sotap,4,low,jefatura_masculina,no,espanol_uno_mas_adultos,adultos_ninguno_analfabeta,0.0,0,0,8.159313021,7.392265486,2.449186097,15.576262863723835,EXCLUSION,23.62,low,EXCLUSION,0.14172,AI_right,False
1705,#527,2023-09,No Elegible,Vulnerabilidad Baja,1.0,1.0,1.0,1.0,1.0,2.823478261,1.790108696,1.0,sotap,1,low,,,espanol_uno_mas_adultos,adultos_ninguno_analfabeta,,0,0,0.0,17.8931401,2.49939467,17.3173209584419,EXCLUSION,21.5,low,EXCLUSION,0.129,AI_right,False
1706,#112,2024-05,No Elegible,Vulnerabilidad Moderada,1.0,1.525552408,1.0,1.0,1.776038647,2.823478261,1.790108696,1.0,sotap,6,average,jefatura_masculina,no,espanol_ningun_adulto,adultos_ninguno_analfabeta,,0,0,3.741369748,26.18890898,2.842293421,29.20789446797501,EXCLUSION,20.22,medium,INCLUSION,0.12131999999999998,wrongly_include,True
1707,#112,2023-07,No Elegible,Vulnerabilidad Baja,1.0,1.0,1.0,1.0,1.0,1.498900966,1.0,1.0,sotap,4,average,jefatura_masculina,no,espanol_uno_mas_adultos,adultos_ninguno_analfabeta,,0,0,0.0,3.815111519,2.10647915,3.692337415207061,EXCLUSION,14.5,low,EXCLUSION,0.087,AI_right,False
1708,#1102,2024-05,No Elegible,Vulnerabilidad Baja,1.0,1.0,1.0,1.0,1.776038647,1.0,1.790108696,1.0,pcr_cdmx,1,low,,,espanol_uno_mas_adultos,adultos_ninguno_analfabeta,0.0,0,0,0.0,12.01413641,2.33531262,11.62750948618979,EXCLUSION,20.74,low,EXCLUSION,0.12443999999999998,AI_right,False
1709,#1583,2023-10,Elegible,Vulnerabilidad Elevada,2.700708215,1.0,2.578385269,1.0,1.776038647,2.117608696,1.790108696,1.0,foten,5,high,jefatura_masculina,no,espanol_uno_mas_adultos,adultos_ninguno_analfabeta,,0,0,20.97871872,21.88512181,3.235260316,42.83467157216072,INCLUSION,24.5,high,INCLUSION,0.147,AI_right,False
1710,#112,2023-07,No Elegible,Vulnerabilidad Baja,1.0,1.0,1.0,1.564135978,1.0,1.0,2.580217391,1.0,sotap,1,low,,,espanol_ningun_adulto,adultos_ninguno_analfabeta,,0,0,3.975239986,9.580889352,2.385727611,13.375733935752754,EXCLUSION,16.4,low,EXCLUSION,0.09839999999999999,AI_right,False
1711,#1492,2023-12,No Elegible,Vulnerabilidad Baja,1.0,1.0,2.578385269,1.0,1.0,1.498900966,1.790108696,1.0,fusal,1,low,,,espanol_uno_mas_adultos,adultos_ninguno_analfabeta,,0,0,8.975915299,10.02735341,2.547037866,18.969432379149907,EXCLUSION,28.68,low,EXCLUSION,0.17207999999999998,AI_right,False
1712,#252,2023-07,Lista de Reserva,Vulnerabilidad Baja,1.0,1.0,2.578385269,1.0,1.776038647,2.117608696,1.0,1.0,sotap,1,low,,,espanol_ningun_adulto,adultos_ninguno_analfabeta,,0,0,8.975915299,14.06650994,2.659770077,22.87860481285798,EXCLUSION,21.16,medium,EXCLUSION,0.12696,AI_right,False
1713,#1101,2024-06,No Elegible,Vulnerabilidad Baja,1.0,1.0,1.0,1.0,1.0,2.117608696,1.790108696,1.0,sotap,1,low,,,espanol_uno_mas_adultos,adultos_ninguno_analfabeta,500.0,0,0,0.0,14.16503897,2.395343965,13.709193850906429,EXCLUSION,16.22,low,EXCLUSION,0.09731999999999999,AI_right,False
1714,#1101,2024-05,No Elegible,Vulnerabilidad Elevada,2.070141643,1.0,1.0,1.0,1.776038647,2.117608696,2.580217391,1.043888889,sotap,5,low,jefatura_masculina,no,espanol_uno_mas_adultos,adultos_ninguno_analfabeta,0.0,0,0,6.702282231,28.09152966,2.983529432,34.10548451948735,EXCLUSION,14.58,high,INCLUSION,0.08748,wrongly_include,True
1715,#1101,2024-04,No Elegible,Vulnerabilidad Baja,1.0,1.0,1.0,1.0,1.776038647,2.117608696,1.790108696,1.043888889,sotap,1,low,,,espanol_uno_mas_adultos,adultos_ninguno_analfabeta,0.0,0,0,0.0,22.50821784,2.628200749,21.78388088169096,EXCLUSION,19.35,medium,EXCLUSION,0.1161,AI_right,False
1716,#264,2024-04,No Elegible,Vulnerabilidad Elevada,2.700708215,1.0,1.249197356,1.0,1.776038647,2.823478261,1.790108696,1.043888889,foten,4,average,jefatura_femenina,no,espanol_uno_mas_adultos,adultos_ninguno_analfabeta,,0,0,11.93561888,26.85846924,3.104889798,38.31385587256485,EXCLUSION,21.47,high,EXCLUSION,0.12882,AI_right,False
1717,#071,2023-08,Elegible,Vulnerabilidad Baja,1.0,1.0,1.0,1.0,1.0,2.117608696,1.790108696,1.0,sotap,1,low,,,espanol_uno_mas_adultos,adultos_ninguno_analfabeta,0.0,0,0,0.0,14.16503897,2.395343965,13.709193850906429,INCLUSION,18.23,low,INCLUSION,0.10938,AI_right,False
1718,#555,2024-01,No Elegible,Vulnerabilidad Baja,1.0,1.0,1.0,1.0,1.776038647,1.0,1.790108696,1.0,sotap,2,low,jefatura_masculina,no,espanol_uno_mas_adultos,adultos_ninguno_analfabeta,0.0,0,0,0.0,12.01413641,2.33531262,11.62750948618979,EXCLUSION,25.38,low,EXCLUSION,0.15227999999999997,AI_right,False
1719,#132,2023-08,No Elegible por Intenciones,Vulnerabilidad Baja,1.0,1.0,2.578385269,1.0,1.0,1.498900966,1.790108696,1.043888889,fomon,1,low,,,espanol_uno_mas_adultos,adultos_ninguno_analfabeta,,0,0,8.975915299,10.52243148,2.560855415,19.44857834177924,EXCLUSION,25.57,low,INCLUSION,0.15341999999999997,wrongly_include,True
1720,#527,2023-06,No Elegible,Vulnerabilidad Baja,1.0,1.0,1.0,1.0,1.776038647,1.0,1.790108696,1.0,sotap,1,low,,,espanol_uno_mas_adultos,adultos_ninguno_analfabeta,0.0,0,0,0.0,12.01413641,2.33531262,11.62750948618979,EXCLUSION,15.91,low,EXCLUSION,0.09545999999999999,AI_right,False
1721,#1311,2024-05,Lista de Reserva,Vulnerabilidad Baja,1.0,1.0,1.0,1.0,1.776038647,1.0,2.580217391,1.0,sotap,1,low,,,espanol_uno_mas_adultos,adultos_ninguno_analfabeta,,0,0,0.0,16.59309681,2.46311067,16.059114361557388,EXCLUSION,15.57,low,EXCLUSION,0.09342,AI_right,False
1722,#071,2024-04,Elegible,Vulnerabilidad Baja,1.0,1.0,1.0,1.0,1.0,1.498900966,1.790108696,1.0,sotap,1,low,,,espanol_uno_mas_adultos,adultos_ninguno_analfabeta,0.0,-500,0,0.0,10.02735341,2.279861825,9.70466314991279,INCLUSION,20.67,low,EXCLUSION,0.12402,wrongly_exclude,True
1723,#672,2024-06,No Elegible,Vulnerabilidad Moderada,1.0,1.525552408,1.0,1.0,1.776038647,2.117608696,2.580217391,1.0,fupal,1,low,,,espanol_uno_mas_adultos,adultos_ninguno_analfabeta,,0,0,3.741369748,27.40879931,2.876340364,30.38852750726528,EXCLUSION,18.05,medium,EXCLUSION,0.1083,AI_right,False
1724,#1223,2024-05,No Elegible,Vulnerabilidad Baja,1.0,1.0,1.0,1.0,1.776038647,1.498900966,1.790108696,1.0,sotap,1,low,,,espanol_uno_mas_adultos,adultos_ninguno_analfabeta,0.0,-500,0,0.0,17.10850297,2.477495573,16.55793423592243,EXCLUSION,23.5,low,EXCLUSION,0.141,AI_right,False
1725,#1311,2024-05,No Elegible,Vulnerabilidad Moderada,1.0,1.525552408,1.249197356,1.0,1.776038647,2.117608696,1.790108696,1.043888889,sotap,1,low,,,espanol_uno_mas_adultos,adultos_ninguno_analfabeta,,0,0,5.877094669,22.50821784,2.803137659,27.85010633423405,EXCLUSION,17.89,medium,EXCLUSION,0.10734,AI_right,False
1726,#1583,2024-01,Lista de Reserva,Vulnerabilidad Elevada,1.0,1.0,3.251728045,1.0,1.776038647,2.823478261,2.580217391,1.0,foten,3,average,jefatura_masculina,no,espanol_uno_mas_adultos,adultos_ninguno_analfabeta,0.0,0,0,11.51832969,32.12448674,3.23944252,42.97968968997395,EXCLUSION,36.2,high,INCLUSION,0.21720000000000003,wrongly_include,True
1727,#555,2023-12,Elegible,Vulnerabilidad Elevada,2.070141643,1.0,1.0,1.0,1.776038647,2.117608696,2.580217391,1.043888889,sotap,2,complete,jefatura_femenina,si,espanol_uno_mas_adultos,adultos_ninguno_analfabeta,,0,0,6.702282231,28.09152966,2.983529432,34.10548451948735,INCLUSION,20.48,high,INCLUSION,0.12288,AI_right,False
1728,#1101,2024-03,Lista de Reserva,Vulnerabilidad Elevada,1.0,1.0,2.578385269,1.0,1.776038647,2.823478261,1.790108696,1.043888889,sotap,3,average,jefatura_masculina,no,espanol_uno_mas_adultos,adultos_ninguno_analfabeta,0.0,0,0,8.975915299,26.85846924,3.016791609,35.25890607062468,EXCLUSION,29.65,high,EXCLUSION,0.17789999999999997,AI_right,False
1729,#238,2023-06,No Elegible,Vulnerabilidad Baja,1.0,1.525552408,1.0,1.0,1.0,1.0,1.790108696,1.0,futij,4,average,jefatura_masculina,no,espanol_uno_mas_adultos,adultos_ninguno_analfabeta,0.0,0,0,3.741369748,5.614422911,2.268062815,9.295515935161497,EXCLUSION,17.35,low,EXCLUSION,0.10410000000000001,AI_right,False
1730,#555,2023-08,No Elegible,Vulnerabilidad Moderada,1.0,1.525552408,1.0,1.0,1.776038647,2.117608696,2.580217391,1.043888889,sotap,1,low,,,espanol_uno_mas_adultos,adultos_ninguno_analfabeta,,0,0,3.741369748,28.09152966,2.895395259,31.049286911871928,EXCLUSION,22.05,medium,INCLUSION,0.1323,wrongly_include,True
1731,#133,2023-08,No Elegible,Vulnerabilidad Baja,1.0,1.0,2.578385269,1.0,1.0,1.0,1.790108696,1.0,fupal,1,low,,,espanol_uno_mas_adultos,adultos_ninguno_analfabeta,0.0,0,0,8.975915299,5.614422911,2.423873683,14.69851439653823,EXCLUSION,21.61,low,EXCLUSION,0.12966,AI_right,False
1732,#071,2023-07,Lista de Reserva,Vulnerabilidad Baja,1.0,1.0,1.0,1.0,1.776038647,1.498900966,1.790108696,1.0,sotap,4,average,jefatura_femenina,no,espanol_uno_mas_adultos,adultos_ninguno_analfabeta,,0,0,0.0,17.10850297,2.477495573,16.55793423592243,EXCLUSION,15.88,low,EXCLUSION,0.09527999999999999,AI_right,False
1733,#111,2024-02,Elegible por Proceso Acelerado,Vulnerabilidad Baja,1.0,1.0,1.0,1.0,1.776038647,2.117608696,1.790108696,1.0,fomon,1,low,,,espanol_uno_mas_adultos,adultos_ninguno_analfabeta,,0,0,0.0,21.88512181,2.610810239,21.18083670503239,INCLUSION,25.69,low,INCLUSION,0.15414,AI_right,False
1734,#1223,2023-08,Lista de Reserva,Vulnerabilidad Moderada,1.0,1.0,1.0,1.0,1.776038647,2.117608696,2.580217391,1.043888889,sotap,3,low,jefatura_masculina,no,espanol_uno_mas_adultos,adultos_ninguno_analfabeta,,0,0,0.0,28.09152966,2.784030087,27.18751614401154,EXCLUSION,21.39,medium,EXCLUSION,0.12834,AI_right,False
1735,#1167,2024-05,Lista de Reserva,Vulnerabilidad Baja,1.0,1.0,1.0,1.0,1.776038647,2.117608696,1.790108696,1.0,foten,1,low,,,espanol_ningun_adulto,adultos_uno_mas_analfabeta,,0,0,0.0,21.88512181,2.610810239,21.18083670503239,EXCLUSION,23.52,low,EXCLUSION,0.14112,AI_right,False
1736,#112,2023-12,Elegible,Vulnerabilidad Elevada,2.070141643,1.0,3.251728045,1.0,1.776038647,2.117608696,2.580217391,1.043888889,sotap,6,average,jefatura_masculina,no,espanol_uno_mas_adultos,adultos_ninguno_analfabeta,,0,0,20.51851115,28.09152966,3.39478168,48.36633350132969,INCLUSION,28.94,high,INCLUSION,0.17364,AI_right,False
1737,#527,2024-05,Lista de Reserva,Vulnerabilidad Baja,1.0,1.0,1.0,1.0,1.776038647,1.0,1.790108696,1.0,sotap,1,low,,,espanol_uno_mas_adultos,adultos_ninguno_analfabeta,,0,0,0.0,12.01413641,2.33531262,11.62750948618979,EXCLUSION,15.77,low,EXCLUSION,0.09462,AI_right,False
1738,#1101,2023-07,No Elegible,Vulnerabilidad Moderada,1.0,1.0,1.0,1.0,1.776038647,2.117608696,2.580217391,1.0,sotap,2,low,jefatura_masculina,no,espanol_uno_mas_adultos,adultos_ninguno_analfabeta,-500.0,0,0,0.0,27.40879931,2.764975192,26.526756739404888,EXCLUSION,17.37,medium,EXCLUSION,0.10422000000000001,AI_right,False
1739,#1101,2023-08,Elegible,Vulnerabilidad Baja,1.0,1.0,1.0,1.0,1.0,2.117608696,1.790108696,1.0,sotap,1,low,,,espanol_uno_mas_adultos,adultos_ninguno_analfabeta,,0,0,0.0,14.16503897,2.395343965,13.709193850906429,INCLUSION,19.2,low,INCLUSION,0.1152,AI_right,False
1740,#1102,2024-02,Elegible,Vulnerabilidad Baja,1.0,1.0,2.578385269,1.0,1.0,1.498900966,1.0,1.0,pcr_cdmx,1,low,,,espanol_uno_mas_adultos,adultos_ninguno_analfabeta,,0,0,8.975915299,3.815111519,2.373655191,12.95710664444418,INCLUSION,24.92,low,INCLUSION,0.14952,AI_right,False
1741,#1859,2024-01,Elegible,Vulnerabilidad Moderada,1.0,1.525552408,2.578385269,1.0,1.776038647,1.0,1.790108696,1.0,pcr_cdmx,2,average,jefatura_femenina,no,espanol_ningun_adulto,adultos_ninguno_analfabeta,,0,0,13.7168894,12.01413641,2.743607939,25.785822103971192,INCLUSION,31.92,medium,INCLUSION,0.19152000000000002,AI_right,False
1742,#112,2023-06,No Elegible,Vulnerabilidad Elevada,1.0,2.051104816,1.0,1.0,1.776038647,2.823478261,1.790108696,1.0,sotap,1,low,,,espanol_ningun_adulto,adultos_uno_mas_analfabeta,,0,0,6.609317356,26.18890898,2.927660413,32.16813549794806,EXCLUSION,23.71,medium,EXCLUSION,0.14226,AI_right,False
1743,#264,2024-07,Lista de Reserva,Vulnerabilidad Baja,1.0,1.0,1.0,1.0,1.0,1.0,1.790108696,1.0,foten,1,low,,,espanol_uno_mas_adultos,adultos_ninguno_analfabeta,,0,0,0.0,5.614422911,2.156697643,5.433745167301109,EXCLUSION,19.45,low,EXCLUSION,0.1167,AI_right,False
1744,#1311,2023-11,No Elegible,Vulnerabilidad Elevada,2.700708215,1.0,2.578385269,1.0,1.776038647,2.823478261,1.790108696,1.0,sotap,1,low,,,espanol_uno_mas_adultos,adultos_uno_mas_analfabeta,0.0,0,0,20.97871872,26.18890898,3.355378326,46.99995856724294,EXCLUSION,28.93,high,EXCLUSION,0.17357999999999998,AI_right,False
1745,#112,2024-05,No Elegible,Vulnerabilidad Severa,2.070141643,1.0,2.578385269,1.0,1.776038647,2.823478261,1.790108696,2.544987923,sotap,5,low,jefatura_masculina,no,espanol_uno_mas_adultos,adultos_uno_mas_analfabeta,0.0,0,0,17.46888676,42.50305317,3.706230227,59.166315420759794,EXCLUSION,24.18,high,EXCLUSION,0.14508,AI_right,False
1746,#1359,2024-03,No Elegible,Vulnerabilidad Elevada,2.070141643,1.0,2.578385269,1.0,1.776038647,2.117608696,1.790108696,1.043888889,foten,1,low,,,espanol_uno_mas_adultos,adultos_ninguno_analfabeta,,0,0,17.46888676,22.50821784,3.148177581,39.81493388651453,EXCLUSION,25.09,high,EXCLUSION,0.15054,AI_right,False
1747,#1323,2024-02,Elegible,Vulnerabilidad Moderada,2.700708215,1.0,3.251728045,1.0,1.0,1.0,1.790108696,1.0,fupal,4,average,jefatura_femenina,no,espanol_uno_mas_adultos,adultos_ninguno_analfabeta,,0,0,24.2379543,5.614422911,2.878161744,30.45170107462941,INCLUSION,24.34,medium,INCLUSION,0.14604,AI_right,False
1748,#555,2023-08,No Elegible por Intenciones,Vulnerabilidad Moderada,1.0,1.0,1.0,1.0,1.776038647,2.823478261,2.580217391,1.0,sotap,1,low,,,espanol_uno_mas_adultos,adultos_ninguno_analfabeta,,0,0,0.0,32.12448674,2.896589272,31.09068863222006,EXCLUSION,22.17,medium,EXCLUSION,0.13302,AI_right,False
1749,#527,2023-08,Elegible,Vulnerabilidad Elevada,1.0,1.0,1.0,1.0,1.776038647,2.823478261,2.580217391,1.738466184,sotap,4,average,jefatura_masculina,no,espanol_uno_mas_adultos,adultos_ninguno_analfabeta,,0,0,0.0,42.19960637,3.177784244,40.84158083740703,INCLUSION,22.64,high,INCLUSION,0.13584000000000002,AI_right,False
1750,#112,2024-04,No Elegible,Vulnerabilidad Elevada,1.0,1.0,2.578385269,1.0,1.776038647,2.823478261,2.580217391,1.0,sotap,3,complete,jefatura_femenina,no,espanol_uno_mas_adultos,adultos_ninguno_analfabeta,0.0,0,0,8.975915299,32.12448674,3.163765312,40.35545786145718,EXCLUSION,23.31,high,EXCLUSION,0.13985999999999998,AI_right,False
1751,#555,2024-04,No Elegible,Vulnerabilidad Moderada,1.0,1.0,2.578385269,1.0,1.776038647,1.498900966,1.790108696,1.043888889,sotap,5,high,jefatura_masculina,no,espanol_uno_mas_adultos,adultos_ninguno_analfabeta,,-500,0,8.975915299,17.68003002,2.760622842,26.375838203163497,EXCLUSION,25.62,medium,EXCLUSION,0.15372,AI_right,False
1752,#133,2024-06,No Elegible,Vulnerabilidad Baja,2.070141643,1.0,1.0,1.0,1.776038647,1.0,2.580217391,1.043888889,fupal,1,low,,,espanol_uno_mas_adultos,adultos_ninguno_analfabeta,,0,0,6.702282231,17.15905947,2.678405943,23.524832152671745,EXCLUSION,14.98,medium,EXCLUSION,0.08988,AI_right,False
1753,#1223,2023-12,No Elegible,Vulnerabilidad Baja,1.0,1.0,1.0,1.0,1.776038647,1.498900966,1.790108696,1.0,sotap,2,average,jefatura_femenina,si,espanol_ningun_adulto,adultos_ninguno_analfabeta,,-500,0,0.0,17.10850297,2.477495573,16.55793423592243,EXCLUSION,34.29,low,EXCLUSION,0.20573999999999998,AI_right,False
1754,#112,2023-07,No Elegible,Vulnerabilidad Elevada,2.700708215,2.051104816,2.578385269,1.0,1.0,1.0,1.0,1.0,sotap,2,low,jefatura_masculina,no,espanol_uno_mas_adultos,adultos_ninguno_analfabeta,-500.0,0,0,31.71522481,0.0,2.944031657,32.73585245961061,EXCLUSION,17.16,medium,EXCLUSION,0.10296,AI_right,False
1755,#1311,2023-12,No Elegible,Vulnerabilidad Baja,1.0,1.0,1.0,1.0,1.0,1.0,1.0,1.0,sotap,4,average,jefatura_masculina,no,espanol_ningun_adulto,adultos_ninguno_analfabeta,,0,0,0.0,0.0,2.0,0.0,EXCLUSION,23.11,low,EXCLUSION,0.13866,AI_right,False
1756,#1323,2024-01,No Elegible,Vulnerabilidad Elevada,1.0,1.0,3.251728045,1.0,1.776038647,2.117608696,1.790108696,1.043888889,fupal,5,low,jefatura_femenina,no,espanol_uno_mas_adultos,adultos_ninguno_analfabeta,0.0,0,0,11.51832969,22.50821784,2.971053998,33.67288193944485,EXCLUSION,34.44,medium,EXCLUSION,0.20664,AI_right,False
1757,#1101,2024-04,No Elegible,Vulnerabilidad Baja,1.0,1.0,1.0,1.0,1.0,1.498900966,1.790108696,1.0,sotap,3,average,jefatura_masculina,no,espanol_uno_mas_adultos,adultos_ninguno_analfabeta,0.0,0,0,0.0,10.02735341,2.279861825,9.70466314991279,EXCLUSION,18.12,low,EXCLUSION,0.10872,AI_right,False
1758,#1102,2024-04,No Elegible por Intenciones,Vulnerabilidad Baja,1.0,1.525552408,1.249197356,1.0,1.776038647,1.498900966,1.790108696,1.0,pcr_cdmx,2,average,jefatura_femenina,si,espanol_uno_mas_adultos,adultos_ninguno_analfabeta,0.0,0,0,5.877094669,17.10850297,2.652432483,22.62415968846552,EXCLUSION,21.98,medium,EXCLUSION,0.13188,AI_right,False
1759,#252,2023-08,Lista de Reserva,Vulnerabilidad Severa,2.700708215,2.051104816,3.251728045,1.0,1.776038647,1.0,2.580217391,1.0,sotap,2,average,jefatura_femenina,si,espanol_uno_mas_adultos,adultos_uno_mas_analfabeta,,0,0,35.61565687,16.59309681,3.52324213,52.82091868529086,EXCLUSION,27.74,high,EXCLUSION,0.16643999999999998,AI_right,False
1760,#1167,2024-05,Lista de Reserva,Vulnerabilidad Moderada,1.0,1.0,1.0,1.0,1.776038647,2.823478261,1.790108696,1.0,foten,4,average,jefatura_masculina,no,espanol_ningun_adulto,adultos_uno_mas_analfabeta,,0,0,0.0,26.18890898,2.730928248,25.34612370011462,EXCLUSION,26.71,medium,EXCLUSION,0.16025999999999999,AI_right,False
1761,#112,2024-03,No Elegible,Vulnerabilidad Baja,1.0,1.525552408,1.0,1.0,1.0,1.0,1.0,1.0,sotap,2,average,jefatura_femenina,si,espanol_uno_mas_adultos,adultos_ninguno_analfabeta,0.0,0,0,3.741369748,0.0,2.111365173,3.861770767860388,EXCLUSION,21.12,low,EXCLUSION,0.12672,AI_right,False
1762,#071,2023-10,No Elegible,Vulnerabilidad Baja,1.0,1.0,2.578385269,1.0,1.0,2.117608696,1.790108696,1.0,sotap,1,low,,,espanol_uno_mas_adultos,adultos_ninguno_analfabeta,0.0,0,0,8.975915299,14.16503897,2.662520006,22.973963080143548,EXCLUSION,21.37,medium,EXCLUSION,0.12822,AI_right,False
1763,#071,2024-06,Lista de Reserva,Vulnerabilidad Baja,1.0,1.0,1.0,1.0,1.0,1.498900966,1.0,1.0,sotap,1,low,,,espanol_uno_mas_adultos,adultos_ninguno_analfabeta,,0,0,0.0,3.815111519,2.10647915,3.692337415207061,EXCLUSION,15.98,low,EXCLUSION,0.09587999999999999,AI_right,False
1764,#1223,2023-10,Lista de Reserva,Vulnerabilidad Moderada,1.0,1.525552408,1.0,1.0,1.776038647,2.117608696,1.790108696,1.0,sotap,1,low,,,espanol_uno_mas_adultos,adultos_ninguno_analfabeta,,0,0,3.741369748,21.88512181,2.722175411,25.04260747289278,EXCLUSION,24.58,medium,EXCLUSION,0.14748,AI_right,False
1765,#645,2024-02,Lista de Reserva,Vulnerabilidad Moderada,1.0,1.0,1.0,1.0,1.776038647,2.823478261,2.580217391,1.0,fupal,1,low,,,espanol_uno_mas_adultos,adultos_ninguno_analfabeta,0.0,0,0,0.0,32.12448674,2.896589272,31.09068863222006,EXCLUSION,24.64,medium,EXCLUSION,0.14784,AI_right,False
1766,#527,2024-03,Elegible,Vulnerabilidad Moderada,2.700708215,1.0,3.251728045,1.0,1.0,1.0,1.790108696,1.0,sotap,4,average,jefatura_masculina,no,espanol_ningun_adulto,adultos_ninguno_analfabeta,,0,0,24.2379543,5.614422911,2.878161744,30.45170107462941,INCLUSION,21.28,medium,INCLUSION,0.12768000000000002,AI_right,False
1767,#1223,2023-10,No Elegible por Duplicidad,Vulnerabilidad Baja,1.0,1.0,2.578385269,1.0,1.0,1.0,1.790108696,1.0,sotap,4,average,jefatura_femenina,si,espanol_uno_mas_adultos,adultos_ninguno_analfabeta,0.0,0,0,8.975915299,5.614422911,2.423873683,14.69851439653823,EXCLUSION,19.18,low,EXCLUSION,0.11507999999999999,AI_right,False
1768,#1359,2023-09,No Elegible,Vulnerabilidad Elevada,2.070141643,1.0,2.578385269,1.0,1.776038647,2.823478261,1.790108696,1.043888889,foten,4,average,jefatura_masculina,no,espanol_uno_mas_adultos,adultos_uno_mas_analfabeta,,0,0,17.46888676,26.85846924,3.2695924,44.02518984621112,EXCLUSION,30.01,high,INCLUSION,0.18006000000000003,wrongly_include,True
1769,#1860,2023-07,No Elegible por Duplicidad,Vulnerabilidad Baja,1.0,1.525552408,1.0,1.0,1.776038647,1.0,2.580217391,1.0,pcr_cdmx,3,low,jefatura_femenina,no,espanol_uno_mas_adultos,adultos_ninguno_analfabeta,0.0,0,0,3.741369748,16.59309681,2.574475843,19.920885129417776,EXCLUSION,17.18,low,EXCLUSION,0.10308,AI_right,False
1770,#1583,2023-12,No Elegible,Vulnerabilidad Elevada,2.070141643,1.0,2.578385269,1.0,1.776038647,2.117608696,1.790108696,1.043888889,foten,5,high,jefatura_masculina,no,espanol_uno_mas_adultos,adultos_ninguno_analfabeta,,-500,0,17.46888676,22.50821784,3.148177581,39.81493388651453,EXCLUSION,35.83,high,EXCLUSION,0.21498,AI_right,False
1771,#672,2023-08,Elegible,Vulnerabilidad Elevada,1.0,1.0,3.251728045,1.0,1.776038647,2.117608696,2.580217391,1.043888889,fupal,3,low,jefatura_masculina,no,espanol_uno_mas_adultos,adultos_ninguno_analfabeta,,0,-500,11.51832969,28.09152966,3.126883335,39.07651720176543,INCLUSION,31.08,high,INCLUSION,0.18647999999999998,AI_right,False
1772,#1311,2023-10,No Elegible,Vulnerabilidad Baja,1.0,1.0,1.0,1.0,1.776038647,1.498900966,1.790108696,1.0,sotap,1,low,,,espanol_uno_mas_adultos,adultos_ninguno_analfabeta,0.0,0,0,0.0,17.10850297,2.477495573,16.55793423592243,EXCLUSION,23.26,low,EXCLUSION,0.13956000000000002,AI_right,False
1773,#458,2023-06,No Elegible por Intenciones,Vulnerabilidad Elevada,1.0,1.0,2.578385269,1.0,1.776038647,2.823478261,1.790108696,1.043888889,fupal,4,average,jefatura_femenina,no,espanol_uno_mas_adultos,adultos_ninguno_analfabeta,,0,0,8.975915299,26.85846924,3.016791609,35.25890607062468,EXCLUSION,27.07,high,EXCLUSION,0.16241999999999998,AI_right,False
1774,#071,2023-06,No Elegible,Vulnerabilidad Baja,1.0,1.0,1.0,1.0,1.0,1.0,1.790108696,1.0,sotap,4,low,jefatura_femenina,no,espanol_uno_mas_adultos,adultos_ninguno_analfabeta,0.0,0,0,0.0,5.614422911,2.156697643,5.433745167301109,EXCLUSION,15.5,low,EXCLUSION,0.093,AI_right,False
1775,#1102,2024-03,No Elegible,Vulnerabilidad Elevada,2.700708215,1.0,1.249197356,1.0,1.776038647,2.823478261,2.580217391,1.0,pcr_cdmx,2,low,jefatura_masculina,no,espanol_uno_mas_adultos,adultos_ninguno_analfabeta,,0,0,11.93561888,32.12448674,3.251863502,43.41040766339734,EXCLUSION,22.45,high,EXCLUSION,0.1347,AI_right,False
1776,#458,2024-06,No Elegible,Vulnerabilidad Baja,2.070141643,1.0,1.0,1.0,1.0,1.0,1.790108696,1.043888889,fupal,3,low,jefatura_masculina,si,espanol_uno_mas_adultos,adultos_ninguno_analfabeta,,0,0,6.702282231,6.061858428,2.368684842,12.78475013740434,EXCLUSION,10.91,low,EXCLUSION,0.06546,AI_right,False
1777,#1101,2023-11,Elegible,Vulnerabilidad Elevada,1.0,1.0,3.251728045,1.0,1.776038647,2.823478261,2.580217391,1.0,sotap,2,average,jefatura_femenina,si,espanol_uno_mas_adultos,adultos_ninguno_analfabeta,,0,0,11.51832969,32.12448674,3.23944252,42.97968968997395,INCLUSION,29.71,high,EXCLUSION,0.17826,wrongly_exclude,True
1778,#458,2024-04,No Elegible,Vulnerabilidad Elevada,2.070141643,1.525552408,1.0,1.0,1.776038647,1.498900966,1.790108696,2.544987923,fupal,4,average,jefatura_femenina,no,espanol_uno_mas_adultos,adultos_uno_mas_analfabeta,,0,0,11.1900528,31.0340229,3.199236398,41.5854768982119,EXCLUSION,19.23,high,EXCLUSION,0.11538,AI_right,False
1779,#071,2023-10,No Elegible,Vulnerabilidad Baja,1.0,1.525552408,1.0,1.0,1.776038647,1.498900966,1.790108696,1.0,sotap,4,average,jefatura_masculina,no,espanol_ningun_adulto,adultos_ninguno_analfabeta,,0,0,3.741369748,17.10850297,2.588860746,20.41970500378282,EXCLUSION,26.61,low,EXCLUSION,0.15966,AI_right,False
1780,#1200,2023-07,Lista de Reserva,Vulnerabilidad Moderada,1.0,1.0,1.0,1.0,1.776038647,2.823478261,1.790108696,1.043888889,fupal,1,low,,,espanol_uno_mas_adultos,adultos_ninguno_analfabeta,,0,0,0.0,26.85846924,2.749615568,25.99413684138756,EXCLUSION,20.63,medium,EXCLUSION,0.12377999999999999,AI_right,False
1781,#071,2023-09,Lista de Reserva,Vulnerabilidad Elevada,1.0,1.0,2.578385269,1.0,1.776038647,2.823478261,2.580217391,1.043888889,sotap,3,average,jefatura_femenina,si,espanol_uno_mas_adultos,adultos_ninguno_analfabeta,,0,0,8.975915299,32.85812825,3.184241129,41.06549005402387,EXCLUSION,21.48,high,EXCLUSION,0.12888,AI_right,False
1782,#1101,2024-05,Elegible,Vulnerabilidad Baja,1.0,1.0,1.0,1.0,1.0,1.498900966,1.0,1.0,sotap,1,low,,,espanol_uno_mas_adultos,adultos_ninguno_analfabeta,0.0,0,0,0.0,3.815111519,2.10647915,3.692337415207061,INCLUSION,15.05,low,INCLUSION,0.09029999999999999,AI_right,False
1783,#1859,2023-09,Lista de Reserva,Vulnerabilidad Baja,1.0,1.0,1.0,1.0,1.0,1.0,1.0,1.0,pcr_cdmx,1,low,,,espanol_uno_mas_adultos,adultos_ninguno_analfabeta,,0,0,0.0,0.0,2.0,0.0,EXCLUSION,18.78,low,EXCLUSION,0.11268,AI_right,False
1784,#1311,2024-04,Elegible,Vulnerabilidad Elevada,1.0,1.0,1.0,1.0,1.776038647,2.823478261,2.580217391,1.738466184,sotap,2,average,jefatura_femenina,si,espanol_uno_mas_adultos,adultos_ninguno_analfabeta,,0,0,0.0,42.19960637,3.177784244,40.84158083740703,INCLUSION,18.79,high,INCLUSION,0.11273999999999998,AI_right,False
1785,#071,2024-02,Lista de Reserva,Vulnerabilidad Baja,1.0,1.0,2.578385269,1.0,1.0,1.0,1.790108696,1.0,sotap,3,low,jefatura_masculina,no,espanol_ningun_adulto,adultos_ninguno_analfabeta,,0,0,8.975915299,5.614422911,2.423873683,14.69851439653823,EXCLUSION,22.8,low,EXCLUSION,0.1368,AI_right,False
1786,#527,2024-05,Elegible,Vulnerabilidad Severa,2.070141643,1.0,3.251728045,1.0,1.776038647,2.823478261,2.580217391,1.043888889,sotap,3,complete,jefatura_femenina,si,espanol_uno_mas_adultos,adultos_ninguno_analfabeta,0.0,0,0,20.51851115,32.85812825,3.527816682,52.9795381821049,INCLUSION,17.66,high,INCLUSION,0.10596,AI_right,False
1787,#1101,2023-08,Lista de Reserva,Vulnerabilidad Elevada,1.0,1.0,1.0,1.0,1.776038647,2.823478261,2.580217391,1.043888889,sotap,2,average,jefatura_femenina,si,espanol_uno_mas_adultos,adultos_ninguno_analfabeta,,0,0,0.0,32.85812825,2.917065088,31.80072082478675,EXCLUSION,24.44,medium,EXCLUSION,0.14664,AI_right,False
1788,#112,2023-07,No Elegible,Vulnerabilidad Baja,1.0,2.051104816,1.0,1.0,1.0,2.117608696,1.0,1.0,sotap,1,low,,,espanol_uno_mas_adultos,adultos_ninguno_analfabeta,0.0,0,0,6.609317356,7.392265486,2.403049108,13.97638678822847,EXCLUSION,14.13,low,EXCLUSION,0.08478000000000001,AI_right,False
1789,#676,2024-04,No Elegible,Vulnerabilidad Baja,1.0,1.0,1.0,1.0,1.776038647,1.498900966,1.790108696,1.0,pcr_cdmx,1,low,,,espanol_uno_mas_adultos,adultos_ninguno_analfabeta,,0,0,0.0,17.10850297,2.477495573,16.55793423592243,EXCLUSION,17.8,low,INCLUSION,0.1068,wrongly_include,True
1790,#555,2023-09,Lista de Reserva,Vulnerabilidad Baja,2.070141643,1.0,1.0,1.0,1.0,1.0,1.0,1.043888889,sotap,3,low,jefatura_masculina,no,espanol_uno_mas_adultos,adultos_ninguno_analfabeta,0.0,0,0,6.702282231,0.386821499,2.210295472,7.2923415718164915,EXCLUSION,16.01,low,EXCLUSION,0.09606,AI_right,False
1791,#071,2023-11,No Elegible,Vulnerabilidad Baja,1.0,1.0,1.0,1.0,1.776038647,1.498900966,1.790108696,1.0,sotap,1,low,,,espanol_uno_mas_adultos,adultos_ninguno_analfabeta,-500.0,0,0,0.0,17.10850297,2.477495573,16.55793423592243,EXCLUSION,21.96,low,EXCLUSION,0.13176000000000002,AI_right,False
1792,#1624,2023-07,No Elegible,Vulnerabilidad Moderada,1.0,1.0,1.0,1.0,1.776038647,2.823478261,1.790108696,1.0,fusal,7,average,jefatura_masculina,no,espanol_uno_mas_adultos,adultos_ninguno_analfabeta,0.0,0,0,0.0,26.18890898,2.730928248,25.34612370011462,EXCLUSION,22.19,medium,EXCLUSION,0.13314,AI_right,False
1793,#1223,2023-09,Lista de Reserva,Vulnerabilidad Elevada,1.0,1.0,3.251728045,1.0,1.776038647,2.117608696,2.580217391,1.043888889,sotap,1,low,,,espanol_uno_mas_adultos,adultos_ninguno_analfabeta,-500.0,0,0,11.51832969,28.09152966,3.126883335,39.07651720176543,EXCLUSION,22.39,high,EXCLUSION,0.13434000000000001,AI_right,False
1794,#1102,2023-07,Lista de Reserva,Vulnerabilidad Baja,1.0,1.0,1.0,1.0,1.776038647,1.0,1.790108696,1.0,pcr_cdmx,1,low,,,espanol_uno_mas_adultos,adultos_ninguno_analfabeta,-500.0,0,0,0.0,12.01413641,2.33531262,11.62750948618979,EXCLUSION,15.48,low,EXCLUSION,0.09287999999999999,AI_right,False
1795,#1841,2023-09,Lista de Reserva,Vulnerabilidad Elevada,2.700708215,1.0,2.578385269,1.0,1.0,2.117608696,1.790108696,1.0,foten,1,low,,,espanol_uno_mas_adultos,adultos_ninguno_analfabeta,0.0,0,0,20.97871872,14.16503897,3.019794043,35.36302871803475,EXCLUSION,21.88,high,EXCLUSION,0.13127999999999998,AI_right,False
1796,#1407,2024-05,No Elegible por Duplicidad,Vulnerabilidad Baja,1.0,1.0,1.0,1.0,1.776038647,2.117608696,1.790108696,1.0,foten,1,low,,,espanol_uno_mas_adultos,adultos_ninguno_analfabeta,0.0,0,0,0.0,21.88512181,2.610810239,21.18083670503239,EXCLUSION,19.52,low,EXCLUSION,0.11711999999999999,AI_right,False
1797,#1101,2024-02,Elegible,Vulnerabilidad Baja,1.0,1.0,1.0,1.0,1.776038647,1.498900966,1.790108696,1.0,sotap,5,average,jefatura_masculina,no,espanol_ningun_adulto,adultos_ninguno_analfabeta,,0,0,0.0,17.10850297,2.477495573,16.55793423592243,INCLUSION,23.45,low,INCLUSION,0.1407,AI_right,False
1798,#606,2023-12,Elegible,Vulnerabilidad Elevada,2.700708215,1.0,1.0,1.0,1.776038647,2.823478261,2.580217391,1.0,foten,3,average,jefatura_femenina,si,espanol_uno_mas_adultos,adultos_ninguno_analfabeta,,0,0,9.472088355,32.12448674,3.178534341,40.86759826257232,INCLUSION,22.17,high,INCLUSION,0.13302,AI_right,False
1799,#1771,2023-06,Lista de Reserva,Vulnerabilidad Baja,2.070141643,1.0,1.0,1.0,1.0,1.0,1.0,1.043888889,fupal,1,low,,,espanol_uno_mas_adultos,adultos_ninguno_analfabeta,,0,0,6.702282231,0.386821499,2.210295472,7.2923415718164915,EXCLUSION,15.85,low,EXCLUSION,0.0951,AI_right,False
1800,#252,2024-04,No Elegible,Vulnerabilidad Elevada,2.070141643,1.0,2.578385269,1.0,1.776038647,2.823478261,2.580217391,1.043888889,sotap,2,average,jefatura_femenina,si,espanol_uno_mas_adultos,adultos_ninguno_analfabeta,,0,0,17.46888676,32.85812825,3.43704192,49.83177382961031,EXCLUSION,17.61,high,INCLUSION,0.10566,wrongly_include,True
1801,#555,2024-02,No Elegible,Vulnerabilidad Baja,1.0,1.0,2.578385269,1.0,1.0,1.0,1.0,1.043888889,sotap,3,low,jefatura_masculina,no,espanol_ningun_adulto,adultos_uno_mas_analfabeta,,0,0,8.975915299,0.386821499,2.277972167,9.6391424255778,EXCLUSION,26.12,low,EXCLUSION,0.15672,AI_right,False
1802,#252,2023-09,No Elegible,Vulnerabilidad Baja,1.0,1.0,2.578385269,1.0,1.0,1.0,1.790108696,1.0,sotap,2,average,jefatura_masculina,si,espanol_uno_mas_adultos,adultos_ninguno_analfabeta,-500.0,0,0,8.975915299,5.614422911,2.423873683,14.69851439653823,EXCLUSION,18.5,low,EXCLUSION,0.111,AI_right,False
1803,#071,2024-03,No Elegible,Vulnerabilidad Elevada,2.070141643,1.0,2.578385269,1.0,1.776038647,1.498900966,1.790108696,1.043888889,sotap,2,average,jefatura_femenina,si,espanol_uno_mas_adultos,adultos_ninguno_analfabeta,0.0,0,0,17.46888676,17.68003002,3.013423633,35.14212197874994,EXCLUSION,24.92,high,EXCLUSION,0.14952,AI_right,False
1804,#555,2024-05,No Elegible,Vulnerabilidad Elevada,2.700708215,2.051104816,1.249197356,1.0,1.776038647,1.0,1.790108696,1.0,sotap,1,low,,,espanol_uno_mas_adultos,adultos_ninguno_analfabeta,0.0,0,0,20.89305637,12.01413641,2.957212882,33.19292530323276,EXCLUSION,16.63,medium,EXCLUSION,0.09978,AI_right,False
1805,#1101,2023-06,Lista de Reserva,Vulnerabilidad Moderada,1.0,1.0,1.0,1.0,1.776038647,2.823478261,2.580217391,1.0,sotap,1,low,,,espanol_ningun_adulto,adultos_ninguno_analfabeta,-500.0,0,0,0.0,32.12448674,2.896589272,31.09068863222006,EXCLUSION,17.76,medium,EXCLUSION,0.10656,AI_right,False
1806,#1101,2024-03,No Elegible,Vulnerabilidad Elevada,2.070141643,1.0,1.0,1.0,1.776038647,2.823478261,1.790108696,1.043888889,sotap,5,high,jefatura_masculina,no,espanol_uno_mas_adultos,adultos_ninguno_analfabeta,,0,0,6.702282231,26.85846924,2.949114914,32.912105216863374,EXCLUSION,22.46,medium,INCLUSION,0.13476000000000002,wrongly_include,True
1807,#1167,2024-06,Lista de Reserva,Vulnerabilidad Moderada,1.0,2.051104816,1.0,1.0,1.776038647,1.498900966,2.580217391,1.0,foten,1,low,,,espanol_uno_mas_adultos,adultos_ninguno_analfabeta,,0,0,6.609317356,22.17502718,2.815633615,28.283424428153857,EXCLUSION,16.54,medium,EXCLUSION,0.09924,AI_right,False
1808,#016,2024-05,Lista de Reserva,Vulnerabilidad Baja,1.0,2.051104816,1.0,1.0,1.776038647,1.0,2.580217391,1.043888889,futij,1,low,,,espanol_uno_mas_adultos,adultos_ninguno_analfabeta,0.0,0,0,6.609317356,17.15905947,2.675638761,23.42887557502937,EXCLUSION,17.86,medium,EXCLUSION,0.10715999999999999,AI_right,False
1809,#1311,2024-06,Lista de Reserva,Vulnerabilidad Severa,2.700708215,1.0,3.251728045,1.0,1.776038647,2.823478261,2.580217391,1.0,sotap,3,complete,jefatura_femenina,si,espanol_uno_mas_adultos,adultos_ninguno_analfabeta,0.0,0,0,24.2379543,32.12448674,3.618053373,56.108644539548365,EXCLUSION,19.4,high,EXCLUSION,0.11639999999999998,AI_right,False
1810,#1101,2023-07,No Elegible por Intenciones,Vulnerabilidad Elevada,1.0,2.051104816,1.0,1.0,1.776038647,2.117608696,2.580217391,1.0,sotap,4,average,jefatura_femenina,si,espanol_uno_mas_adultos,adultos_uno_mas_analfabeta,0.0,0,0,6.609317356,27.40879931,2.961707356,33.34876853723833,EXCLUSION,21.0,medium,EXCLUSION,0.126,AI_right,False
1811,#1583,2023-06,No Elegible,Vulnerabilidad Elevada,2.070141643,1.0,2.578385269,1.564135978,1.776038647,1.498900966,2.580217391,1.043888889,foten,3,average,jefatura_masculina,no,espanol_ningun_adulto,adultos_ninguno_analfabeta,,0,0,23.51115944,22.80125306,3.336209726,46.33525799721478,EXCLUSION,29.53,high,INCLUSION,0.17718,wrongly_include,True
1812,#112,2024-04,Lista de Reserva,Vulnerabilidad Baja,1.0,1.0,1.0,1.0,1.0,1.498900966,1.790108696,1.0,sotap,3,low,jefatura_masculina,no,espanol_uno_mas_adultos,adultos_ninguno_analfabeta,0.0,0,0,0.0,10.02735341,2.279861825,9.70466314991279,EXCLUSION,14.74,low,EXCLUSION,0.08844,AI_right,False
1813,,2024-04,No Elegible por Intenciones,Vulnerabilidad Severa,2.700708215,1.0,2.578385269,1.0,1.776038647,2.823478261,2.580217391,1.0,,5,average,jefatura_masculina,no,espanol_uno_mas_adultos,adultos_ninguno_analfabeta,,0,0,20.97871872,32.12448674,3.521039349,52.74452349934838,EXCLUSION,19.81,high,EXCLUSION,0.11886,AI_right,False
1814,#555,2024-04,Lista de Reserva,Vulnerabilidad Severa,2.070141643,1.0,3.251728045,1.0,1.776038647,2.823478261,2.580217391,1.043888889,sotap,5,high,jefatura_masculina,no,espanol_uno_mas_adultos,adultos_uno_mas_analfabeta,-500.0,0,0,20.51851115,32.85812825,3.527816682,52.9795381821049,EXCLUSION,24.0,high,EXCLUSION,0.144,AI_right,False
1815,#1841,2023-07,No Elegible,Vulnerabilidad Moderada,1.0,1.0,1.0,1.0,1.776038647,2.823478261,1.790108696,1.0,foten,1,low,,,espanol_uno_mas_adultos,adultos_ninguno_analfabeta,,0,0,0.0,26.18890898,2.730928248,25.34612370011462,EXCLUSION,18.56,medium,EXCLUSION,0.11135999999999999,AI_right,False
1816,#071,2024-05,No Elegible,Vulnerabilidad Elevada,2.700708215,1.0,3.251728045,1.0,1.776038647,1.0,2.580217391,1.0,sotap,3,average,jefatura_femenina,no,espanol_uno_mas_adultos,adultos_uno_mas_analfabeta,-500.0,0,0,24.2379543,16.59309681,3.184574771,41.07707026888569,EXCLUSION,20.92,high,EXCLUSION,0.12552000000000002,AI_right,False
1817,#071,2023-11,Elegible,Vulnerabilidad Elevada,1.0,1.0,1.0,1.0,1.776038647,2.823478261,2.580217391,1.043888889,sotap,1,low,,,espanol_ningun_adulto,adultos_uno_mas_analfabeta,0.0,0,0,0.0,32.85812825,2.917065088,31.80072082478675,INCLUSION,27.23,medium,INCLUSION,0.16338,AI_right,False
1818,#1359,2023-08,Elegible,Vulnerabilidad Elevada,1.0,1.0,3.251728045,1.0,1.776038647,2.823478261,2.580217391,1.043888889,foten,3,average,jefatura_femenina,no,espanol_uno_mas_adultos,adultos_ninguno_analfabeta,,0,0,11.51832969,32.85812825,3.259918337,43.68972188254064,INCLUSION,31.43,high,INCLUSION,0.18858,AI_right,False
1819,,2023-08,Elegible,Vulnerabilidad Elevada,2.070141643,1.0,1.0,1.0,1.776038647,2.117608696,2.580217391,1.043888889,,4,average,jefatura_masculina,no,espanol_uno_mas_adultos,adultos_ninguno_analfabeta,,0,0,6.702282231,28.09152966,2.983529432,34.10548451948735,INCLUSION,20.56,high,INCLUSION,0.12335999999999998,AI_right,False
1820,#112,2023-10,Lista de Reserva,Vulnerabilidad Moderada,1.0,1.0,1.0,1.0,1.776038647,2.823478261,2.580217391,1.0,sotap,3,low,jefatura_masculina,no,espanol_uno_mas_adultos,adultos_ninguno_analfabeta,0.0,0,0,0.0,32.12448674,2.896589272,31.09068863222006,EXCLUSION,24.44,medium,EXCLUSION,0.14664,AI_right,False
1821,#527,2024-01,Elegible,Vulnerabilidad Moderada,1.0,1.0,1.0,1.0,1.776038647,2.823478261,2.580217391,1.0,sotap,2,low,jefatura_masculina,no,espanol_uno_mas_adultos,adultos_ninguno_analfabeta,0.0,0,0,0.0,32.12448674,2.896589272,31.09068863222006,INCLUSION,23.44,medium,INCLUSION,0.14064000000000002,AI_right,False
1822,#1102,2024-03,Elegible,Vulnerabilidad Baja,1.0,1.0,1.0,1.0,1.0,1.498900966,1.790108696,1.0,pcr_cdmx,1,low,,,espanol_uno_mas_adultos,adultos_ninguno_analfabeta,,0,0,0.0,10.02735341,2.279861825,9.70466314991279,INCLUSION,19.22,low,INCLUSION,0.11531999999999998,AI_right,False
1823,#112,2023-09,Elegible,Vulnerabilidad Severa,2.700708215,1.0,2.578385269,1.0,1.776038647,2.823478261,2.580217391,1.0,sotap,5,high,jefatura_masculina,no,espanol_uno_mas_adultos,adultos_ninguno_analfabeta,0.0,0,0,20.97871872,32.12448674,3.521039349,52.74452349934838,INCLUSION,23.05,high,EXCLUSION,0.1383,wrongly_exclude,True
1824,#1323,2023-07,No Elegible,Vulnerabilidad Severa,2.700708215,2.051104816,3.251728045,1.0,1.776038647,2.823478261,1.790108696,1.0,fupal,1,low,,,espanol_uno_mas_adultos,adultos_uno_mas_analfabeta,,0,0,35.61565687,26.18890898,3.791059708,62.10792802384809,EXCLUSION,30.35,high,EXCLUSION,0.18209999999999998,AI_right,False
1825,#1323,2023-09,No Elegible,Vulnerabilidad Elevada,1.0,1.0,3.251728045,1.0,1.776038647,2.823478261,2.580217391,1.0,fupal,1,low,,,espanol_uno_mas_adultos,adultos_ninguno_analfabeta,,0,0,11.51832969,32.12448674,3.23944252,42.97968968997395,EXCLUSION,28.56,high,EXCLUSION,0.17135999999999998,AI_right,False
1826,#1311,2023-11,Lista de Reserva,Vulnerabilidad Elevada,1.0,1.0,2.578385269,1.0,1.776038647,2.823478261,1.790108696,1.043888889,sotap,2,average,jefatura_femenina,si,espanol_uno_mas_adultos,adultos_uno_mas_analfabeta,,0,0,8.975915299,26.85846924,3.016791609,35.25890607062468,EXCLUSION,36.03,high,EXCLUSION,0.21618,AI_right,False
1827,#252,2023-08,Elegible,Vulnerabilidad Moderada,1.0,1.0,2.578385269,1.0,1.776038647,1.498900966,1.790108696,1.0,sotap,1,low,,,espanol_ningun_adulto,adultos_uno_mas_analfabeta,,0,0,8.975915299,17.10850297,2.744671614,25.82270346515955,INCLUSION,30.78,medium,EXCLUSION,0.18468,wrongly_exclude,True
1828,#1223,2023-12,Elegible,Vulnerabilidad Elevada,1.0,1.525552408,2.578385269,1.0,1.776038647,2.823478261,1.0,1.0,sotap,2,complete,jefatura_femenina,si,espanol_uno_mas_adultos,adultos_ninguno_analfabeta,0.0,0,0,13.7168894,17.78726377,2.904734997,31.37316445239903,INCLUSION,32.23,medium,EXCLUSION,0.19337999999999997,wrongly_exclude,True
1829,#1765,2024-02,Elegible,Vulnerabilidad Baja,2.070141643,1.0,1.249197356,1.0,1.0,1.0,1.790108696,1.043888889,fupal,3,low,jefatura_masculina,no,espanol_ningun_adulto,adultos_ninguno_analfabeta,,0,0,9.00737574,6.061858428,2.437297985,15.164023860617473,INCLUSION,20.37,low,INCLUSION,0.12222000000000001,AI_right,False
1830,#1415,2024-03,No Elegible por Duplicidad,Vulnerabilidad Baja,2.700708215,1.0,1.0,1.0,1.0,1.0,1.0,1.0,fomon,1,low,,,espanol_uno_mas_adultos,adultos_ninguno_analfabeta,,0,0,9.472088355,0.0,2.28194507,9.776909630352256,EXCLUSION,18.24,low,EXCLUSION,0.10943999999999998,AI_right,False
1831,#252,2023-12,Elegible,Vulnerabilidad Elevada,2.070141643,1.0,1.0,1.0,1.776038647,2.823478261,2.580217391,1.043888889,sotap,3,low,jefatura_femenina,si,espanol_uno_mas_adultos,adultos_uno_mas_analfabeta,0.0,0,0,6.702282231,32.85812825,3.116564434,38.71868920026256,INCLUSION,22.34,high,INCLUSION,0.13404,AI_right,False
1832,#555,2023-08,No Elegible,Vulnerabilidad Elevada,2.700708215,1.0,1.0,1.0,1.776038647,2.823478261,2.580217391,1.0,sotap,1,low,,,espanol_uno_mas_adultos,adultos_uno_mas_analfabeta,,0,0,9.472088355,32.12448674,3.178534341,40.86759826257232,EXCLUSION,23.92,high,EXCLUSION,0.14352,AI_right,False
1833,,2024-04,No Elegible,Vulnerabilidad Moderada,1.0,1.0,3.251728045,1.0,1.776038647,1.0,2.580217391,1.0,,3,average,jefatura_masculina,si,espanol_uno_mas_adultos,adultos_uno_mas_analfabeta,0.0,-500,0,11.51832969,16.59309681,2.805963919,27.94811541931128,EXCLUSION,28.18,medium,EXCLUSION,0.16907999999999998,AI_right,False
1834,#252,2024-04,No Elegible,Vulnerabilidad Baja,1.0,1.0,2.578385269,1.0,1.0,1.498900966,1.0,1.043888889,sotap,4,low,jefatura_masculina,no,espanol_uno_mas_adultos,adultos_ninguno_analfabeta,0.0,0,0,8.975915299,4.243121443,2.385600879,13.371342781079935,EXCLUSION,20.14,low,EXCLUSION,0.12083999999999999,AI_right,False
1835,#692,2024-03,Elegible,Vulnerabilidad Baja,1.0,1.0,1.0,1.0,1.0,1.0,1.790108696,1.0,pcr_cdmx,2,average,jefatura_masculina,si,espanol_uno_mas_adultos,adultos_ninguno_analfabeta,,0,0,0.0,5.614422911,2.156697643,5.433745167301109,INCLUSION,21.37,low,INCLUSION,0.12822,AI_right,False
1836,#041,2023-08,Elegible,Vulnerabilidad Baja,1.0,1.0,1.0,1.0,1.776038647,1.498900966,2.580217391,1.0,fusal,2,average,jefatura_femenina,si,espanol_uno_mas_adultos,adultos_ninguno_analfabeta,-500.0,0,0,0.0,22.17502718,2.618901451,21.46141263032042,INCLUSION,20.88,medium,INCLUSION,0.12527999999999997,AI_right,False
1837,#527,2023-07,No Elegible,Vulnerabilidad Baja,1.0,1.0,1.0,1.0,1.776038647,1.498900966,2.580217391,1.043888889,sotap,2,low,jefatura_masculina,no,espanol_uno_mas_adultos,adultos_ninguno_analfabeta,0.0,0,0,0.0,22.80125306,2.636379315,22.06748593527614,EXCLUSION,15.71,medium,EXCLUSION,0.09426000000000001,AI_right,False
1838,#676,2024-06,No Elegible,Vulnerabilidad Elevada,2.070141643,1.0,1.0,1.0,1.776038647,2.823478261,2.580217391,1.043888889,pcr_cdmx,4,average,jefatura_masculina,no,espanol_ningun_adulto,adultos_ninguno_analfabeta,,0,0,6.702282231,32.85812825,3.116564434,38.71868920026256,EXCLUSION,18.64,high,EXCLUSION,0.11184000000000001,AI_right,False
1839,#1771,2023-06,Lista de Reserva,Vulnerabilidad Baja,1.0,1.0,1.0,1.0,1.0,2.117608696,1.0,1.0,fupal,1,low,,,espanol_uno_mas_adultos,adultos_ninguno_analfabeta,0.0,0,0,0.0,7.392265486,2.206316944,7.154374990395034,EXCLUSION,17.52,low,EXCLUSION,0.10511999999999999,AI_right,False
1840,#1583,2023-09,Elegible,Vulnerabilidad Elevada,2.070141643,2.051104816,1.0,1.0,1.776038647,2.823478261,1.790108696,1.043888889,foten,1,low,,,espanol_uno_mas_adultos,adultos_ninguno_analfabeta,0.0,0,0,14.63015408,26.85846924,3.185095016,41.09510390983604,INCLUSION,22.9,high,INCLUSION,0.1374,AI_right,False
1841,#071,2024-06,Lista de Reserva,Vulnerabilidad Baja,1.0,1.0,1.0,1.0,1.0,1.0,1.0,1.043888889,sotap,1,low,,,espanol_uno_mas_adultos,adultos_uno_mas_analfabeta,0.0,0,0,0.0,0.386821499,2.010796126,0.374373196340681,EXCLUSION,17.84,low,EXCLUSION,0.10704,AI_right,False
1842,#1311,2024-05,No Elegible,Vulnerabilidad Elevada,1.0,1.0,3.251728045,1.0,1.776038647,2.117608696,2.580217391,1.043888889,sotap,2,low,jefatura_masculina,no,espanol_uno_mas_adultos,adultos_uno_mas_analfabeta,,0,0,11.51832969,28.09152966,3.126883335,39.07651720176543,EXCLUSION,26.53,high,INCLUSION,0.15918000000000002,wrongly_include,True
1843,#1101,2023-08,No Elegible,Vulnerabilidad Moderada,1.0,1.0,1.0,1.564135978,1.776038647,2.823478261,2.580217391,1.0,sotap,3,average,jefatura_masculina,no,espanol_ningun_adulto,adultos_ninguno_analfabeta,,0,0,3.975239986,32.12448674,3.014915798,35.19385581620953,EXCLUSION,32.88,high,INCLUSION,0.19728,wrongly_include,True
1844,#1311,2024-04,No Elegible,Vulnerabilidad Elevada,1.0,1.525552408,3.251728045,1.0,1.776038647,2.823478261,2.580217391,1.043888889,sotap,3,average,jefatura_masculina,no,espanol_ningun_adulto,adultos_ninguno_analfabeta,,0,0,16.54244021,32.85812825,3.409465421,48.87551330318476,EXCLUSION,24.11,high,EXCLUSION,0.14465999999999998,AI_right,False
1845,#1323,2024-04,No Elegible,Vulnerabilidad Elevada,1.0,1.0,2.578385269,1.0,1.776038647,2.823478261,1.790108696,1.0,fupal,4,average,jefatura_masculina,no,espanol_uno_mas_adultos,adultos_ninguno_analfabeta,-500.0,0,0,8.975915299,26.18890898,2.998104289,34.61089292935174,EXCLUSION,20.65,high,EXCLUSION,0.12389999999999998,AI_right,False
1846,#1101,2024-03,No Elegible,Vulnerabilidad Moderada,1.0,1.525552408,1.0,1.0,1.776038647,2.823478261,1.790108696,1.0,sotap,6,high,jefatura_femenina,si,espanol_uno_mas_adultos,adultos_ninguno_analfabeta,,0,0,3.741369748,26.18890898,2.842293421,29.20789446797501,EXCLUSION,26.12,medium,EXCLUSION,0.15672,AI_right,False
1847,#1101,2023-11,No Elegible,Vulnerabilidad Moderada,1.0,1.0,1.0,1.0,1.776038647,2.823478261,1.790108696,1.0,sotap,1,low,,,espanol_uno_mas_adultos,adultos_uno_mas_analfabeta,0.0,0,0,0.0,26.18890898,2.730928248,25.34612370011462,EXCLUSION,28.35,medium,EXCLUSION,0.1701,AI_right,False
1848,#672,2024-07,Elegible,Vulnerabilidad Elevada,2.070141643,1.0,1.0,1.0,1.776038647,2.823478261,1.790108696,1.0,fupal,1,low,,,espanol_uno_mas_adultos,adultos_ninguno_analfabeta,0.0,0,0,6.702282231,26.18890898,2.930427594,32.26409207559043,INCLUSION,20.51,medium,INCLUSION,0.12306,AI_right,False
1849,#1223,2024-05,Lista de Reserva,Vulnerabilidad Elevada,2.070141643,1.0,2.578385269,1.0,1.776038647,1.498900966,1.790108696,1.043888889,sotap,2,average,jefatura_masculina,si,espanol_uno_mas_adultos,adultos_ninguno_analfabeta,0.0,0,0,17.46888676,17.68003002,3.013423633,35.14212197874994,EXCLUSION,18.07,high,EXCLUSION,0.10842,AI_right,False
1850,#458,2024-07,No Elegible,Vulnerabilidad Elevada,2.070141643,1.0,1.0,1.564135978,1.776038647,1.498900966,2.580217391,2.544987923,fupal,1,low,,,espanol_uno_mas_adultos,adultos_uno_mas_analfabeta,,0,0,11.47057999,37.43330939,3.386189597,48.0683827851786,EXCLUSION,25.55,high,EXCLUSION,0.1533,AI_right,False
1851,#112,2023-09,No Elegible,Vulnerabilidad Moderada,1.0,1.0,1.0,1.0,1.776038647,2.823478261,2.580217391,1.0,sotap,5,average,jefatura_masculina,no,espanol_ningun_adulto,adultos_ninguno_analfabeta,0.0,0,0,0.0,32.12448674,2.896589272,31.09068863222006,EXCLUSION,24.99,medium,INCLUSION,0.14994,wrongly_include,True
1852,#527,2024-03,Elegible,Vulnerabilidad Elevada,1.0,2.051104816,3.251728045,1.0,1.776038647,1.0,1.790108696,1.0,sotap,2,average,jefatura_femenina,si,espanol_uno_mas_adultos,adultos_uno_mas_analfabeta,,0,0,20.39367297,12.01413641,2.942348294,32.67747124603736,INCLUSION,32.7,medium,INCLUSION,0.1962,AI_right,False
1853,#1054,2023-06,No Elegible,Vulnerabilidad Baja,2.070141643,1.0,1.0,1.0,1.776038647,1.0,2.580217391,1.0,futij,2,average,jefatura_femenina,si,espanol_uno_mas_adultos,adultos_ninguno_analfabeta,0.0,0,0,6.702282231,16.59309681,2.662610016,22.9770827370332,EXCLUSION,17.3,medium,EXCLUSION,0.1038,AI_right,False
1854,#112,2024-01,Lista de Reserva,Vulnerabilidad Elevada,1.0,1.525552408,2.578385269,1.0,1.776038647,2.823478261,1.790108696,1.0,sotap,6,average,jefatura_femenina,no,espanol_uno_mas_adultos,adultos_ninguno_analfabeta,0.0,0,0,13.7168894,26.18890898,3.139223567,39.50443631789602,EXCLUSION,30.16,high,EXCLUSION,0.18095999999999998,AI_right,False
1855,#112,2023-08,No Elegible,Vulnerabilidad Elevada,1.0,2.051104816,1.0,1.0,1.776038647,2.823478261,1.790108696,1.0,sotap,4,average,jefatura_masculina,no,espanol_uno_mas_adultos,adultos_ninguno_analfabeta,,0,0,6.609317356,26.18890898,2.927660413,32.16813549794806,EXCLUSION,23.94,medium,EXCLUSION,0.14364,AI_right,False
1856,#1860,2023-07,Lista de Reserva,Vulnerabilidad Baja,1.0,1.0,1.0,1.564135978,1.0,2.117608696,1.0,1.0,pcr_cdmx,1,low,,,espanol_ningun_adulto,adultos_uno_mas_analfabeta,0.0,0,0,3.975239986,7.392265486,2.32464347,11.2575421743845,EXCLUSION,26.4,low,EXCLUSION,0.1584,AI_right,False
1857,#1725,2024-01,No Elegible,Vulnerabilidad Elevada,1.0,1.525552408,1.0,1.0,1.776038647,2.823478261,2.580217391,1.0,foten,3,average,jefatura_femenina,no,espanol_uno_mas_adultos,adultos_ninguno_analfabeta,,0,0,3.741369748,32.12448674,3.007954444,34.95245940008045,EXCLUSION,33.69,high,EXCLUSION,0.20214,AI_right,False
1858,#108,2023-11,Elegible,Vulnerabilidad Elevada,1.0,1.0,2.578385269,1.0,1.776038647,2.823478261,2.580217391,1.043888889,futij,9,average,jefatura_femenina,no,espanol_uno_mas_adultos,adultos_ninguno_analfabeta,0.0,0,0,8.975915299,32.85812825,3.184241129,41.06549005402387,INCLUSION,25.72,high,INCLUSION,0.15431999999999998,AI_right,False
1859,#071,2023-08,No Elegible,Vulnerabilidad Baja,1.0,1.0,1.0,1.0,1.776038647,1.498900966,1.0,1.043888889,sotap,1,low,,,espanol_uno_mas_adultos,adultos_ninguno_analfabeta,,-500,0,0.0,10.43108127,2.291129805,10.09539864365013,EXCLUSION,28.69,low,EXCLUSION,0.17214,AI_right,False
1860,#527,2024-01,No Elegible,Vulnerabilidad Elevada,2.070141643,1.0,1.0,1.0,1.776038647,1.0,2.580217391,2.544987923,sotap,5,average,jefatura_masculina,no,espanol_uno_mas_adultos,adultos_uno_mas_analfabeta,,0,0,6.702282231,30.38303782,3.047485057,36.32324965539039,EXCLUSION,24.8,high,EXCLUSION,0.1488,AI_right,False
1861,#676,2023-08,Elegible,Vulnerabilidad Moderada,1.0,1.0,1.0,1.0,1.776038647,2.823478261,2.580217391,1.0,pcr_cdmx,2,average,jefatura_femenina,no,espanol_ningun_adulto,adultos_ninguno_analfabeta,,0,0,0.0,32.12448674,2.896589272,31.09068863222006,INCLUSION,29.77,medium,INCLUSION,0.17862,AI_right,False
1862,#016,2024-06,No Elegible,Vulnerabilidad Moderada,1.0,1.0,1.0,1.0,1.776038647,2.823478261,1.790108696,1.0,futij,1,low,,,espanol_ningun_adulto,adultos_ninguno_analfabeta,,0,0,0.0,26.18890898,2.730928248,25.34612370011462,EXCLUSION,19.58,medium,EXCLUSION,0.11747999999999997,AI_right,False
1863,#1101,2024-05,No Elegible,Vulnerabilidad Elevada,1.0,1.0,2.578385269,1.0,1.776038647,2.823478261,2.580217391,1.0,sotap,11,high,jefatura_femenina,no,espanol_uno_mas_adultos,adultos_ninguno_analfabeta,,0,0,8.975915299,32.12448674,3.163765312,40.35545786145718,EXCLUSION,21.09,high,EXCLUSION,0.12653999999999999,AI_right,False
1864,#527,2023-11,Elegible,Vulnerabilidad Elevada,1.0,1.0,2.578385269,1.0,1.776038647,2.823478261,2.580217391,1.0,sotap,1,low,,,espanol_ningun_adulto,adultos_ninguno_analfabeta,0.0,0,0,8.975915299,32.12448674,3.163765312,40.35545786145718,INCLUSION,29.02,high,INCLUSION,0.17412,AI_right,False
1865,#1167,2024-03,No Elegible,Vulnerabilidad Elevada,1.0,1.0,2.578385269,1.0,1.776038647,2.823478261,2.580217391,1.0,foten,1,low,,,espanol_uno_mas_adultos,adultos_ninguno_analfabeta,,0,0,8.975915299,32.12448674,3.163765312,40.35545786145718,EXCLUSION,27.85,high,EXCLUSION,0.1671,AI_right,False
1866,#1311,2024-04,No Elegible,Vulnerabilidad Baja,1.0,1.0,1.0,1.0,1.0,1.0,1.790108696,1.0,sotap,1,low,,,espanol_uno_mas_adultos,adultos_ninguno_analfabeta,,0,0,0.0,5.614422911,2.156697643,5.433745167301109,EXCLUSION,15.59,low,EXCLUSION,0.09354,AI_right,False
1867,#252,2024-03,Elegible,Vulnerabilidad Baja,1.0,2.051104816,1.0,1.0,1.776038647,2.117608696,1.0,1.0,sotap,3,average,jefatura_femenina,no,espanol_uno_mas_adultos,adultos_ninguno_analfabeta,,0,0,6.609317356,14.06650994,2.5893262,20.43584738145429,INCLUSION,23.86,low,EXCLUSION,0.14316,wrongly_exclude,True
1868,#1407,2024-05,No Elegible,Vulnerabilidad Elevada,2.700708215,1.0,1.249197356,1.0,1.776038647,2.823478261,2.580217391,1.043888889,foten,4,average,jefatura_femenina,si,espanol_uno_mas_adultos,adultos_ninguno_analfabeta,,0,0,11.93561888,32.85812825,3.272339318,44.12043985596403,EXCLUSION,16.05,high,EXCLUSION,0.0963,AI_right,False
1869,#1167,2024-04,No Elegible,Vulnerabilidad Elevada,1.0,1.525552408,2.578385269,1.0,1.776038647,2.823478261,1.790108696,1.0,foten,3,average,jefatura_masculina,no,espanol_uno_mas_adultos,adultos_ninguno_analfabeta,0.0,0,0,13.7168894,26.18890898,3.139223567,39.50443631789602,EXCLUSION,27.96,high,INCLUSION,0.16776,wrongly_include,True
1870,,2023-08,No Elegible,Vulnerabilidad Moderada,1.0,1.0,1.0,1.0,1.776038647,2.823478261,1.790108696,1.0,,5,average,jefatura_masculina,no,espanol_ningun_adulto,adultos_ninguno_analfabeta,0.0,0,0,0.0,26.18890898,2.730928248,25.34612370011462,EXCLUSION,29.18,medium,EXCLUSION,0.17507999999999999,AI_right,False
1871,#555,2024-02,Elegible,Vulnerabilidad Severa,2.700708215,1.0,2.578385269,1.0,1.776038647,2.823478261,2.580217391,1.0,sotap,1,low,,,espanol_ningun_adulto,adultos_ninguno_analfabeta,0.0,0,0,20.97871872,32.12448674,3.521039349,52.74452349934838,INCLUSION,25.31,high,INCLUSION,0.15186,AI_right,False
1872,#071,2024-01,Lista de Reserva,Vulnerabilidad Baja,1.0,1.0,3.251728045,1.0,1.0,1.498900966,1.0,1.043888889,sotap,3,low,jefatura_femenina,no,espanol_uno_mas_adultos,adultos_ninguno_analfabeta,0.0,-500,0,11.51832969,4.243121443,2.461278087,15.995574609596703,EXCLUSION,35.74,low,EXCLUSION,0.21444,AI_right,False
1873,#527,2023-12,Elegible,Vulnerabilidad Moderada,1.0,2.051104816,1.0,1.0,1.776038647,2.117608696,1.790108696,1.0,sotap,3,low,jefatura_masculina,no,espanol_uno_mas_adultos,adultos_ninguno_analfabeta,0.0,0,0,6.609317356,21.88512181,2.807542403,28.002848502865827,INCLUSION,25.69,medium,INCLUSION,0.15414,AI_right,False
1874,#071,2024-01,No Elegible,Vulnerabilidad Elevada,2.700708215,1.0,2.578385269,1.0,1.776038647,2.823478261,1.790108696,1.0,sotap,4,average,jefatura_masculina,no,espanol_uno_mas_adultos,adultos_ninguno_analfabeta,,0,0,20.97871872,26.18890898,3.355378326,46.99995856724294,EXCLUSION,27.4,high,INCLUSION,0.16439999999999996,wrongly_include,True
1875,#1223,2024-06,Lista de Reserva,Vulnerabilidad Moderada,1.0,1.0,1.0,1.0,1.776038647,2.823478261,2.580217391,1.0,sotap,6,average,jefatura_masculina,no,espanol_uno_mas_adultos,adultos_ninguno_analfabeta,,0,0,0.0,32.12448674,2.896589272,31.09068863222006,EXCLUSION,17.43,medium,EXCLUSION,0.10458,AI_right,False
1876,#112,2024-03,No Elegible,Vulnerabilidad Baja,1.0,1.0,1.0,1.0,1.0,1.0,1.790108696,1.043888889,sotap,1,low,,,espanol_uno_mas_adultos,adultos_ninguno_analfabeta,,0,0,0.0,6.061858428,2.169185496,5.866781761928531,EXCLUSION,17.07,low,EXCLUSION,0.10242,AI_right,False
1877,#1407,2024-01,No Elegible,Vulnerabilidad Moderada,2.700708215,1.525552408,1.249197356,1.0,1.776038647,1.0,1.790108696,1.0,foten,1,low,,,espanol_uno_mas_adultos,adultos_ninguno_analfabeta,,0,0,17.00620089,12.01413641,2.841517198,29.18098692703088,EXCLUSION,23.13,medium,EXCLUSION,0.13878,AI_right,False
1878,#1101,2023-09,No Elegible,Vulnerabilidad Severa,2.700708215,2.051104816,3.251728045,1.0,1.776038647,2.823478261,1.790108696,1.0,sotap,4,complete,jefatura_femenina,si,espanol_uno_mas_adultos,adultos_ninguno_analfabeta,0.0,0,0,35.61565687,26.18890898,3.791059708,62.10792802384809,EXCLUSION,28.82,high,EXCLUSION,0.17292,AI_right,False
1879,#1841,2023-11,No Elegible,Vulnerabilidad Elevada,2.700708215,1.0,3.251728045,1.0,1.776038647,1.0,1.790108696,1.0,foten,1,low,,,espanol_uno_mas_adultos,adultos_uno_mas_analfabeta,,0,0,24.2379543,12.01413641,3.056776721,36.645465393518094,EXCLUSION,29.26,high,EXCLUSION,0.17556000000000002,AI_right,False
1880,#527,2023-10,No Elegible,Vulnerabilidad Elevada,1.0,1.0,2.578385269,1.0,1.776038647,1.498900966,2.580217391,1.043888889,sotap,4,average,jefatura_masculina,no,espanol_uno_mas_adultos,adultos_ninguno_analfabeta,-500.0,0,0,8.975915299,22.80125306,2.903555356,31.332255164513256,EXCLUSION,22.07,medium,INCLUSION,0.13242,wrongly_include,True
1881,#071,2024-04,Lista de Reserva,Vulnerabilidad Baja,1.0,1.0,1.0,1.0,1.776038647,1.498900966,1.0,1.0,sotap,1,low,,,espanol_ningun_adulto,adultos_ninguno_analfabeta,,0,0,0.0,9.93697889,2.277339487,9.61719697234091,EXCLUSION,18.99,low,EXCLUSION,0.11393999999999999,AI_right,False
1882,#1407,2023-09,No Elegible,Vulnerabilidad Elevada,1.0,1.525552408,2.578385269,1.0,1.776038647,2.117608696,2.580217391,1.043888889,foten,1,low,,,espanol_uno_mas_adultos,adultos_ninguno_analfabeta,0.0,0,0,13.7168894,28.09152966,3.192325406,41.34582876179294,EXCLUSION,29.08,high,EXCLUSION,0.17448,AI_right,False
1883,#1101,2024-05,Lista de Reserva,Vulnerabilidad Baja,1.0,1.0,1.0,1.0,1.0,2.117608696,1.0,1.0,sotap,1,low,,,espanol_uno_mas_adultos,adultos_ninguno_analfabeta,0.0,0,0,0.0,7.392265486,2.206316944,7.154374990395034,EXCLUSION,19.02,low,EXCLUSION,0.11412,AI_right,False
1884,#458,2024-05,No Elegible,Vulnerabilidad Baja,2.070141643,1.0,1.0,1.0,1.0,2.117608696,1.0,1.043888889,fupal,3,low,jefatura_femenina,no,espanol_uno_mas_adultos,adultos_ninguno_analfabeta,,0,0,6.702282231,7.858894815,2.418839839,14.523956096434295,EXCLUSION,17.67,low,EXCLUSION,0.10602000000000002,AI_right,False
1885,#645,2024-03,No Elegible,Vulnerabilidad Moderada,1.0,1.0,2.578385269,1.0,1.0,2.117608696,2.580217391,1.043888889,fupal,1,low,,,espanol_uno_mas_adultos,adultos_ninguno_analfabeta,,0,0,8.975915299,19.54126117,2.812569505,28.177173073525346,EXCLUSION,25.52,medium,EXCLUSION,0.15311999999999998,AI_right,False
1886,#1101,2024-05,Lista de Reserva,Vulnerabilidad Baja,2.070141643,1.0,1.0,1.0,1.776038647,1.498900966,1.790108696,1.043888889,sotap,3,average,jefatura_femenina,si,espanol_uno_mas_adultos,adultos_ninguno_analfabeta,,0,0,6.702282231,17.68003002,2.692946147,24.029037349402188,EXCLUSION,15.95,medium,EXCLUSION,0.0957,AI_right,False
1887,#1223,2023-12,No Elegible por Duplicidad,Vulnerabilidad Severa,2.700708215,2.051104816,2.578385269,1.564135978,1.0,2.117608696,1.0,2.544987923,sotap,2,complete,jefatura_femenina,si,espanol_uno_mas_adultos,adultos_ninguno_analfabeta,0.0,0,0,39.44321718,18.76190405,3.697703903,58.87066656783652,EXCLUSION,22.31,high,EXCLUSION,0.13385999999999998,AI_right,False
1888,#1101,2024-02,Lista de Reserva,Vulnerabilidad Moderada,1.0,1.525552408,1.0,1.0,1.776038647,2.823478261,1.790108696,1.0,sotap,1,low,,,espanol_uno_mas_adultos,adultos_ninguno_analfabeta,0.0,0,0,3.741369748,26.18890898,2.842293421,29.20789446797501,EXCLUSION,26.57,medium,EXCLUSION,0.15941999999999998,AI_right,False
1889,#1860,2024-06,Lista de Reserva,Vulnerabilidad Baja,1.0,1.0,1.0,1.0,1.0,1.0,1.790108696,1.0,pcr_cdmx,1,low,,,espanol_ningun_adulto,adultos_uno_mas_analfabeta,,0,0,0.0,5.614422911,2.156697643,5.433745167301109,EXCLUSION,18.38,low,EXCLUSION,0.11027999999999999,AI_right,False
1890,#112,2023-07,Lista de Reserva,Vulnerabilidad Baja,1.0,1.0,2.578385269,1.0,1.776038647,1.498900966,1.0,1.0,sotap,4,average,jefatura_femenina,si,espanol_uno_mas_adultos,adultos_ninguno_analfabeta,0.0,0,0,8.975915299,9.93697889,2.544515527,18.88196620157803,EXCLUSION,19.78,low,EXCLUSION,0.11868,AI_right,False
1891,#527,2023-07,No Elegible,Vulnerabilidad Elevada,1.0,1.0,3.251728045,1.0,1.776038647,2.823478261,2.580217391,1.0,sotap,5,average,jefatura_femenina,si,espanol_uno_mas_adultos,adultos_ninguno_analfabeta,0.0,0,0,11.51832969,32.12448674,3.23944252,42.97968968997395,EXCLUSION,21.77,high,EXCLUSION,0.13061999999999999,AI_right,False
1892,#041,2023-09,No Elegible,Vulnerabilidad Baja,1.0,1.0,2.578385269,1.0,1.0,1.0,1.0,1.043888889,fusal,2,low,jefatura_masculina,no,espanol_uno_mas_adultos,adultos_ninguno_analfabeta,0.0,0,0,8.975915299,0.386821499,2.277972167,9.6391424255778,EXCLUSION,24.52,low,EXCLUSION,0.14712,AI_right,False
1893,#1583,2023-08,No Elegible,Vulnerabilidad Baja,1.0,1.0,1.0,1.0,1.776038647,2.117608696,1.0,1.043888889,foten,2,average,jefatura_femenina,si,espanol_uno_mas_adultos,adultos_ninguno_analfabeta,,0,0,0.0,14.60519526,2.407628657,14.13518547133794,EXCLUSION,24.48,low,EXCLUSION,0.14688,AI_right,False
1894,#112,2023-10,Elegible,Vulnerabilidad Moderada,2.070141643,1.0,1.0,1.0,1.776038647,2.117608696,1.790108696,1.0,sotap,3,average,jefatura_masculina,no,espanol_uno_mas_adultos,adultos_ninguno_analfabeta,,0,0,6.702282231,21.88512181,2.810309585,28.0988050805082,INCLUSION,21.28,medium,INCLUSION,0.12768000000000002,AI_right,False
1895,#252,2024-06,No Elegible,Vulnerabilidad Moderada,1.0,1.525552408,1.0,1.0,1.776038647,2.117608696,1.790108696,1.0,sotap,1,low,,,espanol_ningun_adulto,adultos_uno_mas_analfabeta,,0,0,3.741369748,21.88512181,2.722175411,25.04260747289278,EXCLUSION,20.46,medium,INCLUSION,0.12276,wrongly_include,True
1896,#1725,2023-07,No Elegible,Vulnerabilidad Baja,1.0,1.0,1.0,1.0,1.776038647,1.0,2.580217391,1.0,foten,3,average,jefatura_masculina,no,espanol_uno_mas_adultos,adultos_ninguno_analfabeta,,-500,0,0.0,16.59309681,2.46311067,16.059114361557388,EXCLUSION,18.89,low,EXCLUSION,0.11334,AI_right,False
1897,#1407,2023-10,No Elegible,Vulnerabilidad Baja,1.0,1.0,1.0,1.0,1.0,2.117608696,2.580217391,1.0,foten,1,low,,,espanol_uno_mas_adultos,adultos_ninguno_analfabeta,0.0,0,0,0.0,18.94985465,2.528887403,18.340029377508348,EXCLUSION,21.47,low,EXCLUSION,0.12882,AI_right,False
1898,#112,2024-01,No Elegible,Vulnerabilidad Elevada,1.0,2.051104816,1.0,1.0,1.776038647,2.117608696,2.580217391,1.0,sotap,3,average,jefatura_masculina,no,espanol_uno_mas_adultos,adultos_ninguno_analfabeta,0.0,0,0,6.609317356,27.40879931,2.961707356,33.34876853723833,EXCLUSION,28.19,medium,EXCLUSION,0.16914,AI_right,False
1899,#252,2024-02,Elegible,Vulnerabilidad Baja,1.0,1.0,1.0,1.0,1.776038647,2.117608696,1.790108696,1.0,sotap,1,low,,,espanol_ningun_adulto,adultos_ninguno_analfabeta,,0,0,0.0,21.88512181,2.610810239,21.18083670503239,INCLUSION,24.34,low,INCLUSION,0.14604,AI_right,False
1900,#1101,2024-04,Lista de Reserva,Vulnerabilidad Elevada,2.070141643,1.0,2.578385269,1.0,1.776038647,2.823478261,2.580217391,1.043888889,sotap,1,low,,,espanol_uno_mas_adultos,adultos_uno_mas_analfabeta,,0,0,17.46888676,32.85812825,3.43704192,49.83177382961031,EXCLUSION,21.15,high,EXCLUSION,0.12689999999999999,AI_right,False
