caseID,CaseworkerID,month,Vulnerability_Category,Demographics.HH.Head,Demographics.Language,Demographics.Profiles,Demographics.Documentation,Needs_and_Coping.BasicNeeds,Needs_and_Coping.Housing,Needs_and_Coping.Neg.mechanism,Needs_and_Coping.Dependency,OficinaACNUR,NumIntegrantes,dependencyCategory,FemaleHeadedHousehold,CuidadorSolo,HablaEspanol,Analfabeta_si,ScoreCOMAR_PIL,ScoreIntenciones,ScoreDuplicidad,Demographics_Score,NeedsandCoping_Score,Vulnerability_Score,FinalScore,ai_recomandation,ai_recommendation,p_wrong
1,#1101,2024-06,Vulnerabilidad Baja,1.0,2.051104816,1.0,1.0,1.776038647,2.823478261,1.0,1.0,sotap,1,low,,,espanol_uno_mas_adultos,adultos_ninguno_analfabeta,0.0,0,0,6.609317356,17.78726377,2.693171842,24.036863632451063,medium,EXCLUSION,0.11268
2,#1841,2023-09,Vulnerabilidad Moderada,2.700708215,1.0,1.249197356,1.0,1.0,2.117608696,2.580217391,1.0,foten,1,low,,,espanol_uno_mas_adultos,adultos_ninguno_analfabeta,,0,0,11.93561888,18.94985465,2.884161633,30.65974840868563,medium,EXCLUSION,0.11538
3,#1860,2023-11,Vulnerabilidad Severa,1.599560907,2.051104816,3.251728045,1.0,1.776038647,2.823478261,2.580217391,1.043888889,pcr_cdmx,3,average,jefatura_femenina,no,espanol_ningun_adulto,adultos_ninguno_analfabeta,,0,0,27.121021,32.85812825,3.724346214,59.79452340158775,high,INCLUSION,0.20886000000000002
4,#1101,2023-07,Vulnerabilidad Baja,2.700708215,1.0,1.0,1.0,1.0,1.498900966,1.790108696,1.0,sotap,1,low,,,espanol_uno_mas_adultos,adultos_uno_mas_analfabeta,0.0,0,0,9.472088355,10.02735341,2.561806895,19.481572780265047,low,EXCLUSION,0.08256
5,#1583,2023-10,Vulnerabilidad Moderada,1.0,1.0,1.0,1.0,1.776038647,2.823478261,1.790108696,1.0,foten,1,low,,,espanol_uno_mas_adultos,adultos_ninguno_analfabeta,,0,0,0.0,26.18890898,2.730928248,25.34612370011462,medium,INCLUSION,0.15504
6,#527,2023-11,Vulnerabilidad Elevada,1.0,1.525552408,2.578385269,1.0,1.776038647,2.117608696,2.580217391,1.0,sotap,3,average,jefatura_femenina,si,espanol_uno_mas_adultos,adultos_uno_mas_analfabeta,,0,0,13.7168894,27.40879931,3.173270511,40.685069357186286,high,INCLUSION,0.16157999999999997
7,#1223,2023-10,Vulnerabilidad Elevada,1.0,1.0,2.578385269,1.0,1.776038647,2.823478261,1.790108696,1.0,sotap,4,average,jefatura_femenina,si,espanol_uno_mas_adultos,adultos_uno_mas_analfabeta,0.0,0,0,8.975915299,26.18890898,2.998104289,34.61089292935174,high,INCLUSION,0.18012
8,#1223,2024-03,Vulnerabilidad Moderada,1.0,1.0,2.578385269,1.564135978,1.0,2.117608696,1.790108696,1.0,sotap,2,complete,jefatura_femenina,si,espanol_uno_mas_adultos,adultos_ninguno_analfabeta,,0,0,14.01324416,14.16503897,2.812460545,28.173398221219387,medium,EXCLUSION,0.13308
9,#112,2023-11,Vulnerabilidad Baja,1.0,1.0,1.0,1.0,1.776038647,1.0,1.790108696,1.0,sotap,8,average,jefatura_masculina,no,espanol_uno_mas_adultos,adultos_ninguno_analfabeta,0.0,0,0,0.0,12.01413641,2.33531262,11.62750948618979,low,EXCLUSION,0.13577999999999998
10,#071,2023-10,Vulnerabilidad Elevada,1.0,1.0,2.578385269,1.0,1.776038647,2.117608696,2.580217391,1.043888889,sotap,4,average,jefatura_femenina,no,espanol_uno_mas_adultos,adultos_ninguno_analfabeta,0.0,0,0,8.975915299,28.09152966,3.051206127,36.45228537324866,high,EXCLUSION,0.17429999999999998
11,#1311,2024-06,Vulnerabilidad Elevada,2.070141643,1.0,1.0,1.0,1.776038647,2.823478261,1.790108696,1.043888889,sotap,4,low,jefatura_masculina,no,espanol_uno_mas_adultos,adultos_ninguno_analfabeta,,0,0,6.702282231,26.85846924,2.949114914,32.912105216863374,medium,EXCLUSION,0.09612
12,#672,2023-06,Vulnerabilidad Severa,2.700708215,1.0,3.251728045,1.0,1.776038647,2.117608696,2.580217391,1.043888889,fupal,1,low,,,espanol_uno_mas_adultos,adultos_uno_mas_analfabeta,0.0,0,0,24.2379543,28.09152966,3.505494188,52.20547205133984,high,EXCLUSION,0.13914
13,#1311,2024-02,Vulnerabilidad Baja,1.0,1.0,1.0,1.0,1.776038647,2.117608696,1.790108696,1.0,sotap,2,average,jefatura_femenina,si,espanol_uno_mas_adultos,adultos_ninguno_analfabeta,0.0,0,0,0.0,21.88512181,2.610810239,21.18083670503239,low,EXCLUSION,0.1326
14,#1311,2024-06,Vulnerabilidad Baja,1.0,1.0,1.0,1.0,1.0,1.0,1.0,1.0,sotap,1,low,,,espanol_uno_mas_adultos,adultos_ninguno_analfabeta,0.0,0,0,0.0,0.0,2.0,0.0,low,EXCLUSION,0.08274
15,#555,2024-04,Vulnerabilidad Moderada,1.0,1.525552408,1.0,1.0,1.776038647,2.117608696,1.790108696,1.043888889,sotap,3,average,jefatura_femenina,no,espanol_uno_mas_adultos,adultos_ninguno_analfabeta,,0,0,3.741369748,22.50821784,2.739565922,25.645651649551347,medium,EXCLUSION,0.11646
16,#112,2024-05,Vulnerabilidad Elevada,2.070141643,1.0,1.0,1.0,1.776038647,2.117608696,2.580217391,2.544987923,sotap,1,low,,,espanol_uno_mas_adultos,adultos_ninguno_analfabeta,0.0,0,0,6.702282231,44.04383881,3.428755821,49.5444324087312,high,EXCLUSION,0.08634
17,#252,2023-12,Vulnerabilidad Moderada,1.0,2.051104816,3.251728045,1.0,1.0,1.0,1.790108696,1.043888889,sotap,1,low,,,espanol_uno_mas_adultos,adultos_ninguno_analfabeta,-500.0,0,0,20.39367297,6.061858428,2.776221171,26.9167435217761,medium,INCLUSION,0.13038
18,#1101,2024-05,Vulnerabilidad Baja,2.070141643,1.0,1.0,1.0,1.0,1.498900966,1.0,1.043888889,sotap,1,low,,,espanol_uno_mas_adultos,adultos_ninguno_analfabeta,0.0,0,0,6.702282231,4.243121443,2.317924185,11.024541927318626,low,EXCLUSION,0.08321999999999999
19,#1101,2023-12,Vulnerabilidad Baja,1.0,1.0,1.0,1.0,1.776038647,2.117608696,1.0,1.0,sotap,3,average,jefatura_masculina,no,espanol_uno_mas_adultos,adultos_ninguno_analfabeta,,0,0,0.0,14.06650994,2.392594036,13.61383558362086,low,INCLUSION,0.14873999999999998
20,#1101,2023-08,Vulnerabilidad Moderada,1.0,2.051104816,1.0,1.0,1.776038647,2.117608696,1.790108696,1.0,sotap,1,low,,,espanol_uno_mas_adultos,adultos_ninguno_analfabeta,,0,0,6.609317356,21.88512181,2.807542403,28.002848502865827,medium,INCLUSION,0.13056
21,#1311,2023-09,Vulnerabilidad Baja,1.0,1.0,1.0,1.0,1.0,2.117608696,1.790108696,1.0,sotap,1,low,,,espanol_uno_mas_adultos,adultos_ninguno_analfabeta,0.0,0,0,0.0,14.16503897,2.395343965,13.709193850906429,low,INCLUSION,0.10427999999999998
22,#1771,2023-08,Vulnerabilidad Baja,1.0,2.051104816,1.0,1.0,1.0,1.498900966,1.0,1.0,fupal,1,low,,,espanol_uno_mas_adultos,adultos_ninguno_analfabeta,,0,0,6.609317356,3.815111519,2.303211315,10.514349213040497,low,EXCLUSION,0.11093999999999998
23,#676,2023-10,Vulnerabilidad Severa,2.700708215,2.051104816,2.578385269,1.564135978,1.0,2.117608696,1.0,2.544987923,pcr_cdmx,3,average,jefatura_femenina,no,espanol_ningun_adulto,adultos_ninguno_analfabeta,,0,0,39.44321718,18.76190405,3.697703903,58.87066656783652,high,EXCLUSION,0.12696
24,#252,2023-06,Vulnerabilidad Baja,1.0,1.0,1.0,1.0,1.0,2.117608696,1.790108696,1.0,sotap,1,low,,,espanol_uno_mas_adultos,adultos_ninguno_analfabeta,,0,0,0.0,14.16503897,2.395343965,13.709193850906429,low,EXCLUSION,0.10511999999999999
25,#440,2024-02,Vulnerabilidad Baja,2.070141643,1.0,1.0,1.0,1.0,1.0,1.790108696,1.043888889,pcr_cdmx,5,low,jefatura_masculina,no,espanol_uno_mas_adultos,adultos_ninguno_analfabeta,-500.0,0,0,6.702282231,6.061858428,2.368684842,12.78475013740434,low,EXCLUSION,0.1074
26,#645,2023-08,Vulnerabilidad Severa,2.700708215,1.0,2.578385269,1.0,1.776038647,2.823478261,2.580217391,1.0,fupal,5,high,jefatura_femenina,si,espanol_uno_mas_adultos,adultos_uno_mas_analfabeta,,-500,0,20.97871872,32.12448674,3.521039349,52.74452349934838,high,INCLUSION,0.16746
27,#440,2023-08,Vulnerabilidad Baja,1.0,1.0,1.0,1.0,1.0,2.117608696,1.790108696,1.0,pcr_cdmx,2,average,jefatura_masculina,si,espanol_uno_mas_adultos,adultos_ninguno_analfabeta,,0,0,0.0,14.16503897,2.395343965,13.709193850906429,low,EXCLUSION,0.13896
28,#1725,2024-04,Vulnerabilidad Moderada,1.0,1.0,2.578385269,1.0,1.776038647,2.117608696,1.790108696,1.0,foten,3,average,jefatura_masculina,no,espanol_uno_mas_adultos,adultos_ninguno_analfabeta,-500.0,0,0,8.975915299,21.88512181,2.877986279,30.44560593426951,medium,EXCLUSION,0.13806000000000002
29,#1223,2023-07,Vulnerabilidad Moderada,2.700708215,1.0,2.578385269,1.0,1.0,1.498900966,1.0,1.0,sotap,1,low,,,espanol_ningun_adulto,adultos_ninguno_analfabeta,0.0,0,0,20.97871872,3.815111519,2.730929228,25.34617228233538,medium,EXCLUSION,0.08838
30,#1311,2024-02,Vulnerabilidad Baja,1.0,1.0,1.0,1.0,1.0,2.117608696,1.790108696,1.0,sotap,3,low,jefatura_masculina,no,espanol_uno_mas_adultos,adultos_ninguno_analfabeta,0.0,0,0,0.0,14.16503897,2.395343965,13.709193850906429,low,EXCLUSION,0.12539999999999998
31,#1101,2024-06,Vulnerabilidad Moderada,1.0,1.0,1.0,1.0,1.776038647,2.117608696,2.580217391,1.0,sotap,2,low,jefatura_masculina,no,espanol_uno_mas_adultos,adultos_ninguno_analfabeta,,0,0,0.0,27.40879931,2.764975192,26.526756739404888,medium,EXCLUSION,0.10668000000000001
32,#1223,2024-06,Vulnerabilidad Elevada,2.070141643,1.0,1.0,1.0,1.776038647,1.498900966,2.580217391,2.544987923,sotap,1,low,,,espanol_uno_mas_adultos,adultos_ninguno_analfabeta,,0,0,6.702282231,37.43330939,3.244257006,43.14663643599621,high,EXCLUSION,0.06828000000000001
33,#1311,2024-03,Vulnerabilidad Baja,1.0,1.0,1.0,1.0,1.776038647,1.498900966,1.790108696,1.0,sotap,1,low,,,espanol_uno_mas_adultos,adultos_ninguno_analfabeta,0.0,0,0,0.0,17.10850297,2.477495573,16.55793423592243,low,INCLUSION,0.12816
34,#527,2024-06,Vulnerabilidad Elevada,2.070141643,1.0,1.0,1.0,1.776038647,2.823478261,2.580217391,1.738466184,sotap,2,average,jefatura_masculina,no,espanol_ningun_adulto,adultos_uno_mas_analfabeta,0.0,0,0,6.702282231,42.19960637,3.37728359,47.75954921288284,high,EXCLUSION,0.13314
35,#555,2024-01,Vulnerabilidad Moderada,1.0,2.051104816,1.0,1.0,1.0,2.117608696,2.580217391,1.0,sotap,3,average,jefatura_femenina,si,espanol_uno_mas_adultos,adultos_ninguno_analfabeta,,0,0,6.609317356,18.94985465,2.725619567,25.162041175341784,medium,EXCLUSION,0.11927999999999998
36,#1359,2023-10,Vulnerabilidad Elevada,2.070141643,1.0,1.0,1.0,1.776038647,1.498900966,2.580217391,2.544987923,foten,1,low,,,espanol_uno_mas_adultos,adultos_ninguno_analfabeta,-500.0,0,0,6.702282231,37.43330939,3.244257006,43.14663643599621,high,EXCLUSION,0.13116
37,#527,2023-12,Vulnerabilidad Baja,1.0,1.0,1.0,1.0,1.0,2.117608696,1.790108696,1.0,sotap,3,average,jefatura_femenina,no,espanol_uno_mas_adultos,adultos_ninguno_analfabeta,0.0,0,0,0.0,14.16503897,2.395343965,13.709193850906429,low,EXCLUSION,0.14178
38,#672,2023-09,Vulnerabilidad Severa,2.700708215,1.0,2.578385269,1.0,1.776038647,2.823478261,2.580217391,1.0,fupal,1,low,,,espanol_uno_mas_adultos,adultos_uno_mas_analfabeta,,0,0,20.97871872,32.12448674,3.521039349,52.74452349934838,high,INCLUSION,0.14592
39,#112,2023-09,Vulnerabilidad Severa,2.700708215,1.0,2.578385269,1.0,1.776038647,2.117608696,1.790108696,2.544987923,sotap,4,complete,jefatura_femenina,si,espanol_uno_mas_adultos,adultos_ninguno_analfabeta,0.0,0,0,20.97871872,37.06714366,3.658988111,57.52812077700585,high,EXCLUSION,0.12906
40,#527,2023-08,Vulnerabilidad Elevada,1.0,1.0,2.578385269,1.0,1.776038647,2.823478261,2.580217391,1.043888889,sotap,4,average,jefatura_femenina,si,espanol_uno_mas_adultos,adultos_ninguno_analfabeta,,0,0,8.975915299,32.85812825,3.184241129,41.06549005402387,high,EXCLUSION,0.147
41,#112,2024-04,Vulnerabilidad Elevada,2.070141643,1.0,2.578385269,1.0,1.776038647,2.117608696,2.580217391,1.043888889,sotap,3,average,jefatura_masculina,no,espanol_uno_mas_adultos,adultos_ninguno_analfabeta,0.0,0,0,17.46888676,28.09152966,3.304006918,45.2185691488351,high,EXCLUSION,0.11615999999999999
42,#1311,2024-04,Vulnerabilidad Severa,2.700708215,1.525552408,3.251728045,1.0,1.776038647,2.823478261,2.580217391,1.043888889,sotap,1,low,,,espanol_ningun_adulto,adultos_ninguno_analfabeta,0.0,0,0,30.67858802,32.85812825,3.830240336,63.46657648585837,high,EXCLUSION,0.12966
43,#112,2024-06,Vulnerabilidad Moderada,1.0,1.0,1.0,1.0,1.776038647,2.823478261,1.790108696,1.0,sotap,3,low,jefatura_masculina,no,espanol_uno_mas_adultos,adultos_ninguno_analfabeta,0.0,0,0,0.0,26.18890898,2.730928248,25.34612370011462,medium,EXCLUSION,0.12341999999999999
44,#527,2023-09,Vulnerabilidad Baja,1.0,1.0,1.0,1.0,1.776038647,1.0,2.580217391,1.043888889,sotap,1,low,,,espanol_uno_mas_adultos,adultos_uno_mas_analfabeta,,0,0,0.0,17.15905947,2.478906597,16.60686377719593,low,INCLUSION,0.12942
45,#071,2024-01,Vulnerabilidad Elevada,1.0,1.525552408,2.578385269,1.0,1.776038647,2.117608696,1.790108696,1.0,sotap,2,average,jefatura_masculina,no,espanol_uno_mas_adultos,adultos_ninguno_analfabeta,,0,0,13.7168894,21.88512181,3.019105558,35.33914932281379,high,EXCLUSION,0.18984
46,#555,2023-07,Vulnerabilidad Baja,1.0,1.0,1.0,1.0,1.0,2.117608696,1.0,1.0,sotap,4,average,jefatura_femenina,no,espanol_uno_mas_adultos,adultos_ninguno_analfabeta,,0,0,0.0,7.392265486,2.206316944,7.154374990395034,low,EXCLUSION,0.09935999999999999
47,#1223,2023-09,Vulnerabilidad Elevada,2.070141643,1.0,1.0,1.0,1.776038647,2.823478261,2.580217391,1.043888889,sotap,3,complete,jefatura_femenina,si,espanol_uno_mas_adultos,adultos_ninguno_analfabeta,0.0,0,0,6.702282231,32.85812825,3.116564434,38.71868920026256,high,INCLUSION,0.11243999999999998
48,#1323,2023-10,Vulnerabilidad Moderada,1.0,1.0,1.0,1.564135978,1.776038647,2.823478261,2.580217391,1.0,fupal,1,low,,,espanol_uno_mas_adultos,adultos_ninguno_analfabeta,,0,0,3.975239986,32.12448674,3.014915798,35.19385581620953,high,EXCLUSION,0.18786
49,#555,2024-04,Vulnerabilidad Severa,2.070141643,1.0,2.578385269,1.0,1.776038647,2.823478261,2.580217391,2.544987923,sotap,2,complete,jefatura_femenina,si,espanol_uno_mas_adultos,adultos_ninguno_analfabeta,,0,0,17.46888676,50.0,3.915468811,66.42200300482355,high,EXCLUSION,0.12168
50,#458,2024-04,Vulnerabilidad Elevada,2.070141643,1.525552408,1.0,1.0,1.776038647,2.823478261,1.790108696,1.043888889,fupal,1,low,,,espanol_ningun_adulto,adultos_ninguno_analfabeta,,0,0,11.1900528,26.85846924,3.082697365,37.54429673054436,high,INCLUSION,0.11922
51,#1323,2024-06,Vulnerabilidad Moderada,1.0,1.0,1.0,1.0,1.776038647,1.498900966,2.580217391,1.738466184,fupal,1,low,,,espanol_ningun_adulto,adultos_ninguno_analfabeta,0.0,-500,0,0.0,30.77500505,2.858925454,29.78463461248595,medium,EXCLUSION,0.13577999999999998
52,#252,2023-08,Vulnerabilidad Elevada,2.070141643,1.0,2.578385269,1.0,1.776038647,2.117608696,1.790108696,1.043888889,sotap,1,low,,,espanol_uno_mas_adultos,adultos_ninguno_analfabeta,,0,0,17.46888676,22.50821784,3.148177581,39.81493388651453,high,EXCLUSION,0.14286
53,#1311,2024-04,Vulnerabilidad Elevada,1.0,1.0,1.0,1.0,1.776038647,2.823478261,2.580217391,1.043888889,sotap,2,average,jefatura_femenina,si,espanol_uno_mas_adultos,adultos_ninguno_analfabeta,,0,0,0.0,32.85812825,2.917065088,31.80072082478675,medium,INCLUSION,0.09468
54,#1101,2024-04,Vulnerabilidad Elevada,1.0,1.0,2.578385269,1.564135978,1.776038647,2.823478261,1.0,1.0,sotap,3,average,jefatura_femenina,no,espanol_uno_mas_adultos,adultos_uno_mas_analfabeta,0.0,0,0,14.01324416,17.78726377,2.913556258,31.67905620493059,medium,EXCLUSION,0.15786
55,#1311,2024-03,Vulnerabilidad Moderada,1.0,1.0,1.0,1.0,1.776038647,2.823478261,1.790108696,1.0,sotap,1,low,,,espanol_uno_mas_adultos,adultos_ninguno_analfabeta,0.0,0,0,0.0,26.18890898,2.730928248,25.34612370011462,medium,EXCLUSION,0.15623999999999996
56,#1102,2023-07,Vulnerabilidad Baja,1.0,1.0,1.0,1.0,1.0,1.498900966,1.0,1.0,pcr_cdmx,1,low,,,espanol_uno_mas_adultos,adultos_ninguno_analfabeta,,0,0,0.0,3.815111519,2.10647915,3.692337415207061,low,INCLUSION,0.10769999999999999
57,#252,2023-09,Vulnerabilidad Baja,1.0,1.0,1.0,1.0,1.0,2.117608696,1.790108696,1.0,sotap,1,low,,,espanol_uno_mas_adultos,adultos_ninguno_analfabeta,0.0,0,0,0.0,14.16503897,2.395343965,13.709193850906429,low,INCLUSION,0.12023999999999999
58,#133,2023-12,Vulnerabilidad Elevada,1.0,1.525552408,1.0,1.564135978,1.776038647,2.823478261,1.790108696,1.0,fupal,1,low,,,espanol_uno_mas_adultos,adultos_uno_mas_analfabeta,,0,0,8.159313021,26.18890898,2.973797402,33.768011573443424,medium,INCLUSION,0.1707
59,#1101,2024-05,Vulnerabilidad Baja,1.0,1.0,3.251728045,1.0,1.776038647,1.0,1.790108696,1.0,sotap,1,low,,,espanol_uno_mas_adultos,adultos_ninguno_analfabeta,0.0,0,0,11.51832969,12.01413641,2.678165869,23.51651054394368,medium,EXCLUSION,0.12227999999999999
60,#1101,2023-08,Vulnerabilidad Moderada,2.070141643,1.0,1.0,1.0,1.776038647,2.117608696,1.790108696,1.043888889,sotap,1,low,,,espanol_uno_mas_adultos,adultos_ninguno_analfabeta,0.0,0,0,6.702282231,22.50821784,2.827700095,28.70184925716677,medium,EXCLUSION,0.13134
61,#252,2024-05,Vulnerabilidad Baja,1.0,1.0,1.0,1.564135978,1.776038647,1.0,2.580217391,1.043888889,sotap,1,low,,,espanol_uno_mas_adultos,adultos_ninguno_analfabeta,,0,0,3.975239986,17.15905947,2.597233124,20.7100309611854,low,EXCLUSION,0.129
62,#1725,2023-07,Vulnerabilidad Elevada,1.0,2.051104816,2.578385269,1.0,1.776038647,2.823478261,1.790108696,1.0,foten,1,low,,,espanol_ningun_adulto,adultos_uno_mas_analfabeta,,0,0,17.3510839,26.18890898,3.247398574,43.25558283110052,high,EXCLUSION,0.14784
63,#1101,2024-03,Vulnerabilidad Moderada,1.0,1.0,1.0,1.0,1.776038647,2.823478261,1.790108696,1.0,sotap,1,low,,,espanol_uno_mas_adultos,adultos_uno_mas_analfabeta,,0,0,0.0,26.18890898,2.730928248,25.34612370011462,medium,EXCLUSION,0.16139999999999996
64,#1101,2024-05,Vulnerabilidad Baja,2.070141643,1.0,1.0,1.0,1.0,1.498900966,1.0,1.043888889,sotap,5,average,jefatura_masculina,no,espanol_uno_mas_adultos,adultos_ninguno_analfabeta,0.0,0,0,6.702282231,4.243121443,2.317924185,11.024541927318626,low,EXCLUSION,0.09935999999999999
65,#112,2024-01,Vulnerabilidad Baja,1.0,1.0,2.578385269,1.0,1.776038647,1.0,1.790108696,1.0,sotap,1,low,,,espanol_uno_mas_adultos,adultos_ninguno_analfabeta,,0,0,8.975915299,12.01413641,2.602488661,20.89227871542691,low,INCLUSION,0.15827999999999998
66,#071,2024-01,Vulnerabilidad Baja,1.0,1.0,2.578385269,1.0,1.0,1.0,1.790108696,1.043888889,sotap,1,low,,,espanol_ningun_adulto,adultos_ninguno_analfabeta,0.0,0,0,8.975915299,6.061858428,2.436361537,15.13155099116565,low,EXCLUSION,0.16014
67,#1805,2024-05,Vulnerabilidad Moderada,1.0,1.0,1.0,1.0,1.776038647,2.117608696,2.580217391,1.043888889,fomon,1,low,,,espanol_uno_mas_adultos,adultos_ninguno_analfabeta,,0,0,0.0,28.09152966,2.784030087,27.18751614401154,medium,EXCLUSION,0.12449999999999999
68,#252,2024-07,Vulnerabilidad Elevada,1.0,2.051104816,1.0,1.0,1.776038647,2.823478261,2.580217391,1.0,sotap,3,average,jefatura_femenina,si,espanol_uno_mas_adultos,adultos_uno_mas_analfabeta,0.0,0,0,6.609317356,32.12448674,3.093321436,37.9127004300535,high,EXCLUSION,0.1233
69,,2023-12,Vulnerabilidad Baja,1.0,1.0,1.0,1.0,1.0,1.0,1.790108696,1.043888889,,1,low,,,espanol_uno_mas_adultos,adultos_uno_mas_analfabeta,0.0,0,0,0.0,6.061858428,2.169185496,5.866781761928531,low,EXCLUSION,0.14981999999999998
70,#071,2024-04,Vulnerabilidad Severa,2.700708215,1.0,3.251728045,1.0,1.776038647,2.823478261,1.790108696,2.544987923,sotap,2,average,jefatura_femenina,si,espanol_uno_mas_adultos,adultos_uno_mas_analfabeta,,0,0,24.2379543,42.50305317,3.907717497,66.15321832326453,high,EXCLUSION,0.11765999999999999
71,#1101,2024-01,Vulnerabilidad Elevada,1.0,1.0,2.578385269,1.0,1.776038647,2.823478261,1.790108696,1.043888889,sotap,3,complete,jefatura_femenina,si,espanol_uno_mas_adultos,adultos_ninguno_analfabeta,,-500,0,8.975915299,26.85846924,3.016791609,35.25890607062468,high,INCLUSION,0.216
72,#527,2024-04,Vulnerabilidad Elevada,2.070141643,1.0,1.0,1.0,1.776038647,2.823478261,2.580217391,1.043888889,sotap,2,complete,jefatura_femenina,si,espanol_uno_mas_adultos,adultos_ninguno_analfabeta,0.0,0,0,6.702282231,32.85812825,3.116564434,38.71868920026256,high,EXCLUSION,0.09726000000000001
73,#1311,2023-06,Vulnerabilidad Baja,1.0,1.0,1.0,1.0,1.0,1.498900966,1.790108696,1.0,sotap,2,low,jefatura_masculina,no,espanol_ningun_adulto,adultos_ninguno_analfabeta,,0,0,0.0,10.02735341,2.279861825,9.70466314991279,low,EXCLUSION,0.09006
74,#071,2023-10,Vulnerabilidad Moderada,2.070141643,1.0,1.0,1.0,1.776038647,1.498900966,2.580217391,1.043888889,sotap,2,low,jefatura_masculina,no,espanol_uno_mas_adultos,adultos_ninguno_analfabeta,0.0,0,0,6.702282231,22.80125306,2.835878661,28.985454310751948,medium,INCLUSION,0.09876
75,#527,2023-06,Vulnerabilidad Moderada,1.0,1.525552408,2.578385269,1.0,1.776038647,1.498900966,1.790108696,1.0,sotap,1,low,,,espanol_uno_mas_adultos,adultos_ninguno_analfabeta,500.0,0,0,13.7168894,17.10850297,2.885790892,30.71624685370383,medium,EXCLUSION,0.11952
76,#1223,2023-10,Vulnerabilidad Baja,1.0,1.525552408,1.249197356,1.0,1.0,1.0,1.790108696,1.0,sotap,1,low,,,espanol_uno_mas_adultos,adultos_ninguno_analfabeta,-500.0,0,0,5.877094669,5.614422911,2.331634552,11.499970619844198,low,EXCLUSION,0.10692
77,#1497,2023-11,Vulnerabilidad Moderada,2.700708215,1.0,2.578385269,1.0,1.776038647,1.0,1.0,1.0,futij,3,low,jefatura_femenina,no,espanol_uno_mas_adultos,adultos_ninguno_analfabeta,0.0,0,0,20.97871872,5.532745347,2.778868113,27.00853093611651,medium,EXCLUSION,0.14424
78,#112,2023-10,Vulnerabilidad Moderada,1.0,1.0,1.0,1.0,1.776038647,2.823478261,1.790108696,1.043888889,sotap,1,low,,,espanol_uno_mas_adultos,adultos_ninguno_analfabeta,0.0,0,0,0.0,26.85846924,2.749615568,25.99413684138756,medium,EXCLUSION,0.15306
79,#645,2024-06,Vulnerabilidad Elevada,2.070141643,1.0,2.578385269,1.0,1.776038647,2.823478261,2.580217391,1.043888889,fupal,4,average,jefatura_femenina,no,espanol_uno_mas_adultos,adultos_uno_mas_analfabeta,,0,0,17.46888676,32.85812825,3.43704192,49.83177382961031,high,EXCLUSION,0.13110000000000002
80,#676,2024-01,Vulnerabilidad Baja,1.0,2.051104816,1.0,1.0,1.776038647,1.0,1.790108696,1.0,pcr_cdmx,1,low,,,espanol_uno_mas_adultos,adultos_ninguno_analfabeta,,0,0,6.609317356,12.01413641,2.532044784,18.449521284023227,low,EXCLUSION,0.15125999999999998
81,#1476,2023-10,Vulnerabilidad Baja,1.0,1.0,1.0,1.0,1.776038647,2.823478261,1.0,1.0,pcr_cdmx,4,average,jefatura_masculina,no,espanol_uno_mas_adultos,adultos_ninguno_analfabeta,0.0,0,0,0.0,17.78726377,2.496439678,17.21485183461763,low,EXCLUSION,0.18864
82,#527,2023-08,Vulnerabilidad Moderada,1.0,1.0,1.0,1.0,1.776038647,2.823478261,2.580217391,1.0,sotap,1,low,,,espanol_ningun_adulto,adultos_ninguno_analfabeta,,0,0,0.0,32.12448674,2.896589272,31.09068863222006,medium,EXCLUSION,0.14082
83,#1223,2023-11,Vulnerabilidad Moderada,2.070141643,1.0,2.578385269,1.0,1.0,1.498900966,1.790108696,1.043888889,sotap,2,average,jefatura_masculina,no,espanol_uno_mas_adultos,adultos_ninguno_analfabeta,,0,0,17.46888676,10.52243148,2.813656206,28.214862117365684,medium,EXCLUSION,0.12714
84,#133,2023-09,Vulnerabilidad Elevada,1.0,1.0,1.0,1.0,1.776038647,2.823478261,2.580217391,1.043888889,fupal,1,low,,,espanol_ningun_adulto,adultos_uno_mas_analfabeta,,0,0,0.0,32.85812825,2.917065088,31.80072082478675,medium,EXCLUSION,0.16889999999999997
85,#252,2023-07,Vulnerabilidad Baja,1.0,1.0,1.0,1.0,1.776038647,1.0,2.580217391,1.0,sotap,4,low,jefatura_masculina,no,espanol_ningun_adulto,adultos_ninguno_analfabeta,,0,0,0.0,16.59309681,2.46311067,16.059114361557388,low,EXCLUSION,0.07848
86,#513,2024-06,Vulnerabilidad Baja,2.070141643,1.0,1.0,1.0,1.0,1.0,1.790108696,1.043888889,pcr_cdmx,1,low,,,espanol_uno_mas_adultos,adultos_ninguno_analfabeta,0.0,0,0,6.702282231,6.061858428,2.368684842,12.78475013740434,low,INCLUSION,0.08682
87,#458,2023-08,Vulnerabilidad Baja,1.0,1.0,1.0,1.0,1.0,1.0,1.790108696,1.0,fupal,3,low,jefatura_masculina,si,espanol_uno_mas_adultos,adultos_ninguno_analfabeta,,0,0,0.0,5.614422911,2.156697643,5.433745167301109,low,EXCLUSION,0.10806
88,#1101,2024-03,Vulnerabilidad Elevada,1.0,1.0,1.0,1.0,1.776038647,2.823478261,2.580217391,1.043888889,sotap,1,low,,,espanol_uno_mas_adultos,adultos_ninguno_analfabeta,0.0,0,0,0.0,32.85812825,2.917065088,31.80072082478675,medium,EXCLUSION,0.1425
89,#252,2023-06,Vulnerabilidad Moderada,1.0,1.0,2.578385269,1.0,1.776038647,1.498900966,1.790108696,1.0,sotap,1,low,,,espanol_uno_mas_adultos,adultos_ninguno_analfabeta,,0,0,8.975915299,17.10850297,2.744671614,25.82270346515955,medium,EXCLUSION,0.11903999999999999
90,#1200,2024-05,Vulnerabilidad Baja,1.0,1.0,1.0,1.0,1.0,1.0,1.790108696,1.043888889,fupal,1,low,,,espanol_uno_mas_adultos,adultos_ninguno_analfabeta,,0,0,0.0,6.061858428,2.169185496,5.866781761928531,low,EXCLUSION,0.10566
91,#252,2023-06,Vulnerabilidad Moderada,1.0,1.0,1.0,1.0,1.776038647,2.117608696,2.580217391,1.043888889,sotap,6,average,jefatura_femenina,no,espanol_uno_mas_adultos,adultos_ninguno_analfabeta,,0,0,0.0,28.09152966,2.784030087,27.18751614401154,medium,EXCLUSION,0.10422000000000001
92,#527,2023-06,Vulnerabilidad Elevada,1.0,1.0,2.578385269,1.0,1.776038647,2.117608696,2.580217391,1.738466184,sotap,5,high,jefatura_masculina,no,espanol_uno_mas_adultos,adultos_ninguno_analfabeta,0.0,0,0,8.975915299,36.78475459,3.29383264,44.86575363177633,high,EXCLUSION,0.12624
93,#1765,2023-08,Vulnerabilidad Baja,1.0,1.0,1.0,1.0,1.0,1.0,1.0,1.0,fupal,1,low,,,espanol_uno_mas_adultos,adultos_ninguno_analfabeta,,-500,0,0.0,0.0,2.0,0.0,low,INCLUSION,0.1344
94,#1102,2024-05,Vulnerabilidad Baja,1.0,1.0,1.0,1.0,1.776038647,1.0,1.790108696,1.0,pcr_cdmx,1,low,,,espanol_ningun_adulto,adultos_ninguno_analfabeta,,0,0,0.0,12.01413641,2.33531262,11.62750948618979,low,INCLUSION,0.12
95,#645,2023-08,Vulnerabilidad Elevada,1.0,1.0,2.578385269,1.0,1.776038647,2.117608696,2.580217391,1.0,fupal,4,average,jefatura_masculina,no,espanol_uno_mas_adultos,adultos_ninguno_analfabeta,0.0,0,0,8.975915299,27.40879931,3.032151233,35.791525968642006,high,EXCLUSION,0.16968
96,#1223,2024-01,Vulnerabilidad Baja,1.0,1.0,1.0,1.0,1.0,1.0,1.790108696,1.0,sotap,1,low,,,espanol_uno_mas_adultos,adultos_ninguno_analfabeta,,0,0,0.0,5.614422911,2.156697643,5.433745167301109,low,EXCLUSION,0.13584000000000002
97,#071,2023-11,Vulnerabilidad Elevada,1.0,2.051104816,2.578385269,1.0,1.776038647,2.117608696,1.790108696,1.0,sotap,2,complete,jefatura_femenina,si,espanol_uno_mas_adultos,adultos_ninguno_analfabeta,,0,0,17.3510839,21.88512181,3.127280564,39.090295836018285,high,INCLUSION,0.17939999999999998
98,#1311,2024-04,Vulnerabilidad Elevada,2.070141643,1.0,1.0,1.0,1.776038647,1.498900966,2.580217391,2.544987923,sotap,2,average,jefatura_femenina,si,espanol_uno_mas_adultos,adultos_uno_mas_analfabeta,,0,0,6.702282231,37.43330939,3.244257006,43.14663643599621,high,EXCLUSION,0.10722
99,#555,2023-09,Vulnerabilidad Moderada,1.0,1.0,1.0,1.0,1.776038647,2.823478261,1.790108696,1.0,sotap,4,average,jefatura_femenina,no,espanol_uno_mas_adultos,adultos_ninguno_analfabeta,0.0,0,0,0.0,26.18890898,2.730928248,25.34612370011462,medium,EXCLUSION,0.15414
100,#1223,2024-03,Vulnerabilidad Moderada,2.700708215,1.525552408,1.0,1.0,1.776038647,1.0,2.580217391,1.0,sotap,1,low,,,espanol_uno_mas_adultos,adultos_ninguno_analfabeta,,0,0,14.26831886,16.59309681,2.887819773,30.78660199079105,medium,EXCLUSION,0.11081999999999999
101,#1583,2024-02,Vulnerabilidad Moderada,1.0,1.0,1.0,1.0,1.776038647,2.823478261,2.580217391,1.0,foten,1,low,,,espanol_uno_mas_adultos,adultos_ninguno_analfabeta,,0,0,0.0,32.12448674,2.896589272,31.09068863222006,medium,EXCLUSION,0.15611999999999998
102,#440,2024-06,Vulnerabilidad Elevada,1.0,1.0,2.578385269,1.0,1.0,2.117608696,2.580217391,1.738466184,pcr_cdmx,1,low,,,espanol_uno_mas_adultos,adultos_ninguno_analfabeta,0.0,0,0,8.975915299,27.07165714,3.022741649,35.46523337081478,high,EXCLUSION,0.09252
103,,2023-06,Vulnerabilidad Moderada,1.0,1.0,1.0,1.0,1.776038647,2.117608696,2.580217391,1.0,,2,average,jefatura_masculina,si,espanol_ningun_adulto,adultos_uno_mas_analfabeta,,0,0,0.0,27.40879931,2.764975192,26.526756739404888,medium,EXCLUSION,0.1434
104,#1167,2023-12,Vulnerabilidad Moderada,1.0,1.0,1.0,1.0,1.776038647,2.823478261,1.790108696,1.0,foten,3,average,jefatura_masculina,no,espanol_ningun_adulto,adultos_uno_mas_analfabeta,,0,0,0.0,26.18890898,2.730928248,25.34612370011462,medium,EXCLUSION,0.21198
105,#112,2024-04,Vulnerabilidad Elevada,2.070141643,1.0,2.578385269,1.0,1.776038647,1.0,2.580217391,2.544987923,sotap,1,low,,,espanol_uno_mas_adultos,adultos_ninguno_analfabeta,0.0,0,0,17.46888676,30.38303782,3.367962543,47.43633428473814,high,EXCLUSION,0.0924
106,#112,2024-02,Vulnerabilidad Moderada,1.0,1.0,1.0,1.0,1.776038647,2.823478261,2.580217391,1.0,sotap,4,average,jefatura_masculina,no,espanol_uno_mas_adultos,adultos_ninguno_analfabeta,,0,0,0.0,32.12448674,2.896589272,31.09068863222006,medium,INCLUSION,0.15066
107,#1311,2023-06,Vulnerabilidad Baja,1.0,1.0,1.0,1.0,1.0,1.498900966,1.0,1.0,sotap,2,average,jefatura_femenina,no,espanol_uno_mas_adultos,adultos_ninguno_analfabeta,-500.0,0,0,0.0,3.815111519,2.10647915,3.692337415207061,low,EXCLUSION,0.10319999999999999
108,#1841,2024-03,Vulnerabilidad Moderada,1.0,1.525552408,1.0,1.0,1.776038647,2.823478261,2.580217391,1.0,foten,1,low,,,espanol_uno_mas_adultos,adultos_ninguno_analfabeta,,0,0,3.741369748,32.12448674,3.007954444,34.95245940008045,high,INCLUSION,0.15546
109,#1223,2023-12,Vulnerabilidad Baja,2.700708215,1.0,1.249197356,1.0,1.0,1.0,1.790108696,1.0,sotap,1,low,,,espanol_uno_mas_adultos,adultos_ninguno_analfabeta,0.0,0,0,11.93561888,5.614422911,2.511971873,17.75346419847839,low,INCLUSION,0.10656
110,#1841,2023-08,Vulnerabilidad Moderada,2.700708215,1.0,2.578385269,1.0,1.0,1.498900966,1.0,1.0,foten,1,low,,,espanol_uno_mas_adultos,adultos_ninguno_analfabeta,,0,0,20.97871872,3.815111519,2.730929228,25.34617228233538,medium,INCLUSION,0.12935999999999998
111,#527,2023-10,Vulnerabilidad Baja,1.0,1.0,1.0,1.0,1.776038647,1.0,1.790108696,1.0,sotap,2,average,jefatura_femenina,si,espanol_uno_mas_adultos,adultos_ninguno_analfabeta,0.0,0,0,0.0,12.01413641,2.33531262,11.62750948618979,low,EXCLUSION,0.14424
112,#112,2023-10,Vulnerabilidad Baja,1.0,1.0,1.0,1.0,1.0,1.498900966,1.0,1.0,sotap,1,low,,,espanol_uno_mas_adultos,adultos_ninguno_analfabeta,-500.0,0,0,0.0,3.815111519,2.10647915,3.692337415207061,low,INCLUSION,0.10968000000000001
113,#527,2023-10,Vulnerabilidad Elevada,2.700708215,1.0,1.249197356,1.0,1.776038647,2.823478261,2.580217391,1.043888889,sotap,1,low,,,espanol_uno_mas_adultos,adultos_ninguno_analfabeta,0.0,0,0,11.93561888,32.85812825,3.272339318,44.12043985596403,high,EXCLUSION,0.11897999999999997
114,#1223,2024-05,Vulnerabilidad Baja,1.0,1.0,1.0,1.0,1.776038647,1.498900966,1.790108696,1.0,sotap,2,average,jefatura_femenina,si,espanol_uno_mas_adultos,adultos_ninguno_analfabeta,-500.0,0,0,0.0,17.10850297,2.477495573,16.55793423592243,low,EXCLUSION,0.09426000000000001
115,#1223,2023-12,Vulnerabilidad Moderada,1.0,1.0,1.0,1.0,1.776038647,2.823478261,2.580217391,1.0,sotap,1,low,,,espanol_uno_mas_adultos,adultos_ninguno_analfabeta,0.0,0,0,0.0,32.12448674,2.896589272,31.09068863222006,medium,INCLUSION,0.14226
116,#1476,2023-08,Vulnerabilidad Baja,1.0,1.0,1.0,1.0,1.776038647,1.498900966,1.790108696,1.0,pcr_cdmx,1,low,,,espanol_uno_mas_adultos,adultos_ninguno_analfabeta,0.0,0,0,0.0,17.10850297,2.477495573,16.55793423592243,low,INCLUSION,0.15468
117,#555,2024-05,Vulnerabilidad Elevada,2.700708215,1.0,3.251728045,1.0,1.776038647,1.0,1.790108696,2.544987923,sotap,1,low,,,espanol_uno_mas_adultos,adultos_ninguno_analfabeta,,0,0,24.2379543,24.59957006,3.408034155,48.82588720322744,high,EXCLUSION,0.09132
118,#1677,2024-05,Vulnerabilidad Moderada,1.0,1.525552408,2.578385269,1.0,1.776038647,1.498900966,1.790108696,1.0,futij,1,low,,,espanol_ningun_adulto,adultos_ninguno_analfabeta,,0,0,13.7168894,17.10850297,2.885790892,30.71624685370383,medium,EXCLUSION,0.12593999999999997
119,#1102,2024-05,Vulnerabilidad Elevada,1.0,2.051104816,2.578385269,1.0,1.776038647,2.823478261,2.580217391,1.0,pcr_cdmx,2,average,jefatura_femenina,si,espanol_ningun_adulto,adultos_ninguno_analfabeta,0.0,0,0,17.3510839,32.12448674,3.413059597,49.00014776320596,high,EXCLUSION,0.14166
120,#1311,2024-02,Vulnerabilidad Moderada,1.0,1.0,1.0,1.0,1.776038647,2.117608696,2.580217391,1.0,sotap,1,low,,,espanol_ningun_adulto,adultos_ninguno_analfabeta,0.0,0,0,0.0,27.40879931,2.764975192,26.526756739404888,medium,EXCLUSION,0.12918000000000002
121,#1311,2024-01,Vulnerabilidad Baja,2.700708215,1.0,1.0,1.0,1.776038647,1.0,1.790108696,1.0,sotap,3,average,jefatura_masculina,si,espanol_ningun_adulto,adultos_ninguno_analfabeta,0.0,0,0,9.472088355,12.01413641,2.61725769,21.404419116542044,medium,INCLUSION,0.11681999999999998
122,#1311,2024-04,Vulnerabilidad Moderada,1.0,1.0,2.578385269,1.0,1.776038647,1.498900966,2.580217391,1.0,sotap,3,average,jefatura_femenina,no,espanol_ningun_adulto,adultos_ninguno_analfabeta,,0,0,8.975915299,22.17502718,2.886077492,30.726181859557546,medium,EXCLUSION,0.12077999999999998
123,#440,2023-09,Vulnerabilidad Elevada,1.0,1.525552408,2.578385269,1.0,1.776038647,2.823478261,2.580217391,1.043888889,pcr_cdmx,2,average,jefatura_masculina,si,espanol_uno_mas_adultos,adultos_uno_mas_analfabeta,,0,0,13.7168894,32.85812825,3.325360407,45.95903344256815,high,EXCLUSION,0.17298
124,#252,2024-05,Vulnerabilidad Elevada,2.700708215,1.0,3.251728045,1.0,1.776038647,1.0,2.580217391,1.0,sotap,1,low,,,espanol_uno_mas_adultos,adultos_ninguno_analfabeta,,0,0,24.2379543,16.59309681,3.184574771,41.07707026888569,high,EXCLUSION,0.09989999999999999
125,#1101,2024-05,Vulnerabilidad Elevada,2.070141643,1.0,1.0,1.0,1.776038647,2.823478261,2.580217391,1.043888889,sotap,3,low,jefatura_masculina,no,espanol_uno_mas_adultos,adultos_ninguno_analfabeta,0.0,0,0,6.702282231,32.85812825,3.116564434,38.71868920026256,high,EXCLUSION,0.093
126,#1311,2023-10,Vulnerabilidad Moderada,2.070141643,1.0,1.0,1.0,1.776038647,1.0,1.790108696,2.544987923,sotap,4,average,jefatura_masculina,no,espanol_uno_mas_adultos,adultos_ninguno_analfabeta,,-500,0,6.702282231,24.59957006,2.8860694,30.72589967137496,medium,INCLUSION,0.13458
127,#252,2023-07,Vulnerabilidad Elevada,2.070141643,1.0,2.578385269,1.0,1.0,2.117608696,1.790108696,1.043888889,sotap,2,low,jefatura_femenina,no,espanol_uno_mas_adultos,adultos_ninguno_analfabeta,0.0,0,-500,17.46888676,14.70478802,2.930385106,32.26262624155194,medium,INCLUSION,0.1119
128,#513,2024-05,Vulnerabilidad Elevada,1.0,1.0,2.578385269,1.0,1.776038647,2.823478261,2.580217391,1.0,pcr_cdmx,1,low,,,espanol_uno_mas_adultos,adultos_ninguno_analfabeta,0.0,0,0,8.975915299,32.12448674,3.163765312,40.35545786145718,high,EXCLUSION,0.12822
129,#1476,2023-07,Vulnerabilidad Baja,2.070141643,1.0,1.0,1.0,1.776038647,1.498900966,1.790108696,1.043888889,pcr_cdmx,1,low,,,espanol_uno_mas_adultos,adultos_ninguno_analfabeta,,0,0,6.702282231,17.68003002,2.692946147,24.029037349402188,medium,EXCLUSION,0.09047999999999999
130,#1223,2023-07,Vulnerabilidad Baja,1.0,2.051104816,1.0,1.0,1.0,1.498900966,1.0,1.043888889,sotap,1,low,,,espanol_uno_mas_adultos,adultos_uno_mas_analfabeta,,0,0,6.609317356,4.243121443,2.315157003,10.928585349676254,low,EXCLUSION,0.09935999999999999
131,#440,2024-06,Vulnerabilidad Baja,1.599560907,1.0,2.578385269,1.0,1.0,2.117608696,1.0,1.043888889,pcr_cdmx,1,low,,,espanol_uno_mas_adultos,adultos_ninguno_analfabeta,0.0,0,0,14.28054816,7.858894815,2.644413613,22.346098201295447,medium,EXCLUSION,0.13608
132,#1761,2024-05,Vulnerabilidad Baja,1.0,1.0,1.0,1.0,1.776038647,1.0,1.0,1.0,fomon,2,average,jefatura_femenina,no,espanol_uno_mas_adultos,adultos_ninguno_analfabeta,,0,0,0.0,5.532745347,2.154418035,5.354696068988193,low,EXCLUSION,0.11628
133,#1101,2023-10,Vulnerabilidad Moderada,1.0,1.0,1.0,1.0,1.0,2.117608696,2.580217391,1.738466184,sotap,2,low,jefatura_femenina,no,espanol_uno_mas_adultos,adultos_ninguno_analfabeta,,0,0,0.0,27.07165714,2.755565608,26.20046414157766,medium,EXCLUSION,0.11735999999999999
134,#555,2023-06,Vulnerabilidad Elevada,1.0,1.0,3.251728045,1.0,1.776038647,2.823478261,2.580217391,1.0,sotap,3,low,jefatura_masculina,si,espanol_uno_mas_adultos,adultos_ninguno_analfabeta,0.0,0,0,11.51832969,32.12448674,3.23944252,42.97968968997395,high,EXCLUSION,0.12732
135,#513,2024-03,Vulnerabilidad Moderada,1.0,1.525552408,1.0,1.0,1.776038647,2.117608696,1.790108696,1.0,pcr_cdmx,4,average,jefatura_femenina,no,espanol_ningun_adulto,adultos_ninguno_analfabeta,,0,0,3.741369748,21.88512181,2.722175411,25.04260747289278,medium,INCLUSION,0.16812
136,#1311,2023-09,Vulnerabilidad Moderada,1.0,1.0,1.0,1.0,1.776038647,2.823478261,1.790108696,1.0,sotap,1,low,,,espanol_ningun_adulto,adultos_uno_mas_analfabeta,,0,0,0.0,26.18890898,2.730928248,25.34612370011462,medium,EXCLUSION,0.16307999999999997
137,#252,2024-04,Vulnerabilidad Baja,1.0,1.525552408,1.0,1.0,1.776038647,1.498900966,1.790108696,1.0,sotap,1,low,,,espanol_uno_mas_adultos,adultos_ninguno_analfabeta,0.0,0,0,3.741369748,17.10850297,2.588860746,20.41970500378282,low,EXCLUSION,0.11381999999999998
138,#606,2024-04,Vulnerabilidad Elevada,2.070141643,1.0,1.0,1.0,1.776038647,2.823478261,2.580217391,1.043888889,foten,2,average,jefatura_masculina,si,espanol_uno_mas_adultos,adultos_uno_mas_analfabeta,,0,0,6.702282231,32.85812825,3.116564434,38.71868920026256,high,INCLUSION,0.10938
139,#555,2024-01,Vulnerabilidad Baja,1.0,1.0,1.0,1.0,1.0,1.0,1.0,1.0,sotap,1,low,,,espanol_ningun_adulto,adultos_ninguno_analfabeta,,0,0,0.0,0.0,2.0,0.0,low,INCLUSION,0.1263
140,#1223,2024-05,Vulnerabilidad Elevada,2.070141643,1.0,1.0,1.0,1.776038647,2.823478261,1.790108696,1.043888889,sotap,3,low,jefatura_masculina,no,espanol_ningun_adulto,adultos_ninguno_analfabeta,0.0,0,0,6.702282231,26.85846924,2.949114914,32.912105216863374,medium,EXCLUSION,0.10776000000000001
141,#1223,2024-01,Vulnerabilidad Moderada,1.0,1.0,1.0,1.0,1.776038647,2.823478261,1.790108696,1.043888889,sotap,1,low,,,espanol_uno_mas_adultos,adultos_ninguno_analfabeta,0.0,0,0,0.0,26.85846924,2.749615568,25.99413684138756,medium,EXCLUSION,0.15906
142,#112,2024-02,Vulnerabilidad Moderada,1.0,1.0,1.0,1.0,1.776038647,2.823478261,1.790108696,1.0,sotap,6,average,jefatura_femenina,no,espanol_uno_mas_adultos,adultos_ninguno_analfabeta,0.0,0,0,0.0,26.18890898,2.730928248,25.34612370011462,medium,EXCLUSION,0.15575999999999998
143,#1311,2023-09,Vulnerabilidad Moderada,2.700708215,1.0,2.578385269,1.0,1.0,1.498900966,1.0,1.0,sotap,1,low,,,espanol_uno_mas_adultos,adultos_ninguno_analfabeta,-500.0,0,0,20.97871872,3.815111519,2.730929228,25.34617228233538,medium,EXCLUSION,0.09911999999999999
144,#016,2023-10,Vulnerabilidad Baja,1.0,1.0,1.0,1.0,1.0,1.498900966,1.0,1.0,futij,3,average,jefatura_femenina,no,espanol_uno_mas_adultos,adultos_ninguno_analfabeta,,-500,0,0.0,3.815111519,2.10647915,3.692337415207061,low,EXCLUSION,0.15641999999999998
145,#071,2024-02,Vulnerabilidad Elevada,1.0,2.051104816,1.0,1.0,1.776038647,2.823478261,1.790108696,1.0,sotap,4,average,jefatura_masculina,no,espanol_uno_mas_adultos,adultos_ninguno_analfabeta,0.0,0,0,6.609317356,26.18890898,2.927660413,32.16813549794806,medium,EXCLUSION,0.14981999999999998
146,#555,2023-10,Vulnerabilidad Baja,1.0,1.0,1.0,1.0,1.0,2.117608696,1.790108696,1.043888889,sotap,1,low,,,espanol_uno_mas_adultos,adultos_ninguno_analfabeta,0.0,0,0,0.0,14.70478802,2.410408275,14.23157323672838,low,INCLUSION,0.13248
147,#672,2024-02,Vulnerabilidad Moderada,1.0,1.0,1.0,1.0,1.776038647,2.823478261,1.790108696,1.0,fupal,1,low,,,espanol_uno_mas_adultos,adultos_ninguno_analfabeta,,0,0,0.0,26.18890898,2.730928248,25.34612370011462,medium,EXCLUSION,0.15497999999999998
148,#527,2024-02,Vulnerabilidad Moderada,1.0,1.525552408,2.578385269,1.0,1.776038647,1.0,1.790108696,1.043888889,sotap,1,low,,,espanol_uno_mas_adultos,adultos_ninguno_analfabeta,0.0,0,0,13.7168894,12.53066404,2.758024142,26.28572735831016,medium,INCLUSION,0.14226
149,#1167,2024-02,Vulnerabilidad Elevada,2.700708215,1.0,2.578385269,1.0,1.776038647,2.117608696,1.790108696,1.043888889,foten,1,low,,,espanol_uno_mas_adultos,adultos_ninguno_analfabeta,,0,0,20.97871872,22.50821784,3.252650827,43.43771574881928,high,INCLUSION,0.15324000000000002
150,#1583,2023-08,Vulnerabilidad Severa,2.700708215,2.051104816,3.251728045,1.0,1.776038647,2.823478261,1.790108696,1.0,foten,4,average,jefatura_masculina,no,espanol_uno_mas_adultos,adultos_ninguno_analfabeta,,0,0,35.61565687,26.18890898,3.791059708,62.10792802384809,high,INCLUSION,0.1563
151,#1311,2023-11,Vulnerabilidad Baja,1.0,1.0,1.0,1.564135978,1.0,2.117608696,1.790108696,1.043888889,sotap,1,low,,,espanol_uno_mas_adultos,adultos_uno_mas_analfabeta,,0,0,3.975239986,14.70478802,2.528734801,18.334740420717846,low,EXCLUSION,0.13374
152,#252,2024-06,Vulnerabilidad Elevada,1.0,1.525552408,1.0,1.0,1.776038647,2.823478261,2.580217391,1.0,sotap,3,average,jefatura_masculina,no,espanol_uno_mas_adultos,adultos_ninguno_analfabeta,,0,-500,3.741369748,32.12448674,3.007954444,34.95245940008045,high,EXCLUSION,0.13074
153,#555,2024-01,Vulnerabilidad Baja,1.0,1.0,1.0,1.0,1.0,1.0,1.790108696,1.0,sotap,1,low,,,espanol_uno_mas_adultos,adultos_ninguno_analfabeta,500.0,0,0,0.0,5.614422911,2.156697643,5.433745167301109,low,INCLUSION,0.12102
154,#1101,2023-10,Vulnerabilidad Elevada,2.700708215,2.051104816,3.251728045,1.0,1.0,2.117608696,1.790108696,1.0,sotap,1,low,,,espanol_uno_mas_adultos,adultos_ninguno_analfabeta,,0,0,35.61565687,14.16503897,3.455475425,50.4709981746399,high,INCLUSION,0.10932
155,#071,2023-10,Vulnerabilidad Moderada,1.0,1.0,2.578385269,1.0,1.776038647,1.0,2.580217391,1.043888889,sotap,2,low,jefatura_masculina,si,espanol_uno_mas_adultos,adultos_ninguno_analfabeta,0.0,-500,0,8.975915299,17.15905947,2.746082638,25.87163300643305,medium,INCLUSION,0.159
156,#1771,2024-02,Vulnerabilidad Moderada,1.0,1.0,1.0,1.0,1.776038647,2.823478261,1.790108696,1.0,fupal,1,low,,,espanol_uno_mas_adultos,adultos_ninguno_analfabeta,,0,0,0.0,26.18890898,2.730928248,25.34612370011462,medium,EXCLUSION,0.16025999999999999
157,#1223,2024-02,Vulnerabilidad Baja,1.0,1.0,1.0,1.0,1.0,1.0,1.0,1.0,sotap,1,low,,,espanol_uno_mas_adultos,adultos_ninguno_analfabeta,,0,0,0.0,0.0,2.0,0.0,low,INCLUSION,0.12168
158,#1101,2024-01,Vulnerabilidad Baja,2.700708215,1.0,1.0,1.0,1.0,2.117608696,1.790108696,1.043888889,sotap,4,average,jefatura_femenina,si,espanol_uno_mas_adultos,adultos_ninguno_analfabeta,,0,0,9.472088355,14.70478802,2.692353344,24.00848286708064,medium,INCLUSION,0.11285999999999999
159,#071,2023-08,Vulnerabilidad Elevada,1.0,1.0,1.0,1.0,1.776038647,2.823478261,2.580217391,1.043888889,sotap,3,low,jefatura_masculina,si,espanol_uno_mas_adultos,adultos_ninguno_analfabeta,0.0,0,0,0.0,32.85812825,2.917065088,31.80072082478675,medium,INCLUSION,0.1326
160,#527,2024-06,Vulnerabilidad Baja,1.0,1.0,1.0,1.0,1.0,2.117608696,1.790108696,1.0,sotap,1,low,,,espanol_uno_mas_adultos,adultos_ninguno_analfabeta,,0,0,0.0,14.16503897,2.395343965,13.709193850906429,low,EXCLUSION,0.0963
161,#252,2024-02,Vulnerabilidad Baja,1.0,1.0,1.0,1.0,1.0,2.117608696,1.0,1.0,sotap,1,low,,,espanol_uno_mas_adultos,adultos_ninguno_analfabeta,,0,0,0.0,7.392265486,2.206316944,7.154374990395034,low,EXCLUSION,0.12774
162,#1311,2023-10,Vulnerabilidad Elevada,1.0,1.525552408,2.578385269,1.0,1.776038647,2.823478261,1.790108696,1.043888889,sotap,1,low,,,espanol_uno_mas_adultos,adultos_uno_mas_analfabeta,0.0,0,0,13.7168894,26.85846924,3.157910887,40.15244945916896,high,EXCLUSION,0.18996
163,#1725,2023-06,Vulnerabilidad Moderada,2.070141643,1.0,1.0,1.0,1.776038647,1.498900966,2.580217391,1.043888889,foten,1,low,,,espanol_uno_mas_adultos,adultos_ninguno_analfabeta,0.0,0,0,6.702282231,22.80125306,2.835878661,28.985454310751948,medium,EXCLUSION,0.10247999999999999
164,#527,2024-07,Vulnerabilidad Moderada,1.0,2.051104816,1.0,1.0,1.776038647,2.117608696,1.790108696,1.0,sotap,3,low,jefatura_masculina,no,espanol_uno_mas_adultos,adultos_ninguno_analfabeta,,0,0,6.609317356,21.88512181,2.807542403,28.002848502865827,medium,EXCLUSION,0.12354
165,#071,2023-07,Vulnerabilidad Baja,1.0,1.0,1.0,1.0,1.776038647,1.0,2.580217391,1.043888889,sotap,1,low,,,espanol_ningun_adulto,adultos_uno_mas_analfabeta,0.0,0,0,0.0,17.15905947,2.478906597,16.60686377719593,low,EXCLUSION,0.12054
166,#527,2024-02,Vulnerabilidad Elevada,2.070141643,1.0,2.578385269,1.0,1.776038647,2.823478261,2.580217391,1.043888889,sotap,1,low,,,espanol_uno_mas_adultos,adultos_ninguno_analfabeta,0.0,0,0,17.46888676,32.85812825,3.43704192,49.83177382961031,high,EXCLUSION,0.15018
167,#252,2024-05,Vulnerabilidad Severa,2.700708215,1.0,3.251728045,1.0,1.776038647,2.117608696,2.580217391,1.043888889,sotap,4,complete,jefatura_femenina,si,espanol_uno_mas_adultos,adultos_ninguno_analfabeta,,0,0,24.2379543,28.09152966,3.505494188,52.20547205133984,high,EXCLUSION,0.11135999999999999
168,#606,2024-03,Vulnerabilidad Elevada,1.0,1.0,2.578385269,1.0,1.776038647,2.823478261,2.580217391,1.0,foten,1,low,,,espanol_uno_mas_adultos,adultos_ninguno_analfabeta,0.0,0,0,8.975915299,32.12448674,3.163765312,40.35545786145718,high,EXCLUSION,0.1728
169,#1311,2024-04,Vulnerabilidad Elevada,2.700708215,1.0,3.251728045,1.0,1.776038647,2.117608696,2.580217391,1.0,sotap,1,low,,,espanol_uno_mas_adultos,adultos_ninguno_analfabeta,0.0,0,0,24.2379543,27.40879931,3.486439293,51.54471264673319,high,EXCLUSION,0.1059
170,#676,2023-06,Vulnerabilidad Moderada,1.0,1.0,1.0,1.0,1.776038647,2.823478261,2.580217391,1.0,pcr_cdmx,4,average,jefatura_masculina,no,espanol_uno_mas_adultos,adultos_ninguno_analfabeta,,0,0,0.0,32.12448674,2.896589272,31.09068863222006,medium,EXCLUSION,0.12323999999999999
171,#1101,2024-04,Vulnerabilidad Severa,2.070141643,1.0,2.578385269,1.0,1.776038647,1.498900966,2.580217391,2.544987923,sotap,3,complete,jefatura_femenina,si,espanol_ningun_adulto,adultos_uno_mas_analfabeta,0.0,0,0,17.46888676,37.43330939,3.564734492,54.25972106534397,high,EXCLUSION,0.12864
172,#1841,2023-08,Vulnerabilidad Elevada,1.0,1.0,2.578385269,1.0,1.776038647,2.823478261,2.580217391,1.043888889,foten,2,average,jefatura_femenina,si,espanol_uno_mas_adultos,adultos_ninguno_analfabeta,,0,0,8.975915299,32.85812825,3.184241129,41.06549005402387,high,EXCLUSION,0.17502
173,#937,2024-06,Vulnerabilidad Baja,1.0,1.0,1.0,1.0,1.776038647,2.117608696,1.790108696,1.0,futij,1,low,,,espanol_uno_mas_adultos,adultos_ninguno_analfabeta,,-500,0,0.0,21.88512181,2.610810239,21.18083670503239,low,EXCLUSION,0.13097999999999999
174,#1101,2024-06,Vulnerabilidad Elevada,2.700708215,1.0,1.249197356,1.0,1.776038647,2.117608696,1.790108696,1.043888889,sotap,3,average,jefatura_femenina,si,espanol_uno_mas_adultos,adultos_ninguno_analfabeta,,0,0,11.93561888,22.50821784,2.983474979,34.10359991286824,high,EXCLUSION,0.07715999999999999
175,#676,2023-11,Vulnerabilidad Baja,1.0,1.0,1.0,1.0,1.776038647,1.498900966,1.790108696,1.0,pcr_cdmx,1,low,,,espanol_uno_mas_adultos,adultos_ninguno_analfabeta,,0,0,0.0,17.10850297,2.477495573,16.55793423592243,low,EXCLUSION,0.14682
176,#1223,2023-09,Vulnerabilidad Baja,1.0,1.0,1.0,1.0,1.776038647,1.0,2.580217391,1.043888889,sotap,1,low,,,espanol_uno_mas_adultos,adultos_ninguno_analfabeta,,0,0,0.0,17.15905947,2.478906597,16.60686377719593,low,INCLUSION,0.1158
177,#071,2024-04,Vulnerabilidad Elevada,1.0,1.0,2.578385269,1.0,1.776038647,2.117608696,2.580217391,1.043888889,sotap,2,average,jefatura_femenina,si,espanol_ningun_adulto,adultos_uno_mas_analfabeta,,0,0,8.975915299,28.09152966,3.051206127,36.45228537324866,high,EXCLUSION,0.13188
178,#1101,2023-06,Vulnerabilidad Baja,1.0,1.0,1.0,1.0,1.0,1.0,1.790108696,1.0,sotap,1,low,,,espanol_ningun_adulto,adultos_uno_mas_analfabeta,,0,0,0.0,5.614422911,2.156697643,5.433745167301109,low,INCLUSION,0.10518000000000001
179,#645,2023-08,Vulnerabilidad Elevada,2.070141643,1.0,1.0,1.0,1.776038647,2.117608696,2.580217391,1.043888889,fupal,2,low,jefatura_masculina,no,espanol_uno_mas_adultos,adultos_ninguno_analfabeta,,0,0,6.702282231,28.09152966,2.983529432,34.10548451948735,high,EXCLUSION,0.13932
180,#555,2024-03,Vulnerabilidad Severa,2.700708215,1.0,2.578385269,1.0,1.776038647,2.823478261,2.580217391,1.0,sotap,2,average,jefatura_masculina,no,espanol_uno_mas_adultos,adultos_ninguno_analfabeta,0.0,0,0,20.97871872,32.12448674,3.521039349,52.74452349934838,high,EXCLUSION,0.15684
181,#071,2023-08,Vulnerabilidad Moderada,1.0,1.525552408,1.0,1.0,1.776038647,2.117608696,1.790108696,1.0,sotap,1,low,,,espanol_uno_mas_adultos,adultos_ninguno_analfabeta,,0,0,3.741369748,21.88512181,2.722175411,25.04260747289278,medium,INCLUSION,0.13014
182,#1805,2024-04,Vulnerabilidad Baja,1.0,1.0,2.578385269,1.0,1.776038647,1.0,1.790108696,1.0,fomon,1,low,,,espanol_uno_mas_adultos,adultos_ninguno_analfabeta,0.0,0,0,8.975915299,12.01413641,2.602488661,20.89227871542691,low,EXCLUSION,0.1338
183,#1311,2024-04,Vulnerabilidad Elevada,2.070141643,1.0,3.251728045,1.0,1.0,2.117608696,2.580217391,1.043888889,sotap,4,average,jefatura_femenina,no,espanol_uno_mas_adultos,adultos_ninguno_analfabeta,0.0,0,0,20.51851115,19.54126117,3.156145058,40.09122120160637,high,EXCLUSION,0.0951
184,#252,2024-06,Vulnerabilidad Severa,2.070141643,2.051104816,2.578385269,1.0,1.776038647,2.823478261,2.580217391,2.544987923,sotap,3,complete,jefatura_masculina,si,espanol_ningun_adulto,adultos_uno_mas_analfabeta,0.0,0,0,27.51489601,50.0,4.214497142,76.79130287849782,high,EXCLUSION,0.12882
185,#1311,2023-11,Vulnerabilidad Baja,1.0,2.051104816,1.249197356,1.0,1.776038647,1.0,1.790108696,1.043888889,sotap,1,low,,,espanol_uno_mas_adultos,adultos_ninguno_analfabeta,0.0,0,0,8.909093135,12.53066404,2.614915843,21.3232114017062,medium,EXCLUSION,0.13254
186,#1859,2023-09,Vulnerabilidad Baja,1.0,1.0,1.0,1.0,1.0,2.117608696,1.0,1.0,pcr_cdmx,1,low,,,espanol_uno_mas_adultos,adultos_ninguno_analfabeta,0.0,0,0,0.0,7.392265486,2.206316944,7.154374990395034,low,EXCLUSION,0.14436
187,#645,2023-12,Vulnerabilidad Elevada,1.0,1.0,2.578385269,1.0,1.776038647,2.823478261,2.580217391,1.043888889,fupal,1,low,,,espanol_uno_mas_adultos,adultos_ninguno_analfabeta,,0,0,8.975915299,32.85812825,3.184241129,41.06549005402387,high,EXCLUSION,0.16673999999999997
188,#1101,2024-01,Vulnerabilidad Baja,1.0,1.0,2.578385269,1.0,1.776038647,1.0,1.790108696,1.043888889,sotap,1,low,,,espanol_uno_mas_adultos,adultos_ninguno_analfabeta,,0,0,8.975915299,12.53066404,2.616904864,21.39218396976588,medium,EXCLUSION,0.15816
189,#252,2024-06,Vulnerabilidad Moderada,1.0,1.0,1.249197356,1.0,1.776038647,2.117608696,2.580217391,1.043888889,sotap,1,low,,,espanol_uno_mas_adultos,adultos_ninguno_analfabeta,0.0,0,0,1.921713018,28.09152966,2.841231571,29.1710718086438,medium,EXCLUSION,0.10715999999999999
190,#1101,2023-07,Vulnerabilidad Elevada,2.700708215,1.0,3.251728045,1.0,1.776038647,2.823478261,1.0,1.0,sotap,3,low,jefatura_masculina,no,espanol_ningun_adulto,adultos_ninguno_analfabeta,0.0,0,0,24.2379543,17.78726377,3.21790378,42.23280774194593,high,EXCLUSION,0.12497999999999998
191,#1624,2023-12,Vulnerabilidad Baja,1.0,1.0,1.0,1.0,1.776038647,1.498900966,1.790108696,1.0,fusal,1,low,,,espanol_uno_mas_adultos,adultos_ninguno_analfabeta,,0,0,0.0,17.10850297,2.477495573,16.55793423592243,low,INCLUSION,0.15527999999999997
192,#1223,2024-05,Vulnerabilidad Elevada,2.070141643,1.0,1.0,1.0,1.776038647,2.823478261,2.580217391,1.043888889,sotap,2,complete,jefatura_femenina,si,espanol_uno_mas_adultos,adultos_ninguno_analfabeta,-500.0,0,0,6.702282231,32.85812825,3.116564434,38.71868920026256,high,EXCLUSION,0.10434
193,#1311,2024-05,Vulnerabilidad Baja,1.0,1.0,1.0,1.0,1.776038647,1.0,1.790108696,1.0,sotap,1,low,,,espanol_uno_mas_adultos,adultos_uno_mas_analfabeta,,0,0,0.0,12.01413641,2.33531262,11.62750948618979,low,EXCLUSION,0.11975999999999999
194,#1407,2024-04,Vulnerabilidad Elevada,1.0,1.0,1.0,1.0,1.776038647,2.823478261,2.580217391,1.043888889,foten,1,low,,,espanol_uno_mas_adultos,adultos_ninguno_analfabeta,,0,0,0.0,32.85812825,2.917065088,31.80072082478675,medium,EXCLUSION,0.12041999999999999
195,#1101,2024-01,Vulnerabilidad Baja,2.070141643,1.0,1.0,1.564135978,1.0,1.0,1.790108696,1.043888889,sotap,2,low,jefatura_masculina,no,espanol_uno_mas_adultos,adultos_ninguno_analfabeta,,0,0,11.47057999,6.061858428,2.510617433,17.706496486586722,low,EXCLUSION,0.09
196,#071,2023-08,Vulnerabilidad Elevada,1.0,1.0,2.578385269,1.0,1.776038647,2.823478261,1.790108696,1.043888889,sotap,3,average,jefatura_femenina,si,espanol_uno_mas_adultos,adultos_ninguno_analfabeta,-500.0,0,0,8.975915299,26.85846924,3.016791609,35.25890607062468,high,EXCLUSION,0.16277999999999998
197,#071,2023-10,Vulnerabilidad Elevada,2.700708215,1.525552408,2.578385269,1.0,1.776038647,2.117608696,1.790108696,1.0,sotap,1,low,,,espanol_uno_mas_adultos,adultos_ninguno_analfabeta,0.0,0,0,27.05638709,21.88512181,3.416167479,49.10792538797568,high,EXCLUSION,0.13506
198,#1101,2024-01,Vulnerabilidad Elevada,1.599560907,2.051104816,1.0,1.0,1.776038647,2.117608696,1.790108696,1.0,sotap,1,low,,,espanol_ningun_adulto,adultos_ninguno_analfabeta,0.0,0,0,11.61905914,21.88512181,2.956661789,33.17380878721673,medium,EXCLUSION,0.16146
199,#112,2024-01,Vulnerabilidad Elevada,1.0,1.0,2.578385269,1.0,1.776038647,2.117608696,1.790108696,1.738466184,sotap,4,average,jefatura_masculina,no,espanol_uno_mas_adultos,adultos_ninguno_analfabeta,0.0,0,0,8.975915299,30.44211729,3.116810651,38.727228742727625,high,EXCLUSION,0.18059999999999998
200,#1223,2023-09,Vulnerabilidad Moderada,1.0,1.0,1.0,1.0,1.776038647,1.498900966,2.580217391,1.738466184,sotap,1,low,,,espanol_uno_mas_adultos,adultos_uno_mas_analfabeta,,0,0,0.0,30.77500505,2.858925454,29.78463461248595,medium,INCLUSION,0.12984
201,#1101,2023-09,Vulnerabilidad Baja,1.0,1.0,1.0,1.0,1.776038647,1.498900966,1.0,1.0,sotap,4,low,jefatura_femenina,no,espanol_uno_mas_adultos,adultos_ninguno_analfabeta,0.0,0,0,0.0,9.93697889,2.277339487,9.61719697234091,low,INCLUSION,0.13554
202,#555,2024-02,Vulnerabilidad Elevada,2.070141643,1.0,1.0,1.0,1.776038647,2.823478261,1.790108696,1.043888889,sotap,2,average,jefatura_femenina,si,espanol_uno_mas_adultos,adultos_ninguno_analfabeta,,0,0,6.702282231,26.85846924,2.949114914,32.912105216863374,medium,EXCLUSION,0.14987999999999999
203,#1359,2024-01,Vulnerabilidad Baja,1.0,1.0,1.0,1.0,1.0,1.498900966,1.0,1.0,foten,2,average,jefatura_masculina,no,espanol_uno_mas_adultos,adultos_ninguno_analfabeta,0.0,0,0,0.0,3.815111519,2.10647915,3.692337415207061,low,INCLUSION,0.16439999999999996
204,#133,2024-05,Vulnerabilidad Moderada,1.0,1.0,1.0,1.0,1.776038647,2.823478261,2.580217391,1.0,fupal,3,low,jefatura_femenina,no,espanol_ningun_adulto,adultos_uno_mas_analfabeta,,0,0,0.0,32.12448674,2.896589272,31.09068863222006,medium,EXCLUSION,0.15372
205,#1771,2023-10,Vulnerabilidad Baja,1.0,1.0,1.0,1.0,1.0,2.823478261,1.0,1.0,fupal,1,low,,,espanol_uno_mas_adultos,adultos_ninguno_analfabeta,,0,0,0.0,10.61532135,2.296271916,10.27370969363565,low,EXCLUSION,0.16314
206,#555,2024-01,Vulnerabilidad Elevada,2.070141643,1.525552408,1.0,1.0,1.776038647,2.117608696,1.790108696,1.043888889,sotap,2,average,jefatura_femenina,si,espanol_uno_mas_adultos,adultos_uno_mas_analfabeta,,0,0,11.1900528,22.50821784,2.961282546,33.33404077084776,medium,INCLUSION,0.15491999999999997
207,#1311,2024-02,Vulnerabilidad Baja,1.0,1.0,1.0,1.0,1.776038647,1.498900966,1.790108696,1.0,sotap,4,average,jefatura_masculina,no,espanol_uno_mas_adultos,adultos_ninguno_analfabeta,,0,0,0.0,17.10850297,2.477495573,16.55793423592243,low,EXCLUSION,0.15108000000000002
208,#672,2024-03,Vulnerabilidad Elevada,1.0,2.051104816,1.0,1.0,1.776038647,2.823478261,1.790108696,1.0,fupal,4,average,jefatura_masculina,no,espanol_uno_mas_adultos,adultos_ninguno_analfabeta,,0,0,6.609317356,26.18890898,2.927660413,32.16813549794806,medium,EXCLUSION,0.16889999999999997
209,#071,2023-12,Vulnerabilidad Elevada,2.070141643,1.0,1.0,1.0,1.776038647,2.117608696,2.580217391,2.544987923,sotap,1,low,,,espanol_uno_mas_adultos,adultos_ninguno_analfabeta,,0,0,6.702282231,44.04383881,3.428755821,49.5444324087312,high,EXCLUSION,0.11376
210,#112,2023-08,Vulnerabilidad Baja,2.070141643,1.0,1.0,1.0,1.0,1.498900966,1.790108696,1.043888889,sotap,1,low,,,espanol_uno_mas_adultos,adultos_ninguno_analfabeta,0.0,0,0,6.702282231,10.52243148,2.49317872,17.10177748801793,low,EXCLUSION,0.10956
211,#071,2023-08,Vulnerabilidad Elevada,2.070141643,1.0,1.0,1.0,1.776038647,2.117608696,2.580217391,1.043888889,sotap,2,complete,jefatura_femenina,si,espanol_uno_mas_adultos,adultos_ninguno_analfabeta,,0,0,6.702282231,28.09152966,2.983529432,34.10548451948735,high,INCLUSION,0.10685999999999998
212,#1223,2024-02,Vulnerabilidad Moderada,1.0,1.0,2.578385269,1.0,1.776038647,2.117608696,1.790108696,1.043888889,sotap,1,low,,,espanol_uno_mas_adultos,adultos_ninguno_analfabeta,,0,0,8.975915299,22.50821784,2.89537679,31.04865011092808,medium,INCLUSION,0.15827999999999998
213,#1223,2023-12,Vulnerabilidad Elevada,1.0,1.0,2.578385269,1.0,1.776038647,2.823478261,2.580217391,1.043888889,sotap,4,average,jefatura_femenina,no,espanol_uno_mas_adultos,adultos_ninguno_analfabeta,0.0,0,0,8.975915299,32.85812825,3.184241129,41.06549005402387,high,EXCLUSION,0.18078
214,#1311,2024-04,Vulnerabilidad Baja,1.0,1.0,1.0,1.0,1.776038647,1.0,1.0,1.0,sotap,1,low,,,espanol_uno_mas_adultos,adultos_ninguno_analfabeta,0.0,0,-500,0.0,5.532745347,2.154418035,5.354696068988193,low,EXCLUSION,0.13577999999999998
215,#555,2023-07,Vulnerabilidad Elevada,2.070141643,2.051104816,2.578385269,1.0,1.0,1.0,1.790108696,1.043888889,sotap,2,average,jefatura_femenina,si,espanol_uno_mas_adultos,adultos_ninguno_analfabeta,-500.0,0,0,27.51489601,6.061858428,2.98819066,34.26713464042634,high,EXCLUSION,0.10014
216,#527,2024-04,Vulnerabilidad Elevada,1.0,2.051104816,2.578385269,1.0,1.776038647,2.117608696,1.790108696,1.0,sotap,1,low,,,espanol_uno_mas_adultos,adultos_ninguno_analfabeta,,0,0,17.3510839,21.88512181,3.127280564,39.090295836018285,high,INCLUSION,0.1353
217,#112,2024-05,Vulnerabilidad Baja,1.0,1.525552408,1.0,1.0,1.0,2.117608696,1.790108696,1.0,sotap,4,average,jefatura_masculina,no,espanol_uno_mas_adultos,adultos_ninguno_analfabeta,,0,0,3.741369748,14.16503897,2.506709138,17.570964618766816,low,INCLUSION,0.11639999999999998
218,#1311,2023-10,Vulnerabilidad Elevada,2.700708215,1.0,1.0,1.0,1.776038647,2.823478261,1.790108696,1.0,sotap,3,average,jefatura_femenina,no,espanol_uno_mas_adultos,adultos_ninguno_analfabeta,0.0,0,0,9.472088355,26.18890898,3.012873318,35.123033330466875,high,INCLUSION,0.14754
219,#252,2023-12,Vulnerabilidad Elevada,1.0,1.0,2.578385269,1.0,1.776038647,2.823478261,1.790108696,1.0,sotap,2,low,jefatura_masculina,no,espanol_uno_mas_adultos,adultos_ninguno_analfabeta,-500.0,0,0,8.975915299,26.18890898,2.998104289,34.61089292935174,high,INCLUSION,0.15906
220,#1167,2023-08,Vulnerabilidad Elevada,2.070141643,1.0,1.0,1.0,1.776038647,2.823478261,1.790108696,1.043888889,foten,4,average,jefatura_femenina,si,espanol_uno_mas_adultos,adultos_ninguno_analfabeta,0.0,0,0,6.702282231,26.85846924,2.949114914,32.912105216863374,medium,INCLUSION,0.13548
221,#1223,2024-04,Vulnerabilidad Moderada,1.0,1.0,1.0,1.0,1.776038647,2.823478261,1.790108696,1.043888889,sotap,1,low,,,espanol_uno_mas_adultos,adultos_ninguno_analfabeta,0.0,0,0,0.0,26.85846924,2.749615568,25.99413684138756,medium,EXCLUSION,0.12341999999999999
222,#1101,2023-08,Vulnerabilidad Baja,1.0,1.0,2.578385269,1.0,1.776038647,1.0,1.790108696,1.0,sotap,4,average,jefatura_femenina,no,espanol_uno_mas_adultos,adultos_ninguno_analfabeta,0.0,0,0,8.975915299,12.01413641,2.602488661,20.89227871542691,low,INCLUSION,0.15641999999999998
223,#1101,2024-04,Vulnerabilidad Moderada,1.0,1.0,2.578385269,1.0,1.776038647,1.0,2.580217391,1.043888889,sotap,3,average,jefatura_femenina,no,espanol_uno_mas_adultos,adultos_ninguno_analfabeta,-500.0,0,0,8.975915299,17.15905947,2.746082638,25.87163300643305,medium,EXCLUSION,0.11567999999999999
224,#238,2023-11,Vulnerabilidad Elevada,2.700708215,1.0,3.251728045,1.0,1.776038647,2.823478261,1.790108696,1.0,futij,2,low,jefatura_masculina,no,espanol_uno_mas_adultos,adultos_ninguno_analfabeta,0.0,0,0,24.2379543,26.18890898,3.45239235,50.36407960744292,high,EXCLUSION,0.16662
225,#645,2024-05,Vulnerabilidad Baja,1.0,1.0,1.0,1.0,1.0,1.0,1.0,1.0,fupal,1,low,,,espanol_uno_mas_adultos,adultos_ninguno_analfabeta,,0,0,0.0,0.0,2.0,0.0,low,EXCLUSION,0.11052000000000002
226,#1311,2023-07,Vulnerabilidad Moderada,1.0,1.0,1.0,1.0,1.776038647,2.117608696,2.580217391,1.043888889,sotap,1,low,,,espanol_uno_mas_adultos,adultos_ninguno_analfabeta,0.0,0,0,0.0,28.09152966,2.784030087,27.18751614401154,medium,EXCLUSION,0.10506
227,#527,2023-12,Vulnerabilidad Baja,1.0,1.0,1.0,1.0,1.0,1.0,1.0,1.0,sotap,4,average,jefatura_femenina,si,espanol_uno_mas_adultos,adultos_ninguno_analfabeta,0.0,-500,0,0.0,0.0,2.0,0.0,low,INCLUSION,0.15234
228,#071,2024-04,Vulnerabilidad Baja,2.070141643,1.525552408,1.0,1.0,1.0,1.0,1.790108696,1.043888889,sotap,1,low,,,espanol_uno_mas_adultos,adultos_uno_mas_analfabeta,,0,0,11.1900528,6.061858428,2.502267294,17.41694165108533,low,EXCLUSION,0.08574
229,#071,2024-04,Vulnerabilidad Elevada,1.0,1.0,3.251728045,1.0,1.776038647,2.823478261,2.580217391,1.043888889,sotap,1,low,,,espanol_uno_mas_adultos,adultos_uno_mas_analfabeta,,0,0,11.51832969,32.85812825,3.259918337,43.68972188254064,high,INCLUSION,0.16673999999999997
230,#1725,2023-11,Vulnerabilidad Elevada,2.070141643,1.0,1.0,1.0,1.776038647,2.823478261,2.580217391,1.043888889,foten,1,low,,,espanol_uno_mas_adultos,adultos_uno_mas_analfabeta,,0,0,6.702282231,32.85812825,3.116564434,38.71868920026256,high,EXCLUSION,0.16716
231,#1200,2023-11,Vulnerabilidad Elevada,1.0,1.0,1.0,1.0,1.776038647,2.823478261,2.580217391,1.043888889,fupal,1,low,,,espanol_uno_mas_adultos,adultos_ninguno_analfabeta,,0,0,0.0,32.85812825,2.917065088,31.80072082478675,medium,INCLUSION,0.16343999999999997
232,#1101,2024-04,Vulnerabilidad Elevada,2.070141643,1.0,1.0,1.0,1.776038647,2.117608696,2.580217391,1.043888889,sotap,2,average,jefatura_femenina,no,espanol_uno_mas_adultos,adultos_ninguno_analfabeta,,0,0,6.702282231,28.09152966,2.983529432,34.10548451948735,high,EXCLUSION,0.08556
233,#1311,2024-05,Vulnerabilidad Moderada,1.0,1.0,1.0,1.0,1.776038647,2.823478261,1.790108696,1.0,sotap,1,low,,,espanol_uno_mas_adultos,adultos_ninguno_analfabeta,,0,0,0.0,26.18890898,2.730928248,25.34612370011462,medium,EXCLUSION,0.12485999999999998
234,#1167,2024-01,Vulnerabilidad Severa,2.700708215,1.0,2.578385269,1.0,1.776038647,2.823478261,2.580217391,1.0,foten,5,high,jefatura_femenina,si,espanol_uno_mas_adultos,adultos_ninguno_analfabeta,,0,0,20.97871872,32.12448674,3.521039349,52.74452349934838,high,EXCLUSION,0.19193999999999997
235,#527,2024-05,Vulnerabilidad Elevada,1.0,1.525552408,2.578385269,1.0,1.776038647,2.823478261,1.790108696,1.0,sotap,2,average,jefatura_femenina,si,espanol_uno_mas_adultos,adultos_uno_mas_analfabeta,,0,0,13.7168894,26.18890898,3.139223567,39.50443631789602,high,EXCLUSION,0.1671
236,#1765,2024-01,Vulnerabilidad Baja,1.0,1.0,1.0,1.0,1.776038647,2.823478261,1.0,1.0,fupal,1,low,,,espanol_uno_mas_adultos,adultos_uno_mas_analfabeta,0.0,0,0,0.0,17.78726377,2.496439678,17.21485183461763,low,INCLUSION,0.21587999999999996
237,#527,2024-02,Vulnerabilidad Baja,1.0,1.0,1.0,1.0,1.0,1.0,1.0,1.043888889,sotap,3,low,jefatura_masculina,no,espanol_uno_mas_adultos,adultos_ninguno_analfabeta,0.0,0,0,0.0,0.386821499,2.010796126,0.374373196340681,low,EXCLUSION,0.12918000000000002
238,#527,2024-01,Vulnerabilidad Baja,1.0,2.051104816,1.0,1.0,1.776038647,2.117608696,1.0,1.0,sotap,1,low,,,espanol_uno_mas_adultos,adultos_ninguno_analfabeta,,0,0,6.609317356,14.06650994,2.5893262,20.43584738145429,low,INCLUSION,0.16157999999999997
239,#527,2023-12,Vulnerabilidad Baja,1.0,1.0,1.0,1.0,1.776038647,2.117608696,1.790108696,1.0,sotap,2,average,jefatura_femenina,si,espanol_uno_mas_adultos,adultos_ninguno_analfabeta,0.0,0,0,0.0,21.88512181,2.610810239,21.18083670503239,low,INCLUSION,0.13056
240,#112,2024-04,Vulnerabilidad Elevada,2.700708215,1.0,3.251728045,1.0,1.776038647,2.823478261,1.790108696,1.043888889,sotap,3,low,jefatura_masculina,no,espanol_uno_mas_adultos,adultos_ninguno_analfabeta,0.0,0,0,24.2379543,26.85846924,3.471079669,51.01209274871586,high,EXCLUSION,0.12204
241,#1765,2023-11,Vulnerabilidad Elevada,2.700708215,1.525552408,1.249197356,1.0,1.776038647,2.823478261,1.790108696,1.0,fupal,5,low,jefatura_femenina,no,espanol_uno_mas_adultos,adultos_ninguno_analfabeta,,0,0,17.00620089,26.18890898,3.237132827,42.89960114095571,high,INCLUSION,0.13734
242,#1223,2024-01,Vulnerabilidad Baja,1.0,2.051104816,1.0,1.0,1.776038647,1.0,2.580217391,1.0,sotap,3,low,jefatura_masculina,no,espanol_uno_mas_adultos,adultos_ninguno_analfabeta,0.0,0,0,6.609317356,16.59309681,2.659842834,22.881126159390824,medium,EXCLUSION,0.13938
243,#1583,2023-08,Vulnerabilidad Elevada,1.0,1.0,1.249197356,1.564135978,1.776038647,2.823478261,1.790108696,1.043888889,foten,4,average,jefatura_femenina,si,espanol_uno_mas_adultos,adultos_ninguno_analfabeta,0.0,0,0,6.124342631,26.85846924,2.931912031,32.31556694259577,medium,INCLUSION,0.19032
244,#112,2024-02,Vulnerabilidad Moderada,2.700708215,1.0,1.0,1.0,1.776038647,2.823478261,1.0,1.0,sotap,1,low,,,espanol_uno_mas_adultos,adultos_ninguno_analfabeta,,0,0,9.472088355,17.78726377,2.778384748,26.991761464969883,medium,EXCLUSION,0.12918000000000002
245,#440,2024-03,Vulnerabilidad Elevada,1.0,2.051104816,2.578385269,1.0,1.776038647,2.823478261,2.580217391,1.043888889,pcr_cdmx,3,average,jefatura_femenina,si,espanol_ningun_adulto,adultos_ninguno_analfabeta,0.0,0,0,17.3510839,32.85812825,3.433535414,49.710179955772645,high,EXCLUSION,0.21102
246,#112,2023-12,Vulnerabilidad Elevada,2.070141643,1.0,1.0,1.0,1.776038647,1.0,2.580217391,2.544987923,sotap,5,high,jefatura_femenina,no,espanol_uno_mas_adultos,adultos_ninguno_analfabeta,-500.0,0,0,6.702282231,30.38303782,3.047485057,36.32324965539039,high,INCLUSION,0.12239999999999998
247,#1101,2023-08,Vulnerabilidad Elevada,2.700708215,1.0,3.251728045,1.0,1.776038647,2.117608696,2.580217391,1.0,sotap,6,high,jefatura_masculina,no,espanol_uno_mas_adultos,adultos_ninguno_analfabeta,0.0,0,0,24.2379543,27.40879931,3.486439293,51.54471264673319,high,INCLUSION,0.13668
248,#1102,2023-07,Vulnerabilidad Baja,1.0,2.051104816,1.0,1.0,1.0,1.0,1.0,1.0,pcr_cdmx,1,low,,,espanol_ningun_adulto,adultos_ninguno_analfabeta,,0,0,6.609317356,0.0,2.196732164,6.8220117978334365,low,EXCLUSION,0.09132
249,#1311,2023-07,Vulnerabilidad Moderada,1.0,1.525552408,1.0,1.0,1.776038647,2.117608696,1.790108696,1.0,sotap,1,low,,,espanol_uno_mas_adultos,adultos_ninguno_analfabeta,0.0,0,0,3.741369748,21.88512181,2.722175411,25.04260747289278,medium,EXCLUSION,0.10626000000000001
250,#1311,2024-06,Vulnerabilidad Elevada,2.070141643,1.0,2.578385269,1.0,1.776038647,1.0,2.580217391,2.544987923,sotap,3,average,jefatura_femenina,si,espanol_uno_mas_adultos,adultos_ninguno_analfabeta,0.0,0,0,17.46888676,30.38303782,3.367962543,47.43633428473814,high,EXCLUSION,0.09558
251,#555,2024-05,Vulnerabilidad Baja,1.0,1.0,1.0,1.0,1.0,1.498900966,1.790108696,1.0,sotap,1,low,,,espanol_uno_mas_adultos,adultos_ninguno_analfabeta,0.0,0,0,0.0,10.02735341,2.279861825,9.70466314991279,low,EXCLUSION,0.1038
252,#555,2023-11,Vulnerabilidad Elevada,2.700708215,1.0,2.578385269,1.0,1.776038647,2.117608696,2.580217391,1.0,sotap,4,average,jefatura_femenina,no,espanol_uno_mas_adultos,adultos_ninguno_analfabeta,,0,0,20.97871872,27.40879931,3.389425269,48.18059160653321,high,INCLUSION,0.1575
253,#252,2023-09,Vulnerabilidad Baja,1.0,1.0,1.0,1.0,1.0,2.117608696,1.790108696,1.0,sotap,4,average,jefatura_masculina,no,espanol_uno_mas_adultos,adultos_ninguno_analfabeta,0.0,0,0,0.0,14.16503897,2.395343965,13.709193850906429,low,EXCLUSION,0.13182
254,#1860,2023-07,Vulnerabilidad Moderada,1.0,1.0,1.0,1.0,1.776038647,2.823478261,2.580217391,1.0,pcr_cdmx,1,low,,,espanol_ningun_adulto,adultos_ninguno_analfabeta,0.0,0,0,0.0,32.12448674,2.896589272,31.09068863222006,medium,EXCLUSION,0.12456
255,#555,2024-04,Vulnerabilidad Baja,2.070141643,1.0,1.0,1.0,1.776038647,1.498900966,1.790108696,1.043888889,sotap,1,low,,,espanol_uno_mas_adultos,adultos_ninguno_analfabeta,,0,0,6.702282231,17.68003002,2.692946147,24.029037349402188,medium,INCLUSION,0.08376
256,#555,2023-10,Vulnerabilidad Moderada,1.0,1.0,1.0,1.0,1.776038647,2.823478261,1.790108696,1.0,sotap,1,low,,,espanol_uno_mas_adultos,adultos_ninguno_analfabeta,,0,0,0.0,26.18890898,2.730928248,25.34612370011462,medium,EXCLUSION,0.14568
257,#1323,2023-12,Vulnerabilidad Moderada,1.0,2.051104816,2.578385269,1.0,1.776038647,1.0,1.790108696,1.0,fupal,1,low,,,espanol_uno_mas_adultos,adultos_ninguno_analfabeta,0.0,0,0,17.3510839,12.01413641,2.851782945,29.536968617175688,medium,EXCLUSION,0.1641
258,#1101,2023-06,Vulnerabilidad Baja,1.0,1.0,1.0,1.0,1.776038647,2.117608696,1.790108696,1.0,sotap,1,low,,,espanol_uno_mas_adultos,adultos_ninguno_analfabeta,,0,0,0.0,21.88512181,2.610810239,21.18083670503239,low,INCLUSION,0.11148
259,#1282,2024-04,Vulnerabilidad Baja,2.700708215,1.0,2.578385269,1.0,1.0,1.0,1.0,1.0,fomon,2,low,jefatura_femenina,no,espanol_uno_mas_adultos,adultos_ninguno_analfabeta,0.0,0,0,20.97871872,0.0,2.624450078,21.65383486712832,medium,EXCLUSION,0.10602000000000002
260,#1223,2024-04,Vulnerabilidad Moderada,1.0,1.525552408,1.0,1.0,1.776038647,2.823478261,1.790108696,1.0,sotap,1,low,,,espanol_uno_mas_adultos,adultos_ninguno_analfabeta,,0,0,3.741369748,26.18890898,2.842293421,29.20789446797501,medium,EXCLUSION,0.12173999999999999
261,#1054,2024-03,Vulnerabilidad Elevada,1.0,1.0,1.0,1.0,1.776038647,2.823478261,2.580217391,1.043888889,futij,2,complete,jefatura_femenina,no,espanol_uno_mas_adultos,adultos_ninguno_analfabeta,0.0,0,0,0.0,32.85812825,2.917065088,31.80072082478675,medium,INCLUSION,0.14952
262,#252,2023-10,Vulnerabilidad Baja,1.0,1.0,1.0,1.0,1.776038647,2.117608696,1.790108696,1.0,sotap,1,low,,,espanol_uno_mas_adultos,adultos_uno_mas_analfabeta,0.0,0,0,0.0,21.88512181,2.610810239,21.18083670503239,low,INCLUSION,0.14904
263,#555,2024-02,Vulnerabilidad Baja,1.0,1.525552408,2.578385269,1.0,1.0,1.498900966,1.0,1.0,sotap,6,average,jefatura_femenina,no,espanol_uno_mas_adultos,adultos_ninguno_analfabeta,,0,0,13.7168894,3.815111519,2.51477447,17.85065003298846,low,EXCLUSION,0.18516
264,#1765,2024-01,Vulnerabilidad Moderada,2.700708215,1.0,3.251728045,1.0,1.0,1.0,1.790108696,1.0,fupal,1,low,,,espanol_uno_mas_adultos,adultos_ninguno_analfabeta,,0,0,24.2379543,5.614422911,2.878161744,30.45170107462941,medium,INCLUSION,0.12708
265,#555,2023-12,Vulnerabilidad Elevada,1.0,1.0,2.578385269,1.0,1.776038647,2.823478261,2.580217391,1.043888889,sotap,1,low,,,espanol_ningun_adulto,adultos_uno_mas_analfabeta,,0,0,8.975915299,32.85812825,3.184241129,41.06549005402387,high,INCLUSION,0.21371999999999997
266,#238,2023-11,Vulnerabilidad Baja,2.070141643,1.0,1.0,1.0,1.0,2.117608696,1.0,1.043888889,futij,1,low,,,espanol_uno_mas_adultos,adultos_ninguno_analfabeta,,-500,0,6.702282231,7.858894815,2.418839839,14.523956096434295,low,INCLUSION,0.14562
267,#252,2023-10,Vulnerabilidad Elevada,1.0,1.0,2.578385269,1.0,1.776038647,2.117608696,2.580217391,1.043888889,sotap,1,low,,,espanol_uno_mas_adultos,adultos_ninguno_analfabeta,-500.0,0,0,8.975915299,28.09152966,3.051206127,36.45228537324866,high,EXCLUSION,0.14322000000000001
268,#1054,2023-11,Vulnerabilidad Elevada,2.070141643,2.051104816,1.0,1.0,1.776038647,2.823478261,1.790108696,1.043888889,futij,1,low,,,espanol_uno_mas_adultos,adultos_ninguno_analfabeta,-500.0,0,0,14.63015408,26.85846924,3.185095016,41.09510390983604,high,EXCLUSION,0.13482
269,#071,2023-09,Vulnerabilidad Elevada,2.070141643,1.0,3.251728045,1.0,1.0,1.498900966,1.790108696,1.043888889,sotap,1,low,,,espanol_ningun_adulto,adultos_uno_mas_analfabeta,0.0,0,0,20.51851115,10.52243148,2.904430968,31.362626469860267,medium,INCLUSION,0.14922
270,#527,2023-11,Vulnerabilidad Moderada,1.0,1.525552408,1.0,1.0,1.776038647,2.117608696,1.790108696,1.0,sotap,1,low,,,espanol_ningun_adulto,adultos_ninguno_analfabeta,,0,0,3.741369748,21.88512181,2.722175411,25.04260747289278,medium,EXCLUSION,0.15552000000000002
271,#527,2023-12,Vulnerabilidad Elevada,1.0,1.0,2.578385269,1.0,1.776038647,2.823478261,2.580217391,1.043888889,sotap,3,average,jefatura_femenina,si,espanol_uno_mas_adultos,adultos_ninguno_analfabeta,0.0,-500,0,8.975915299,32.85812825,3.184241129,41.06549005402387,high,EXCLUSION,0.19841999999999999
272,#458,2023-08,Vulnerabilidad Baja,2.700708215,1.0,1.249197356,1.0,1.776038647,1.0,1.790108696,1.0,fupal,1,low,,,espanol_uno_mas_adultos,adultos_ninguno_analfabeta,,0,0,11.93561888,12.01413641,2.69058685,23.94722851736708,medium,INCLUSION,0.11388
273,#112,2024-04,Vulnerabilidad Baja,1.0,1.525552408,1.0,1.0,1.0,1.498900966,1.0,1.0,sotap,3,low,jefatura_masculina,no,espanol_uno_mas_adultos,adultos_ninguno_analfabeta,0.0,0,0,3.741369748,3.815111519,2.217844323,7.554108183067449,low,EXCLUSION,0.1008
274,#527,2024-03,Vulnerabilidad Elevada,1.0,1.0,2.578385269,1.0,1.776038647,2.823478261,1.790108696,1.0,sotap,5,high,jefatura_femenina,no,espanol_uno_mas_adultos,adultos_ninguno_analfabeta,0.0,0,0,8.975915299,26.18890898,2.998104289,34.61089292935174,high,EXCLUSION,0.16926
275,#071,2024-01,Vulnerabilidad Moderada,1.0,1.0,2.578385269,1.0,1.776038647,2.117608696,1.790108696,1.0,sotap,3,average,jefatura_masculina,no,espanol_uno_mas_adultos,adultos_ninguno_analfabeta,0.0,0,0,8.975915299,21.88512181,2.877986279,30.44560593426951,medium,INCLUSION,0.19937999999999997
276,#1765,2023-08,Vulnerabilidad Baja,1.0,1.525552408,1.0,1.0,1.776038647,1.498900966,1.790108696,1.0,fupal,2,low,jefatura_masculina,no,espanol_uno_mas_adultos,adultos_ninguno_analfabeta,,-500,0,3.741369748,17.10850297,2.588860746,20.41970500378282,low,INCLUSION,0.18126
277,#071,2023-08,Vulnerabilidad Elevada,1.0,2.051104816,1.0,1.0,1.776038647,2.823478261,1.790108696,1.0,sotap,2,low,jefatura_masculina,no,espanol_uno_mas_adultos,adultos_ninguno_analfabeta,,0,0,6.609317356,26.18890898,2.927660413,32.16813549794806,medium,INCLUSION,0.13835999999999998
278,#071,2023-08,Vulnerabilidad Baja,1.0,1.0,1.0,1.0,1.0,2.117608696,1.790108696,1.0,sotap,4,average,jefatura_masculina,no,espanol_uno_mas_adultos,adultos_ninguno_analfabeta,,0,-500,0.0,14.16503897,2.395343965,13.709193850906429,low,EXCLUSION,0.16902
279,#1407,2024-02,Vulnerabilidad Moderada,1.0,1.0,1.0,1.0,1.776038647,2.823478261,2.580217391,1.0,foten,1,low,,,espanol_uno_mas_adultos,adultos_ninguno_analfabeta,0.0,0,0,0.0,32.12448674,2.896589272,31.09068863222006,medium,EXCLUSION,0.1536
280,#112,2023-11,Vulnerabilidad Elevada,2.070141643,1.0,1.0,1.0,1.776038647,2.117608696,2.580217391,1.043888889,sotap,3,complete,jefatura_femenina,si,espanol_uno_mas_adultos,adultos_ninguno_analfabeta,,0,0,6.702282231,28.09152966,2.983529432,34.10548451948735,high,EXCLUSION,0.11148
281,#645,2024-01,Vulnerabilidad Moderada,1.0,1.0,1.0,1.0,1.776038647,2.823478261,1.790108696,1.0,fupal,1,low,,,espanol_uno_mas_adultos,adultos_ninguno_analfabeta,,0,0,0.0,26.18890898,2.730928248,25.34612370011462,medium,EXCLUSION,0.16884
282,#527,2024-03,Vulnerabilidad Baja,1.0,1.0,1.0,1.0,1.776038647,1.0,1.790108696,1.0,sotap,4,low,jefatura_femenina,no,espanol_uno_mas_adultos,adultos_ninguno_analfabeta,-500.0,0,0,0.0,12.01413641,2.33531262,11.62750948618979,low,INCLUSION,0.10392
283,#1725,2024-06,Vulnerabilidad Elevada,2.700708215,1.0,3.251728045,1.0,1.776038647,2.823478261,1.790108696,1.0,foten,2,average,jefatura_femenina,si,espanol_uno_mas_adultos,adultos_ninguno_analfabeta,,0,0,24.2379543,26.18890898,3.45239235,50.36407960744292,high,EXCLUSION,0.11123999999999999
284,#1200,2024-03,Vulnerabilidad Elevada,1.0,1.0,2.578385269,1.0,1.776038647,2.823478261,2.580217391,1.043888889,fupal,3,average,jefatura_femenina,si,espanol_uno_mas_adultos,adultos_ninguno_analfabeta,0.0,0,0,8.975915299,32.85812825,3.184241129,41.06549005402387,high,INCLUSION,0.1797
285,#606,2024-01,Vulnerabilidad Moderada,2.070141643,1.0,2.578385269,1.0,1.0,1.498900966,1.790108696,1.043888889,foten,3,low,jefatura_masculina,no,espanol_uno_mas_adultos,adultos_ninguno_analfabeta,0.0,0,0,17.46888676,10.52243148,2.813656206,28.214862117365684,medium,INCLUSION,0.16673999999999997
286,#1583,2023-06,Vulnerabilidad Elevada,1.0,2.051104816,2.578385269,1.0,1.776038647,2.823478261,1.790108696,1.0,foten,1,low,,,espanol_uno_mas_adultos,adultos_ninguno_analfabeta,0.0,0,0,17.3510839,26.18890898,3.247398574,43.25558283110052,high,EXCLUSION,0.19529999999999997
287,#555,2024-04,Vulnerabilidad Baja,1.0,1.0,1.0,1.0,1.0,1.498900966,1.0,1.0,sotap,1,low,,,espanol_uno_mas_adultos,adultos_ninguno_analfabeta,0.0,0,0,0.0,3.815111519,2.10647915,3.692337415207061,low,INCLUSION,0.09114
288,#555,2024-01,Vulnerabilidad Moderada,2.070141643,1.0,1.0,1.0,1.776038647,2.117608696,1.790108696,1.043888889,sotap,4,low,jefatura_masculina,no,espanol_uno_mas_adultos,adultos_ninguno_analfabeta,0.0,0,-500,6.702282231,22.50821784,2.827700095,28.70184925716677,medium,INCLUSION,0.14952
289,#1167,2024-06,Vulnerabilidad Moderada,1.0,1.525552408,1.0,1.0,1.776038647,2.823478261,1.790108696,1.0,foten,1,low,,,espanol_uno_mas_adultos,adultos_ninguno_analfabeta,,0,0,3.741369748,26.18890898,2.842293421,29.20789446797501,medium,EXCLUSION,0.11418
290,#645,2024-06,Vulnerabilidad Baja,1.0,1.0,1.0,1.0,1.0,2.117608696,1.790108696,1.0,fupal,1,low,,,espanol_uno_mas_adultos,adultos_ninguno_analfabeta,0.0,0,0,0.0,14.16503897,2.395343965,13.709193850906429,low,EXCLUSION,0.08766
291,#458,2024-01,Vulnerabilidad Baja,1.0,1.0,1.0,1.0,1.0,1.0,1.0,1.0,fupal,1,low,,,espanol_uno_mas_adultos,adultos_ninguno_analfabeta,-500.0,0,0,0.0,0.0,2.0,0.0,low,EXCLUSION,0.13956000000000002
292,#1101,2023-06,Vulnerabilidad Elevada,1.0,2.051104816,1.249197356,1.0,1.776038647,2.823478261,2.580217391,1.043888889,sotap,2,complete,jefatura_femenina,si,espanol_uno_mas_adultos,adultos_ninguno_analfabeta,,0,0,8.909093135,32.85812825,3.182252108,40.99651748596419,high,INCLUSION,0.12618000000000001
293,#112,2024-03,Vulnerabilidad Baja,1.0,1.0,1.0,1.0,1.776038647,2.117608696,1.790108696,1.0,sotap,1,low,,,espanol_uno_mas_adultos,adultos_ninguno_analfabeta,-500.0,0,0,0.0,21.88512181,2.610810239,21.18083670503239,low,EXCLUSION,0.13422
294,#1311,2023-10,Vulnerabilidad Severa,2.070141643,1.0,1.0,1.0,1.776038647,2.823478261,2.580217391,2.544987923,sotap,4,average,jefatura_femenina,no,espanol_uno_mas_adultos,adultos_ninguno_analfabeta,0.0,0,0,6.702282231,50.0,3.594991325,55.308918375475805,high,EXCLUSION,0.12972
295,#1765,2023-08,Vulnerabilidad Moderada,1.0,1.0,1.0,1.0,1.776038647,2.823478261,1.790108696,1.0,fupal,1,low,,,espanol_uno_mas_adultos,adultos_uno_mas_analfabeta,-500.0,0,0,0.0,26.18890898,2.730928248,25.34612370011462,medium,EXCLUSION,0.1761
296,#1223,2023-10,Vulnerabilidad Baja,1.0,1.0,1.0,1.0,1.776038647,1.498900966,1.790108696,1.0,sotap,1,low,,,espanol_uno_mas_adultos,adultos_ninguno_analfabeta,,0,0,0.0,17.10850297,2.477495573,16.55793423592243,low,EXCLUSION,0.12252
297,#112,2024-01,Vulnerabilidad Elevada,1.0,1.0,1.249197356,1.0,1.776038647,2.117608696,2.580217391,1.738466184,sotap,2,low,jefatura_femenina,no,espanol_ningun_adulto,adultos_ninguno_analfabeta,0.0,0,0,1.921713018,36.78475459,3.083858084,37.58454006717147,high,INCLUSION,0.14364
298,#527,2024-05,Vulnerabilidad Moderada,1.0,1.0,2.578385269,1.0,1.776038647,2.117608696,1.790108696,1.0,sotap,1,low,,,espanol_uno_mas_adultos,adultos_ninguno_analfabeta,,0,0,8.975915299,21.88512181,2.877986279,30.44560593426951,medium,EXCLUSION,0.13319999999999999
299,#1407,2024-06,Vulnerabilidad Moderada,1.0,1.0,1.0,1.0,1.776038647,2.823478261,2.580217391,1.0,foten,2,average,jefatura_masculina,no,espanol_uno_mas_adultos,adultos_ninguno_analfabeta,,0,0,0.0,32.12448674,2.896589272,31.09068863222006,medium,INCLUSION,0.12341999999999999
300,#112,2023-09,Vulnerabilidad Moderada,2.070141643,1.0,1.249197356,1.0,1.776038647,1.498900966,1.790108696,1.043888889,sotap,2,average,jefatura_masculina,si,espanol_uno_mas_adultos,adultos_ninguno_analfabeta,-500.0,0,0,9.00737574,17.68003002,2.76155929,26.40831107261532,medium,EXCLUSION,0.10854
301,#1677,2023-10,Vulnerabilidad Baja,1.0,1.0,1.0,1.0,1.0,1.0,1.0,1.0,futij,1,low,,,espanol_uno_mas_adultos,adultos_ninguno_analfabeta,,-500,0,0.0,0.0,2.0,0.0,low,INCLUSION,0.13788
302,#112,2024-04,Vulnerabilidad Baja,1.0,1.525552408,1.0,1.0,1.776038647,1.498900966,1.790108696,1.0,sotap,4,average,jefatura_masculina,no,espanol_ningun_adulto,adultos_ninguno_analfabeta,,0,0,3.741369748,17.10850297,2.588860746,20.41970500378282,low,EXCLUSION,0.12462
303,#1311,2024-01,Vulnerabilidad Baja,1.0,1.0,1.0,1.0,1.776038647,1.498900966,1.790108696,1.0,sotap,3,low,jefatura_femenina,no,espanol_uno_mas_adultos,adultos_ninguno_analfabeta,,0,0,0.0,17.10850297,2.477495573,16.55793423592243,low,EXCLUSION,0.15654
304,#112,2024-01,Vulnerabilidad Elevada,2.070141643,1.0,3.251728045,1.0,1.776038647,2.117608696,1.790108696,1.043888889,sotap,3,average,jefatura_femenina,si,espanol_uno_mas_adultos,adultos_uno_mas_analfabeta,500.0,0,0,20.51851115,22.50821784,3.238952342,42.96269823900911,high,EXCLUSION,0.21642
305,#606,2023-12,Vulnerabilidad Elevada,1.0,1.0,3.251728045,1.0,1.776038647,2.823478261,2.580217391,1.0,foten,3,low,jefatura_masculina,si,espanol_uno_mas_adultos,adultos_ninguno_analfabeta,-500.0,0,0,11.51832969,32.12448674,3.23944252,42.97968968997395,high,EXCLUSION,0.16823999999999997
306,#527,2024-04,Vulnerabilidad Elevada,2.700708215,1.0,2.578385269,1.0,1.776038647,2.823478261,1.790108696,1.0,sotap,1,low,,,espanol_uno_mas_adultos,adultos_ninguno_analfabeta,0.0,0,0,20.97871872,26.18890898,3.355378326,46.99995856724294,high,EXCLUSION,0.12414
307,#252,2023-12,Vulnerabilidad Elevada,1.0,1.0,3.251728045,1.0,1.776038647,2.823478261,1.790108696,1.043888889,sotap,2,average,jefatura_femenina,si,espanol_uno_mas_adultos,adultos_ninguno_analfabeta,0.0,0,0,11.51832969,26.85846924,3.092468817,37.88313789914145,high,EXCLUSION,0.19698
308,#1223,2024-06,Vulnerabilidad Baja,1.0,1.0,3.251728045,1.0,1.0,1.498900966,1.0,1.043888889,sotap,2,average,jefatura_masculina,no,espanol_uno_mas_adultos,adultos_ninguno_analfabeta,,0,0,11.51832969,4.243121443,2.461278087,15.995574609596703,low,EXCLUSION,0.10602000000000002
309,#440,2024-02,Vulnerabilidad Moderada,2.700708215,1.0,1.0,1.0,1.776038647,2.117608696,1.790108696,1.0,pcr_cdmx,1,low,,,espanol_uno_mas_adultos,adultos_ninguno_analfabeta,,0,0,9.472088355,21.88512181,2.892755308,30.95774633538465,medium,EXCLUSION,0.12539999999999998
310,#527,2024-06,Vulnerabilidad Elevada,1.599560907,1.0,2.578385269,1.0,1.776038647,2.823478261,2.580217391,1.043888889,sotap,1,low,,,espanol_uno_mas_adultos,adultos_ninguno_analfabeta,0.0,0,0,14.28054816,32.85812825,3.342138208,46.54083130512371,high,INCLUSION,0.11435999999999999
311,#1765,2023-10,Vulnerabilidad Baja,1.0,2.051104816,1.0,1.0,1.776038647,2.823478261,1.0,1.0,fupal,1,low,,,espanol_uno_mas_adultos,adultos_ninguno_analfabeta,,-500,0,6.609317356,17.78726377,2.693171842,24.036863632451063,medium,EXCLUSION,0.1944
312,#458,2024-04,Vulnerabilidad Baja,1.0,1.0,1.0,1.0,1.776038647,1.498900966,1.790108696,1.0,fupal,2,low,jefatura_masculina,no,espanol_uno_mas_adultos,adultos_ninguno_analfabeta,,-500,0,0.0,17.10850297,2.477495573,16.55793423592243,low,EXCLUSION,0.1206
313,#1101,2023-07,Vulnerabilidad Elevada,1.0,2.051104816,1.0,1.0,1.776038647,2.823478261,1.790108696,1.043888889,sotap,4,average,jefatura_femenina,si,espanol_uno_mas_adultos,adultos_ninguno_analfabeta,,0,0,6.609317356,26.85846924,2.946347732,32.816148639221,medium,EXCLUSION,0.11603999999999999
314,#555,2024-01,Vulnerabilidad Baja,1.0,1.0,1.0,1.0,1.776038647,1.498900966,1.790108696,1.043888889,sotap,1,low,,,espanol_uno_mas_adultos,adultos_ninguno_analfabeta,0.0,0,0,0.0,17.68003002,2.493446802,17.11106897392638,low,EXCLUSION,0.15438000000000002
315,#1841,2023-11,Vulnerabilidad Elevada,1.0,1.0,3.251728045,1.0,1.776038647,2.823478261,1.790108696,1.0,foten,1,low,,,espanol_ningun_adulto,adultos_uno_mas_analfabeta,,0,0,11.51832969,26.18890898,3.073781497,37.23512475786851,high,INCLUSION,0.23639999999999997
316,#112,2024-05,Vulnerabilidad Baja,2.070141643,1.0,1.0,1.0,1.776038647,1.498900966,1.790108696,1.0,sotap,4,average,jefatura_femenina,si,espanol_uno_mas_adultos,adultos_ninguno_analfabeta,0.0,0,0,6.702282231,17.10850297,2.676994919,23.47590261139824,medium,INCLUSION,0.09972
317,#1223,2024-05,Vulnerabilidad Severa,1.0,2.051104816,2.578385269,1.0,1.776038647,2.823478261,2.580217391,1.738466184,sotap,2,complete,jefatura_femenina,si,espanol_ningun_adulto,adultos_uno_mas_analfabeta,0.0,0,0,17.3510839,42.19960637,3.69425457,58.75103996839293,high,EXCLUSION,0.16427999999999998
318,#1167,2023-08,Vulnerabilidad Elevada,1.0,1.0,1.0,1.0,1.776038647,2.823478261,2.580217391,1.043888889,foten,3,low,jefatura_femenina,no,espanol_uno_mas_adultos,adultos_ninguno_analfabeta,-500.0,0,0,0.0,32.85812825,2.917065088,31.80072082478675,medium,EXCLUSION,0.1476
319,#112,2023-07,Vulnerabilidad Severa,2.700708215,1.0,2.578385269,1.0,1.776038647,2.823478261,2.580217391,1.0,sotap,2,average,jefatura_masculina,no,espanol_uno_mas_adultos,adultos_ninguno_analfabeta,,0,0,20.97871872,32.12448674,3.521039349,52.74452349934838,high,INCLUSION,0.10127999999999998
320,#527,2023-09,Vulnerabilidad Moderada,1.0,1.0,1.0,1.0,1.776038647,2.823478261,2.580217391,1.0,sotap,2,low,jefatura_masculina,no,espanol_uno_mas_adultos,adultos_ninguno_analfabeta,,-500,0,0.0,32.12448674,2.896589272,31.09068863222006,medium,INCLUSION,0.1731
321,#252,2023-08,Vulnerabilidad Baja,1.0,1.0,1.0,1.0,1.776038647,1.498900966,1.790108696,1.0,sotap,1,low,,,espanol_uno_mas_adultos,adultos_ninguno_analfabeta,0.0,0,0,0.0,17.10850297,2.477495573,16.55793423592243,low,EXCLUSION,0.13926
322,#1323,2024-04,Vulnerabilidad Elevada,1.0,1.0,2.578385269,1.0,1.776038647,2.823478261,2.580217391,1.043888889,fupal,2,average,jefatura_femenina,si,espanol_uno_mas_adultos,adultos_ninguno_analfabeta,,0,0,8.975915299,32.85812825,3.184241129,41.06549005402387,high,INCLUSION,0.13788
323,#555,2024-01,Vulnerabilidad Severa,2.070141643,2.051104816,1.0,1.0,1.776038647,2.823478261,1.790108696,2.544987923,sotap,2,average,jefatura_femenina,si,espanol_uno_mas_adultos,adultos_ninguno_analfabeta,,0,0,14.63015408,42.50305317,3.621732844,56.23622948438472,high,INCLUSION,0.15227999999999997
324,#071,2023-09,Vulnerabilidad Severa,2.700708215,1.0,3.251728045,1.0,1.776038647,2.117608696,2.580217391,2.544987923,sotap,2,average,jefatura_masculina,no,espanol_uno_mas_adultos,adultos_ninguno_analfabeta,0.0,0,0,24.2379543,44.04383881,3.950720577,67.64441994058369,high,INCLUSION,0.13074
325,#1167,2023-07,Vulnerabilidad Baja,1.0,1.0,1.0,1.0,1.0,1.0,1.790108696,1.043888889,foten,4,average,jefatura_masculina,no,espanol_ningun_adulto,adultos_uno_mas_analfabeta,,0,0,0.0,6.061858428,2.169185496,5.866781761928531,low,EXCLUSION,0.1095
326,#1223,2024-06,Vulnerabilidad Moderada,2.700708215,1.0,2.578385269,1.0,1.0,1.0,1.790108696,1.0,sotap,5,high,jefatura_masculina,no,espanol_uno_mas_adultos,adultos_ninguno_analfabeta,0.0,0,0,20.97871872,5.614422911,2.78114772,27.08758003442943,medium,INCLUSION,0.08202
327,#1200,2024-06,Vulnerabilidad Moderada,1.0,1.0,1.0,1.0,1.776038647,2.117608696,2.580217391,1.0,fupal,2,average,jefatura_femenina,no,espanol_uno_mas_adultos,adultos_ninguno_analfabeta,,0,0,0.0,27.40879931,2.764975192,26.526756739404888,medium,EXCLUSION,0.11243999999999998
328,#071,2023-10,Vulnerabilidad Baja,1.0,1.0,1.0,1.0,1.0,1.498900966,1.0,1.0,sotap,2,low,jefatura_masculina,no,espanol_uno_mas_adultos,adultos_ninguno_analfabeta,0.0,0,0,0.0,3.815111519,2.10647915,3.692337415207061,low,INCLUSION,0.13464
329,#112,2024-02,Vulnerabilidad Baja,1.0,1.0,1.0,1.0,1.0,2.823478261,1.0,1.0,sotap,1,low,,,espanol_uno_mas_adultos,adultos_ninguno_analfabeta,0.0,0,0,0.0,10.61532135,2.296271916,10.27370969363565,low,INCLUSION,0.15234
330,#1223,2023-08,Vulnerabilidad Moderada,2.070141643,1.0,1.0,1.0,1.776038647,1.498900966,2.580217391,1.043888889,sotap,3,average,jefatura_femenina,si,espanol_uno_mas_adultos,adultos_ninguno_analfabeta,,0,0,6.702282231,22.80125306,2.835878661,28.985454310751948,medium,INCLUSION,0.09768
331,#1492,2024-02,Vulnerabilidad Baja,1.0,1.0,1.0,1.0,1.0,1.0,1.790108696,1.0,fusal,1,low,,,espanol_ningun_adulto,adultos_ninguno_analfabeta,,0,0,0.0,5.614422911,2.156697643,5.433745167301109,low,INCLUSION,0.12876
332,#1841,2023-08,Vulnerabilidad Baja,2.700708215,1.0,1.0,1.0,1.0,1.0,1.0,1.0,foten,1,low,,,espanol_uno_mas_adultos,adultos_ninguno_analfabeta,,0,0,9.472088355,0.0,2.28194507,9.776909630352256,low,INCLUSION,0.09816
333,#513,2023-12,Vulnerabilidad Baja,1.0,1.0,1.0,1.0,1.0,1.498900966,1.0,1.0,pcr_cdmx,3,average,jefatura_femenina,no,espanol_uno_mas_adultos,adultos_ninguno_analfabeta,0.0,0,0,0.0,3.815111519,2.10647915,3.692337415207061,low,INCLUSION,0.15257999999999997
334,#1101,2024-07,Vulnerabilidad Baja,1.0,1.0,1.0,1.0,1.0,1.0,1.0,1.0,sotap,1,low,,,espanol_uno_mas_adultos,adultos_ninguno_analfabeta,0.0,0,0,0.0,0.0,2.0,0.0,low,EXCLUSION,0.09935999999999999
335,#1101,2023-08,Vulnerabilidad Elevada,2.070141643,1.0,1.0,1.0,1.776038647,1.0,2.580217391,2.544987923,sotap,1,low,,,espanol_ningun_adulto,adultos_ninguno_analfabeta,0.0,0,-500,6.702282231,30.38303782,3.047485057,36.32324965539039,high,EXCLUSION,0.14238
336,#112,2024-01,Vulnerabilidad Elevada,1.0,1.0,2.578385269,1.0,1.776038647,2.117608696,2.580217391,1.0,sotap,3,average,jefatura_femenina,si,espanol_uno_mas_adultos,adultos_ninguno_analfabeta,,0,0,8.975915299,27.40879931,3.032151233,35.791525968642006,high,EXCLUSION,0.1866
337,#870,2024-01,Vulnerabilidad Baja,2.700708215,1.0,1.249197356,1.564135978,1.0,1.0,1.790108696,1.043888889,fomon,1,low,,,espanol_uno_mas_adultos,adultos_ninguno_analfabeta,0.0,0,0,17.32315919,6.061858428,2.684824618,23.74741753782192,medium,INCLUSION,0.10356
338,#071,2024-02,Vulnerabilidad Elevada,2.070141643,1.0,2.578385269,1.0,1.0,1.498900966,2.580217391,2.544987923,sotap,1,low,,,espanol_uno_mas_adultos,adultos_ninguno_analfabeta,0.0,0,0,17.46888676,27.63345952,3.291222254,44.77524016401044,high,INCLUSION,0.13146
339,#1583,2023-08,Vulnerabilidad Moderada,1.0,1.0,3.251728045,1.0,1.776038647,1.498900966,1.790108696,1.0,foten,1,low,,,espanol_uno_mas_adultos,adultos_ninguno_analfabeta,0.0,0,0,11.51832969,17.10850297,2.820348822,28.44693529367632,medium,INCLUSION,0.1698
340,#458,2024-05,Vulnerabilidad Elevada,2.070141643,1.0,2.578385269,1.0,1.776038647,2.823478261,2.580217391,1.043888889,fupal,1,low,,,espanol_ningun_adulto,adultos_uno_mas_analfabeta,,0,0,17.46888676,32.85812825,3.43704192,49.83177382961031,high,EXCLUSION,0.14664
341,#645,2023-12,Vulnerabilidad Baja,2.070141643,1.0,1.0,1.0,1.776038647,1.0,2.580217391,1.043888889,fupal,1,low,,,espanol_uno_mas_adultos,adultos_ninguno_analfabeta,-500.0,0,0,6.702282231,17.15905947,2.678405943,23.524832152671745,medium,EXCLUSION,0.10554
342,#1859,2023-07,Vulnerabilidad Baja,1.0,1.0,1.0,1.0,1.0,1.498900966,1.790108696,1.0,pcr_cdmx,1,low,,,espanol_uno_mas_adultos,adultos_ninguno_analfabeta,,0,0,0.0,10.02735341,2.279861825,9.70466314991279,low,EXCLUSION,0.08286
343,#112,2023-07,Vulnerabilidad Baja,1.0,1.525552408,1.0,1.0,1.0,2.117608696,1.790108696,1.0,sotap,1,low,,,espanol_uno_mas_adultos,adultos_ninguno_analfabeta,0.0,0,0,3.741369748,14.16503897,2.506709138,17.570964618766816,low,EXCLUSION,0.10656
344,#1101,2024-04,Vulnerabilidad Severa,2.700708215,2.051104816,2.578385269,1.0,1.776038647,2.117608696,2.580217391,1.0,sotap,2,average,jefatura_femenina,si,espanol_uno_mas_adultos,adultos_uno_mas_analfabeta,0.0,0,0,31.71522481,27.40879931,3.709006849,59.2626091990155,high,EXCLUSION,0.14868
345,#1311,2023-08,Vulnerabilidad Elevada,1.0,1.0,3.251728045,1.0,1.776038647,1.498900966,2.580217391,1.043888889,sotap,1,low,,,espanol_uno_mas_adultos,adultos_ninguno_analfabeta,0.0,0,-500,11.51832969,22.80125306,2.979232564,33.956486993030026,high,EXCLUSION,0.18342
346,#252,2024-06,Vulnerabilidad Baja,1.0,1.0,1.0,1.0,1.0,1.0,1.0,1.0,sotap,1,low,,,espanol_uno_mas_adultos,adultos_ninguno_analfabeta,,0,0,0.0,0.0,2.0,0.0,low,EXCLUSION,0.08946
347,#458,2024-04,Vulnerabilidad Baja,2.700708215,1.0,1.0,1.0,1.0,1.0,1.790108696,1.0,fupal,1,low,,,espanol_uno_mas_adultos,adultos_ninguno_analfabeta,0.0,0,0,9.472088355,5.614422911,2.438642712,15.210654797653364,low,EXCLUSION,0.0813
348,#555,2024-03,Vulnerabilidad Severa,2.700708215,1.525552408,3.251728045,1.0,1.776038647,2.823478261,1.790108696,1.0,sotap,4,average,jefatura_femenina,si,espanol_ningun_adulto,adultos_ninguno_analfabeta,-500.0,0,0,30.67858802,26.18890898,3.644103496,57.01197936118624,high,EXCLUSION,0.15582
349,#1860,2023-07,Vulnerabilidad Elevada,2.070141643,1.0,1.0,1.0,1.776038647,1.498900966,2.580217391,2.544987923,pcr_cdmx,2,average,jefatura_masculina,no,espanol_uno_mas_adultos,adultos_ninguno_analfabeta,-500.0,0,0,6.702282231,37.43330939,3.244257006,43.14663643599621,high,EXCLUSION,0.10656
350,#1200,2024-05,Vulnerabilidad Baja,1.0,1.0,2.578385269,1.0,1.0,1.498900966,1.0,1.0,fupal,1,low,,,espanol_uno_mas_adultos,adultos_uno_mas_analfabeta,0.0,0,0,8.975915299,3.815111519,2.373655191,12.95710664444418,low,EXCLUSION,0.14928
351,#1311,2024-01,Vulnerabilidad Baja,1.0,1.0,1.0,1.0,1.0,1.498900966,1.0,1.0,sotap,1,low,,,espanol_uno_mas_adultos,adultos_ninguno_analfabeta,,0,0,0.0,3.815111519,2.10647915,3.692337415207061,low,EXCLUSION,0.13643999999999998
352,#111,2024-02,Vulnerabilidad Baja,1.0,1.0,1.0,1.0,1.0,1.0,1.790108696,1.0,fomon,1,low,,,espanol_uno_mas_adultos,adultos_ninguno_analfabeta,0.0,0,0,0.0,5.614422911,2.156697643,5.433745167301109,low,EXCLUSION,0.12239999999999998
353,#112,2023-06,Vulnerabilidad Baja,1.0,2.051104816,1.0,1.0,1.776038647,1.498900966,1.790108696,1.0,sotap,3,low,jefatura_masculina,si,espanol_uno_mas_adultos,adultos_ninguno_analfabeta,,0,0,6.609317356,17.10850297,2.674227738,23.379946033755868,medium,EXCLUSION,0.09258
354,#112,2024-03,Vulnerabilidad Severa,1.0,2.051104816,2.578385269,1.0,1.776038647,2.823478261,2.580217391,1.738466184,sotap,3,average,jefatura_femenina,si,espanol_uno_mas_adultos,adultos_ninguno_analfabeta,0.0,0,0,17.3510839,42.19960637,3.69425457,58.75103996839293,high,INCLUSION,0.15041999999999997
355,#1101,2024-04,Vulnerabilidad Baja,1.0,1.0,1.0,1.0,1.0,1.0,1.790108696,1.0,sotap,1,low,,,espanol_ningun_adulto,adultos_ninguno_analfabeta,,0,0,0.0,5.614422911,2.156697643,5.433745167301109,low,EXCLUSION,0.09395999999999999
356,#527,2024-04,Vulnerabilidad Baja,1.0,1.0,1.0,1.0,1.0,2.117608696,1.790108696,1.0,sotap,1,low,,,espanol_uno_mas_adultos,adultos_ninguno_analfabeta,,0,0,0.0,14.16503897,2.395343965,13.709193850906429,low,EXCLUSION,0.09318
357,#252,2024-06,Vulnerabilidad Elevada,1.0,2.051104816,2.578385269,1.0,1.776038647,1.0,2.580217391,1.738466184,sotap,3,average,jefatura_femenina,si,espanol_uno_mas_adultos,adultos_ninguno_analfabeta,,0,0,17.3510839,24.36547812,3.196506911,41.49083179960618,high,EXCLUSION,0.09276000000000001
358,#1859,2023-11,Vulnerabilidad Baja,2.700708215,1.0,1.249197356,1.0,1.0,1.0,1.0,1.0,pcr_cdmx,5,average,jefatura_masculina,no,espanol_uno_mas_adultos,adultos_ninguno_analfabeta,0.0,0,0,11.93561888,0.0,2.35527423,12.31971903117728,low,EXCLUSION,0.12389999999999998
359,#1407,2024-05,Vulnerabilidad Elevada,2.070141643,1.0,2.578385269,1.0,1.776038647,2.117608696,2.580217391,1.043888889,foten,4,average,jefatura_femenina,no,espanol_uno_mas_adultos,adultos_ninguno_analfabeta,,0,0,17.46888676,28.09152966,3.304006918,45.2185691488351,high,EXCLUSION,0.12516
360,#1624,2024-07,Vulnerabilidad Baja,1.0,1.0,1.0,1.0,1.776038647,1.0,1.790108696,1.0,fusal,1,low,,,espanol_ningun_adulto,adultos_ninguno_analfabeta,,0,0,0.0,12.01413641,2.33531262,11.62750948618979,low,INCLUSION,0.12438
361,,2023-09,Vulnerabilidad Moderada,1.0,1.0,2.578385269,1.0,1.776038647,2.117608696,1.790108696,1.0,,2,average,jefatura_masculina,si,espanol_ningun_adulto,adultos_uno_mas_analfabeta,,0,0,8.975915299,21.88512181,2.877986279,30.44560593426951,medium,INCLUSION,0.17268
362,#458,2023-06,Vulnerabilidad Baja,1.0,1.0,1.0,1.0,1.0,1.0,1.790108696,1.0,fupal,1,low,,,espanol_uno_mas_adultos,adultos_ninguno_analfabeta,,0,0,0.0,5.614422911,2.156697643,5.433745167301109,low,INCLUSION,0.09282
363,#252,2024-01,Vulnerabilidad Elevada,2.070141643,1.0,2.578385269,1.0,1.776038647,2.117608696,2.580217391,1.043888889,sotap,1,low,,,espanol_ningun_adulto,adultos_uno_mas_analfabeta,0.0,0,0,17.46888676,28.09152966,3.304006918,45.2185691488351,high,EXCLUSION,0.19164
364,#252,2024-02,Vulnerabilidad Baja,1.0,1.525552408,1.0,1.0,1.776038647,1.0,1.0,1.0,sotap,1,low,,,espanol_uno_mas_adultos,adultos_ninguno_analfabeta,,0,0,3.741369748,5.532745347,2.265783208,9.21646683684858,low,EXCLUSION,0.12888
365,#1311,2024-07,Vulnerabilidad Elevada,2.700708215,1.0,3.251728045,1.0,1.776038647,2.117608696,2.580217391,1.0,sotap,2,average,jefatura_femenina,si,espanol_uno_mas_adultos,adultos_ninguno_analfabeta,,0,0,24.2379543,27.40879931,3.486439293,51.54471264673319,high,EXCLUSION,0.13512
366,#112,2023-08,Vulnerabilidad Elevada,2.070141643,1.0,2.578385269,1.0,1.776038647,1.0,2.580217391,2.544987923,sotap,2,low,jefatura_femenina,no,espanol_uno_mas_adultos,adultos_uno_mas_analfabeta,-500.0,0,0,17.46888676,30.38303782,3.367962543,47.43633428473814,high,INCLUSION,0.1356
367,#112,2023-08,Vulnerabilidad Moderada,1.0,1.0,1.0,1.0,1.776038647,2.823478261,1.790108696,1.0,sotap,1,low,,,espanol_uno_mas_adultos,adultos_ninguno_analfabeta,0.0,0,0,0.0,26.18890898,2.730928248,25.34612370011462,medium,INCLUSION,0.14472
368,#252,2023-09,Vulnerabilidad Baja,1.0,1.0,1.0,1.564135978,1.0,2.117608696,1.0,1.0,sotap,1,low,,,espanol_uno_mas_adultos,adultos_ninguno_analfabeta,,0,0,3.975239986,7.392265486,2.32464347,11.2575421743845,low,EXCLUSION,0.105
369,#458,2023-07,Vulnerabilidad Elevada,2.700708215,2.051104816,2.578385269,1.0,1.0,1.0,1.0,1.0,fupal,2,average,jefatura_masculina,si,espanol_uno_mas_adultos,adultos_uno_mas_analfabeta,,0,0,31.71522481,0.0,2.944031657,32.73585245961061,medium,EXCLUSION,0.1284
370,#252,2024-05,Vulnerabilidad Baja,1.0,1.0,2.578385269,1.0,1.0,1.498900966,1.0,1.0,sotap,7,high,jefatura_masculina,no,espanol_uno_mas_adultos,adultos_ninguno_analfabeta,,0,0,8.975915299,3.815111519,2.373655191,12.95710664444418,low,EXCLUSION,0.09402
371,#112,2024-01,Vulnerabilidad Baja,1.0,1.525552408,1.0,1.0,1.776038647,1.498900966,1.0,1.0,sotap,2,low,jefatura_masculina,no,espanol_uno_mas_adultos,adultos_ninguno_analfabeta,,0,-500,3.741369748,9.93697889,2.388704659,13.478967740201298,low,INCLUSION,0.1752
372,#1223,2024-03,Vulnerabilidad Baja,2.700708215,1.0,1.0,1.0,1.776038647,1.0,1.790108696,1.0,sotap,1,low,,,espanol_uno_mas_adultos,adultos_ninguno_analfabeta,0.0,0,0,9.472088355,12.01413641,2.61725769,21.404419116542044,medium,INCLUSION,0.12593999999999997
373,#1805,2023-12,Vulnerabilidad Baja,1.0,1.0,1.0,1.0,1.776038647,1.498900966,1.790108696,1.0,fomon,1,low,,,espanol_uno_mas_adultos,adultos_ninguno_analfabeta,,0,0,0.0,17.10850297,2.477495573,16.55793423592243,low,EXCLUSION,0.15102000000000002
374,#676,2024-01,Vulnerabilidad Baja,1.0,1.0,1.0,1.0,1.776038647,1.498900966,1.790108696,1.0,pcr_cdmx,3,low,jefatura_masculina,no,espanol_ningun_adulto,adultos_uno_mas_analfabeta,,0,0,0.0,17.10850297,2.477495573,16.55793423592243,low,INCLUSION,0.19812000000000002
375,#1054,2023-11,Vulnerabilidad Severa,2.700708215,2.051104816,3.251728045,1.0,1.776038647,2.823478261,1.790108696,1.0,futij,2,complete,jefatura_femenina,si,espanol_uno_mas_adultos,adultos_ninguno_analfabeta,0.0,0,0,35.61565687,26.18890898,3.791059708,62.10792802384809,high,EXCLUSION,0.18168
376,#1101,2023-07,Vulnerabilidad Elevada,1.0,1.525552408,2.578385269,1.0,1.776038647,1.498900966,1.790108696,1.043888889,sotap,3,low,jefatura_femenina,no,espanol_uno_mas_adultos,adultos_uno_mas_analfabeta,,0,-500,13.7168894,17.68003002,2.901742121,31.269381591707777,medium,EXCLUSION,0.16866
377,#458,2024-03,Vulnerabilidad Elevada,1.0,1.0,3.251728045,1.0,1.776038647,2.823478261,1.790108696,1.0,fupal,4,average,jefatura_masculina,no,espanol_uno_mas_adultos,adultos_ninguno_analfabeta,-500.0,0,0,11.51832969,26.18890898,3.073781497,37.23512475786851,high,EXCLUSION,0.19932
378,#692,2024-01,Vulnerabilidad Baja,2.070141643,1.0,1.0,1.0,1.776038647,1.498900966,1.790108696,1.043888889,pcr_cdmx,1,low,,,espanol_uno_mas_adultos,adultos_ninguno_analfabeta,0.0,0,0,6.702282231,17.68003002,2.692946147,24.029037349402188,medium,EXCLUSION,0.14352
379,#1311,2023-08,Vulnerabilidad Moderada,1.0,1.525552408,1.0,1.0,1.776038647,2.117608696,2.580217391,1.043888889,sotap,1,low,,,espanol_uno_mas_adultos,adultos_ninguno_analfabeta,0.0,0,0,3.741369748,28.09152966,2.895395259,31.049286911871928,medium,EXCLUSION,0.13722
380,#1101,2024-03,Vulnerabilidad Elevada,2.700708215,2.051104816,2.578385269,1.0,1.0,1.0,1.0,1.0,sotap,2,complete,jefatura_femenina,si,espanol_uno_mas_adultos,adultos_ninguno_analfabeta,,0,0,31.71522481,0.0,2.944031657,32.73585245961061,medium,INCLUSION,0.09455999999999999
381,#016,2023-08,Vulnerabilidad Baja,1.0,1.525552408,1.0,1.0,1.0,2.117608696,1.0,1.0,futij,1,low,,,espanol_uno_mas_adultos,adultos_ninguno_analfabeta,,0,0,3.741369748,7.392265486,2.317682116,11.016145758255425,low,INCLUSION,0.11081999999999999
382,#672,2024-02,Vulnerabilidad Elevada,1.0,1.525552408,1.0,1.564135978,1.776038647,2.823478261,2.580217391,1.0,fupal,3,low,jefatura_masculina,no,espanol_uno_mas_adultos,adultos_ninguno_analfabeta,,0,-500,8.159313021,32.12448674,3.139458425,39.512576505548864,high,INCLUSION,0.1536
383,#1200,2024-06,Vulnerabilidad Elevada,2.700708215,1.0,2.578385269,1.0,1.776038647,1.498900966,1.790108696,2.544987923,fupal,1,low,,,espanol_uno_mas_adultos,adultos_ninguno_analfabeta,,0,0,20.97871872,31.0340229,3.490604678,51.689151876183416,high,EXCLUSION,0.0921
384,#1311,2024-06,Vulnerabilidad Moderada,1.0,1.0,1.0,1.0,1.776038647,2.823478261,1.790108696,1.0,sotap,1,low,,,espanol_uno_mas_adultos,adultos_ninguno_analfabeta,,0,0,0.0,26.18890898,2.730928248,25.34612370011462,medium,EXCLUSION,0.1023
385,#527,2023-10,Vulnerabilidad Baja,1.0,1.0,2.578385269,1.0,1.0,1.498900966,1.0,1.0,sotap,2,low,jefatura_femenina,no,espanol_uno_mas_adultos,adultos_ninguno_analfabeta,,0,0,8.975915299,3.815111519,2.373655191,12.95710664444418,low,EXCLUSION,0.13097999999999999
386,#1223,2023-09,Vulnerabilidad Baja,1.0,1.0,1.0,1.0,1.776038647,1.498900966,2.580217391,1.0,sotap,4,average,jefatura_masculina,no,espanol_uno_mas_adultos,adultos_ninguno_analfabeta,,0,0,0.0,22.17502718,2.618901451,21.46141263032042,medium,EXCLUSION,0.12546
387,#527,2024-07,Vulnerabilidad Baja,1.0,1.525552408,1.0,1.0,1.776038647,1.0,1.0,1.0,sotap,1,low,,,espanol_uno_mas_adultos,adultos_ninguno_analfabeta,,0,0,3.741369748,5.532745347,2.265783208,9.21646683684858,low,EXCLUSION,0.12083999999999999
388,#1771,2024-06,Vulnerabilidad Baja,1.0,1.0,1.0,1.0,1.776038647,1.498900966,1.790108696,1.0,fupal,1,low,,,espanol_uno_mas_adultos,adultos_ninguno_analfabeta,,0,0,0.0,17.10850297,2.477495573,16.55793423592243,low,EXCLUSION,0.09839999999999999
389,#513,2023-08,Vulnerabilidad Moderada,2.700708215,1.0,2.578385269,1.0,1.0,2.117608696,1.0,1.0,pcr_cdmx,2,average,jefatura_femenina,si,espanol_ningun_adulto,adultos_ninguno_analfabeta,,0,0,20.97871872,7.392265486,2.830767021,28.808209857523355,medium,EXCLUSION,0.15647999999999998
390,#1311,2023-09,Vulnerabilidad Elevada,2.700708215,2.051104816,1.249197356,1.0,1.776038647,1.0,1.790108696,1.0,sotap,4,average,jefatura_masculina,no,espanol_uno_mas_adultos,adultos_ninguno_analfabeta,,0,0,20.89305637,12.01413641,2.957212882,33.19292530323276,medium,INCLUSION,0.12018
391,#458,2024-02,Vulnerabilidad Baja,1.0,1.0,2.578385269,1.0,1.0,1.498900966,1.0,1.0,fupal,1,low,,,espanol_uno_mas_adultos,adultos_ninguno_analfabeta,0.0,0,0,8.975915299,3.815111519,2.373655191,12.95710664444418,low,EXCLUSION,0.17285999999999999
392,#692,2024-02,Vulnerabilidad Baja,1.0,1.0,2.578385269,1.0,1.0,1.498900966,1.790108696,1.043888889,pcr_cdmx,1,low,,,espanol_uno_mas_adultos,adultos_ninguno_analfabeta,0.0,0,0,8.975915299,10.52243148,2.560855415,19.44857834177924,low,INCLUSION,0.13854
393,#1282,2024-01,Vulnerabilidad Baja,2.700708215,1.0,1.249197356,1.0,1.0,1.0,1.790108696,1.0,fomon,2,average,jefatura_femenina,si,espanol_uno_mas_adultos,adultos_ninguno_analfabeta,0.0,0,0,11.93561888,5.614422911,2.511971873,17.75346419847839,low,EXCLUSION,0.12102
394,#1311,2024-05,Vulnerabilidad Elevada,1.0,1.0,3.251728045,1.0,1.776038647,2.823478261,1.790108696,1.738466184,sotap,5,high,jefatura_femenina,no,espanol_uno_mas_adultos,adultos_ninguno_analfabeta,,0,0,11.51832969,35.38399904,3.330414986,46.13430762464765,high,EXCLUSION,0.1665
395,#1223,2024-05,Vulnerabilidad Baja,1.0,1.0,1.0,1.0,1.776038647,1.498900966,1.790108696,1.0,sotap,1,low,,,espanol_uno_mas_adultos,adultos_ninguno_analfabeta,0.0,0,0,0.0,17.10850297,2.477495573,16.55793423592243,low,INCLUSION,0.1122
396,#1311,2024-04,Vulnerabilidad Baja,1.0,1.0,2.578385269,1.0,1.776038647,1.0,1.790108696,1.043888889,sotap,3,average,jefatura_masculina,no,espanol_uno_mas_adultos,adultos_ninguno_analfabeta,0.0,0,0,8.975915299,12.53066404,2.616904864,21.39218396976588,medium,EXCLUSION,0.14022
397,#071,2024-02,Vulnerabilidad Baja,1.0,1.0,1.0,1.0,1.0,1.498900966,1.0,1.0,sotap,3,low,jefatura_masculina,no,espanol_uno_mas_adultos,adultos_ninguno_analfabeta,0.0,0,0,0.0,3.815111519,2.10647915,3.692337415207061,low,EXCLUSION,0.13169999999999998
398,#112,2024-05,Vulnerabilidad Moderada,1.0,1.0,1.0,1.0,1.776038647,2.823478261,1.790108696,1.0,sotap,1,low,,,espanol_uno_mas_adultos,adultos_ninguno_analfabeta,,0,0,0.0,26.18890898,2.730928248,25.34612370011462,medium,EXCLUSION,0.11706000000000001
399,#527,2023-10,Vulnerabilidad Baja,1.0,1.0,1.0,1.0,1.0,1.0,1.0,1.0,sotap,2,average,jefatura_femenina,si,espanol_uno_mas_adultos,adultos_ninguno_analfabeta,-500.0,0,0,0.0,0.0,2.0,0.0,low,EXCLUSION,0.10566
400,#555,2023-09,Vulnerabilidad Elevada,1.0,1.0,2.578385269,1.0,1.776038647,2.117608696,2.580217391,1.043888889,sotap,1,low,,,espanol_uno_mas_adultos,adultos_uno_mas_analfabeta,0.0,0,0,8.975915299,28.09152966,3.051206127,36.45228537324866,high,EXCLUSION,0.15972
401,#133,2023-12,Vulnerabilidad Baja,2.700708215,1.0,1.0,1.0,1.776038647,1.0,1.790108696,1.0,fupal,1,low,,,espanol_uno_mas_adultos,adultos_ninguno_analfabeta,,0,0,9.472088355,12.01413641,2.61725769,21.404419116542044,medium,EXCLUSION,0.12341999999999999
402,#1167,2024-02,Vulnerabilidad Elevada,2.700708215,1.0,1.249197356,1.0,1.776038647,2.823478261,1.790108696,1.043888889,foten,4,low,jefatura_masculina,no,espanol_uno_mas_adultos,adultos_ninguno_analfabeta,,0,0,11.93561888,26.85846924,3.104889798,38.31385587256485,high,INCLUSION,0.13716
403,#071,2023-10,Vulnerabilidad Severa,2.070141643,2.051104816,2.578385269,1.0,1.776038647,2.823478261,2.580217391,2.544987923,sotap,3,complete,jefatura_masculina,no,espanol_uno_mas_adultos,adultos_uno_mas_analfabeta,0.0,0,0,27.51489601,50.0,4.214497142,76.79130287849782,high,INCLUSION,0.20123999999999997
404,,2023-09,Vulnerabilidad Severa,2.700708215,1.0,1.249197356,1.0,1.776038647,2.117608696,2.580217391,2.544987923,,3,low,jefatura_femenina,si,espanol_uno_mas_adultos,adultos_ninguno_analfabeta,0.0,0,0,11.93561888,44.04383881,3.584530706,54.94618306443267,high,EXCLUSION,0.10368000000000001
405,#1167,2024-02,Vulnerabilidad Moderada,1.0,1.0,2.578385269,1.564135978,1.776038647,1.0,1.790108696,1.0,foten,1,low,,,espanol_uno_mas_adultos,adultos_ninguno_analfabeta,0.0,0,0,14.01324416,12.01413641,2.7524292,26.09171385650275,medium,INCLUSION,0.1467
406,#252,2023-08,Vulnerabilidad Baja,1.0,1.0,1.0,1.0,1.776038647,1.498900966,1.790108696,1.0,sotap,1,low,,,espanol_uno_mas_adultos,adultos_ninguno_analfabeta,,0,0,0.0,17.10850297,2.477495573,16.55793423592243,low,EXCLUSION,0.12947999999999998
407,#1223,2024-05,Vulnerabilidad Baja,1.0,1.0,1.249197356,1.0,1.776038647,1.0,2.580217391,1.0,sotap,3,average,jefatura_femenina,no,espanol_uno_mas_adultos,adultos_ninguno_analfabeta,0.0,0,0,1.921713018,16.59309681,2.520312154,18.042670026189647,low,EXCLUSION,0.10439999999999999
408,#111,2023-12,Vulnerabilidad Baja,1.0,1.0,1.0,1.0,1.0,1.0,1.0,1.0,fomon,1,low,,,espanol_uno_mas_adultos,adultos_ninguno_analfabeta,0.0,0,0,0.0,0.0,2.0,0.0,low,INCLUSION,0.13698
409,#1415,2024-03,Vulnerabilidad Baja,2.070141643,1.0,1.0,1.0,1.776038647,1.0,1.790108696,1.0,fomon,2,average,jefatura_femenina,si,espanol_uno_mas_adultos,adultos_ninguno_analfabeta,,0,0,6.702282231,12.01413641,2.534811966,18.545477861665603,low,EXCLUSION,0.13074
410,#676,2024-01,Vulnerabilidad Baja,1.0,1.0,1.0,1.0,1.776038647,1.0,1.0,1.0,pcr_cdmx,1,low,,,espanol_uno_mas_adultos,adultos_ninguno_analfabeta,0.0,0,0,0.0,5.532745347,2.154418035,5.354696068988193,low,EXCLUSION,0.18444
411,#527,2024-05,Vulnerabilidad Elevada,2.070141643,1.0,1.0,1.0,1.776038647,2.823478261,1.790108696,1.043888889,sotap,3,average,jefatura_femenina,no,espanol_uno_mas_adultos,adultos_ninguno_analfabeta,,0,0,6.702282231,26.85846924,2.949114914,32.912105216863374,medium,INCLUSION,0.10919999999999999
412,#071,2023-06,Vulnerabilidad Elevada,2.070141643,1.0,2.578385269,1.0,1.776038647,2.823478261,2.580217391,1.043888889,sotap,3,average,jefatura_masculina,no,espanol_uno_mas_adultos,adultos_ninguno_analfabeta,0.0,0,0,17.46888676,32.85812825,3.43704192,49.83177382961031,high,EXCLUSION,0.13614
413,#555,2024-01,Vulnerabilidad Baja,1.0,1.0,1.0,1.0,1.776038647,1.498900966,2.580217391,1.0,sotap,4,average,jefatura_masculina,no,espanol_uno_mas_adultos,adultos_ninguno_analfabeta,0.0,0,0,0.0,22.17502718,2.618901451,21.46141263032042,medium,EXCLUSION,0.15425999999999998
414,#555,2023-10,Vulnerabilidad Elevada,2.070141643,1.0,1.0,1.564135978,1.776038647,1.498900966,2.580217391,1.0,sotap,2,average,jefatura_femenina,si,espanol_uno_mas_adultos,adultos_ninguno_analfabeta,0.0,0,0,11.47057999,22.17502718,2.960333388,33.30112735497861,medium,INCLUSION,0.16691999999999999
415,#1223,2024-05,Vulnerabilidad Moderada,1.0,1.0,1.0,1.0,1.776038647,2.823478261,1.790108696,1.0,sotap,1,low,,,espanol_uno_mas_adultos,adultos_ninguno_analfabeta,0.0,0,0,0.0,26.18890898,2.730928248,25.34612370011462,medium,INCLUSION,0.12834
416,#645,2024-02,Vulnerabilidad Severa,2.070141643,1.0,1.0,1.0,1.776038647,2.823478261,2.580217391,2.544987923,fupal,3,average,jefatura_masculina,no,espanol_ningun_adulto,adultos_ninguno_analfabeta,,0,0,6.702282231,50.0,3.594991325,55.308918375475805,high,EXCLUSION,0.1479
417,#1223,2024-01,Vulnerabilidad Elevada,2.070141643,1.0,2.578385269,1.0,1.776038647,1.0,2.580217391,2.544987923,sotap,2,average,jefatura_femenina,si,espanol_ningun_adulto,adultos_ninguno_analfabeta,,0,0,17.46888676,30.38303782,3.367962543,47.43633428473814,high,INCLUSION,0.1686
418,#1311,2023-09,Vulnerabilidad Elevada,1.0,2.051104816,1.0,1.0,1.776038647,2.823478261,1.790108696,1.0,sotap,1,low,,,espanol_uno_mas_adultos,adultos_ninguno_analfabeta,0.0,0,0,6.609317356,26.18890898,2.927660413,32.16813549794806,medium,EXCLUSION,0.13343999999999998
419,#458,2024-02,Vulnerabilidad Baja,2.700708215,1.0,1.0,1.0,1.0,1.498900966,1.0,1.0,fupal,1,low,,,espanol_uno_mas_adultos,adultos_ninguno_analfabeta,,0,0,9.472088355,3.815111519,2.38842422,13.469247045559316,low,EXCLUSION,0.1089
420,#1407,2024-01,Vulnerabilidad Elevada,2.700708215,1.0,3.251728045,1.564135978,1.0,1.498900966,2.580217391,1.0,foten,1,low,,,espanol_ningun_adulto,adultos_uno_mas_analfabeta,,0,0,31.08118723,14.41616583,3.327511845,46.0336501136734,high,EXCLUSION,0.1935
421,#1101,2023-12,Vulnerabilidad Elevada,2.700708215,1.0,1.249197356,1.0,1.0,2.117608696,1.790108696,1.738466184,sotap,2,average,jefatura_femenina,si,espanol_uno_mas_adultos,adultos_ninguno_analfabeta,,0,0,11.93561888,21.57742793,2.957496782,33.20276375296195,medium,EXCLUSION,0.11106
422,#692,2024-01,Vulnerabilidad Baja,1.0,1.0,1.0,1.0,1.776038647,2.117608696,1.790108696,1.0,pcr_cdmx,1,low,,,espanol_ningun_adulto,adultos_ninguno_analfabeta,,0,0,0.0,21.88512181,2.610810239,21.18083670503239,low,EXCLUSION,0.18036
423,#1223,2023-12,Vulnerabilidad Moderada,1.0,1.0,1.0,1.0,1.776038647,2.823478261,1.790108696,1.0,sotap,2,average,jefatura_femenina,no,espanol_uno_mas_adultos,adultos_ninguno_analfabeta,0.0,0,0,0.0,26.18890898,2.730928248,25.34612370011462,medium,EXCLUSION,0.17964
424,#252,2024-04,Vulnerabilidad Elevada,2.070141643,1.0,1.0,1.564135978,1.776038647,2.117608696,2.580217391,1.043888889,sotap,2,complete,jefatura_femenina,si,espanol_uno_mas_adultos,adultos_ninguno_analfabeta,,0,0,11.47057999,28.09152966,3.125462023,39.02723086866973,high,EXCLUSION,0.06576
425,#071,2023-08,Vulnerabilidad Moderada,1.0,1.0,1.0,1.0,1.776038647,2.823478261,2.580217391,1.0,sotap,7,average,jefatura_masculina,no,espanol_ningun_adulto,adultos_ninguno_analfabeta,,0,0,0.0,32.12448674,2.896589272,31.09068863222006,medium,INCLUSION,0.147
426,#527,2023-11,Vulnerabilidad Baja,1.0,1.0,1.0,1.0,1.776038647,2.117608696,1.790108696,1.0,sotap,1,low,,,espanol_uno_mas_adultos,adultos_ninguno_analfabeta,,0,0,0.0,21.88512181,2.610810239,21.18083670503239,low,EXCLUSION,0.141
427,#1311,2023-07,Vulnerabilidad Baja,1.0,1.0,1.0,1.0,1.0,1.0,1.790108696,1.0,sotap,3,average,jefatura_femenina,si,espanol_uno_mas_adultos,adultos_ninguno_analfabeta,0.0,0,0,0.0,5.614422911,2.156697643,5.433745167301109,low,EXCLUSION,0.09096
428,#1101,2024-01,Vulnerabilidad Baja,1.0,1.0,1.0,1.0,1.0,1.0,1.0,1.0,sotap,1,low,,,espanol_uno_mas_adultos,adultos_ninguno_analfabeta,0.0,0,0,0.0,0.0,2.0,0.0,low,INCLUSION,0.12396
429,#071,2024-03,Vulnerabilidad Elevada,1.0,1.0,2.578385269,1.0,1.776038647,2.823478261,2.580217391,1.0,sotap,1,low,,,espanol_uno_mas_adultos,adultos_ninguno_analfabeta,0.0,0,0,8.975915299,32.12448674,3.163765312,40.35545786145718,high,EXCLUSION,0.1677
430,#555,2024-05,Vulnerabilidad Moderada,1.0,1.0,2.578385269,1.0,1.776038647,1.498900966,1.790108696,1.0,sotap,3,complete,jefatura_femenina,si,espanol_uno_mas_adultos,adultos_ninguno_analfabeta,,0,0,8.975915299,17.10850297,2.744671614,25.82270346515955,medium,EXCLUSION,0.11886
431,#1725,2024-04,Vulnerabilidad Elevada,1.0,2.051104816,1.0,1.0,1.776038647,2.823478261,2.580217391,1.0,foten,1,low,,,espanol_uno_mas_adultos,adultos_ninguno_analfabeta,,0,0,6.609317356,32.12448674,3.093321436,37.9127004300535,high,EXCLUSION,0.11993999999999999
432,#1223,2024-05,Vulnerabilidad Elevada,1.0,2.051104816,1.0,1.0,1.776038647,2.823478261,2.580217391,1.0,sotap,2,average,jefatura_masculina,si,espanol_uno_mas_adultos,adultos_uno_mas_analfabeta,0.0,0,0,6.609317356,32.12448674,3.093321436,37.9127004300535,high,EXCLUSION,0.13896
433,#1311,2023-07,Vulnerabilidad Elevada,1.0,2.051104816,1.0,1.0,1.776038647,2.823478261,2.580217391,1.0,sotap,6,high,jefatura_femenina,no,espanol_uno_mas_adultos,adultos_ninguno_analfabeta,0.0,0,0,6.609317356,32.12448674,3.093321436,37.9127004300535,high,EXCLUSION,0.13266
434,#1311,2024-01,Vulnerabilidad Baja,2.700708215,1.0,1.249197356,1.0,1.776038647,1.498900966,1.0,1.0,sotap,1,low,,,espanol_uno_mas_adultos,adultos_ninguno_analfabeta,0.0,0,0,11.93561888,9.93697889,2.632613717,21.936916003518192,medium,EXCLUSION,0.15336
435,#1200,2024-02,Vulnerabilidad Severa,2.700708215,1.0,3.251728045,1.0,1.776038647,2.823478261,2.580217391,1.0,fupal,2,average,jefatura_femenina,si,espanol_ningun_adulto,adultos_uno_mas_analfabeta,,0,0,24.2379543,32.12448674,3.618053373,56.108644539548365,high,INCLUSION,0.14964
436,#252,2023-10,Vulnerabilidad Elevada,2.700708215,1.0,2.578385269,1.0,1.776038647,2.823478261,1.790108696,1.0,sotap,1,low,,,espanol_uno_mas_adultos,adultos_ninguno_analfabeta,-500.0,0,0,20.97871872,26.18890898,3.355378326,46.99995856724294,high,EXCLUSION,0.14574
437,#555,2024-01,Vulnerabilidad Moderada,2.700708215,1.0,2.578385269,1.0,1.0,1.498900966,1.0,1.0,sotap,1,low,,,espanol_uno_mas_adultos,adultos_ninguno_analfabeta,,0,0,20.97871872,3.815111519,2.730929228,25.34617228233538,medium,INCLUSION,0.13343999999999998
438,#937,2023-08,Vulnerabilidad Elevada,1.0,1.525552408,2.578385269,1.0,1.776038647,2.117608696,1.790108696,1.0,futij,3,average,jefatura_femenina,si,espanol_uno_mas_adultos,adultos_ninguno_analfabeta,,0,0,13.7168894,21.88512181,3.019105558,35.33914932281379,high,EXCLUSION,0.16607999999999998
439,#1101,2024-05,Vulnerabilidad Elevada,1.0,1.525552408,2.578385269,1.0,1.776038647,2.823478261,1.790108696,1.0,sotap,3,average,jefatura_masculina,no,espanol_uno_mas_adultos,adultos_ninguno_analfabeta,,0,0,13.7168894,26.18890898,3.139223567,39.50443631789602,high,INCLUSION,0.15768000000000001
440,#1497,2023-09,Vulnerabilidad Severa,2.700708215,1.0,3.251728045,1.0,1.776038647,1.0,2.580217391,2.544987923,futij,2,complete,jefatura_femenina,si,espanol_ningun_adulto,adultos_ninguno_analfabeta,,0,0,24.2379543,30.38303782,3.569449813,54.42323718724288,high,EXCLUSION,0.14418
441,#1101,2024-01,Vulnerabilidad Moderada,1.0,1.0,2.578385269,1.0,1.776038647,2.823478261,1.0,1.0,sotap,1,low,,,espanol_uno_mas_adultos,adultos_uno_mas_analfabeta,,0,0,8.975915299,17.78726377,2.763615719,26.47962106385475,medium,EXCLUSION,0.21834
442,#1860,2024-01,Vulnerabilidad Baja,1.599560907,1.0,1.0,1.0,1.776038647,1.498900966,1.790108696,1.0,pcr_cdmx,4,low,jefatura_masculina,no,espanol_uno_mas_adultos,adultos_ninguno_analfabeta,0.0,0,0,4.186184624,17.10850297,2.602101053,20.87883446730737,low,EXCLUSION,0.18264
443,#555,2024-07,Vulnerabilidad Severa,2.700708215,1.525552408,3.251728045,1.0,1.776038647,2.823478261,1.790108696,1.0,sotap,1,low,,,espanol_uno_mas_adultos,adultos_uno_mas_analfabeta,0.0,0,0,30.67858802,26.18890898,3.644103496,57.01197936118624,high,EXCLUSION,0.18425999999999998
444,#527,2024-03,Vulnerabilidad Moderada,1.0,1.0,2.578385269,1.0,1.0,2.117608696,2.580217391,1.043888889,sotap,2,low,jefatura_masculina,no,espanol_uno_mas_adultos,adultos_ninguno_analfabeta,0.0,0,0,8.975915299,19.54126117,2.812569505,28.177173073525346,medium,INCLUSION,0.15486
445,#1311,2024-05,Vulnerabilidad Baja,1.0,1.0,1.0,1.0,1.0,1.0,1.790108696,1.0,sotap,2,average,jefatura_femenina,si,espanol_uno_mas_adultos,adultos_ninguno_analfabeta,0.0,0,0,0.0,5.614422911,2.156697643,5.433745167301109,low,EXCLUSION,0.08226
446,#1725,2024-01,Vulnerabilidad Elevada,1.0,1.0,2.578385269,1.0,1.776038647,2.117608696,2.580217391,1.043888889,foten,5,high,jefatura_masculina,no,espanol_uno_mas_adultos,adultos_ninguno_analfabeta,,0,0,8.975915299,28.09152966,3.051206127,36.45228537324866,high,EXCLUSION,0.19266
447,#555,2023-08,Vulnerabilidad Moderada,2.070141643,1.0,3.251728045,1.0,1.0,1.498900966,1.790108696,1.0,sotap,1,low,,,espanol_ningun_adulto,adultos_ninguno_analfabeta,-500.0,0,0,20.51851115,10.02735341,2.890613418,30.88348050723094,medium,EXCLUSION,0.11435999999999999
448,#252,2024-05,Vulnerabilidad Baja,1.0,1.0,1.0,1.0,1.776038647,1.498900966,2.580217391,1.043888889,sotap,1,low,,,espanol_uno_mas_adultos,adultos_ninguno_analfabeta,0.0,0,0,0.0,22.80125306,2.636379315,22.06748593527614,medium,EXCLUSION,0.09803999999999999
449,#676,2024-04,Vulnerabilidad Baja,2.070141643,1.0,1.0,1.0,1.776038647,1.0,2.580217391,1.043888889,pcr_cdmx,2,average,jefatura_masculina,no,espanol_uno_mas_adultos,adultos_ninguno_analfabeta,0.0,0,0,6.702282231,17.15905947,2.678405943,23.524832152671745,medium,EXCLUSION,0.10746
450,#112,2024-02,Vulnerabilidad Baja,1.599560907,1.0,1.0,1.0,1.0,2.823478261,1.790108696,1.043888889,sotap,5,average,jefatura_masculina,no,espanol_uno_mas_adultos,adultos_ninguno_analfabeta,0.0,0,0,4.186184624,18.47313819,2.640187803,22.199554361292552,medium,INCLUSION,0.1293
451,#071,2024-01,Vulnerabilidad Baja,1.0,1.0,1.0,1.0,1.776038647,2.117608696,1.790108696,1.0,sotap,5,average,jefatura_masculina,no,espanol_uno_mas_adultos,adultos_ninguno_analfabeta,,0,0,0.0,21.88512181,2.610810239,21.18083670503239,low,INCLUSION,0.17076
452,#112,2024-03,Vulnerabilidad Baja,2.700708215,1.525552408,1.0,1.0,1.0,1.498900966,1.0,1.0,sotap,1,low,,,espanol_uno_mas_adultos,adultos_ninguno_analfabeta,,-500,0,14.26831886,3.815111519,2.531188254,18.41982504444072,low,INCLUSION,0.12185999999999998
453,#555,2023-11,Vulnerabilidad Baja,1.0,1.0,1.0,1.0,1.776038647,2.117608696,1.790108696,1.043888889,sotap,1,low,,,espanol_uno_mas_adultos,adultos_ninguno_analfabeta,-500.0,0,0,0.0,22.50821784,2.628200749,21.78388088169096,medium,EXCLUSION,0.12858
454,#1765,2024-04,Vulnerabilidad Severa,2.700708215,1.0,3.251728045,1.0,1.776038647,2.117608696,2.580217391,2.544987923,fupal,2,average,jefatura_femenina,si,espanol_ningun_adulto,adultos_uno_mas_analfabeta,,0,0,24.2379543,44.04383881,3.950720577,67.64441994058369,high,EXCLUSION,0.13056
455,#071,2024-06,Vulnerabilidad Baja,1.0,1.0,1.0,1.0,1.0,1.0,1.0,1.0,sotap,1,low,,,espanol_uno_mas_adultos,adultos_ninguno_analfabeta,0.0,0,0,0.0,0.0,2.0,0.0,low,EXCLUSION,0.09444000000000001
456,#112,2023-11,Vulnerabilidad Moderada,1.0,1.0,2.578385269,1.0,1.776038647,1.498900966,1.790108696,1.043888889,sotap,2,low,jefatura_femenina,no,espanol_uno_mas_adultos,adultos_ninguno_analfabeta,,0,0,8.975915299,17.68003002,2.760622842,26.375838203163497,medium,EXCLUSION,0.1632
457,#555,2024-04,Vulnerabilidad Elevada,1.0,1.525552408,2.578385269,1.0,1.776038647,2.823478261,1.0,1.0,sotap,1,low,,,espanol_uno_mas_adultos,adultos_uno_mas_analfabeta,0.0,0,0,13.7168894,17.78726377,2.904734997,31.37316445239903,medium,EXCLUSION,0.17981999999999998
458,#1311,2024-05,Vulnerabilidad Baja,1.0,2.051104816,1.0,1.0,1.0,1.0,1.0,1.0,sotap,4,average,jefatura_masculina,no,espanol_uno_mas_adultos,adultos_ninguno_analfabeta,,0,0,6.609317356,0.0,2.196732164,6.8220117978334365,low,INCLUSION,0.0906
459,#555,2023-07,Vulnerabilidad Baja,1.0,1.0,2.578385269,1.0,1.0,1.0,1.0,1.0,sotap,1,low,,,espanol_ningun_adulto,adultos_ninguno_analfabeta,,0,0,8.975915299,0.0,2.267176041,9.26476922923712,low,INCLUSION,0.09018
460,#1101,2024-01,Vulnerabilidad Moderada,1.0,1.0,1.0,1.0,1.776038647,2.823478261,1.790108696,1.0,sotap,1,low,,,espanol_uno_mas_adultos,adultos_ninguno_analfabeta,0.0,0,0,0.0,26.18890898,2.730928248,25.34612370011462,medium,INCLUSION,0.1665
461,#1311,2024-02,Vulnerabilidad Moderada,1.0,1.0,1.0,1.0,1.776038647,2.823478261,2.580217391,1.0,sotap,4,average,jefatura_femenina,si,espanol_uno_mas_adultos,adultos_ninguno_analfabeta,0.0,0,0,0.0,32.12448674,2.896589272,31.09068863222006,medium,INCLUSION,0.13716
462,#112,2023-08,Vulnerabilidad Baja,1.0,1.0,1.0,1.0,1.0,2.117608696,2.580217391,1.0,sotap,1,low,,,espanol_uno_mas_adultos,adultos_ninguno_analfabeta,0.0,0,0,0.0,18.94985465,2.528887403,18.340029377508348,low,EXCLUSION,0.12443999999999998
463,#555,2023-09,Vulnerabilidad Moderada,1.0,1.0,1.0,1.0,1.776038647,2.823478261,1.790108696,1.0,sotap,1,low,,,espanol_ningun_adulto,adultos_ninguno_analfabeta,0.0,0,0,0.0,26.18890898,2.730928248,25.34612370011462,medium,EXCLUSION,0.1377
464,#672,2023-12,Vulnerabilidad Baja,1.0,1.0,1.0,1.0,1.0,1.0,2.580217391,1.043888889,fupal,1,low,,,espanol_uno_mas_adultos,adultos_ninguno_analfabeta,,0,0,0.0,10.07114734,2.281084107,9.74704774745146,low,EXCLUSION,0.1341
465,#645,2024-01,Vulnerabilidad Baja,1.0,1.0,1.0,1.564135978,1.776038647,1.498900966,1.790108696,1.0,fupal,1,low,,,espanol_uno_mas_adultos,adultos_ninguno_analfabeta,0.0,0,0,3.975239986,17.10850297,2.5958221,20.661101419911898,low,EXCLUSION,0.2166
466,#555,2023-08,Vulnerabilidad Baja,2.070141643,1.0,1.249197356,1.0,1.0,1.0,1.0,1.043888889,sotap,1,low,,,espanol_uno_mas_adultos,adultos_ninguno_analfabeta,-500.0,0,0,9.00737574,0.386821499,2.278908614,9.67161529502962,low,EXCLUSION,0.09816
467,#1725,2024-04,Vulnerabilidad Elevada,2.700708215,1.0,1.0,1.0,1.776038647,2.823478261,2.580217391,1.0,foten,4,average,jefatura_femenina,si,espanol_uno_mas_adultos,adultos_ninguno_analfabeta,,0,0,9.472088355,32.12448674,3.178534341,40.86759826257232,high,EXCLUSION,0.11093999999999998
468,#252,2023-11,Vulnerabilidad Baja,1.0,1.0,1.0,1.0,1.776038647,1.0,1.790108696,1.0,sotap,2,average,jefatura_femenina,si,espanol_uno_mas_adultos,adultos_ninguno_analfabeta,,0,0,0.0,12.01413641,2.33531262,11.62750948618979,low,EXCLUSION,0.12552000000000002
469,#1223,2024-02,Vulnerabilidad Baja,1.0,1.0,1.0,1.0,1.0,1.498900966,1.0,1.0,sotap,1,low,,,espanol_uno_mas_adultos,adultos_ninguno_analfabeta,,0,0,0.0,3.815111519,2.10647915,3.692337415207061,low,EXCLUSION,0.12114000000000001
470,#513,2024-02,Vulnerabilidad Baja,2.070141643,1.0,1.0,1.0,1.776038647,1.0,1.790108696,1.043888889,pcr_cdmx,1,low,,,espanol_uno_mas_adultos,adultos_ninguno_analfabeta,0.0,0,0,6.702282231,12.53066404,2.549228169,19.04538311600457,low,INCLUSION,0.13398
471,#112,2024-05,Vulnerabilidad Elevada,1.0,1.525552408,2.578385269,1.0,1.776038647,2.823478261,2.580217391,1.0,sotap,3,average,jefatura_masculina,no,espanol_uno_mas_adultos,adultos_ninguno_analfabeta,0.0,0,0,13.7168894,32.12448674,3.304884591,45.24900125000146,high,EXCLUSION,0.14364
472,#112,2024-03,Vulnerabilidad Moderada,1.0,1.0,3.251728045,1.0,1.776038647,2.823478261,1.0,1.0,sotap,1,low,,,espanol_uno_mas_adultos,adultos_ninguno_analfabeta,,0,0,11.51832969,17.78726377,2.839292927,29.10385289237152,medium,INCLUSION,0.15677999999999997
473,#527,2024-02,Vulnerabilidad Baja,1.0,1.0,1.0,1.0,1.0,1.498900966,1.790108696,1.043888889,sotap,5,average,jefatura_masculina,no,espanol_uno_mas_adultos,adultos_ninguno_analfabeta,,0,0,0.0,10.52243148,2.293679375,10.18380911254212,low,EXCLUSION,0.11489999999999997
474,#071,2024-05,Vulnerabilidad Baja,1.599560907,1.0,1.0,1.0,1.0,2.823478261,1.790108696,1.043888889,sotap,3,average,jefatura_femenina,si,espanol_uno_mas_adultos,adultos_ninguno_analfabeta,0.0,0,0,4.186184624,18.47313819,2.640187803,22.199554361292552,medium,EXCLUSION,0.09708
475,#1101,2024-07,Vulnerabilidad Elevada,1.0,1.0,2.578385269,1.0,1.776038647,2.117608696,2.580217391,1.043888889,sotap,5,high,jefatura_femenina,no,espanol_uno_mas_adultos,adultos_ninguno_analfabeta,,0,0,8.975915299,28.09152966,3.051206127,36.45228537324866,high,EXCLUSION,0.13842000000000002
476,#645,2023-07,Vulnerabilidad Moderada,1.0,1.0,1.0,1.0,1.776038647,2.823478261,2.580217391,1.0,fupal,1,low,,,espanol_uno_mas_adultos,adultos_ninguno_analfabeta,,0,0,0.0,32.12448674,2.896589272,31.09068863222006,medium,EXCLUSION,0.10715999999999999
477,#1677,2024-02,Vulnerabilidad Moderada,1.0,1.0,1.0,1.0,1.776038647,2.823478261,1.790108696,1.043888889,futij,1,low,,,espanol_uno_mas_adultos,adultos_uno_mas_analfabeta,,0,0,0.0,26.85846924,2.749615568,25.99413684138756,medium,EXCLUSION,0.19127999999999998
478,#071,2023-07,Vulnerabilidad Baja,1.0,1.0,3.251728045,1.0,1.776038647,1.0,1.790108696,1.043888889,sotap,1,low,,,espanol_ningun_adulto,adultos_ninguno_analfabeta,,0,0,11.51832969,12.53066404,2.692582072,24.01641579828265,medium,EXCLUSION,0.11711999999999999
479,#252,2023-11,Vulnerabilidad Moderada,2.700708215,1.0,1.0,1.0,1.776038647,1.0,2.580217391,1.0,sotap,2,complete,jefatura_femenina,si,espanol_uno_mas_adultos,adultos_ninguno_analfabeta,0.0,0,0,9.472088355,16.59309681,2.74505574,25.83602399190964,medium,EXCLUSION,0.1005
480,#1200,2023-09,Vulnerabilidad Baja,2.070141643,1.0,1.0,1.0,1.0,1.498900966,2.580217391,1.043888889,fupal,1,low,,,espanol_uno_mas_adultos,adultos_ninguno_analfabeta,,0,0,6.702282231,14.95862607,2.6169922,21.39521089991714,medium,EXCLUSION,0.08886000000000001
481,#1223,2023-08,Vulnerabilidad Baja,1.0,1.0,1.0,1.0,1.776038647,2.117608696,1.790108696,1.0,sotap,1,low,,,espanol_uno_mas_adultos,adultos_ninguno_analfabeta,,0,0,0.0,21.88512181,2.610810239,21.18083670503239,low,INCLUSION,0.13218000000000002
482,#1311,2024-01,Vulnerabilidad Baja,1.0,1.0,1.0,1.0,1.776038647,1.0,1.790108696,1.0,sotap,1,low,,,espanol_uno_mas_adultos,adultos_ninguno_analfabeta,,0,0,0.0,12.01413641,2.33531262,11.62750948618979,low,EXCLUSION,0.14928
483,#071,2023-08,Vulnerabilidad Moderada,1.0,1.0,1.0,1.0,1.776038647,2.823478261,1.790108696,1.0,sotap,1,low,,,espanol_uno_mas_adultos,adultos_ninguno_analfabeta,,0,0,0.0,26.18890898,2.730928248,25.34612370011462,medium,EXCLUSION,0.15072000000000002
484,#1311,2024-03,Vulnerabilidad Baja,1.0,1.0,1.0,1.0,1.0,1.0,1.790108696,1.0,sotap,3,low,jefatura_masculina,no,espanol_uno_mas_adultos,adultos_ninguno_analfabeta,0.0,0,0,0.0,5.614422911,2.156697643,5.433745167301109,low,INCLUSION,0.10356
485,#1765,2023-10,Vulnerabilidad Severa,2.700708215,1.525552408,3.251728045,1.0,1.776038647,2.823478261,1.790108696,1.0,fupal,2,average,jefatura_femenina,si,espanol_ningun_adulto,adultos_uno_mas_analfabeta,,0,0,30.67858802,26.18890898,3.644103496,57.01197936118624,high,INCLUSION,0.1533
486,#1311,2024-06,Vulnerabilidad Baja,1.0,1.0,1.0,1.0,1.776038647,1.498900966,1.0,1.0,sotap,1,low,,,espanol_uno_mas_adultos,adultos_ninguno_analfabeta,0.0,0,0,0.0,9.93697889,2.277339487,9.61719697234091,low,EXCLUSION,0.10932
487,#071,2023-07,Vulnerabilidad Elevada,1.0,1.0,1.0,1.564135978,1.776038647,2.823478261,2.580217391,1.043888889,sotap,1,low,,,espanol_uno_mas_adultos,adultos_ninguno_analfabeta,0.0,0,0,3.975239986,32.85812825,3.035391615,35.90388800877622,high,INCLUSION,0.08556
488,#1223,2024-02,Vulnerabilidad Elevada,2.700708215,1.0,1.0,1.0,1.776038647,2.823478261,1.790108696,1.0,sotap,5,average,jefatura_masculina,no,espanol_uno_mas_adultos,adultos_uno_mas_analfabeta,,-500,0,9.472088355,26.18890898,3.012873318,35.123033330466875,high,INCLUSION,0.1683
489,#252,2024-06,Vulnerabilidad Baja,1.0,1.0,1.0,1.0,1.0,1.0,1.0,1.0,sotap,1,low,,,espanol_uno_mas_adultos,adultos_ninguno_analfabeta,,0,0,0.0,0.0,2.0,0.0,low,EXCLUSION,0.08076
490,#1841,2024-04,Vulnerabilidad Moderada,1.0,2.051104816,1.0,1.0,1.776038647,2.117608696,1.790108696,1.0,foten,1,low,,,espanol_uno_mas_adultos,adultos_ninguno_analfabeta,,0,0,6.609317356,21.88512181,2.807542403,28.002848502865827,medium,EXCLUSION,0.11681999999999998
491,#458,2024-01,Vulnerabilidad Elevada,2.070141643,1.0,1.0,1.0,1.776038647,2.823478261,1.790108696,1.043888889,fupal,5,high,jefatura_masculina,no,espanol_ningun_adulto,adultos_ninguno_analfabeta,,0,0,6.702282231,26.85846924,2.949114914,32.912105216863374,medium,EXCLUSION,0.17988
492,#513,2023-12,Vulnerabilidad Baja,2.070141643,1.0,1.0,1.0,1.0,1.0,1.0,1.043888889,pcr_cdmx,1,low,,,espanol_uno_mas_adultos,adultos_ninguno_analfabeta,,0,0,6.702282231,0.386821499,2.210295472,7.2923415718164915,low,EXCLUSION,0.12552000000000002
493,#112,2023-06,Vulnerabilidad Baja,1.0,1.0,1.0,1.0,1.0,1.0,1.0,1.0,sotap,2,average,jefatura_femenina,si,espanol_uno_mas_adultos,adultos_ninguno_analfabeta,,0,0,0.0,0.0,2.0,0.0,low,EXCLUSION,0.09377999999999999
494,#071,2024-04,Vulnerabilidad Elevada,2.070141643,2.051104816,1.0,1.0,1.776038647,2.823478261,1.790108696,1.043888889,sotap,1,low,,,espanol_uno_mas_adultos,adultos_uno_mas_analfabeta,,0,0,14.63015408,26.85846924,3.185095016,41.09510390983604,high,EXCLUSION,0.13554
495,#1311,2023-10,Vulnerabilidad Elevada,2.070141643,2.051104816,1.0,1.0,1.776038647,2.823478261,2.580217391,1.043888889,sotap,4,average,jefatura_masculina,no,espanol_uno_mas_adultos,adultos_ninguno_analfabeta,-500.0,0,0,14.63015408,32.85812825,3.352544536,46.901687893235234,high,EXCLUSION,0.11423999999999998
496,,2023-10,Vulnerabilidad Elevada,1.0,2.051104816,1.0,1.0,1.776038647,2.823478261,2.580217391,1.0,,4,average,jefatura_masculina,no,espanol_uno_mas_adultos,adultos_ninguno_analfabeta,,0,0,6.609317356,32.12448674,3.093321436,37.9127004300535,high,EXCLUSION,0.17628
497,#252,2024-07,Vulnerabilidad Severa,2.700708215,2.051104816,3.251728045,1.0,1.776038647,2.823478261,1.790108696,1.0,sotap,1,low,,,espanol_ningun_adulto,adultos_uno_mas_analfabeta,0.0,0,0,35.61565687,26.18890898,3.791059708,62.10792802384809,high,EXCLUSION,0.135
498,#112,2024-05,Vulnerabilidad Baja,1.0,1.0,1.0,1.0,1.0,1.0,1.0,1.0,sotap,1,low,,,espanol_uno_mas_adultos,adultos_ninguno_analfabeta,,-500,0,0.0,0.0,2.0,0.0,low,EXCLUSION,0.10560000000000001
499,#071,2023-10,Vulnerabilidad Moderada,2.700708215,1.0,1.0,1.0,1.776038647,2.117608696,1.790108696,1.0,sotap,4,average,jefatura_masculina,no,espanol_uno_mas_adultos,adultos_ninguno_analfabeta,-500.0,0,0,9.472088355,21.88512181,2.892755308,30.95774633538465,medium,EXCLUSION,0.1359
500,#112,2024-01,Vulnerabilidad Moderada,1.0,1.0,1.0,1.0,1.776038647,2.823478261,1.790108696,1.0,sotap,4,low,jefatura_femenina,no,espanol_ningun_adulto,adultos_uno_mas_analfabeta,0.0,0,0,0.0,26.18890898,2.730928248,25.34612370011462,medium,EXCLUSION,0.22086000000000003
501,#1311,2024-02,Vulnerabilidad Elevada,1.0,1.0,3.251728045,1.0,1.776038647,2.117608696,2.580217391,1.043888889,sotap,1,low,,,espanol_ningun_adulto,adultos_uno_mas_analfabeta,0.0,0,0,11.51832969,28.09152966,3.126883335,39.07651720176543,high,EXCLUSION,0.2151
502,#527,2024-06,Vulnerabilidad Elevada,1.0,1.525552408,2.578385269,1.0,1.776038647,2.823478261,1.790108696,1.0,sotap,1,low,,,espanol_uno_mas_adultos,adultos_ninguno_analfabeta,,0,0,13.7168894,26.18890898,3.139223567,39.50443631789602,high,INCLUSION,0.12341999999999999
503,#071,2023-08,Vulnerabilidad Baja,1.0,1.0,1.0,1.0,1.0,1.498900966,1.790108696,1.0,sotap,1,low,,,espanol_uno_mas_adultos,adultos_uno_mas_analfabeta,,0,0,0.0,10.02735341,2.279861825,9.70466314991279,low,EXCLUSION,0.1299
504,#645,2024-04,Vulnerabilidad Moderada,1.0,1.0,1.0,1.0,1.776038647,2.823478261,1.790108696,1.0,fupal,1,low,,,espanol_uno_mas_adultos,adultos_uno_mas_analfabeta,-500.0,0,0,0.0,26.18890898,2.730928248,25.34612370011462,medium,EXCLUSION,0.1359
505,#555,2023-07,Vulnerabilidad Baja,1.0,1.0,1.0,1.0,1.776038647,2.117608696,1.790108696,1.0,sotap,5,average,jefatura_masculina,no,espanol_uno_mas_adultos,adultos_ninguno_analfabeta,,0,0,0.0,21.88512181,2.610810239,21.18083670503239,low,INCLUSION,0.10002000000000001
506,#112,2023-07,Vulnerabilidad Baja,1.0,1.0,1.249197356,1.0,1.0,1.498900966,1.790108696,1.043888889,sotap,1,low,,,espanol_uno_mas_adultos,adultos_ninguno_analfabeta,,0,0,1.921713018,10.52243148,2.350880859,12.167364777174376,low,EXCLUSION,0.0915
507,#1101,2024-05,Vulnerabilidad Elevada,2.070141643,1.0,3.251728045,1.0,1.776038647,2.117608696,2.580217391,1.043888889,sotap,1,low,,,espanol_uno_mas_adultos,adultos_ninguno_analfabeta,0.0,0,0,20.51851115,28.09152966,3.39478168,48.36633350132969,high,EXCLUSION,0.11957999999999999
508,#1311,2024-03,Vulnerabilidad Baja,2.700708215,1.525552408,1.0,1.0,1.0,1.498900966,1.0,1.0,sotap,1,low,,,espanol_uno_mas_adultos,adultos_ninguno_analfabeta,,0,0,14.26831886,3.815111519,2.531188254,18.41982504444072,low,INCLUSION,0.09864
509,#1860,2024-04,Vulnerabilidad Baja,1.0,1.0,1.0,1.0,1.0,1.0,1.0,1.0,pcr_cdmx,4,low,jefatura_masculina,no,espanol_uno_mas_adultos,adultos_ninguno_analfabeta,0.0,0,0,0.0,0.0,2.0,0.0,low,EXCLUSION,0.09503999999999999
510,#112,2023-08,Vulnerabilidad Severa,2.700708215,1.0,3.251728045,1.0,1.776038647,2.117608696,2.580217391,1.043888889,sotap,4,complete,jefatura_femenina,si,espanol_ningun_adulto,adultos_uno_mas_analfabeta,,0,0,24.2379543,28.09152966,3.505494188,52.20547205133984,high,INCLUSION,0.1347
511,#527,2024-05,Vulnerabilidad Baja,2.700708215,1.0,1.0,1.0,1.0,1.498900966,1.790108696,1.0,sotap,1,low,,,espanol_uno_mas_adultos,adultos_ninguno_analfabeta,,0,0,9.472088355,10.02735341,2.561806895,19.481572780265047,low,EXCLUSION,0.06971999999999999
512,#1859,2024-04,Vulnerabilidad Baja,1.0,1.0,1.0,1.0,1.776038647,1.498900966,1.790108696,1.0,pcr_cdmx,1,low,,,espanol_uno_mas_adultos,adultos_ninguno_analfabeta,0.0,0,0,0.0,17.10850297,2.477495573,16.55793423592243,low,EXCLUSION,0.10860000000000002
513,#555,2023-08,Vulnerabilidad Baja,1.0,1.0,1.0,1.0,1.0,1.0,1.0,1.0,sotap,1,low,,,espanol_uno_mas_adultos,adultos_ninguno_analfabeta,-500.0,0,0,0.0,0.0,2.0,0.0,low,EXCLUSION,0.10206000000000001
514,#1223,2023-07,Vulnerabilidad Elevada,2.070141643,1.0,2.578385269,1.0,1.776038647,2.823478261,2.580217391,1.043888889,sotap,2,average,jefatura_femenina,si,espanol_uno_mas_adultos,adultos_uno_mas_analfabeta,0.0,0,-500,17.46888676,32.85812825,3.43704192,49.83177382961031,high,EXCLUSION,0.14214
515,#1725,2024-02,Vulnerabilidad Baja,1.0,1.0,1.0,1.0,1.0,2.117608696,1.790108696,1.0,foten,1,low,,,espanol_uno_mas_adultos,adultos_ninguno_analfabeta,,0,0,0.0,14.16503897,2.395343965,13.709193850906429,low,INCLUSION,0.13193999999999997
516,#458,2023-08,Vulnerabilidad Elevada,2.700708215,1.0,3.251728045,1.0,1.0,2.117608696,2.580217391,1.738466184,fupal,1,low,,,espanol_ningun_adulto,adultos_uno_mas_analfabeta,,0,0,24.2379543,27.07165714,3.477029709,51.21842004890596,high,EXCLUSION,0.1434
517,#1223,2023-10,Vulnerabilidad Elevada,1.0,1.525552408,1.0,1.0,1.776038647,2.823478261,2.580217391,1.0,sotap,1,low,,,espanol_uno_mas_adultos,adultos_ninguno_analfabeta,,0,0,3.741369748,32.12448674,3.007954444,34.95245940008045,high,EXCLUSION,0.13596
518,#458,2024-01,Vulnerabilidad Severa,2.700708215,1.0,2.578385269,1.0,1.776038647,2.823478261,2.580217391,1.738466184,fupal,1,low,,,espanol_uno_mas_adultos,adultos_ninguno_analfabeta,0.0,0,0,20.97871872,42.19960637,3.802234322,62.49541570453535,high,INCLUSION,0.15947999999999998
519,#112,2023-07,Vulnerabilidad Baja,2.070141643,1.0,1.0,1.0,1.0,1.0,1.790108696,1.043888889,sotap,4,average,jefatura_masculina,no,espanol_uno_mas_adultos,adultos_ninguno_analfabeta,,0,-500,6.702282231,6.061858428,2.368684842,12.78475013740434,low,EXCLUSION,0.0945
520,#676,2024-04,Vulnerabilidad Baja,1.0,1.0,1.0,1.564135978,1.0,1.0,1.790108696,1.0,pcr_cdmx,4,low,jefatura_femenina,si,espanol_uno_mas_adultos,adultos_ninguno_analfabeta,0.0,0,0,3.975239986,5.614422911,2.275024169,9.536912351290574,low,EXCLUSION,0.07608
521,#527,2023-08,Vulnerabilidad Elevada,1.0,1.0,1.0,1.0,1.776038647,2.117608696,2.580217391,1.738466184,sotap,4,average,jefatura_femenina,no,espanol_uno_mas_adultos,adultos_uno_mas_analfabeta,,0,0,0.0,36.78475459,3.0266566,35.60098440253921,high,INCLUSION,0.15606
522,#555,2024-06,Vulnerabilidad Baja,1.0,1.0,2.578385269,1.0,1.776038647,1.0,1.790108696,1.0,sotap,2,average,jefatura_femenina,si,espanol_uno_mas_adultos,adultos_ninguno_analfabeta,0.0,0,-500,8.975915299,12.01413641,2.602488661,20.89227871542691,low,EXCLUSION,0.14208
523,#1223,2024-06,Vulnerabilidad Baja,1.0,1.0,1.0,1.0,1.776038647,1.0,2.580217391,1.043888889,sotap,3,low,jefatura_masculina,no,espanol_uno_mas_adultos,adultos_ninguno_analfabeta,-500.0,0,0,0.0,17.15905947,2.478906597,16.60686377719593,low,EXCLUSION,0.08376
524,#527,2023-12,Vulnerabilidad Elevada,1.599560907,1.0,1.0,1.0,1.776038647,2.117608696,2.580217391,1.043888889,sotap,1,low,,,espanol_uno_mas_adultos,adultos_ninguno_analfabeta,-500.0,0,0,4.186184624,28.09152966,2.908635566,31.50841637539648,medium,EXCLUSION,0.11742
525,#1805,2024-06,Vulnerabilidad Baja,1.0,2.051104816,1.0,1.0,1.776038647,2.117608696,1.0,1.0,fomon,1,low,,,espanol_uno_mas_adultos,adultos_ninguno_analfabeta,0.0,0,0,6.609317356,14.06650994,2.5893262,20.43584738145429,low,EXCLUSION,0.1203
526,#1311,2024-01,Vulnerabilidad Baja,1.0,1.0,1.0,1.0,1.776038647,1.0,1.790108696,1.0,sotap,5,average,jefatura_masculina,no,espanol_uno_mas_adultos,adultos_ninguno_analfabeta,0.0,0,0,0.0,12.01413641,2.33531262,11.62750948618979,low,EXCLUSION,0.15395999999999999
527,#555,2023-06,Vulnerabilidad Elevada,2.070141643,1.0,1.0,1.0,1.776038647,2.823478261,1.790108696,1.043888889,sotap,1,low,,,espanol_ningun_adulto,adultos_uno_mas_analfabeta,,0,0,6.702282231,26.85846924,2.949114914,32.912105216863374,medium,EXCLUSION,0.13692000000000001
528,#555,2023-11,Vulnerabilidad Baja,1.0,1.0,1.0,1.0,1.776038647,1.0,2.580217391,1.043888889,sotap,1,low,,,espanol_uno_mas_adultos,adultos_uno_mas_analfabeta,,0,0,0.0,17.15905947,2.478906597,16.60686377719593,low,INCLUSION,0.15047999999999997
529,#1101,2024-06,Vulnerabilidad Baja,1.0,1.0,1.0,1.0,1.0,1.498900966,1.0,1.0,sotap,1,low,,,espanol_uno_mas_adultos,adultos_ninguno_analfabeta,0.0,0,0,0.0,3.815111519,2.10647915,3.692337415207061,low,EXCLUSION,0.09869999999999998
530,#1311,2024-06,Vulnerabilidad Moderada,2.070141643,1.0,1.0,1.0,1.0,2.117608696,2.580217391,1.043888889,sotap,6,average,jefatura_masculina,no,espanol_uno_mas_adultos,adultos_ninguno_analfabeta,,0,0,6.702282231,19.54126117,2.74489281,25.83037221976404,medium,EXCLUSION,0.06954
531,#555,2024-05,Vulnerabilidad Elevada,2.070141643,1.0,2.578385269,1.0,1.776038647,2.823478261,2.580217391,1.043888889,sotap,3,average,jefatura_masculina,no,espanol_uno_mas_adultos,adultos_ninguno_analfabeta,,0,0,17.46888676,32.85812825,3.43704192,49.83177382961031,high,EXCLUSION,0.1206
532,#676,2024-01,Vulnerabilidad Baja,1.0,1.0,1.0,1.0,1.776038647,1.0,1.790108696,1.0,pcr_cdmx,3,low,jefatura_masculina,no,espanol_uno_mas_adultos,adultos_ninguno_analfabeta,0.0,0,0,0.0,12.01413641,2.33531262,11.62750948618979,low,EXCLUSION,0.19068000000000002
533,#937,2023-09,Vulnerabilidad Baja,1.0,1.0,1.0,1.0,1.776038647,1.498900966,1.0,1.0,futij,1,low,,,espanol_uno_mas_adultos,adultos_ninguno_analfabeta,,0,0,0.0,9.93697889,2.277339487,9.61719697234091,low,EXCLUSION,0.1431
534,#112,2024-03,Vulnerabilidad Elevada,2.070141643,1.0,2.578385269,1.0,1.776038647,2.823478261,2.580217391,1.043888889,sotap,2,low,jefatura_masculina,no,espanol_uno_mas_adultos,adultos_ninguno_analfabeta,-500.0,0,0,17.46888676,32.85812825,3.43704192,49.83177382961031,high,EXCLUSION,0.13608
535,#1101,2023-07,Vulnerabilidad Elevada,2.700708215,1.0,1.0,1.0,1.776038647,2.823478261,1.790108696,1.0,sotap,2,complete,jefatura_femenina,si,espanol_uno_mas_adultos,adultos_ninguno_analfabeta,0.0,0,-500,9.472088355,26.18890898,3.012873318,35.123033330466875,high,EXCLUSION,0.1218
536,#1311,2024-05,Vulnerabilidad Elevada,1.0,1.0,2.578385269,1.0,1.776038647,2.823478261,2.580217391,1.0,sotap,5,high,jefatura_femenina,no,espanol_uno_mas_adultos,adultos_ninguno_analfabeta,,-500,0,8.975915299,32.12448674,3.163765312,40.35545786145718,high,EXCLUSION,0.1776
537,#133,2023-11,Vulnerabilidad Moderada,1.0,1.0,2.578385269,1.0,1.776038647,2.117608696,1.790108696,1.0,fupal,1,low,,,espanol_uno_mas_adultos,adultos_ninguno_analfabeta,,0,0,8.975915299,21.88512181,2.877986279,30.44560593426951,medium,INCLUSION,0.15773999999999996
538,#1725,2024-02,Vulnerabilidad Moderada,1.0,1.0,2.578385269,1.0,1.776038647,1.498900966,1.790108696,1.0,foten,1,low,,,espanol_uno_mas_adultos,adultos_ninguno_analfabeta,,0,0,8.975915299,17.10850297,2.744671614,25.82270346515955,medium,EXCLUSION,0.15684
539,#112,2024-02,Vulnerabilidad Elevada,1.0,2.051104816,1.0,1.0,1.776038647,2.823478261,1.790108696,1.0,sotap,2,low,jefatura_masculina,no,espanol_uno_mas_adultos,adultos_ninguno_analfabeta,0.0,0,0,6.609317356,26.18890898,2.927660413,32.16813549794806,medium,INCLUSION,0.1503
540,#071,2024-04,Vulnerabilidad Baja,1.0,1.0,2.578385269,1.0,1.0,1.0,1.790108696,1.043888889,sotap,2,average,jefatura_femenina,si,espanol_uno_mas_adultos,adultos_ninguno_analfabeta,,0,0,8.975915299,6.061858428,2.436361537,15.13155099116565,low,EXCLUSION,0.10577999999999999
541,#527,2024-06,Vulnerabilidad Elevada,2.700708215,1.0,3.251728045,1.0,1.776038647,2.117608696,2.580217391,1.0,sotap,1,low,,,espanol_ningun_adulto,adultos_ninguno_analfabeta,,0,0,24.2379543,27.40879931,3.486439293,51.54471264673319,high,EXCLUSION,0.10704
542,#458,2024-04,Vulnerabilidad Baja,1.0,1.0,1.0,1.0,1.0,1.0,1.0,1.0,fupal,1,low,,,espanol_ningun_adulto,adultos_ninguno_analfabeta,,0,0,0.0,0.0,2.0,0.0,low,INCLUSION,0.096
543,#555,2024-05,Vulnerabilidad Baja,1.0,1.0,1.0,1.0,1.776038647,2.117608696,1.0,1.0,sotap,2,low,jefatura_femenina,no,espanol_uno_mas_adultos,adultos_ninguno_analfabeta,0.0,0,0,0.0,14.06650994,2.392594036,13.61383558362086,low,EXCLUSION,0.11802
544,#071,2023-08,Vulnerabilidad Baja,1.0,1.0,1.0,1.0,1.776038647,2.117608696,1.790108696,1.0,sotap,2,low,jefatura_femenina,no,espanol_uno_mas_adultos,adultos_ninguno_analfabeta,0.0,0,0,0.0,21.88512181,2.610810239,21.18083670503239,low,EXCLUSION,0.15
545,#527,2023-08,Vulnerabilidad Baja,1.0,2.051104816,1.0,1.0,1.0,1.498900966,1.0,1.0,sotap,1,low,,,espanol_uno_mas_adultos,adultos_ninguno_analfabeta,,0,0,6.609317356,3.815111519,2.303211315,10.514349213040497,low,EXCLUSION,0.11723999999999998
546,#1167,2023-11,Vulnerabilidad Moderada,1.0,1.0,2.578385269,1.0,1.776038647,1.498900966,2.580217391,1.043888889,foten,1,low,,,espanol_uno_mas_adultos,adultos_ninguno_analfabeta,,0,0,8.975915299,22.80125306,2.903555356,31.332255164513256,medium,INCLUSION,0.15947999999999998
547,#606,2024-02,Vulnerabilidad Elevada,1.0,1.525552408,2.578385269,1.0,1.776038647,2.117608696,2.580217391,1.043888889,foten,2,average,jefatura_femenina,si,espanol_uno_mas_adultos,adultos_ninguno_analfabeta,,0,0,13.7168894,28.09152966,3.192325406,41.34582876179294,high,EXCLUSION,0.14922
548,#1054,2024-01,Vulnerabilidad Elevada,1.0,1.525552408,2.578385269,1.0,1.776038647,2.823478261,2.580217391,1.0,futij,3,low,jefatura_masculina,no,espanol_uno_mas_adultos,adultos_ninguno_analfabeta,0.0,0,0,13.7168894,32.12448674,3.304884591,45.24900125000146,high,INCLUSION,0.18774
549,#1311,2024-02,Vulnerabilidad Baja,2.700708215,1.0,1.0,1.0,1.776038647,1.0,1.0,1.0,sotap,4,average,jefatura_masculina,no,espanol_ningun_adulto,adultos_uno_mas_analfabeta,,0,0,9.472088355,5.532745347,2.436363105,15.131605699340447,low,INCLUSION,0.17076
550,#1860,2023-09,Vulnerabilidad Baja,1.0,1.0,1.0,1.0,1.0,2.117608696,1.790108696,1.0,pcr_cdmx,3,average,jefatura_femenina,no,espanol_uno_mas_adultos,adultos_ninguno_analfabeta,0.0,0,0,0.0,14.16503897,2.395343965,13.709193850906429,low,INCLUSION,0.12702000000000002
551,#527,2024-05,Vulnerabilidad Baja,1.0,1.0,2.578385269,1.0,1.0,1.0,1.0,1.043888889,sotap,1,low,,,espanol_uno_mas_adultos,adultos_ninguno_analfabeta,,0,-500,8.975915299,0.386821499,2.277972167,9.6391424255778,low,INCLUSION,0.11639999999999998
552,#1583,2024-03,Vulnerabilidad Moderada,1.0,1.525552408,1.0,1.0,1.776038647,2.823478261,2.580217391,1.0,foten,1,low,,,espanol_uno_mas_adultos,adultos_ninguno_analfabeta,,0,0,3.741369748,32.12448674,3.007954444,34.95245940008045,high,EXCLUSION,0.16668
553,#458,2023-10,Vulnerabilidad Baja,1.0,1.0,1.0,1.0,1.0,1.0,1.0,1.0,fupal,1,low,,,espanol_uno_mas_adultos,adultos_ninguno_analfabeta,0.0,0,0,0.0,0.0,2.0,0.0,low,EXCLUSION,0.13818
554,#527,2023-08,Vulnerabilidad Baja,1.599560907,1.525552408,1.0,1.0,1.776038647,1.498900966,1.0,1.043888889,sotap,1,low,,,espanol_uno_mas_adultos,adultos_ninguno_analfabeta,-500.0,-500,0,8.393749546,10.43108127,2.540977168,18.75926744378996,low,EXCLUSION,0.16584
555,#527,2023-12,Vulnerabilidad Baja,1.0,1.0,1.0,1.0,1.0,1.0,1.0,1.0,sotap,1,low,,,espanol_uno_mas_adultos,adultos_ninguno_analfabeta,0.0,0,0,0.0,0.0,2.0,0.0,low,EXCLUSION,0.12431999999999999
556,#1311,2023-10,Vulnerabilidad Baja,1.0,1.0,1.0,1.0,1.0,2.117608696,1.790108696,1.0,sotap,1,low,,,espanol_uno_mas_adultos,adultos_ninguno_analfabeta,,0,0,0.0,14.16503897,2.395343965,13.709193850906429,low,INCLUSION,0.10854
557,#555,2024-04,Vulnerabilidad Moderada,1.0,1.0,1.0,1.0,1.776038647,2.823478261,1.790108696,1.0,sotap,1,low,,,espanol_uno_mas_adultos,adultos_ninguno_analfabeta,0.0,0,0,0.0,26.18890898,2.730928248,25.34612370011462,medium,EXCLUSION,0.11226000000000001
558,#112,2024-05,Vulnerabilidad Moderada,1.0,1.0,2.578385269,1.0,1.776038647,2.117608696,1.790108696,1.0,sotap,1,low,,,espanol_uno_mas_adultos,adultos_uno_mas_analfabeta,,0,0,8.975915299,21.88512181,2.877986279,30.44560593426951,medium,EXCLUSION,0.1482
559,#692,2023-10,Vulnerabilidad Baja,1.0,1.0,2.578385269,1.0,1.0,1.0,1.0,1.0,pcr_cdmx,1,low,,,espanol_uno_mas_adultos,adultos_ninguno_analfabeta,0.0,0,0,8.975915299,0.0,2.267176041,9.26476922923712,low,EXCLUSION,0.13092
560,#112,2023-11,Vulnerabilidad Moderada,2.700708215,1.0,2.578385269,1.0,1.0,1.0,1.790108696,1.043888889,sotap,1,low,,,espanol_uno_mas_adultos,adultos_ninguno_analfabeta,0.0,0,0,20.97871872,6.061858428,2.793635574,27.520616629056853,medium,INCLUSION,0.11423999999999998
561,#513,2024-01,Vulnerabilidad Baja,1.0,1.0,1.0,1.0,1.776038647,2.117608696,1.790108696,1.0,pcr_cdmx,2,low,jefatura_femenina,no,espanol_uno_mas_adultos,adultos_ninguno_analfabeta,0.0,0,0,0.0,21.88512181,2.610810239,21.18083670503239,low,EXCLUSION,0.16104
562,#1101,2024-03,Vulnerabilidad Elevada,1.0,1.0,2.578385269,1.0,1.776038647,2.117608696,2.580217391,1.738466184,sotap,2,complete,jefatura_femenina,si,espanol_uno_mas_adultos,adultos_ninguno_analfabeta,0.0,0,0,8.975915299,36.78475459,3.29383264,44.86575363177633,high,EXCLUSION,0.15431999999999998
563,#071,2024-02,Vulnerabilidad Elevada,1.0,1.0,2.578385269,1.0,1.776038647,2.117608696,2.580217391,1.738466184,sotap,4,average,jefatura_masculina,no,espanol_ningun_adulto,adultos_ninguno_analfabeta,,0,0,8.975915299,36.78475459,3.29383264,44.86575363177633,high,INCLUSION,0.17243999999999998
564,#555,2024-02,Vulnerabilidad Baja,1.0,1.0,2.578385269,1.0,1.0,1.498900966,1.0,1.0,sotap,1,low,,,espanol_ningun_adulto,adultos_ninguno_analfabeta,,0,0,8.975915299,3.815111519,2.373655191,12.95710664444418,low,EXCLUSION,0.1641
565,#1223,2023-12,Vulnerabilidad Baja,1.0,1.0,1.0,1.0,1.0,1.498900966,1.790108696,1.0,sotap,4,average,jefatura_femenina,si,espanol_uno_mas_adultos,adultos_ninguno_analfabeta,0.0,0,-500,0.0,10.02735341,2.279861825,9.70466314991279,low,INCLUSION,0.13956000000000002
566,#112,2024-02,Vulnerabilidad Moderada,1.0,1.0,1.0,1.0,1.776038647,2.823478261,1.790108696,1.0,sotap,4,average,jefatura_masculina,no,espanol_uno_mas_adultos,adultos_ninguno_analfabeta,0.0,0,0,0.0,26.18890898,2.730928248,25.34612370011462,medium,EXCLUSION,0.14934
567,#1725,2024-05,Vulnerabilidad Moderada,1.0,1.525552408,1.0,1.0,1.776038647,2.117608696,1.790108696,1.043888889,foten,1,low,,,espanol_uno_mas_adultos,adultos_ninguno_analfabeta,0.0,0,0,3.741369748,22.50821784,2.739565922,25.645651649551347,medium,EXCLUSION,0.13014
568,#1583,2024-07,Vulnerabilidad Moderada,1.0,1.0,2.578385269,1.0,1.776038647,2.823478261,1.790108696,1.0,foten,2,average,jefatura_femenina,si,espanol_uno_mas_adultos,adultos_ninguno_analfabeta,,0,0,8.975915299,26.18890898,2.998104289,34.61089292935174,high,EXCLUSION,0.16638
569,#555,2023-12,Vulnerabilidad Baja,1.0,1.0,2.578385269,1.0,1.0,1.0,1.0,1.0,sotap,1,low,,,espanol_ningun_adulto,adultos_ninguno_analfabeta,,0,0,8.975915299,0.0,2.267176041,9.26476922923712,low,EXCLUSION,0.15264
570,#458,2024-04,Vulnerabilidad Baja,1.0,1.0,2.578385269,1.0,1.776038647,1.498900966,1.0,1.0,fupal,1,low,,,espanol_uno_mas_adultos,adultos_ninguno_analfabeta,0.0,0,0,8.975915299,9.93697889,2.544515527,18.88196620157803,low,EXCLUSION,0.12065999999999999
571,#555,2024-05,Vulnerabilidad Baja,1.0,1.0,1.0,1.0,1.0,2.117608696,1.0,1.0,sotap,1,low,,,espanol_uno_mas_adultos,adultos_ninguno_analfabeta,,0,0,0.0,7.392265486,2.206316944,7.154374990395034,low,EXCLUSION,0.09114
572,#1311,2024-02,Vulnerabilidad Elevada,1.599560907,1.0,2.578385269,1.0,1.776038647,2.823478261,2.580217391,1.043888889,sotap,3,low,jefatura_masculina,no,espanol_ningun_adulto,adultos_ninguno_analfabeta,0.0,0,0,14.28054816,32.85812825,3.342138208,46.54083130512371,high,INCLUSION,0.1761
573,#071,2023-10,Vulnerabilidad Moderada,1.0,1.0,1.0,1.0,1.776038647,2.823478261,1.790108696,1.0,sotap,3,average,jefatura_masculina,no,espanol_uno_mas_adultos,adultos_ninguno_analfabeta,,0,0,0.0,26.18890898,2.730928248,25.34612370011462,medium,EXCLUSION,0.16188
574,#112,2023-06,Vulnerabilidad Baja,1.0,1.0,1.0,1.0,1.776038647,2.117608696,1.790108696,1.0,sotap,2,average,jefatura_femenina,si,espanol_uno_mas_adultos,adultos_ninguno_analfabeta,0.0,0,0,0.0,21.88512181,2.610810239,21.18083670503239,low,EXCLUSION,0.12365999999999999
575,#1476,2024-04,Vulnerabilidad Elevada,2.700708215,1.525552408,2.578385269,1.0,1.0,2.117608696,1.790108696,1.043888889,pcr_cdmx,4,average,jefatura_masculina,no,espanol_uno_mas_adultos,adultos_ninguno_analfabeta,0.0,0,0,27.05638709,14.70478802,3.215765515,42.15866191967167,high,EXCLUSION,0.1089
576,#1311,2023-07,Vulnerabilidad Elevada,1.0,1.0,1.0,1.0,1.776038647,2.823478261,2.580217391,1.043888889,sotap,4,average,jefatura_femenina,si,espanol_uno_mas_adultos,adultos_ninguno_analfabeta,0.0,0,0,0.0,32.85812825,2.917065088,31.80072082478675,medium,EXCLUSION,0.09635999999999999
577,#645,2023-12,Vulnerabilidad Baja,1.0,1.0,1.0,1.0,1.776038647,1.0,1.790108696,1.0,fupal,1,low,,,espanol_uno_mas_adultos,adultos_ninguno_analfabeta,,0,0,0.0,12.01413641,2.33531262,11.62750948618979,low,EXCLUSION,0.14243999999999998
578,#555,2024-07,Vulnerabilidad Elevada,2.070141643,1.0,1.0,1.0,1.776038647,2.117608696,2.580217391,1.043888889,sotap,2,average,jefatura_femenina,si,espanol_uno_mas_adultos,adultos_ninguno_analfabeta,-500.0,0,0,6.702282231,28.09152966,2.983529432,34.10548451948735,high,EXCLUSION,0.11243999999999998
579,#555,2024-01,Vulnerabilidad Elevada,2.070141643,1.0,2.578385269,1.0,1.776038647,2.117608696,1.790108696,1.043888889,sotap,8,average,jefatura_masculina,no,espanol_uno_mas_adultos,adultos_ninguno_analfabeta,,0,0,17.46888676,22.50821784,3.148177581,39.81493388651453,high,INCLUSION,0.16932
580,#252,2023-12,Vulnerabilidad Moderada,1.0,2.051104816,2.578385269,1.0,1.776038647,1.0,1.790108696,1.0,sotap,2,average,jefatura_masculina,no,espanol_uno_mas_adultos,adultos_uno_mas_analfabeta,0.0,0,0,17.3510839,12.01413641,2.851782945,29.536968617175688,medium,EXCLUSION,0.21354000000000004
581,#527,2023-11,Vulnerabilidad Baja,1.0,1.0,1.0,1.0,1.776038647,2.117608696,1.790108696,1.0,sotap,2,average,jefatura_femenina,si,espanol_uno_mas_adultos,adultos_ninguno_analfabeta,0.0,0,0,0.0,21.88512181,2.610810239,21.18083670503239,low,INCLUSION,0.1413
582,#527,2024-01,Vulnerabilidad Moderada,2.070141643,1.0,1.0,1.0,1.776038647,2.117608696,1.790108696,1.0,sotap,1,low,,,espanol_uno_mas_adultos,adultos_ninguno_analfabeta,0.0,0,0,6.702282231,21.88512181,2.810309585,28.0988050805082,medium,EXCLUSION,0.14579999999999999
583,#1859,2024-04,Vulnerabilidad Moderada,1.0,1.525552408,1.0,1.0,1.776038647,2.823478261,1.790108696,1.0,pcr_cdmx,2,average,jefatura_femenina,no,espanol_ningun_adulto,adultos_ninguno_analfabeta,,0,0,3.741369748,26.18890898,2.842293421,29.20789446797501,medium,INCLUSION,0.13518
584,#555,2024-04,Vulnerabilidad Baja,1.0,1.0,1.0,1.0,1.0,2.117608696,1.0,1.0,sotap,1,low,,,espanol_uno_mas_adultos,adultos_uno_mas_analfabeta,0.0,0,0,0.0,7.392265486,2.206316944,7.154374990395034,low,EXCLUSION,0.12726
585,#1223,2023-12,Vulnerabilidad Severa,2.700708215,1.0,3.251728045,1.0,1.776038647,1.498900966,1.790108696,2.544987923,sotap,4,average,jefatura_femenina,si,espanol_uno_mas_adultos,adultos_uno_mas_analfabeta,0.0,0,0,24.2379543,31.0340229,3.587618702,55.0532729163834,high,EXCLUSION,0.1545
586,#1725,2023-07,Vulnerabilidad Moderada,1.0,1.0,1.0,1.0,1.776038647,2.823478261,2.580217391,1.0,foten,1,low,,,espanol_uno_mas_adultos,adultos_ninguno_analfabeta,0.0,0,-500,0.0,32.12448674,2.896589272,31.09068863222006,medium,EXCLUSION,0.13854
587,#071,2024-03,Vulnerabilidad Elevada,1.0,1.0,2.578385269,1.0,1.776038647,2.823478261,1.790108696,1.0,sotap,3,complete,jefatura_femenina,si,espanol_uno_mas_adultos,adultos_ninguno_analfabeta,,0,0,8.975915299,26.18890898,2.998104289,34.61089292935174,high,EXCLUSION,0.16122
588,#1223,2024-01,Vulnerabilidad Elevada,2.700708215,2.051104816,3.251728045,1.0,1.0,1.498900966,1.0,1.0,sotap,3,average,jefatura_femenina,no,espanol_uno_mas_adultos,adultos_uno_mas_analfabeta,0.0,0,0,35.61565687,3.815111519,3.16661061,40.454141738940535,high,EXCLUSION,0.1818
589,#071,2023-10,Vulnerabilidad Baja,1.0,1.0,1.0,1.564135978,1.0,1.0,1.0,1.0,sotap,1,low,,,espanol_uno_mas_adultos,adultos_ninguno_analfabeta,,0,0,3.975239986,0.0,2.118326527,4.103167183989466,low,EXCLUSION,0.14502
590,#1311,2024-03,Vulnerabilidad Baja,1.0,1.0,1.0,1.0,1.0,1.0,1.0,1.0,sotap,1,low,,,espanol_uno_mas_adultos,adultos_ninguno_analfabeta,0.0,0,0,0.0,0.0,2.0,0.0,low,EXCLUSION,0.11495999999999999
591,#527,2023-10,Vulnerabilidad Moderada,1.0,1.0,1.0,1.0,1.776038647,2.823478261,1.790108696,1.0,sotap,1,low,,,espanol_uno_mas_adultos,adultos_ninguno_analfabeta,0.0,0,0,0.0,26.18890898,2.730928248,25.34612370011462,medium,INCLUSION,0.15497999999999998
592,#1102,2023-12,Vulnerabilidad Baja,1.0,1.0,1.0,1.0,1.776038647,1.498900966,1.790108696,1.0,pcr_cdmx,2,average,jefatura_masculina,si,espanol_uno_mas_adultos,adultos_ninguno_analfabeta,,0,0,0.0,17.10850297,2.477495573,16.55793423592243,low,EXCLUSION,0.15311999999999998
593,#252,2023-10,Vulnerabilidad Elevada,2.700708215,1.0,1.249197356,1.0,1.776038647,2.823478261,1.790108696,1.043888889,sotap,3,average,jefatura_femenina,si,espanol_uno_mas_adultos,adultos_ninguno_analfabeta,0.0,0,0,11.93561888,26.85846924,3.104889798,38.31385587256485,high,EXCLUSION,0.11969999999999999
594,#555,2023-06,Vulnerabilidad Elevada,2.700708215,2.051104816,1.0,1.0,1.776038647,2.823478261,1.790108696,1.0,sotap,1,low,,,espanol_ningun_adulto,adultos_ninguno_analfabeta,0.0,0,0,17.94487015,26.18890898,3.265073146,43.868477716411775,high,EXCLUSION,0.11291999999999999
595,#555,2023-12,Vulnerabilidad Severa,2.700708215,1.0,2.578385269,1.0,1.776038647,2.823478261,2.580217391,1.043888889,sotap,2,average,jefatura_femenina,si,espanol_uno_mas_adultos,adultos_ninguno_analfabeta,0.0,0,0,20.97871872,32.85812825,3.541515166,53.45455569191508,high,EXCLUSION,0.17489999999999997
596,#1311,2023-07,Vulnerabilidad Moderada,2.700708215,1.0,1.0,1.0,1.0,1.0,1.790108696,2.544987923,sotap,1,low,,,espanol_ningun_adulto,adultos_ninguno_analfabeta,-500.0,0,0,9.472088355,16.51639539,2.742915015,25.761790900306664,medium,EXCLUSION,0.06492
597,#1101,2023-08,Vulnerabilidad Elevada,2.070141643,1.0,3.251728045,1.0,1.776038647,1.498900966,1.0,1.043888889,sotap,3,average,jefatura_masculina,no,espanol_uno_mas_adultos,adultos_uno_mas_analfabeta,0.0,0,0,20.51851115,10.43108127,2.901881398,31.27421600096828,medium,INCLUSION,0.16962
598,#1805,2023-08,Vulnerabilidad Moderada,1.0,1.0,1.249197356,1.0,1.776038647,2.117608696,2.580217391,1.043888889,fomon,4,average,jefatura_masculina,no,espanol_ningun_adulto,adultos_ninguno_analfabeta,,0,0,1.921713018,28.09152966,2.841231571,29.1710718086438,medium,INCLUSION,0.16073999999999997
599,#252,2023-07,Vulnerabilidad Moderada,2.700708215,1.0,1.249197356,1.0,1.776038647,1.0,2.580217391,1.0,sotap,1,low,,,espanol_uno_mas_adultos,adultos_ninguno_analfabeta,-500.0,0,0,11.93561888,16.59309681,2.8183849,28.37883339273467,medium,EXCLUSION,0.07944
600,#1101,2024-02,Vulnerabilidad Elevada,1.0,1.0,2.578385269,1.0,1.776038647,2.823478261,2.580217391,1.0,sotap,1,low,,,espanol_uno_mas_adultos,adultos_ninguno_analfabeta,0.0,0,0,8.975915299,32.12448674,3.163765312,40.35545786145718,high,EXCLUSION,0.17556000000000002
601,#238,2024-06,Vulnerabilidad Baja,1.0,1.525552408,1.0,1.0,1.776038647,1.0,2.580217391,1.043888889,futij,1,low,,,espanol_uno_mas_adultos,adultos_ninguno_analfabeta,,0,0,3.741369748,17.15905947,2.59027177,20.46863454505632,low,EXCLUSION,0.09366
602,#1223,2023-07,Vulnerabilidad Baja,1.0,1.0,1.0,1.0,1.776038647,1.0,2.580217391,1.043888889,sotap,1,low,,,espanol_uno_mas_adultos,adultos_ninguno_analfabeta,0.0,0,0,0.0,17.15905947,2.478906597,16.60686377719593,low,INCLUSION,0.09527999999999999
603,#1101,2024-04,Vulnerabilidad Baja,1.0,1.0,2.578385269,1.0,1.776038647,1.498900966,1.0,1.0,sotap,3,average,jefatura_femenina,si,espanol_uno_mas_adultos,adultos_ninguno_analfabeta,0.0,0,0,8.975915299,9.93697889,2.544515527,18.88196620157803,low,EXCLUSION,0.12684
604,#1167,2024-04,Vulnerabilidad Elevada,1.0,2.051104816,2.578385269,1.0,1.776038647,2.823478261,1.790108696,1.0,foten,1,low,,,espanol_uno_mas_adultos,adultos_ninguno_analfabeta,,0,0,17.3510839,26.18890898,3.247398574,43.25558283110052,high,EXCLUSION,0.18438000000000002
605,#672,2024-03,Vulnerabilidad Moderada,1.599560907,1.0,1.0,1.0,1.776038647,2.823478261,2.580217391,1.043888889,fupal,1,low,,,espanol_uno_mas_adultos,adultos_ninguno_analfabeta,0.0,0,0,4.186184624,32.85812825,3.041670568,36.1216210561717,high,EXCLUSION,0.14106
606,#1311,2023-11,Vulnerabilidad Baja,1.0,1.0,1.0,1.0,1.776038647,1.498900966,1.790108696,1.0,sotap,1,low,,,espanol_uno_mas_adultos,adultos_ninguno_analfabeta,0.0,0,0,0.0,17.10850297,2.477495573,16.55793423592243,low,EXCLUSION,0.12624
607,#1101,2023-08,Vulnerabilidad Baja,1.0,1.0,1.0,1.0,1.776038647,1.498900966,2.580217391,1.0,sotap,1,low,,,espanol_uno_mas_adultos,adultos_ninguno_analfabeta,0.0,0,0,0.0,22.17502718,2.618901451,21.46141263032042,medium,EXCLUSION,0.13302
608,#645,2023-07,Vulnerabilidad Elevada,1.0,1.0,3.251728045,1.0,1.776038647,2.117608696,1.790108696,1.0,fupal,1,low,,,espanol_uno_mas_adultos,adultos_ninguno_analfabeta,,0,0,11.51832969,21.88512181,2.953663487,33.06983776278628,medium,INCLUSION,0.12756
609,#1101,2023-08,Vulnerabilidad Elevada,1.0,1.0,2.578385269,1.0,1.776038647,2.823478261,2.580217391,1.043888889,sotap,1,low,,,espanol_uno_mas_adultos,adultos_ninguno_analfabeta,0.0,0,0,8.975915299,32.85812825,3.184241129,41.06549005402387,high,EXCLUSION,0.16662
610,#1223,2024-02,Vulnerabilidad Elevada,1.0,2.051104816,1.0,1.0,1.776038647,2.823478261,1.790108696,1.0,sotap,2,average,jefatura_femenina,si,espanol_uno_mas_adultos,adultos_ninguno_analfabeta,0.0,0,0,6.609317356,26.18890898,2.927660413,32.16813549794806,medium,INCLUSION,0.1605
611,#1223,2023-08,Vulnerabilidad Baja,1.0,1.0,1.0,1.0,1.0,1.0,1.0,1.0,sotap,1,low,,,espanol_uno_mas_adultos,adultos_ninguno_analfabeta,0.0,0,0,0.0,0.0,2.0,0.0,low,EXCLUSION,0.12719999999999998
612,#1101,2023-09,Vulnerabilidad Baja,1.0,1.0,1.0,1.0,1.776038647,2.117608696,1.0,1.0,sotap,1,low,,,espanol_ningun_adulto,adultos_ninguno_analfabeta,,0,0,0.0,14.06650994,2.392594036,13.61383558362086,low,EXCLUSION,0.13926
613,#252,2024-05,Vulnerabilidad Baja,1.0,1.0,1.0,1.0,1.0,1.498900966,1.0,1.0,sotap,4,average,jefatura_masculina,no,espanol_uno_mas_adultos,adultos_ninguno_analfabeta,0.0,0,0,0.0,3.815111519,2.10647915,3.692337415207061,low,EXCLUSION,0.10685999999999998
614,#252,2024-05,Vulnerabilidad Baja,2.070141643,1.0,1.0,1.0,1.0,1.0,2.580217391,1.0,sotap,3,low,jefatura_masculina,no,espanol_uno_mas_adultos,adultos_ninguno_analfabeta,0.0,0,0,6.702282231,9.580889352,2.466900431,16.190535127239098,low,EXCLUSION,0.08088
615,#112,2024-05,Vulnerabilidad Baja,1.0,1.0,1.0,1.0,1.0,1.498900966,1.790108696,1.0,sotap,3,low,jefatura_femenina,no,espanol_uno_mas_adultos,adultos_ninguno_analfabeta,0.0,0,0,0.0,10.02735341,2.279861825,9.70466314991279,low,EXCLUSION,0.08892
616,#1311,2023-11,Vulnerabilidad Elevada,1.0,1.0,2.578385269,1.0,1.776038647,2.823478261,2.580217391,1.0,sotap,1,low,,,espanol_uno_mas_adultos,adultos_ninguno_analfabeta,0.0,0,0,8.975915299,32.12448674,3.163765312,40.35545786145718,high,INCLUSION,0.17448
617,#1167,2024-01,Vulnerabilidad Elevada,2.070141643,1.0,1.0,1.0,1.776038647,2.117608696,2.580217391,1.043888889,foten,3,average,jefatura_femenina,si,espanol_uno_mas_adultos,adultos_ninguno_analfabeta,,0,0,6.702282231,28.09152966,2.983529432,34.10548451948735,high,EXCLUSION,0.17873999999999998
618,#1311,2024-05,Vulnerabilidad Baja,1.0,1.0,1.0,1.0,1.0,1.0,1.0,1.0,sotap,3,low,jefatura_masculina,no,espanol_uno_mas_adultos,adultos_ninguno_analfabeta,0.0,0,0,0.0,0.0,2.0,0.0,low,INCLUSION,0.09498
619,#1101,2024-03,Vulnerabilidad Baja,1.0,1.0,1.0,1.0,1.776038647,2.117608696,1.790108696,1.0,sotap,1,low,,,espanol_uno_mas_adultos,adultos_ninguno_analfabeta,0.0,0,0,0.0,21.88512181,2.610810239,21.18083670503239,low,INCLUSION,0.14064000000000002
620,#1311,2023-09,Vulnerabilidad Baja,1.0,1.0,2.578385269,1.0,1.0,1.498900966,1.0,1.0,sotap,1,low,,,espanol_uno_mas_adultos,adultos_ninguno_analfabeta,0.0,0,0,8.975915299,3.815111519,2.373655191,12.95710664444418,low,EXCLUSION,0.12719999999999998
621,#555,2023-10,Vulnerabilidad Elevada,1.0,1.0,1.0,1.0,1.776038647,2.117608696,2.580217391,1.738466184,sotap,2,average,jefatura_femenina,si,espanol_uno_mas_adultos,adultos_ninguno_analfabeta,0.0,0,0,0.0,36.78475459,3.0266566,35.60098440253921,high,EXCLUSION,0.13782
622,#527,2023-12,Vulnerabilidad Severa,2.700708215,1.525552408,3.251728045,1.0,1.776038647,2.117608696,1.790108696,1.0,sotap,4,average,jefatura_femenina,no,espanol_uno_mas_adultos,adultos_ninguno_analfabeta,0.0,0,0,30.67858802,21.88512181,3.523985487,52.84669236610401,high,INCLUSION,0.16673999999999997
623,#440,2024-04,Vulnerabilidad Elevada,1.0,1.0,1.0,1.0,1.776038647,2.117608696,2.580217391,1.738466184,pcr_cdmx,1,low,,,espanol_ningun_adulto,adultos_ninguno_analfabeta,,0,0,0.0,36.78475459,3.0266566,35.60098440253921,high,INCLUSION,0.10806
624,#1102,2023-11,Vulnerabilidad Baja,1.0,1.0,2.578385269,1.0,1.776038647,1.0,1.790108696,1.043888889,pcr_cdmx,1,low,,,espanol_uno_mas_adultos,adultos_ninguno_analfabeta,0.0,0,0,8.975915299,12.53066404,2.616904864,21.39218396976588,medium,EXCLUSION,0.16686
625,#1860,2024-03,Vulnerabilidad Baja,1.0,1.0,1.0,1.0,1.776038647,1.0,2.580217391,1.043888889,pcr_cdmx,1,low,,,espanol_uno_mas_adultos,adultos_ninguno_analfabeta,0.0,0,0,0.0,17.15905947,2.478906597,16.60686377719593,low,EXCLUSION,0.14418
626,#555,2024-02,Vulnerabilidad Elevada,2.070141643,1.0,1.0,1.0,1.776038647,2.823478261,2.580217391,1.043888889,sotap,7,average,jefatura_femenina,no,espanol_uno_mas_adultos,adultos_ninguno_analfabeta,,-500,0,6.702282231,32.85812825,3.116564434,38.71868920026256,high,INCLUSION,0.16091999999999998
627,#527,2023-06,Vulnerabilidad Moderada,1.0,1.0,1.0,1.0,1.776038647,2.117608696,2.580217391,1.043888889,sotap,2,average,jefatura_femenina,no,espanol_uno_mas_adultos,adultos_ninguno_analfabeta,,0,0,0.0,28.09152966,2.784030087,27.18751614401154,medium,EXCLUSION,0.10224
628,#1407,2023-11,Vulnerabilidad Moderada,2.070141643,1.0,1.0,1.0,1.776038647,2.117608696,1.790108696,1.043888889,foten,1,low,,,espanol_uno_mas_adultos,adultos_ninguno_analfabeta,0.0,0,0,6.702282231,22.50821784,2.827700095,28.70184925716677,medium,INCLUSION,0.13727999999999999
629,#1311,2024-02,Vulnerabilidad Elevada,1.0,1.0,2.578385269,1.0,1.776038647,2.823478261,1.790108696,1.043888889,sotap,1,low,,,espanol_ningun_adulto,adultos_ninguno_analfabeta,0.0,0,0,8.975915299,26.85846924,3.016791609,35.25890607062468,high,EXCLUSION,0.1716
630,#1311,2023-08,Vulnerabilidad Elevada,2.700708215,1.0,2.578385269,1.0,1.776038647,2.823478261,1.790108696,1.0,sotap,4,average,jefatura_masculina,no,espanol_uno_mas_adultos,adultos_ninguno_analfabeta,0.0,0,-500,20.97871872,26.18890898,3.355378326,46.99995856724294,high,INCLUSION,0.1788
631,#112,2024-06,Vulnerabilidad Moderada,2.700708215,1.0,2.578385269,1.0,1.0,2.117608696,1.0,1.043888889,sotap,1,low,,,espanol_uno_mas_adultos,adultos_ninguno_analfabeta,,0,0,20.97871872,7.858894815,2.843790571,29.25982258808681,medium,EXCLUSION,0.08484
632,#692,2023-11,Vulnerabilidad Baja,1.0,1.525552408,1.0,1.0,1.776038647,1.0,1.0,1.0,pcr_cdmx,1,low,,,espanol_uno_mas_adultos,adultos_ninguno_analfabeta,0.0,0,0,3.741369748,5.532745347,2.265783208,9.21646683684858,low,INCLUSION,0.14238
633,#252,2024-02,Vulnerabilidad Elevada,1.0,1.0,3.251728045,1.0,1.776038647,2.823478261,2.580217391,1.0,sotap,3,average,jefatura_femenina,no,espanol_uno_mas_adultos,adultos_ninguno_analfabeta,0.0,0,-500,11.51832969,32.12448674,3.23944252,42.97968968997395,high,EXCLUSION,0.23381999999999997
634,#1311,2024-04,Vulnerabilidad Baja,1.599560907,1.0,1.0,1.0,1.0,1.0,1.790108696,1.043888889,sotap,1,low,,,espanol_uno_mas_adultos,adultos_ninguno_analfabeta,,0,0,4.186184624,6.061858428,2.293790976,10.187681993313475,low,EXCLUSION,0.08063999999999999
635,#252,2024-05,Vulnerabilidad Elevada,1.0,1.0,1.0,1.0,1.776038647,2.823478261,2.580217391,1.043888889,sotap,4,complete,jefatura_femenina,si,espanol_uno_mas_adultos,adultos_ninguno_analfabeta,,0,0,0.0,32.85812825,2.917065088,31.80072082478675,medium,EXCLUSION,0.10343999999999999
636,#1476,2023-09,Vulnerabilidad Baja,1.0,1.0,2.578385269,1.0,1.0,1.498900966,1.0,1.0,pcr_cdmx,1,low,,,espanol_ningun_adulto,adultos_ninguno_analfabeta,0.0,0,0,8.975915299,3.815111519,2.373655191,12.95710664444418,low,EXCLUSION,0.14118
637,#1311,2023-08,Vulnerabilidad Moderada,1.0,1.0,1.0,1.0,1.776038647,2.823478261,1.790108696,1.043888889,sotap,1,low,,,espanol_uno_mas_adultos,adultos_ninguno_analfabeta,,0,0,0.0,26.85846924,2.749615568,25.99413684138756,medium,EXCLUSION,0.13493999999999998
638,#112,2023-09,Vulnerabilidad Moderada,2.700708215,1.0,1.249197356,1.0,1.0,2.117608696,2.580217391,1.0,sotap,1,low,,,espanol_uno_mas_adultos,adultos_ninguno_analfabeta,-500.0,0,0,11.93561888,18.94985465,2.884161633,30.65974840868563,medium,EXCLUSION,0.08058
639,#527,2024-05,Vulnerabilidad Severa,2.700708215,2.051104816,3.251728045,1.0,1.776038647,2.823478261,2.580217391,1.043888889,sotap,4,complete,jefatura_masculina,si,espanol_uno_mas_adultos,adultos_uno_mas_analfabeta,,0,0,35.61565687,32.85812825,3.977196548,68.56252514852022,high,INCLUSION,0.15011999999999998
640,#252,2024-06,Vulnerabilidad Elevada,1.0,1.0,2.578385269,1.564135978,1.776038647,2.117608696,1.790108696,1.043888889,sotap,1,low,,,espanol_uno_mas_adultos,adultos_ninguno_analfabeta,-500.0,0,0,14.01324416,22.50821784,3.045317329,36.24808525200392,high,EXCLUSION,0.0936
641,#513,2023-10,Vulnerabilidad Elevada,1.0,1.0,1.0,1.0,1.776038647,2.823478261,2.580217391,1.043888889,pcr_cdmx,2,average,jefatura_masculina,no,espanol_uno_mas_adultos,adultos_ninguno_analfabeta,-500.0,0,0,0.0,32.85812825,2.917065088,31.80072082478675,medium,INCLUSION,0.14406
642,#1223,2024-03,Vulnerabilidad Moderada,2.700708215,1.0,2.578385269,1.0,1.0,1.0,1.790108696,1.0,sotap,2,average,jefatura_femenina,no,espanol_ningun_adulto,adultos_uno_mas_analfabeta,0.0,0,0,20.97871872,5.614422911,2.78114772,27.08758003442943,medium,EXCLUSION,0.14514
643,#112,2023-11,Vulnerabilidad Moderada,1.0,1.0,1.0,1.0,1.776038647,2.823478261,1.790108696,1.0,sotap,1,low,,,espanol_uno_mas_adultos,adultos_ninguno_analfabeta,0.0,0,0,0.0,26.18890898,2.730928248,25.34612370011462,medium,INCLUSION,0.14658
644,#1101,2023-06,Vulnerabilidad Severa,2.700708215,1.0,2.578385269,1.0,1.776038647,2.823478261,2.580217391,1.0,sotap,2,low,jefatura_masculina,no,espanol_ningun_adulto,adultos_uno_mas_analfabeta,0.0,0,0,20.97871872,32.12448674,3.521039349,52.74452349934838,high,EXCLUSION,0.14748
645,#252,2023-11,Vulnerabilidad Moderada,1.0,1.525552408,1.0,1.0,1.776038647,2.823478261,1.790108696,1.0,sotap,5,low,jefatura_masculina,no,espanol_uno_mas_adultos,adultos_ninguno_analfabeta,,0,0,3.741369748,26.18890898,2.842293421,29.20789446797501,medium,INCLUSION,0.15527999999999997
646,#527,2024-02,Vulnerabilidad Severa,2.700708215,1.0,2.578385269,1.0,1.776038647,2.823478261,2.580217391,1.738466184,sotap,3,complete,jefatura_femenina,si,espanol_uno_mas_adultos,adultos_ninguno_analfabeta,-500.0,0,0,20.97871872,42.19960637,3.802234322,62.49541570453535,high,EXCLUSION,0.11778
647,#527,2024-03,Vulnerabilidad Moderada,1.0,1.0,1.0,1.0,1.776038647,2.823478261,2.580217391,1.0,sotap,7,low,jefatura_masculina,no,espanol_ningun_adulto,adultos_ninguno_analfabeta,,0,0,0.0,32.12448674,2.896589272,31.09068863222006,medium,INCLUSION,0.14765999999999999
648,#527,2023-10,Vulnerabilidad Elevada,1.0,1.0,2.578385269,1.0,1.776038647,2.117608696,2.580217391,1.043888889,sotap,5,high,jefatura_masculina,no,espanol_uno_mas_adultos,adultos_ninguno_analfabeta,,0,0,8.975915299,28.09152966,3.051206127,36.45228537324866,high,EXCLUSION,0.1551
649,#1200,2024-05,Vulnerabilidad Baja,1.599560907,1.0,1.0,1.0,1.0,1.0,1.790108696,1.043888889,fupal,1,low,,,espanol_uno_mas_adultos,adultos_ninguno_analfabeta,0.0,0,0,4.186184624,6.061858428,2.293790976,10.187681993313475,low,EXCLUSION,0.0936
650,#555,2023-06,Vulnerabilidad Moderada,1.599560907,1.0,1.0,1.0,1.776038647,2.823478261,1.790108696,1.043888889,sotap,1,low,,,espanol_uno_mas_adultos,adultos_ninguno_analfabeta,0.0,0,0,4.186184624,26.85846924,2.874221048,30.315037072772505,medium,EXCLUSION,0.11615999999999999
651,#071,2023-12,Vulnerabilidad Baja,1.0,1.0,1.0,1.0,1.776038647,2.117608696,1.790108696,1.043888889,sotap,1,low,,,espanol_uno_mas_adultos,adultos_ninguno_analfabeta,,0,0,0.0,22.50821784,2.628200749,21.78388088169096,medium,EXCLUSION,0.1557
652,#527,2023-11,Vulnerabilidad Moderada,2.700708215,1.0,2.578385269,1.0,1.776038647,1.0,1.0,1.0,sotap,1,low,,,espanol_uno_mas_adultos,adultos_ninguno_analfabeta,-500.0,0,0,20.97871872,5.532745347,2.778868113,27.00853093611651,medium,EXCLUSION,0.12389999999999998
653,#252,2023-07,Vulnerabilidad Elevada,2.700708215,2.051104816,1.249197356,1.0,1.776038647,2.117608696,1.0,1.043888889,sotap,2,complete,jefatura_femenina,si,espanol_uno_mas_adultos,adultos_ninguno_analfabeta,-500.0,0,0,20.89305637,14.60519526,3.029528919,35.70060128838091,high,EXCLUSION,0.0717
654,#1407,2023-08,Vulnerabilidad Elevada,2.070141643,1.0,1.0,1.0,1.776038647,2.823478261,2.580217391,1.043888889,foten,2,average,jefatura_masculina,no,espanol_uno_mas_adultos,adultos_ninguno_analfabeta,0.0,0,0,6.702282231,32.85812825,3.116564434,38.71868920026256,high,INCLUSION,0.1512
655,#1311,2024-06,Vulnerabilidad Baja,2.070141643,1.0,2.578385269,1.0,1.0,1.0,1.0,1.043888889,sotap,1,low,,,espanol_uno_mas_adultos,adultos_ninguno_analfabeta,,0,0,17.46888676,0.386821499,2.530772958,18.405426201164243,low,EXCLUSION,0.08106
656,#1805,2023-09,Vulnerabilidad Baja,1.0,1.0,1.0,1.0,1.0,2.117608696,1.790108696,1.0,fomon,1,low,,,espanol_uno_mas_adultos,adultos_uno_mas_analfabeta,0.0,0,0,0.0,14.16503897,2.395343965,13.709193850906429,low,EXCLUSION,0.15407999999999997
657,#1373,2023-09,Vulnerabilidad Baja,1.0,1.0,1.0,1.0,1.776038647,1.0,1.790108696,1.0,fomon,1,low,,,espanol_ningun_adulto,adultos_ninguno_analfabeta,,0,0,0.0,12.01413641,2.33531262,11.62750948618979,low,EXCLUSION,0.12131999999999998
658,#112,2024-05,Vulnerabilidad Severa,2.700708215,2.051104816,2.578385269,1.0,1.776038647,2.823478261,2.580217391,1.0,sotap,2,complete,jefatura_femenina,si,espanol_uno_mas_adultos,adultos_ninguno_analfabeta,,0,0,31.71522481,32.12448674,3.840620929,63.82654109183068,high,EXCLUSION,0.12732
659,#252,2024-05,Vulnerabilidad Elevada,2.700708215,1.0,2.578385269,1.0,1.776038647,2.823478261,1.790108696,1.0,sotap,1,low,,,espanol_uno_mas_adultos,adultos_ninguno_analfabeta,,0,0,20.97871872,26.18890898,3.355378326,46.99995856724294,high,EXCLUSION,0.11208
660,#071,2023-08,Vulnerabilidad Elevada,1.0,1.0,2.578385269,1.0,1.776038647,2.117608696,2.580217391,1.043888889,sotap,3,average,jefatura_masculina,no,espanol_uno_mas_adultos,adultos_ninguno_analfabeta,,0,0,8.975915299,28.09152966,3.051206127,36.45228537324866,high,EXCLUSION,0.16482
661,#555,2024-03,Vulnerabilidad Baja,1.0,1.0,1.0,1.0,1.0,1.498900966,1.790108696,1.0,sotap,4,average,jefatura_masculina,no,espanol_uno_mas_adultos,adultos_ninguno_analfabeta,,0,0,0.0,10.02735341,2.279861825,9.70466314991279,low,EXCLUSION,0.13248
662,#676,2023-10,Vulnerabilidad Baja,1.0,1.0,1.0,1.0,1.776038647,1.0,2.580217391,1.0,pcr_cdmx,2,average,jefatura_masculina,no,espanol_uno_mas_adultos,adultos_ninguno_analfabeta,0.0,0,0,0.0,16.59309681,2.46311067,16.059114361557388,low,INCLUSION,0.13685999999999998
663,#1223,2024-04,Vulnerabilidad Baja,2.070141643,1.0,1.0,1.0,1.0,1.498900966,1.790108696,1.043888889,sotap,1,low,,,espanol_uno_mas_adultos,adultos_ninguno_analfabeta,0.0,0,0,6.702282231,10.52243148,2.49317872,17.10177748801793,low,EXCLUSION,0.08657999999999999
664,#071,2023-11,Vulnerabilidad Moderada,1.0,1.0,2.578385269,1.0,1.776038647,2.117608696,1.790108696,1.043888889,sotap,6,average,jefatura_masculina,no,espanol_uno_mas_adultos,adultos_ninguno_analfabeta,0.0,0,-500,8.975915299,22.50821784,2.89537679,31.04865011092808,medium,EXCLUSION,0.19691999999999998
665,#555,2024-02,Vulnerabilidad Baja,1.0,1.525552408,2.578385269,1.0,1.776038647,1.0,1.0,1.043888889,sotap,1,low,,,espanol_uno_mas_adultos,adultos_ninguno_analfabeta,,0,0,13.7168894,5.979299062,2.575176597,19.94519185666718,low,INCLUSION,0.1398
666,#1101,2023-08,Vulnerabilidad Elevada,2.070141643,1.0,1.0,1.0,1.776038647,2.117608696,2.580217391,1.043888889,sotap,1,low,,,espanol_uno_mas_adultos,adultos_ninguno_analfabeta,,0,0,6.702282231,28.09152966,2.983529432,34.10548451948735,high,EXCLUSION,0.12096
667,#071,2024-03,Vulnerabilidad Elevada,1.599560907,1.0,1.0,1.0,1.776038647,2.823478261,2.580217391,1.0,sotap,2,complete,jefatura_femenina,si,espanol_uno_mas_adultos,adultos_ninguno_analfabeta,,0,0,4.186184624,32.12448674,3.021194752,35.411588863605004,high,EXCLUSION,0.14418
668,#252,2023-07,Vulnerabilidad Baja,2.700708215,1.0,1.0,1.0,1.0,1.498900966,1.790108696,1.0,sotap,5,average,jefatura_masculina,no,espanol_uno_mas_adultos,adultos_ninguno_analfabeta,,0,0,9.472088355,10.02735341,2.561806895,19.481572780265047,low,EXCLUSION,0.078
669,#1101,2023-08,Vulnerabilidad Severa,2.070141643,2.051104816,1.0,1.0,1.776038647,2.117608696,2.580217391,2.544987923,sotap,3,average,jefatura_femenina,si,espanol_ningun_adulto,adultos_ninguno_analfabeta,0.0,0,0,14.63015408,44.04383881,3.664735924,57.72743110170387,high,EXCLUSION,0.11514
670,#527,2024-02,Vulnerabilidad Elevada,2.700708215,1.0,2.578385269,1.0,1.776038647,2.823478261,1.0,1.0,sotap,1,low,,,espanol_ningun_adulto,adultos_ninguno_analfabeta,0.0,0,0,20.97871872,17.78726377,3.120889756,38.86868670174595,high,EXCLUSION,0.14418
671,#527,2023-06,Vulnerabilidad Baja,1.599560907,1.0,1.0,1.0,1.0,1.0,2.580217391,1.043888889,sotap,2,low,jefatura_femenina,no,espanol_uno_mas_adultos,adultos_ninguno_analfabeta,-500.0,0,0,4.186184624,10.07114734,2.405689587,14.067947978836404,low,EXCLUSION,0.0741
672,#527,2024-06,Vulnerabilidad Baja,1.0,2.051104816,1.0,1.0,1.0,1.498900966,1.0,1.0,sotap,1,low,,,espanol_uno_mas_adultos,adultos_ninguno_analfabeta,0.0,0,0,6.609317356,3.815111519,2.303211315,10.514349213040497,low,EXCLUSION,0.08316
673,#071,2024-02,Vulnerabilidad Baja,1.0,1.0,1.0,1.0,1.0,1.498900966,1.0,1.0,sotap,1,low,,,espanol_uno_mas_adultos,adultos_ninguno_analfabeta,0.0,0,0,0.0,3.815111519,2.10647915,3.692337415207061,low,INCLUSION,0.12576
674,#1223,2024-07,Vulnerabilidad Baja,1.0,1.525552408,1.0,1.0,1.0,1.498900966,1.790108696,1.0,sotap,2,average,jefatura_masculina,no,espanol_uno_mas_adultos,adultos_ninguno_analfabeta,0.0,0,0,3.741369748,10.02735341,2.391226998,13.566433917773178,low,EXCLUSION,0.10812
675,#1311,2023-10,Vulnerabilidad Baja,1.0,1.0,3.251728045,1.0,1.0,1.498900966,1.790108696,1.0,sotap,3,average,jefatura_masculina,no,espanol_ningun_adulto,adultos_uno_mas_analfabeta,0.0,0,0,11.51832969,10.02735341,2.622715074,21.59366420766668,medium,INCLUSION,0.1716
676,#252,2023-12,Vulnerabilidad Baja,1.0,1.0,2.578385269,1.0,1.0,1.0,1.0,1.0,sotap,1,low,,,espanol_uno_mas_adultos,adultos_ninguno_analfabeta,0.0,0,0,8.975915299,0.0,2.267176041,9.26476922923712,low,EXCLUSION,0.15972
677,#1054,2023-07,Vulnerabilidad Baja,1.0,1.525552408,1.0,1.0,1.776038647,1.0,1.0,1.0,futij,1,low,,,espanol_uno_mas_adultos,adultos_ninguno_analfabeta,,0,0,3.741369748,5.532745347,2.265783208,9.21646683684858,low,EXCLUSION,0.10632
678,#645,2023-07,Vulnerabilidad Baja,1.0,1.0,3.251728045,1.0,1.776038647,1.0,1.790108696,1.043888889,fupal,1,low,,,espanol_uno_mas_adultos,adultos_ninguno_analfabeta,0.0,-500,0,11.51832969,12.53066404,2.692582072,24.01641579828265,medium,EXCLUSION,0.15852
679,#252,2024-01,Vulnerabilidad Moderada,1.0,1.525552408,2.578385269,1.0,1.776038647,1.0,1.790108696,1.0,sotap,1,low,,,espanol_uno_mas_adultos,adultos_ninguno_analfabeta,0.0,0,0,13.7168894,12.01413641,2.743607939,25.785822103971192,medium,EXCLUSION,0.17166
680,#1476,2023-12,Vulnerabilidad Elevada,1.0,1.0,2.578385269,1.0,1.776038647,2.823478261,1.790108696,1.0,pcr_cdmx,4,average,jefatura_masculina,no,espanol_ningun_adulto,adultos_ninguno_analfabeta,,0,0,8.975915299,26.18890898,2.998104289,34.61089292935174,high,INCLUSION,0.21762
681,#1407,2024-05,Vulnerabilidad Baja,1.0,1.0,1.0,1.0,1.0,2.117608696,1.790108696,1.0,foten,2,average,jefatura_masculina,no,espanol_uno_mas_adultos,adultos_ninguno_analfabeta,0.0,0,0,0.0,14.16503897,2.395343965,13.709193850906429,low,EXCLUSION,0.11069999999999999
682,#1771,2024-03,Vulnerabilidad Elevada,1.0,2.051104816,2.578385269,1.0,1.776038647,2.823478261,1.790108696,1.0,fupal,1,low,,,espanol_ningun_adulto,adultos_uno_mas_analfabeta,,0,0,17.3510839,26.18890898,3.247398574,43.25558283110052,high,EXCLUSION,0.19379999999999997
683,#071,2024-03,Vulnerabilidad Moderada,1.0,1.0,2.578385269,1.0,1.776038647,1.498900966,1.790108696,1.0,sotap,2,average,jefatura_femenina,si,espanol_ningun_adulto,adultos_ninguno_analfabeta,0.0,0,0,8.975915299,17.10850297,2.744671614,25.82270346515955,medium,EXCLUSION,0.14646
684,#1311,2023-08,Vulnerabilidad Baja,1.0,1.0,1.0,1.564135978,1.776038647,2.823478261,1.0,1.043888889,sotap,1,low,,,espanol_uno_mas_adultos,adultos_ninguno_analfabeta,0.0,0,0,3.975239986,18.36611881,2.630921956,21.87824592456485,medium,EXCLUSION,0.19452000000000003
685,#1223,2023-08,Vulnerabilidad Moderada,1.0,1.0,1.0,1.0,1.776038647,2.823478261,1.790108696,1.0,sotap,1,low,,,espanol_ningun_adulto,adultos_ninguno_analfabeta,0.0,0,0,0.0,26.18890898,2.730928248,25.34612370011462,medium,EXCLUSION,0.15281999999999998
686,#071,2023-12,Vulnerabilidad Elevada,1.0,1.0,2.578385269,1.0,1.776038647,2.823478261,2.580217391,1.043888889,sotap,1,low,,,espanol_uno_mas_adultos,adultos_uno_mas_analfabeta,0.0,0,0,8.975915299,32.85812825,3.184241129,41.06549005402387,high,EXCLUSION,0.19134
687,#527,2024-02,Vulnerabilidad Baja,1.0,1.525552408,1.0,1.0,1.776038647,1.498900966,1.790108696,1.0,sotap,1,low,,,espanol_uno_mas_adultos,adultos_ninguno_analfabeta,,0,0,3.741369748,17.10850297,2.588860746,20.41970500378282,low,INCLUSION,0.12816
688,#676,2023-06,Vulnerabilidad Baja,1.0,1.0,1.0,1.0,1.776038647,2.117608696,1.790108696,1.0,pcr_cdmx,1,low,,,espanol_uno_mas_adultos,adultos_ninguno_analfabeta,0.0,0,0,0.0,21.88512181,2.610810239,21.18083670503239,low,EXCLUSION,0.11699999999999999
689,#112,2024-04,Vulnerabilidad Moderada,1.0,1.0,1.0,1.0,1.776038647,2.117608696,2.580217391,1.0,sotap,1,low,,,espanol_uno_mas_adultos,adultos_ninguno_analfabeta,,0,0,0.0,27.40879931,2.764975192,26.526756739404888,medium,EXCLUSION,0.10877999999999999
690,#527,2023-10,Vulnerabilidad Baja,1.0,1.0,1.0,1.0,1.776038647,1.498900966,1.790108696,1.0,sotap,1,low,,,espanol_uno_mas_adultos,adultos_ninguno_analfabeta,,0,0,0.0,17.10850297,2.477495573,16.55793423592243,low,INCLUSION,0.12252
691,#112,2024-05,Vulnerabilidad Severa,2.070141643,1.0,1.0,1.0,1.776038647,2.823478261,2.580217391,2.544987923,sotap,2,complete,jefatura_femenina,si,espanol_uno_mas_adultos,adultos_ninguno_analfabeta,,0,0,6.702282231,50.0,3.594991325,55.308918375475805,high,EXCLUSION,0.08711999999999999
692,#555,2023-11,Vulnerabilidad Elevada,2.700708215,1.0,3.251728045,1.0,1.776038647,2.117608696,1.790108696,1.0,sotap,3,complete,jefatura_femenina,si,espanol_uno_mas_adultos,adultos_ninguno_analfabeta,0.0,0,0,24.2379543,21.88512181,3.33227434,46.19879261236069,high,INCLUSION,0.1383
693,#692,2023-12,Vulnerabilidad Baja,1.0,1.0,1.0,1.0,1.776038647,1.498900966,1.790108696,1.0,pcr_cdmx,1,low,,,espanol_uno_mas_adultos,adultos_ninguno_analfabeta,0.0,0,0,0.0,17.10850297,2.477495573,16.55793423592243,low,EXCLUSION,0.17232
694,#527,2024-05,Vulnerabilidad Elevada,2.700708215,2.051104816,3.251728045,1.0,1.0,2.117608696,1.0,1.0,sotap,2,complete,jefatura_femenina,si,espanol_uno_mas_adultos,adultos_ninguno_analfabeta,,0,-500,35.61565687,7.392265486,3.266448403,43.916179314128506,high,EXCLUSION,0.11526
695,#937,2023-11,Vulnerabilidad Baja,1.0,1.0,1.0,1.0,1.0,1.0,1.790108696,1.0,futij,1,low,,,espanol_uno_mas_adultos,adultos_ninguno_analfabeta,,0,0,0.0,5.614422911,2.156697643,5.433745167301109,low,EXCLUSION,0.12269999999999999
696,#1841,2024-05,Vulnerabilidad Baja,1.0,1.525552408,1.0,1.0,1.0,1.498900966,1.0,1.0,foten,1,low,,,espanol_ningun_adulto,adultos_uno_mas_analfabeta,,0,0,3.741369748,3.815111519,2.217844323,7.554108183067449,low,EXCLUSION,0.11952
697,#1101,2023-07,Vulnerabilidad Baja,1.599560907,1.0,1.0,1.0,1.0,2.823478261,1.790108696,1.043888889,sotap,1,low,,,espanol_uno_mas_adultos,adultos_ninguno_analfabeta,,0,0,4.186184624,18.47313819,2.640187803,22.199554361292552,medium,EXCLUSION,0.08526
698,#527,2024-03,Vulnerabilidad Elevada,1.0,2.051104816,1.0,1.0,1.776038647,2.823478261,2.580217391,1.0,sotap,1,low,,,espanol_uno_mas_adultos,adultos_uno_mas_analfabeta,,0,0,6.609317356,32.12448674,3.093321436,37.9127004300535,high,INCLUSION,0.14981999999999998
699,#555,2023-09,Vulnerabilidad Baja,2.070141643,1.0,1.0,1.0,1.776038647,1.0,1.790108696,1.043888889,sotap,1,low,,,espanol_uno_mas_adultos,adultos_ninguno_analfabeta,,0,0,6.702282231,12.53066404,2.549228169,19.04538311600457,low,EXCLUSION,0.105
700,#112,2024-05,Vulnerabilidad Elevada,2.070141643,1.0,1.0,1.0,1.776038647,2.117608696,2.580217391,1.043888889,sotap,1,low,,,espanol_ningun_adulto,adultos_ninguno_analfabeta,0.0,0,0,6.702282231,28.09152966,2.983529432,34.10548451948735,high,EXCLUSION,0.09984
701,#458,2024-03,Vulnerabilidad Baja,1.0,1.0,2.578385269,1.0,1.776038647,1.0,1.790108696,1.043888889,fupal,1,low,,,espanol_uno_mas_adultos,adultos_ninguno_analfabeta,,0,0,8.975915299,12.53066404,2.616904864,21.39218396976588,medium,EXCLUSION,0.15354
702,#1223,2024-03,Vulnerabilidad Baja,1.0,1.0,1.0,1.0,1.776038647,2.117608696,1.790108696,1.0,sotap,3,low,jefatura_femenina,no,espanol_uno_mas_adultos,adultos_ninguno_analfabeta,0.0,0,0,0.0,21.88512181,2.610810239,21.18083670503239,low,INCLUSION,0.15138000000000001
703,#1223,2024-03,Vulnerabilidad Elevada,2.070141643,1.0,2.578385269,1.0,1.776038647,2.823478261,2.580217391,1.043888889,sotap,2,average,jefatura_masculina,si,espanol_uno_mas_adultos,adultos_uno_mas_analfabeta,0.0,0,0,17.46888676,32.85812825,3.43704192,49.83177382961031,high,EXCLUSION,0.15743999999999997
704,#252,2023-06,Vulnerabilidad Severa,2.700708215,2.051104816,3.251728045,1.0,1.776038647,1.0,2.580217391,1.043888889,sotap,2,complete,jefatura_masculina,si,espanol_uno_mas_adultos,adultos_ninguno_analfabeta,0.0,0,0,35.61565687,17.15905947,3.539038057,53.3686681009294,high,EXCLUSION,0.11202
705,#1323,2024-02,Vulnerabilidad Severa,2.070141643,1.0,1.0,1.0,1.776038647,2.823478261,2.580217391,2.544987923,fupal,1,low,,,espanol_uno_mas_adultos,adultos_ninguno_analfabeta,,0,0,6.702282231,50.0,3.594991325,55.308918375475805,high,INCLUSION,0.12389999999999998
706,#1223,2024-02,Vulnerabilidad Baja,1.0,1.0,2.578385269,1.0,1.0,1.0,1.0,1.0,sotap,1,low,,,espanol_uno_mas_adultos,adultos_ninguno_analfabeta,0.0,0,0,8.975915299,0.0,2.267176041,9.26476922923712,low,INCLUSION,0.13932
707,#1311,2024-04,Vulnerabilidad Baja,1.0,2.051104816,1.0,1.0,1.0,1.498900966,1.0,1.043888889,sotap,1,low,,,espanol_uno_mas_adultos,adultos_ninguno_analfabeta,0.0,0,0,6.609317356,4.243121443,2.315157003,10.928585349676254,low,INCLUSION,0.09246
708,#1223,2024-05,Vulnerabilidad Baja,1.0,1.0,1.0,1.0,1.0,1.0,1.790108696,1.0,sotap,3,average,jefatura_femenina,no,espanol_uno_mas_adultos,adultos_ninguno_analfabeta,-500.0,0,0,0.0,5.614422911,2.156697643,5.433745167301109,low,EXCLUSION,0.0915
709,#555,2024-05,Vulnerabilidad Severa,2.700708215,1.525552408,3.251728045,1.0,1.776038647,1.498900966,2.580217391,1.043888889,sotap,2,complete,jefatura_femenina,si,espanol_uno_mas_adultos,adultos_ninguno_analfabeta,,0,0,30.67858802,22.80125306,3.549554563,53.73334159634776,high,EXCLUSION,0.11675999999999999
710,#071,2023-07,Vulnerabilidad Elevada,1.0,1.0,2.578385269,1.0,1.776038647,2.117608696,2.580217391,1.738466184,sotap,1,low,,,espanol_uno_mas_adultos,adultos_ninguno_analfabeta,,0,0,8.975915299,36.78475459,3.29383264,44.86575363177633,high,EXCLUSION,0.12276
711,#1223,2024-03,Vulnerabilidad Moderada,1.0,2.051104816,1.249197356,1.0,1.776038647,2.117608696,1.790108696,1.0,sotap,1,low,,,espanol_uno_mas_adultos,adultos_ninguno_analfabeta,,0,0,8.909093135,21.88512181,2.875997259,30.376633366209827,medium,EXCLUSION,0.13332
712,#527,2024-02,Vulnerabilidad Severa,2.700708215,2.051104816,3.251728045,1.564135978,1.776038647,2.117608696,1.790108696,1.043888889,sotap,1,low,,,espanol_uno_mas_adultos,adultos_ninguno_analfabeta,,0,0,43.80517382,22.50821784,3.932100408,66.99874900039238,high,EXCLUSION,0.13392
713,#071,2024-01,Vulnerabilidad Moderada,1.0,1.0,2.578385269,1.0,1.776038647,2.117608696,1.790108696,1.043888889,sotap,4,average,jefatura_masculina,no,espanol_uno_mas_adultos,adultos_ninguno_analfabeta,0.0,0,0,8.975915299,22.50821784,2.89537679,31.04865011092808,medium,EXCLUSION,0.18366
714,#1323,2024-01,Vulnerabilidad Baja,1.0,1.525552408,1.0,1.0,1.776038647,2.117608696,1.0,1.0,fupal,4,average,jefatura_femenina,no,espanol_uno_mas_adultos,adultos_ninguno_analfabeta,0.0,0,0,3.741369748,14.06650994,2.503959209,17.475606351481247,low,EXCLUSION,0.18342
715,#071,2023-06,Vulnerabilidad Elevada,1.0,1.0,2.578385269,1.0,1.776038647,2.823478261,1.790108696,1.0,sotap,4,average,jefatura_femenina,si,espanol_uno_mas_adultos,adultos_uno_mas_analfabeta,,0,0,8.975915299,26.18890898,2.998104289,34.61089292935174,high,EXCLUSION,0.15522
716,#112,2024-01,Vulnerabilidad Elevada,2.070141643,1.0,2.578385269,1.0,1.0,2.117608696,2.580217391,1.043888889,sotap,2,average,jefatura_femenina,si,espanol_uno_mas_adultos,adultos_ninguno_analfabeta,0.0,0,0,17.46888676,19.54126117,3.065370296,36.94345684911179,high,INCLUSION,0.1218
717,#555,2024-04,Vulnerabilidad Baja,2.070141643,1.0,1.0,1.0,1.0,1.498900966,1.790108696,1.043888889,sotap,1,low,,,espanol_uno_mas_adultos,adultos_ninguno_analfabeta,,0,0,6.702282231,10.52243148,2.49317872,17.10177748801793,low,EXCLUSION,0.07937999999999999
718,#1373,2023-11,Vulnerabilidad Baja,1.0,1.0,1.0,1.0,1.776038647,2.117608696,1.790108696,1.0,fomon,5,average,jefatura_masculina,no,espanol_uno_mas_adultos,adultos_ninguno_analfabeta,-500.0,0,0,0.0,21.88512181,2.610810239,21.18083670503239,low,INCLUSION,0.1611
719,#252,2024-05,Vulnerabilidad Moderada,1.0,1.525552408,1.0,1.0,1.776038647,2.823478261,1.790108696,1.0,sotap,5,high,jefatura_masculina,no,espanol_uno_mas_adultos,adultos_ninguno_analfabeta,,-500,0,3.741369748,26.18890898,2.842293421,29.20789446797501,medium,EXCLUSION,0.1341
720,#071,2024-05,Vulnerabilidad Elevada,1.0,1.0,2.578385269,1.0,1.776038647,2.117608696,2.580217391,1.0,sotap,6,high,jefatura_femenina,no,espanol_uno_mas_adultos,adultos_ninguno_analfabeta,,0,0,8.975915299,27.40879931,3.032151233,35.791525968642006,high,EXCLUSION,0.12431999999999999
721,#672,2024-05,Vulnerabilidad Elevada,2.700708215,1.0,2.578385269,1.0,1.776038647,2.823478261,1.790108696,1.0,fupal,1,low,,,espanol_uno_mas_adultos,adultos_ninguno_analfabeta,,0,0,20.97871872,26.18890898,3.355378326,46.99995856724294,high,EXCLUSION,0.1218
722,#1101,2023-06,Vulnerabilidad Moderada,1.0,2.051104816,2.578385269,1.0,1.776038647,1.498900966,1.0,1.0,sotap,1,low,,,espanol_uno_mas_adultos,adultos_ninguno_analfabeta,-500.0,0,0,17.3510839,9.93697889,2.793809812,27.526656103326808,medium,EXCLUSION,0.12131999999999998
723,#1311,2023-07,Vulnerabilidad Severa,2.700708215,1.525552408,3.251728045,1.0,1.776038647,2.117608696,1.790108696,1.0,sotap,2,complete,jefatura_masculina,si,espanol_uno_mas_adultos,adultos_ninguno_analfabeta,0.0,0,0,30.67858802,21.88512181,3.523985487,52.84669236610401,high,EXCLUSION,0.11952
724,#527,2024-03,Vulnerabilidad Moderada,1.0,1.0,1.0,1.0,1.776038647,1.498900966,2.580217391,1.738466184,sotap,2,low,jefatura_masculina,no,espanol_ningun_adulto,adultos_ninguno_analfabeta,,0,0,0.0,30.77500505,2.858925454,29.78463461248595,medium,EXCLUSION,0.11064
725,#071,2024-04,Vulnerabilidad Baja,1.0,2.051104816,1.0,1.0,1.776038647,1.0,1.790108696,1.0,sotap,2,average,jefatura_femenina,si,espanol_uno_mas_adultos,adultos_ninguno_analfabeta,0.0,0,0,6.609317356,12.01413641,2.532044784,18.449521284023227,low,EXCLUSION,0.11238
726,#555,2024-03,Vulnerabilidad Moderada,1.0,1.0,1.0,1.0,1.776038647,2.823478261,1.790108696,1.0,sotap,1,low,,,espanol_ningun_adulto,adultos_uno_mas_analfabeta,,0,0,0.0,26.18890898,2.730928248,25.34612370011462,medium,EXCLUSION,0.17285999999999999
727,#252,2024-05,Vulnerabilidad Moderada,1.0,1.0,1.0,1.0,1.776038647,2.823478261,1.790108696,1.0,sotap,1,low,,,espanol_uno_mas_adultos,adultos_ninguno_analfabeta,0.0,0,0,0.0,26.18890898,2.730928248,25.34612370011462,medium,INCLUSION,0.11742
728,#112,2024-06,Vulnerabilidad Moderada,1.0,1.0,1.0,1.0,1.776038647,2.823478261,1.790108696,1.0,sotap,1,low,,,espanol_uno_mas_adultos,adultos_ninguno_analfabeta,,0,0,0.0,26.18890898,2.730928248,25.34612370011462,medium,INCLUSION,0.1023
729,#1223,2024-01,Vulnerabilidad Moderada,1.0,1.0,1.0,1.0,1.776038647,2.823478261,1.790108696,1.0,sotap,1,low,,,espanol_ningun_adulto,adultos_ninguno_analfabeta,0.0,0,0,0.0,26.18890898,2.730928248,25.34612370011462,medium,EXCLUSION,0.17639999999999997
730,#555,2023-12,Vulnerabilidad Baja,1.599560907,1.0,1.0,1.0,1.0,1.498900966,1.790108696,1.0,sotap,1,low,,,espanol_uno_mas_adultos,adultos_ninguno_analfabeta,0.0,0,0,4.186184624,10.02735341,2.404467305,14.025563381297731,low,EXCLUSION,0.12756
731,#1167,2024-06,Vulnerabilidad Baja,1.0,1.0,1.249197356,1.0,1.0,1.498900966,1.790108696,1.0,foten,4,average,jefatura_masculina,no,espanol_uno_mas_adultos,adultos_ninguno_analfabeta,,0,0,1.921713018,10.02735341,2.337063309,11.688218814545047,low,EXCLUSION,0.09942000000000001
732,#1223,2023-11,Vulnerabilidad Baja,1.0,1.0,2.578385269,1.0,1.0,1.0,1.790108696,1.0,sotap,1,low,,,espanol_uno_mas_adultos,adultos_ninguno_analfabeta,,0,0,8.975915299,5.614422911,2.423873683,14.69851439653823,low,EXCLUSION,0.12606
733,#1311,2023-09,Vulnerabilidad Elevada,1.0,1.525552408,3.251728045,1.0,1.776038647,2.823478261,2.580217391,1.043888889,sotap,2,average,jefatura_masculina,si,espanol_uno_mas_adultos,adultos_ninguno_analfabeta,-500.0,0,0,16.54244021,32.85812825,3.409465421,48.87551330318476,high,EXCLUSION,0.14382
734,#555,2023-12,Vulnerabilidad Elevada,2.070141643,2.051104816,1.0,1.0,1.776038647,2.823478261,1.790108696,1.043888889,sotap,3,low,jefatura_femenina,si,espanol_uno_mas_adultos,adultos_ninguno_analfabeta,,0,0,14.63015408,26.85846924,3.185095016,41.09510390983604,high,EXCLUSION,0.15588000000000002
735,#1415,2024-05,Vulnerabilidad Elevada,2.070141643,1.525552408,1.0,1.0,1.776038647,1.498900966,2.580217391,1.043888889,fomon,3,complete,jefatura_femenina,si,espanol_uno_mas_adultos,adultos_ninguno_analfabeta,-500.0,-500,0,11.1900528,22.80125306,2.969461113,33.61764582443294,medium,EXCLUSION,0.11381999999999998
736,#555,2024-05,Vulnerabilidad Severa,2.700708215,2.051104816,3.251728045,1.0,1.776038647,2.823478261,1.790108696,1.0,sotap,2,complete,jefatura_masculina,si,espanol_uno_mas_adultos,adultos_ninguno_analfabeta,0.0,0,0,35.61565687,26.18890898,3.791059708,62.10792802384809,high,EXCLUSION,0.13698
737,#071,2023-09,Vulnerabilidad Elevada,2.700708215,2.051104816,3.251728045,1.0,1.776038647,1.0,1.790108696,1.043888889,sotap,6,average,jefatura_femenina,no,espanol_uno_mas_adultos,adultos_ninguno_analfabeta,0.0,0,0,35.61565687,12.53066404,3.409860283,48.88921906426224,high,EXCLUSION,0.1083
738,#071,2023-07,Vulnerabilidad Elevada,2.700708215,1.0,3.251728045,1.0,1.776038647,2.823478261,1.790108696,1.0,sotap,5,high,jefatura_femenina,no,espanol_uno_mas_adultos,adultos_ninguno_analfabeta,,0,0,24.2379543,26.18890898,3.45239235,50.36407960744292,high,EXCLUSION,0.10668000000000001
739,#112,2024-02,Vulnerabilidad Moderada,1.0,1.0,2.578385269,1.0,1.776038647,2.117608696,1.790108696,1.0,sotap,2,average,jefatura_masculina,no,espanol_uno_mas_adultos,adultos_ninguno_analfabeta,,0,0,8.975915299,21.88512181,2.877986279,30.44560593426951,medium,INCLUSION,0.18209999999999998
740,#672,2024-06,Vulnerabilidad Severa,2.070141643,1.0,2.578385269,1.0,1.776038647,2.823478261,2.580217391,1.738466184,fupal,2,complete,jefatura_femenina,si,espanol_uno_mas_adultos,adultos_uno_mas_analfabeta,,0,0,17.46888676,42.19960637,3.697761076,58.87263384223059,high,EXCLUSION,0.12954
741,#1101,2023-08,Vulnerabilidad Moderada,1.0,1.0,2.578385269,1.0,1.776038647,2.117608696,1.790108696,1.0,sotap,1,low,,,espanol_uno_mas_adultos,adultos_ninguno_analfabeta,,0,0,8.975915299,21.88512181,2.877986279,30.44560593426951,medium,EXCLUSION,0.15641999999999998
742,#071,2023-07,Vulnerabilidad Elevada,2.070141643,1.0,1.0,1.0,1.776038647,2.823478261,1.790108696,1.043888889,sotap,2,complete,jefatura_femenina,si,espanol_uno_mas_adultos,adultos_ninguno_analfabeta,0.0,0,-500,6.702282231,26.85846924,2.949114914,32.912105216863374,medium,INCLUSION,0.12804
743,#133,2023-07,Vulnerabilidad Elevada,2.700708215,1.0,1.249197356,1.0,1.776038647,2.823478261,2.580217391,1.0,fupal,3,complete,jefatura_femenina,si,espanol_uno_mas_adultos,adultos_ninguno_analfabeta,,0,0,11.93561888,32.12448674,3.251863502,43.41040766339734,high,EXCLUSION,0.10860000000000002
744,#1311,2024-03,Vulnerabilidad Baja,1.0,1.0,2.578385269,1.0,1.0,1.0,1.790108696,1.043888889,sotap,1,low,,,espanol_uno_mas_adultos,adultos_ninguno_analfabeta,,0,0,8.975915299,6.061858428,2.436361537,15.13155099116565,low,EXCLUSION,0.11922
745,#1841,2024-02,Vulnerabilidad Elevada,1.0,1.525552408,2.578385269,1.0,1.776038647,2.823478261,1.790108696,1.0,foten,2,average,jefatura_femenina,si,espanol_uno_mas_adultos,adultos_ninguno_analfabeta,,0,0,13.7168894,26.18890898,3.139223567,39.50443631789602,high,INCLUSION,0.18761999999999998
746,#555,2024-04,Vulnerabilidad Elevada,2.070141643,1.0,2.578385269,1.0,1.776038647,2.823478261,1.790108696,1.043888889,sotap,1,low,,,espanol_uno_mas_adultos,adultos_ninguno_analfabeta,0.0,0,0,17.46888676,26.85846924,3.2695924,44.02518984621112,high,INCLUSION,0.12456
747,,2024-05,Vulnerabilidad Elevada,1.0,2.051104816,1.0,1.0,1.776038647,2.823478261,1.790108696,1.0,,4,average,jefatura_masculina,no,espanol_uno_mas_adultos,adultos_ninguno_analfabeta,,0,0,6.609317356,26.18890898,2.927660413,32.16813549794806,medium,EXCLUSION,0.13427999999999998
748,#527,2023-07,Vulnerabilidad Elevada,2.070141643,1.0,1.0,1.0,1.776038647,2.823478261,2.580217391,1.043888889,sotap,2,average,jefatura_masculina,si,espanol_ningun_adulto,adultos_ninguno_analfabeta,-500.0,0,0,6.702282231,32.85812825,3.116564434,38.71868920026256,high,EXCLUSION,0.09869999999999998
749,#1223,2024-02,Vulnerabilidad Elevada,2.700708215,1.0,3.251728045,1.0,1.0,2.117608696,2.580217391,1.0,sotap,2,low,jefatura_femenina,no,espanol_uno_mas_adultos,adultos_ninguno_analfabeta,0.0,0,0,24.2379543,18.94985465,3.250351505,43.35798528483664,high,EXCLUSION,0.1428
750,#1311,2023-07,Vulnerabilidad Moderada,1.0,1.0,1.0,1.0,1.776038647,2.823478261,1.790108696,1.0,sotap,3,average,jefatura_femenina,si,espanol_uno_mas_adultos,adultos_ninguno_analfabeta,,0,0,0.0,26.18890898,2.730928248,25.34612370011462,medium,EXCLUSION,0.09726000000000001
751,#527,2023-11,Vulnerabilidad Baja,1.0,1.525552408,1.0,1.0,1.0,1.0,1.0,1.0,sotap,1,low,,,espanol_uno_mas_adultos,adultos_ninguno_analfabeta,0.0,0,0,3.741369748,0.0,2.111365173,3.861770767860388,low,INCLUSION,0.13692000000000001
752,#1223,2024-06,Vulnerabilidad Baja,1.0,1.525552408,1.0,1.0,1.776038647,1.0,1.0,1.0,sotap,4,average,jefatura_femenina,si,espanol_uno_mas_adultos,adultos_ninguno_analfabeta,,0,0,3.741369748,5.532745347,2.265783208,9.21646683684858,low,EXCLUSION,0.087
753,#645,2024-02,Vulnerabilidad Moderada,1.0,2.051104816,1.0,1.0,1.776038647,2.117608696,1.790108696,1.0,fupal,1,low,,,espanol_uno_mas_adultos,adultos_ninguno_analfabeta,,0,0,6.609317356,21.88512181,2.807542403,28.002848502865827,medium,EXCLUSION,0.17106000000000002
754,#527,2024-02,Vulnerabilidad Elevada,1.0,1.0,2.578385269,1.0,1.776038647,2.823478261,1.790108696,1.043888889,sotap,2,low,jefatura_masculina,no,espanol_uno_mas_adultos,adultos_ninguno_analfabeta,-500.0,0,0,8.975915299,26.85846924,3.016791609,35.25890607062468,high,EXCLUSION,0.1539
755,#1359,2023-08,Vulnerabilidad Baja,1.0,1.0,1.0,1.0,1.776038647,1.498900966,2.580217391,1.043888889,foten,2,average,jefatura_masculina,no,espanol_ningun_adulto,adultos_ninguno_analfabeta,,0,0,0.0,22.80125306,2.636379315,22.06748593527614,medium,EXCLUSION,0.1587
756,#1223,2024-02,Vulnerabilidad Baja,1.0,2.051104816,1.0,1.0,1.776038647,1.498900966,1.790108696,1.0,sotap,3,low,jefatura_masculina,no,espanol_uno_mas_adultos,adultos_ninguno_analfabeta,-500.0,0,-500,6.609317356,17.10850297,2.674227738,23.379946033755868,medium,INCLUSION,0.14898
757,#1841,2024-05,Vulnerabilidad Moderada,1.0,1.0,1.0,1.0,1.776038647,2.117608696,2.580217391,1.0,foten,1,low,,,espanol_uno_mas_adultos,adultos_ninguno_analfabeta,,0,0,0.0,27.40879931,2.764975192,26.526756739404888,medium,EXCLUSION,0.11381999999999998
758,#112,2023-07,Vulnerabilidad Baja,1.0,1.0,1.0,1.0,1.776038647,1.0,1.0,1.043888889,sotap,1,low,,,espanol_uno_mas_adultos,adultos_ninguno_analfabeta,0.0,0,0,0.0,5.979299062,2.166881278,5.786879238885778,low,EXCLUSION,0.10518000000000001
759,#527,2023-07,Vulnerabilidad Moderada,2.700708215,1.0,2.578385269,1.0,1.0,1.0,2.580217391,1.0,sotap,1,low,,,espanol_uno_mas_adultos,adultos_uno_mas_analfabeta,500.0,0,0,20.97871872,9.580889352,2.891851162,30.92640161889161,medium,EXCLUSION,0.0861
760,#1223,2024-03,Vulnerabilidad Baja,1.0,1.0,2.578385269,1.0,1.0,1.0,1.0,1.0,sotap,5,low,jefatura_masculina,no,espanol_uno_mas_adultos,adultos_ninguno_analfabeta,,0,0,8.975915299,0.0,2.267176041,9.26476922923712,low,EXCLUSION,0.14598
761,#527,2023-07,Vulnerabilidad Elevada,1.0,1.0,2.578385269,1.0,1.776038647,2.823478261,1.790108696,1.0,sotap,2,complete,jefatura_femenina,si,espanol_uno_mas_adultos,adultos_ninguno_analfabeta,0.0,0,0,8.975915299,26.18890898,2.998104289,34.61089292935174,high,EXCLUSION,0.12510000000000002
762,#111,2024-01,Vulnerabilidad Baja,1.0,1.0,1.0,1.0,1.776038647,1.498900966,2.580217391,1.0,fomon,1,low,,,espanol_uno_mas_adultos,adultos_ninguno_analfabeta,0.0,0,0,0.0,22.17502718,2.618901451,21.46141263032042,medium,EXCLUSION,0.16332
763,#555,2024-04,Vulnerabilidad Baja,1.0,1.0,1.0,1.0,1.776038647,1.498900966,1.0,1.0,sotap,1,low,,,espanol_uno_mas_adultos,adultos_ninguno_analfabeta,0.0,0,0,0.0,9.93697889,2.277339487,9.61719697234091,low,EXCLUSION,0.1206
764,#252,2023-10,Vulnerabilidad Elevada,1.0,1.0,2.578385269,1.564135978,1.776038647,1.498900966,2.580217391,1.738466184,sotap,2,average,jefatura_masculina,no,espanol_uno_mas_adultos,adultos_ninguno_analfabeta,,0,0,14.01324416,30.77500505,3.276042034,44.24883898279891,high,INCLUSION,0.12083999999999999
765,#252,2024-01,Vulnerabilidad Baja,1.0,1.0,1.0,1.0,1.776038647,1.498900966,1.790108696,1.0,sotap,3,average,jefatura_femenina,no,espanol_uno_mas_adultos,adultos_ninguno_analfabeta,0.0,0,0,0.0,17.10850297,2.477495573,16.55793423592243,low,INCLUSION,0.17694
766,#1223,2024-02,Vulnerabilidad Elevada,1.0,1.0,2.578385269,1.0,1.776038647,2.823478261,1.790108696,1.043888889,sotap,2,low,jefatura_masculina,no,espanol_uno_mas_adultos,adultos_ninguno_analfabeta,,0,0,8.975915299,26.85846924,3.016791609,35.25890607062468,high,INCLUSION,0.17454
767,#1323,2023-06,Vulnerabilidad Baja,1.0,1.0,1.0,1.0,1.776038647,2.823478261,1.0,1.043888889,fupal,1,low,,,espanol_uno_mas_adultos,adultos_ninguno_analfabeta,,0,0,0.0,18.36611881,2.51259543,17.77507874057539,low,EXCLUSION,0.138
768,#1583,2024-05,Vulnerabilidad Elevada,1.0,1.0,1.0,1.0,1.776038647,2.823478261,2.580217391,1.738466184,foten,4,average,jefatura_masculina,no,espanol_uno_mas_adultos,adultos_ninguno_analfabeta,,0,0,0.0,42.19960637,3.177784244,40.84158083740703,high,EXCLUSION,0.11922
769,#1223,2024-02,Vulnerabilidad Severa,2.700708215,2.051104816,2.578385269,1.0,1.776038647,2.823478261,1.790108696,1.0,sotap,1,low,,,espanol_uno_mas_adultos,adultos_ninguno_analfabeta,,0,0,31.71522481,26.18890898,3.674959905,58.08197615972523,high,INCLUSION,0.16025999999999999
770,#1841,2024-05,Vulnerabilidad Elevada,1.0,1.0,2.578385269,1.0,1.776038647,2.823478261,2.580217391,1.738466184,foten,7,high,jefatura_masculina,no,espanol_uno_mas_adultos,adultos_ninguno_analfabeta,0.0,0,0,8.975915299,42.19960637,3.444960285,50.10635006664415,high,EXCLUSION,0.16523999999999997
771,#1311,2023-10,Vulnerabilidad Baja,1.0,1.0,1.0,1.0,1.776038647,1.0,1.790108696,1.0,sotap,1,low,,,espanol_uno_mas_adultos,adultos_ninguno_analfabeta,,0,0,0.0,12.01413641,2.33531262,11.62750948618979,low,EXCLUSION,0.11838
772,#672,2023-07,Vulnerabilidad Elevada,2.700708215,1.0,3.251728045,1.0,1.776038647,1.498900966,1.790108696,1.043888889,fupal,7,average,jefatura_femenina,no,espanol_uno_mas_adultos,adultos_ninguno_analfabeta,,0,0,24.2379543,17.68003002,3.214910903,42.12902488125468,high,EXCLUSION,0.10302000000000001
773,#645,2023-12,Vulnerabilidad Elevada,1.0,1.0,2.578385269,1.0,1.776038647,2.823478261,2.580217391,1.0,fupal,3,low,jefatura_masculina,no,espanol_ningun_adulto,adultos_uno_mas_analfabeta,,0,0,8.975915299,32.12448674,3.163765312,40.35545786145718,high,EXCLUSION,0.21624
774,#1725,2024-03,Vulnerabilidad Elevada,1.0,1.0,2.578385269,1.0,1.776038647,2.823478261,2.580217391,1.043888889,foten,5,high,jefatura_masculina,no,espanol_uno_mas_adultos,adultos_ninguno_analfabeta,,0,0,8.975915299,32.85812825,3.184241129,41.06549005402387,high,INCLUSION,0.18774
775,#1359,2023-10,Vulnerabilidad Baja,1.0,1.0,1.0,1.0,1.0,2.117608696,1.790108696,1.0,foten,1,low,,,espanol_uno_mas_adultos,adultos_ninguno_analfabeta,,0,0,0.0,14.16503897,2.395343965,13.709193850906429,low,INCLUSION,0.12732
776,#1323,2023-12,Vulnerabilidad Moderada,1.0,1.0,1.0,1.0,1.776038647,2.117608696,2.580217391,1.0,fupal,1,low,,,espanol_uno_mas_adultos,adultos_ninguno_analfabeta,,0,0,0.0,27.40879931,2.764975192,26.526756739404888,medium,EXCLUSION,0.16032
777,#1101,2023-08,Vulnerabilidad Severa,2.700708215,1.0,1.249197356,1.0,1.776038647,2.823478261,2.580217391,2.544987923,sotap,2,complete,jefatura_femenina,si,espanol_uno_mas_adultos,adultos_ninguno_analfabeta,,0,0,11.93561888,50.0,3.750766209,60.71066903117728,high,INCLUSION,0.09612
778,#527,2024-05,Vulnerabilidad Baja,1.0,1.0,3.251728045,1.0,1.776038647,1.0,1.790108696,1.043888889,sotap,1,low,,,espanol_uno_mas_adultos,adultos_ninguno_analfabeta,0.0,0,0,11.51832969,12.53066404,2.692582072,24.01641579828265,medium,EXCLUSION,0.11357999999999999
779,#1476,2024-05,Vulnerabilidad Baja,1.0,1.525552408,1.0,1.0,1.0,1.498900966,1.0,1.0,pcr_cdmx,1,low,,,espanol_uno_mas_adultos,adultos_ninguno_analfabeta,,0,0,3.741369748,3.815111519,2.217844323,7.554108183067449,low,EXCLUSION,0.09468
780,#527,2024-01,Vulnerabilidad Elevada,1.0,1.0,2.578385269,1.0,1.776038647,2.823478261,2.580217391,1.043888889,sotap,5,average,jefatura_femenina,no,espanol_uno_mas_adultos,adultos_ninguno_analfabeta,,0,0,8.975915299,32.85812825,3.184241129,41.06549005402387,high,INCLUSION,0.16673999999999997
781,#1223,2023-06,Vulnerabilidad Baja,2.700708215,1.0,1.0,1.0,1.776038647,1.498900966,1.0,1.0,sotap,1,low,,,espanol_uno_mas_adultos,adultos_ninguno_analfabeta,,0,0,9.472088355,9.93697889,2.559284556,19.394106602693164,low,EXCLUSION,0.08957999999999999
782,#527,2024-01,Vulnerabilidad Elevada,1.0,1.0,2.578385269,1.0,1.0,2.117608696,2.580217391,1.738466184,sotap,4,average,jefatura_masculina,si,espanol_uno_mas_adultos,adultos_ninguno_analfabeta,,0,0,8.975915299,27.07165714,3.022741649,35.46523337081478,high,EXCLUSION,0.14723999999999998
783,#1223,2024-01,Vulnerabilidad Elevada,2.700708215,1.0,1.249197356,1.0,1.776038647,2.117608696,2.580217391,1.043888889,sotap,5,average,jefatura_masculina,no,espanol_uno_mas_adultos,adultos_uno_mas_analfabeta,,0,0,11.93561888,28.09152966,3.139304316,39.50723517518882,high,INCLUSION,0.17112
784,#676,2024-05,Vulnerabilidad Baja,1.0,1.0,1.0,1.0,1.776038647,1.0,2.580217391,1.0,pcr_cdmx,1,low,,,espanol_uno_mas_adultos,adultos_ninguno_analfabeta,,0,0,0.0,16.59309681,2.46311067,16.059114361557388,low,INCLUSION,0.09845999999999999
785,#071,2024-04,Vulnerabilidad Moderada,2.070141643,2.051104816,1.0,1.0,1.776038647,1.0,1.790108696,1.0,sotap,1,low,,,espanol_uno_mas_adultos,adultos_ninguno_analfabeta,-500.0,0,0,14.63015408,12.01413641,2.770792068,26.72847655463827,medium,EXCLUSION,0.08598
786,#555,2023-11,Vulnerabilidad Moderada,2.700708215,1.0,2.578385269,1.0,1.0,1.498900966,1.0,1.0,sotap,1,low,,,espanol_ningun_adulto,adultos_uno_mas_analfabeta,0.0,0,0,20.97871872,3.815111519,2.730929228,25.34617228233538,medium,EXCLUSION,0.14502
787,#527,2023-10,Vulnerabilidad Moderada,1.0,1.525552408,1.0,1.0,1.776038647,2.117608696,1.790108696,1.0,sotap,1,low,,,espanol_ningun_adulto,adultos_uno_mas_analfabeta,,0,0,3.741369748,21.88512181,2.722175411,25.04260747289278,medium,EXCLUSION,0.17562
788,#1223,2024-02,Vulnerabilidad Baja,2.700708215,1.0,1.0,1.0,1.0,1.498900966,1.0,1.0,sotap,7,low,jefatura_masculina,no,espanol_uno_mas_adultos,adultos_ninguno_analfabeta,0.0,0,0,9.472088355,3.815111519,2.38842422,13.469247045559316,low,INCLUSION,0.10439999999999999
789,#1101,2024-05,Vulnerabilidad Moderada,1.0,2.051104816,1.0,1.0,1.776038647,1.498900966,2.580217391,1.0,sotap,4,average,jefatura_masculina,no,espanol_uno_mas_adultos,adultos_ninguno_analfabeta,0.0,0,0,6.609317356,22.17502718,2.815633615,28.283424428153857,medium,EXCLUSION,0.11502
790,#1223,2024-01,Vulnerabilidad Baja,1.0,1.0,1.0,1.0,1.776038647,1.498900966,2.580217391,1.043888889,sotap,4,average,jefatura_femenina,si,espanol_uno_mas_adultos,adultos_ninguno_analfabeta,0.0,0,0,0.0,22.80125306,2.636379315,22.06748593527614,medium,EXCLUSION,0.1431
791,#1101,2024-06,Vulnerabilidad Baja,1.0,1.0,1.0,1.0,1.776038647,1.498900966,1.0,1.0,sotap,4,average,jefatura_masculina,no,espanol_uno_mas_adultos,adultos_ninguno_analfabeta,0.0,0,0,0.0,9.93697889,2.277339487,9.61719697234091,low,EXCLUSION,0.11118000000000001
792,#252,2024-05,Vulnerabilidad Baja,1.0,1.0,1.0,1.0,1.776038647,1.498900966,2.580217391,1.0,sotap,1,low,,,espanol_uno_mas_adultos,adultos_ninguno_analfabeta,0.0,0,-500,0.0,22.17502718,2.618901451,21.46141263032042,medium,EXCLUSION,0.13608
793,#527,2024-04,Vulnerabilidad Elevada,1.0,1.0,2.578385269,1.0,1.776038647,2.823478261,2.580217391,1.0,sotap,1,low,,,espanol_uno_mas_adultos,adultos_ninguno_analfabeta,0.0,0,0,8.975915299,32.12448674,3.163765312,40.35545786145718,high,EXCLUSION,0.13446
794,#645,2024-01,Vulnerabilidad Baja,1.0,1.0,1.0,1.0,1.776038647,1.498900966,1.790108696,1.0,fupal,2,average,jefatura_femenina,si,espanol_uno_mas_adultos,adultos_ninguno_analfabeta,,0,0,0.0,17.10850297,2.477495573,16.55793423592243,low,INCLUSION,0.15732
795,#1101,2024-02,Vulnerabilidad Elevada,2.700708215,1.0,2.578385269,1.0,1.776038647,2.117608696,1.790108696,1.0,sotap,1,low,,,espanol_uno_mas_adultos,adultos_ninguno_analfabeta,0.0,0,0,20.97871872,21.88512181,3.235260316,42.83467157216072,high,INCLUSION,0.12977999999999998
796,#1223,2023-12,Vulnerabilidad Elevada,2.070141643,1.0,1.0,1.0,1.776038647,2.117608696,2.580217391,1.043888889,sotap,3,average,jefatura_femenina,si,espanol_uno_mas_adultos,adultos_ninguno_analfabeta,0.0,0,0,6.702282231,28.09152966,2.983529432,34.10548451948735,high,EXCLUSION,0.14465999999999998
797,#527,2023-09,Vulnerabilidad Elevada,1.0,1.0,1.0,1.0,1.776038647,2.823478261,2.580217391,1.043888889,sotap,2,average,jefatura_femenina,si,espanol_ningun_adulto,adultos_uno_mas_analfabeta,0.0,0,0,0.0,32.85812825,2.917065088,31.80072082478675,medium,INCLUSION,0.15743999999999997
798,#1223,2023-09,Vulnerabilidad Baja,2.700708215,1.0,1.0,1.0,1.0,1.498900966,1.0,1.0,sotap,1,low,,,espanol_uno_mas_adultos,adultos_ninguno_analfabeta,0.0,0,0,9.472088355,3.815111519,2.38842422,13.469247045559316,low,EXCLUSION,0.09714
799,#1167,2023-10,Vulnerabilidad Elevada,2.700708215,1.0,1.249197356,1.0,1.776038647,2.117608696,1.790108696,1.043888889,foten,2,average,jefatura_masculina,no,espanol_uno_mas_adultos,adultos_ninguno_analfabeta,0.0,0,0,11.93561888,22.50821784,2.983474979,34.10359991286824,high,EXCLUSION,0.1449
800,#555,2024-02,Vulnerabilidad Severa,2.070141643,1.0,2.578385269,1.0,1.776038647,2.117608696,2.580217391,2.544987923,sotap,3,complete,jefatura_femenina,si,espanol_uno_mas_adultos,adultos_ninguno_analfabeta,,0,0,17.46888676,44.04383881,3.749233307,60.65751703807895,high,EXCLUSION,0.13932
801,#440,2023-09,Vulnerabilidad Baja,1.0,1.0,1.0,1.0,1.776038647,1.0,1.790108696,1.0,pcr_cdmx,3,low,jefatura_masculina,no,espanol_uno_mas_adultos,adultos_ninguno_analfabeta,-500.0,0,0,0.0,12.01413641,2.33531262,11.62750948618979,low,INCLUSION,0.13212
802,#606,2024-01,Vulnerabilidad Elevada,1.0,1.525552408,2.578385269,1.0,1.776038647,2.117608696,1.790108696,1.0,foten,2,average,jefatura_masculina,no,espanol_uno_mas_adultos,adultos_ninguno_analfabeta,,0,0,13.7168894,21.88512181,3.019105558,35.33914932281379,high,INCLUSION,0.20442
803,#112,2023-12,Vulnerabilidad Elevada,2.700708215,1.0,3.251728045,1.0,1.776038647,2.117608696,1.790108696,1.0,sotap,4,average,jefatura_masculina,no,espanol_uno_mas_adultos,adultos_ninguno_analfabeta,,0,0,24.2379543,21.88512181,3.33227434,46.19879261236069,high,INCLUSION,0.15888
804,#1311,2023-12,Vulnerabilidad Elevada,2.070141643,2.051104816,1.0,1.0,1.776038647,1.498900966,2.580217391,1.043888889,sotap,2,low,jefatura_masculina,no,espanol_uno_mas_adultos,adultos_ninguno_analfabeta,0.0,0,0,14.63015408,22.80125306,3.071858763,37.16845300372462,high,INCLUSION,0.13056
805,#1624,2024-06,Vulnerabilidad Elevada,2.700708215,1.0,3.251728045,1.0,1.776038647,2.823478261,1.790108696,1.0,fusal,5,high,jefatura_masculina,no,espanol_uno_mas_adultos,adultos_ninguno_analfabeta,0.0,0,0,24.2379543,26.18890898,3.45239235,50.36407960744292,high,EXCLUSION,0.14178
806,#112,2024-01,Vulnerabilidad Elevada,1.0,1.0,1.0,1.0,1.776038647,2.823478261,2.580217391,1.043888889,sotap,4,average,jefatura_masculina,no,espanol_ningun_adulto,adultos_uno_mas_analfabeta,0.0,0,0,0.0,32.85812825,2.917065088,31.80072082478675,medium,EXCLUSION,0.19752
807,#555,2023-12,Vulnerabilidad Baja,1.0,1.0,1.0,1.0,1.776038647,2.117608696,1.790108696,1.0,sotap,1,low,,,espanol_uno_mas_adultos,adultos_ninguno_analfabeta,0.0,0,-500,0.0,21.88512181,2.610810239,21.18083670503239,low,EXCLUSION,0.18714
808,#132,2023-10,Vulnerabilidad Baja,1.0,1.0,1.0,1.0,1.0,1.0,1.790108696,1.0,fomon,1,low,,,espanol_uno_mas_adultos,adultos_ninguno_analfabeta,,0,0,0.0,5.614422911,2.156697643,5.433745167301109,low,EXCLUSION,0.13061999999999999
809,#527,2024-06,Vulnerabilidad Elevada,2.700708215,1.0,2.578385269,1.0,1.776038647,2.823478261,1.790108696,1.0,sotap,2,complete,jefatura_femenina,si,espanol_uno_mas_adultos,adultos_ninguno_analfabeta,0.0,0,0,20.97871872,26.18890898,3.355378326,46.99995856724294,high,EXCLUSION,0.09858
810,#672,2023-11,Vulnerabilidad Moderada,1.0,1.0,1.0,1.0,1.776038647,2.117608696,2.580217391,1.043888889,fupal,3,low,jefatura_masculina,no,espanol_uno_mas_adultos,adultos_ninguno_analfabeta,,0,0,0.0,28.09152966,2.784030087,27.18751614401154,medium,INCLUSION,0.13968
811,#1101,2024-03,Vulnerabilidad Baja,1.0,1.0,1.0,1.0,1.776038647,2.117608696,1.790108696,1.0,sotap,1,low,,,espanol_uno_mas_adultos,adultos_ninguno_analfabeta,0.0,0,0,0.0,21.88512181,2.610810239,21.18083670503239,low,EXCLUSION,0.14784
812,#112,2024-02,Vulnerabilidad Baja,1.0,1.0,1.0,1.0,1.0,1.0,1.0,1.0,sotap,1,low,,,espanol_uno_mas_adultos,adultos_ninguno_analfabeta,0.0,0,0,0.0,0.0,2.0,0.0,low,EXCLUSION,0.12407999999999998
813,#252,2023-07,Vulnerabilidad Baja,2.070141643,2.051104816,1.0,1.0,1.0,1.0,1.790108696,1.043888889,sotap,4,average,jefatura_femenina,no,espanol_uno_mas_adultos,adultos_ninguno_analfabeta,0.0,0,0,14.63015408,6.061858428,2.604664944,20.96774883037701,low,EXCLUSION,0.09072
814,#252,2024-04,Vulnerabilidad Moderada,1.0,1.0,1.0,1.0,1.776038647,2.823478261,1.790108696,1.0,sotap,1,low,,,espanol_uno_mas_adultos,adultos_ninguno_analfabeta,0.0,0,0,0.0,26.18890898,2.730928248,25.34612370011462,medium,INCLUSION,0.11988
815,#555,2024-04,Vulnerabilidad Moderada,1.0,1.0,1.0,1.0,1.776038647,2.823478261,2.580217391,1.0,sotap,3,average,jefatura_masculina,no,espanol_uno_mas_adultos,adultos_ninguno_analfabeta,0.0,0,0,0.0,32.12448674,2.896589272,31.09068863222006,medium,EXCLUSION,0.12804
816,#252,2024-06,Vulnerabilidad Baja,1.0,1.0,1.0,1.0,1.776038647,2.117608696,1.790108696,1.0,sotap,1,low,,,espanol_ningun_adulto,adultos_uno_mas_analfabeta,,0,0,0.0,21.88512181,2.610810239,21.18083670503239,low,INCLUSION,0.12354
817,#112,2024-06,Vulnerabilidad Elevada,1.0,1.0,2.578385269,1.0,1.776038647,2.823478261,2.580217391,1.738466184,sotap,4,average,jefatura_masculina,si,espanol_uno_mas_adultos,adultos_ninguno_analfabeta,,0,0,8.975915299,42.19960637,3.444960285,50.10635006664415,high,EXCLUSION,0.10019999999999998
818,#1311,2023-10,Vulnerabilidad Severa,2.700708215,2.051104816,3.251728045,1.0,1.776038647,2.823478261,2.580217391,1.043888889,sotap,2,complete,jefatura_femenina,si,espanol_uno_mas_adultos,adultos_uno_mas_analfabeta,,0,0,35.61565687,32.85812825,3.977196548,68.56252514852022,high,EXCLUSION,0.1965
819,#440,2023-10,Vulnerabilidad Baja,1.0,1.0,1.0,1.0,1.776038647,2.117608696,1.790108696,1.0,pcr_cdmx,1,low,,,espanol_uno_mas_adultos,adultos_ninguno_analfabeta,0.0,0,0,0.0,21.88512181,2.610810239,21.18083670503239,low,EXCLUSION,0.16254
820,#071,2024-07,Vulnerabilidad Baja,1.0,1.0,1.0,1.564135978,1.0,2.117608696,1.0,1.0,sotap,3,low,jefatura_masculina,no,espanol_uno_mas_adultos,adultos_ninguno_analfabeta,,0,0,3.975239986,7.392265486,2.32464347,11.2575421743845,low,INCLUSION,0.1005
821,#133,2024-07,Vulnerabilidad Elevada,2.070141643,1.0,1.0,1.0,1.776038647,1.498900966,2.580217391,2.544987923,fupal,4,low,jefatura_masculina,no,espanol_uno_mas_adultos,adultos_ninguno_analfabeta,,0,0,6.702282231,37.43330939,3.244257006,43.14663643599621,high,EXCLUSION,0.1068
822,#1223,2023-09,Vulnerabilidad Moderada,1.0,1.0,1.0,1.0,1.776038647,2.117608696,2.580217391,1.0,sotap,1,low,,,espanol_uno_mas_adultos,adultos_ninguno_analfabeta,0.0,0,0,0.0,27.40879931,2.764975192,26.526756739404888,medium,EXCLUSION,0.12869999999999998
823,#264,2023-10,Vulnerabilidad Severa,2.700708215,2.051104816,2.578385269,1.0,1.776038647,2.823478261,2.580217391,2.544987923,foten,2,average,jefatura_femenina,si,espanol_uno_mas_adultos,adultos_uno_mas_analfabeta,,0,0,31.71522481,50.0,4.339523636,81.12680245961062,high,EXCLUSION,0.15461999999999998
824,#112,2023-08,Vulnerabilidad Elevada,1.0,2.051104816,1.0,1.0,1.776038647,2.823478261,2.580217391,1.0,sotap,4,complete,jefatura_femenina,si,espanol_uno_mas_adultos,adultos_ninguno_analfabeta,,-500,-500,6.609317356,32.12448674,3.093321436,37.9127004300535,high,EXCLUSION,0.18402000000000002
825,#133,2023-06,Vulnerabilidad Moderada,1.0,1.525552408,1.0,1.0,1.776038647,2.117608696,1.790108696,1.0,fupal,2,average,jefatura_masculina,si,espanol_uno_mas_adultos,adultos_ninguno_analfabeta,,0,0,3.741369748,21.88512181,2.722175411,25.04260747289278,medium,INCLUSION,0.11447999999999997
826,#112,2024-05,Vulnerabilidad Moderada,1.0,1.0,1.0,1.0,1.776038647,2.823478261,2.580217391,1.0,sotap,1,low,,,espanol_uno_mas_adultos,adultos_ninguno_analfabeta,0.0,0,0,0.0,32.12448674,2.896589272,31.09068863222006,medium,EXCLUSION,0.11081999999999999
827,#1841,2024-04,Vulnerabilidad Baja,1.0,1.525552408,1.0,1.0,1.776038647,1.0,1.790108696,1.043888889,foten,3,average,jefatura_masculina,no,espanol_uno_mas_adultos,adultos_ninguno_analfabeta,,0,0,3.741369748,12.53066404,2.461093996,15.989185508389149,low,EXCLUSION,0.11364
828,#440,2024-05,Vulnerabilidad Baja,1.0,1.0,1.0,1.0,1.776038647,1.0,1.0,1.043888889,pcr_cdmx,1,low,,,espanol_uno_mas_adultos,adultos_ninguno_analfabeta,0.0,0,0,0.0,5.979299062,2.166881278,5.786879238885778,low,EXCLUSION,0.10547999999999999
829,#252,2024-07,Vulnerabilidad Baja,1.0,1.0,3.251728045,1.0,1.0,1.0,1.790108696,1.043888889,sotap,1,low,,,espanol_uno_mas_adultos,adultos_ninguno_analfabeta,,0,0,11.51832969,6.061858428,2.512038745,17.75578281968242,low,INCLUSION,0.13614
830,#1311,2024-02,Vulnerabilidad Baja,1.0,1.0,1.0,1.0,1.776038647,1.0,2.580217391,1.043888889,sotap,1,low,,,espanol_uno_mas_adultos,adultos_ninguno_analfabeta,0.0,0,0,0.0,17.15905947,2.478906597,16.60686377719593,low,EXCLUSION,0.13793999999999998
831,#1167,2023-11,Vulnerabilidad Moderada,1.0,1.0,1.0,1.0,1.776038647,2.823478261,1.790108696,1.0,foten,1,low,,,espanol_uno_mas_adultos,adultos_ninguno_analfabeta,,0,0,0.0,26.18890898,2.730928248,25.34612370011462,medium,EXCLUSION,0.16326
832,#676,2024-05,Vulnerabilidad Moderada,2.700708215,1.0,1.249197356,1.0,1.776038647,1.0,2.580217391,1.043888889,pcr_cdmx,1,low,,,espanol_ningun_adulto,adultos_ninguno_analfabeta,0.0,0,0,11.93561888,17.15905947,2.834180827,28.92658280837321,medium,EXCLUSION,0.09486000000000001
833,#1101,2024-02,Vulnerabilidad Elevada,1.0,1.0,2.578385269,1.0,1.776038647,2.117608696,2.580217391,1.043888889,sotap,2,average,jefatura_femenina,si,espanol_ningun_adulto,adultos_uno_mas_analfabeta,,0,0,8.975915299,28.09152966,3.051206127,36.45228537324866,high,EXCLUSION,0.15546
834,#1101,2023-07,Vulnerabilidad Baja,1.0,1.0,1.0,1.0,1.776038647,1.498900966,1.790108696,1.0,sotap,4,average,jefatura_masculina,no,espanol_uno_mas_adultos,adultos_ninguno_analfabeta,0.0,0,0,0.0,17.10850297,2.477495573,16.55793423592243,low,EXCLUSION,0.10674
835,#672,2023-06,Vulnerabilidad Elevada,2.070141643,1.0,1.0,1.0,1.776038647,2.823478261,1.790108696,1.043888889,fupal,3,average,jefatura_femenina,no,espanol_uno_mas_adultos,adultos_ninguno_analfabeta,-500.0,0,0,6.702282231,26.85846924,2.949114914,32.912105216863374,medium,EXCLUSION,0.10818000000000001
836,#071,2023-10,Vulnerabilidad Elevada,1.0,1.0,2.578385269,1.0,1.776038647,2.823478261,1.790108696,1.043888889,sotap,2,average,jefatura_femenina,si,espanol_uno_mas_adultos,adultos_ninguno_analfabeta,-500.0,0,0,8.975915299,26.85846924,3.016791609,35.25890607062468,high,INCLUSION,0.1461
837,#555,2024-01,Vulnerabilidad Baja,1.0,1.0,1.0,1.0,1.776038647,1.0,1.790108696,1.0,sotap,6,average,jefatura_masculina,no,espanol_uno_mas_adultos,adultos_ninguno_analfabeta,,0,0,0.0,12.01413641,2.33531262,11.62750948618979,low,EXCLUSION,0.14837999999999998
838,#1311,2024-06,Vulnerabilidad Severa,2.070141643,2.051104816,2.578385269,1.0,1.776038647,2.823478261,2.580217391,2.544987923,sotap,2,complete,jefatura_femenina,si,espanol_uno_mas_adultos,adultos_ninguno_analfabeta,,0,0,27.51489601,50.0,4.214497142,76.79130287849782,high,INCLUSION,0.09953999999999999
839,#238,2024-02,Vulnerabilidad Moderada,1.0,1.0,1.0,1.0,1.776038647,2.823478261,2.580217391,1.0,futij,1,low,,,espanol_ningun_adulto,adultos_ninguno_analfabeta,0.0,0,0,0.0,32.12448674,2.896589272,31.09068863222006,medium,EXCLUSION,0.16043999999999997
840,#1200,2024-03,Vulnerabilidad Elevada,1.0,1.0,3.251728045,1.0,1.776038647,1.498900966,2.580217391,1.043888889,fupal,4,average,jefatura_femenina,si,espanol_uno_mas_adultos,adultos_ninguno_analfabeta,,0,0,11.51832969,22.80125306,2.979232564,33.956486993030026,high,EXCLUSION,0.15209999999999999
841,#1167,2024-01,Vulnerabilidad Baja,1.0,1.0,1.0,1.0,1.0,1.0,1.790108696,1.043888889,foten,1,low,,,espanol_uno_mas_adultos,adultos_ninguno_analfabeta,0.0,0,0,0.0,6.061858428,2.169185496,5.866781761928531,low,INCLUSION,0.12503999999999998
842,#112,2023-10,Vulnerabilidad Baja,1.0,1.0,1.0,1.0,1.776038647,2.117608696,1.790108696,1.043888889,sotap,1,low,,,espanol_uno_mas_adultos,adultos_ninguno_analfabeta,,0,-500,0.0,22.50821784,2.628200749,21.78388088169096,medium,INCLUSION,0.17526
843,#527,2024-03,Vulnerabilidad Elevada,2.700708215,1.0,3.251728045,1.0,1.776038647,2.117608696,2.580217391,1.0,sotap,1,low,,,espanol_uno_mas_adultos,adultos_ninguno_analfabeta,,0,0,24.2379543,27.40879931,3.486439293,51.54471264673319,high,INCLUSION,0.13638
844,#1323,2024-04,Vulnerabilidad Moderada,2.070141643,1.0,1.0,1.0,1.776038647,2.117608696,1.790108696,1.043888889,fupal,2,average,jefatura_masculina,si,espanol_uno_mas_adultos,adultos_ninguno_analfabeta,,0,0,6.702282231,22.50821784,2.827700095,28.70184925716677,medium,EXCLUSION,0.10326
845,#252,2024-02,Vulnerabilidad Baja,1.599560907,1.0,1.0,1.0,1.0,2.117608696,1.790108696,1.0,sotap,1,low,,,espanol_uno_mas_adultos,adultos_ninguno_analfabeta,0.0,0,0,4.186184624,14.16503897,2.519949445,18.03009408229137,low,EXCLUSION,0.12065999999999999
846,#1223,2024-04,Vulnerabilidad Baja,1.0,1.0,1.0,1.0,1.0,1.498900966,1.0,1.0,sotap,3,low,jefatura_masculina,no,espanol_uno_mas_adultos,adultos_ninguno_analfabeta,,0,0,0.0,3.815111519,2.10647915,3.692337415207061,low,EXCLUSION,0.08922
847,#252,2024-02,Vulnerabilidad Elevada,1.0,1.0,1.0,1.0,1.776038647,2.823478261,2.580217391,1.043888889,sotap,1,low,,,espanol_uno_mas_adultos,adultos_uno_mas_analfabeta,,0,0,0.0,32.85812825,2.917065088,31.80072082478675,medium,EXCLUSION,0.15791999999999998
848,#112,2023-11,Vulnerabilidad Baja,1.0,1.0,1.0,1.0,1.776038647,2.117608696,1.790108696,1.0,sotap,4,average,jefatura_masculina,no,espanol_uno_mas_adultos,adultos_ninguno_analfabeta,,0,0,0.0,21.88512181,2.610810239,21.18083670503239,low,EXCLUSION,0.135
849,#252,2023-09,Vulnerabilidad Baja,2.700708215,1.0,1.249197356,1.0,1.0,1.498900966,1.790108696,1.0,sotap,1,low,,,espanol_uno_mas_adultos,adultos_ninguno_analfabeta,-500.0,0,0,11.93561888,10.02735341,2.635136055,22.02438218109007,medium,EXCLUSION,0.08328
850,#071,2024-02,Vulnerabilidad Baja,2.700708215,1.0,1.0,1.0,1.776038647,1.0,1.790108696,1.0,sotap,3,low,jefatura_femenina,si,espanol_uno_mas_adultos,adultos_ninguno_analfabeta,,0,0,9.472088355,12.01413641,2.61725769,21.404419116542044,medium,EXCLUSION,0.11118000000000001
851,#071,2023-06,Vulnerabilidad Baja,1.0,1.0,1.0,1.564135978,1.776038647,1.498900966,1.790108696,1.0,sotap,1,low,,,espanol_uno_mas_adultos,adultos_ninguno_analfabeta,,0,0,3.975239986,17.10850297,2.5958221,20.661101419911898,low,EXCLUSION,0.10116
852,#527,2024-01,Vulnerabilidad Elevada,1.0,1.0,2.578385269,1.0,1.776038647,2.117608696,2.580217391,1.043888889,sotap,4,average,jefatura_femenina,si,espanol_uno_mas_adultos,adultos_ninguno_analfabeta,,0,0,8.975915299,28.09152966,3.051206127,36.45228537324866,high,EXCLUSION,0.14952
853,#1223,2023-09,Vulnerabilidad Baja,1.0,1.0,1.0,1.0,1.0,1.498900966,1.790108696,1.0,sotap,1,low,,,espanol_uno_mas_adultos,adultos_ninguno_analfabeta,0.0,0,0,0.0,10.02735341,2.279861825,9.70466314991279,low,EXCLUSION,0.10476
854,#1765,2024-06,Vulnerabilidad Moderada,2.070141643,1.0,1.0,1.0,1.776038647,1.498900966,2.580217391,1.0,fupal,1,low,,,espanol_uno_mas_adultos,adultos_ninguno_analfabeta,,0,0,6.702282231,22.17502718,2.818400797,28.37938100579624,medium,EXCLUSION,0.08394
855,#112,2024-05,Vulnerabilidad Baja,2.070141643,1.0,2.578385269,1.0,1.0,1.0,1.790108696,1.043888889,sotap,1,low,,,espanol_uno_mas_adultos,adultos_ninguno_analfabeta,0.0,0,0,17.46888676,6.061858428,2.689162328,23.89783476675209,medium,INCLUSION,0.09132
856,,2023-07,Vulnerabilidad Elevada,2.070141643,1.0,1.0,1.0,1.776038647,2.823478261,2.580217391,1.043888889,,5,average,jefatura_masculina,no,espanol_uno_mas_adultos,adultos_ninguno_analfabeta,0.0,0,0,6.702282231,32.85812825,3.116564434,38.71868920026256,high,EXCLUSION,0.10973999999999999
857,#1101,2023-07,Vulnerabilidad Elevada,1.0,1.0,2.578385269,1.0,1.776038647,2.117608696,2.580217391,1.043888889,sotap,4,complete,jefatura_femenina,si,espanol_uno_mas_adultos,adultos_ninguno_analfabeta,0.0,0,0,8.975915299,28.09152966,3.051206127,36.45228537324866,high,EXCLUSION,0.11988
858,#1359,2023-07,Vulnerabilidad Moderada,1.0,1.525552408,1.0,1.0,1.776038647,2.117608696,1.790108696,1.0,foten,2,average,jefatura_masculina,si,espanol_uno_mas_adultos,adultos_ninguno_analfabeta,,0,0,3.741369748,21.88512181,2.722175411,25.04260747289278,medium,INCLUSION,0.1113
859,#133,2024-04,Vulnerabilidad Moderada,2.700708215,1.0,2.578385269,1.0,1.0,1.0,1.790108696,1.043888889,fupal,1,low,,,espanol_uno_mas_adultos,adultos_ninguno_analfabeta,,0,0,20.97871872,6.061858428,2.793635574,27.520616629056853,medium,EXCLUSION,0.08766
860,#1407,2024-04,Vulnerabilidad Severa,2.700708215,1.0,3.251728045,1.564135978,1.776038647,2.823478261,1.790108696,1.043888889,foten,2,average,jefatura_masculina,si,espanol_uno_mas_adultos,adultos_uno_mas_analfabeta,0.0,0,0,31.08118723,26.85846924,3.674774537,58.07554775763619,high,INCLUSION,0.16523999999999997
861,#1311,2024-01,Vulnerabilidad Baja,1.0,1.0,2.578385269,1.0,1.0,1.0,1.790108696,1.0,sotap,6,average,jefatura_femenina,si,espanol_uno_mas_adultos,adultos_ninguno_analfabeta,,0,0,8.975915299,5.614422911,2.423873683,14.69851439653823,low,INCLUSION,0.11195999999999999
862,#1223,2023-07,Vulnerabilidad Moderada,1.0,1.0,2.578385269,1.0,1.776038647,2.117608696,1.790108696,1.0,sotap,3,average,jefatura_masculina,no,espanol_uno_mas_adultos,adultos_ninguno_analfabeta,0.0,0,0,8.975915299,21.88512181,2.877986279,30.44560593426951,medium,EXCLUSION,0.1158
863,#1415,2024-01,Vulnerabilidad Baja,1.0,2.051104816,1.0,1.0,1.776038647,2.823478261,1.0,1.0,fomon,1,low,,,espanol_ningun_adulto,adultos_ninguno_analfabeta,,0,0,6.609317356,17.78726377,2.693171842,24.036863632451063,medium,INCLUSION,0.192
864,#071,2024-04,Vulnerabilidad Baja,2.700708215,1.0,1.0,1.0,1.0,1.498900966,1.0,1.0,sotap,3,low,jefatura_masculina,no,espanol_ningun_adulto,adultos_ninguno_analfabeta,,0,0,9.472088355,3.815111519,2.38842422,13.469247045559316,low,EXCLUSION,0.09096
865,#1223,2023-11,Vulnerabilidad Baja,1.0,1.0,1.0,1.0,1.0,1.498900966,1.790108696,1.0,sotap,1,low,,,espanol_uno_mas_adultos,adultos_ninguno_analfabeta,,0,0,0.0,10.02735341,2.279861825,9.70466314991279,low,INCLUSION,0.11699999999999999
866,#1407,2023-11,Vulnerabilidad Elevada,2.700708215,2.051104816,1.0,1.0,1.776038647,2.823478261,1.790108696,1.0,foten,2,average,jefatura_femenina,si,espanol_uno_mas_adultos,adultos_ninguno_analfabeta,,0,0,17.94487015,26.18890898,3.265073146,43.868477716411775,high,INCLUSION,0.11933999999999999
867,#1725,2023-08,Vulnerabilidad Elevada,2.700708215,1.0,3.251728045,1.0,1.0,2.117608696,1.790108696,1.0,foten,2,average,jefatura_masculina,no,espanol_uno_mas_adultos,adultos_ninguno_analfabeta,,0,0,24.2379543,14.16503897,3.116808067,38.72714975823473,high,EXCLUSION,0.13164
868,#252,2023-06,Vulnerabilidad Moderada,1.0,1.0,1.0,1.0,1.776038647,2.823478261,1.790108696,1.0,sotap,4,average,jefatura_femenina,no,espanol_uno_mas_adultos,adultos_ninguno_analfabeta,,0,0,0.0,26.18890898,2.730928248,25.34612370011462,medium,EXCLUSION,0.12299999999999998
869,#672,2024-02,Vulnerabilidad Baja,1.0,1.0,1.0,1.0,1.776038647,1.0,2.580217391,1.043888889,fupal,2,average,jefatura_femenina,si,espanol_uno_mas_adultos,adultos_ninguno_analfabeta,0.0,0,0,0.0,17.15905947,2.478906597,16.60686377719593,low,INCLUSION,0.10962
870,#555,2023-08,Vulnerabilidad Baja,1.0,1.0,3.251728045,1.0,1.776038647,1.0,1.790108696,1.043888889,sotap,1,low,,,espanol_uno_mas_adultos,adultos_ninguno_analfabeta,0.0,0,0,11.51832969,12.53066404,2.692582072,24.01641579828265,medium,EXCLUSION,0.15486
871,,2023-07,Vulnerabilidad Severa,2.700708215,1.0,3.251728045,1.0,1.776038647,2.117608696,2.580217391,1.043888889,,1,low,,,espanol_uno_mas_adultos,adultos_uno_mas_analfabeta,0.0,0,0,24.2379543,28.09152966,3.505494188,52.20547205133984,high,INCLUSION,0.12089999999999998
872,#071,2024-04,Vulnerabilidad Moderada,2.700708215,1.0,1.249197356,1.564135978,1.776038647,1.0,1.790108696,1.0,sotap,1,low,,,espanol_ningun_adulto,adultos_ninguno_analfabeta,0.0,0,-500,17.32315919,12.01413641,2.850951742,29.50814526208318,medium,EXCLUSION,0.1167
873,#870,2024-03,Vulnerabilidad Baja,1.0,1.0,1.0,1.0,1.0,1.0,1.790108696,1.0,fomon,4,low,jefatura_masculina,no,espanol_uno_mas_adultos,adultos_ninguno_analfabeta,0.0,0,0,0.0,5.614422911,2.156697643,5.433745167301109,low,EXCLUSION,0.12672
874,#1101,2024-02,Vulnerabilidad Elevada,1.0,2.051104816,3.251728045,1.0,1.776038647,1.0,2.580217391,1.0,sotap,3,low,jefatura_femenina,si,espanol_uno_mas_adultos,adultos_ninguno_analfabeta,,0,0,20.39367297,16.59309681,3.070146345,37.10907612140496,high,EXCLUSION,0.15257999999999997
875,#1102,2024-05,Vulnerabilidad Baja,1.0,1.0,1.0,1.0,1.0,2.117608696,1.790108696,1.0,pcr_cdmx,1,low,,,espanol_uno_mas_adultos,adultos_ninguno_analfabeta,0.0,0,0,0.0,14.16503897,2.395343965,13.709193850906429,low,EXCLUSION,0.09935999999999999
876,#016,2024-01,Vulnerabilidad Moderada,2.700708215,1.0,1.249197356,1.0,1.776038647,1.498900966,1.790108696,1.0,futij,1,low,,,espanol_uno_mas_adultos,adultos_ninguno_analfabeta,,0,0,11.93561888,17.10850297,2.832769803,28.87765326709971,medium,EXCLUSION,0.12624
877,#1311,2023-08,Vulnerabilidad Baja,1.0,1.525552408,1.0,1.0,1.776038647,1.498900966,1.790108696,1.0,sotap,3,average,jefatura_masculina,no,espanol_uno_mas_adultos,adultos_ninguno_analfabeta,0.0,0,0,3.741369748,17.10850297,2.588860746,20.41970500378282,low,EXCLUSION,0.13638
878,#071,2024-05,Vulnerabilidad Baja,1.0,1.0,2.578385269,1.0,1.0,2.117608696,1.0,1.0,sotap,1,low,,,espanol_uno_mas_adultos,adultos_ninguno_analfabeta,0.0,0,0,8.975915299,7.392265486,2.473492984,16.41914421963215,low,EXCLUSION,0.13014
879,#527,2024-02,Vulnerabilidad Baja,1.0,1.0,1.0,1.0,1.0,1.498900966,1.0,1.0,sotap,1,low,,,espanol_uno_mas_adultos,adultos_ninguno_analfabeta,,0,0,0.0,3.815111519,2.10647915,3.692337415207061,low,EXCLUSION,0.12684
880,#527,2023-08,Vulnerabilidad Elevada,1.0,2.051104816,1.0,1.0,1.776038647,2.823478261,1.790108696,1.0,sotap,4,average,jefatura_femenina,si,espanol_uno_mas_adultos,adultos_ninguno_analfabeta,,0,0,6.609317356,26.18890898,2.927660413,32.16813549794806,medium,INCLUSION,0.12564
881,#1223,2023-09,Vulnerabilidad Baja,1.0,1.525552408,1.0,1.0,1.776038647,1.498900966,1.790108696,1.0,sotap,2,average,jefatura_femenina,si,espanol_uno_mas_adultos,adultos_ninguno_analfabeta,0.0,0,0,3.741369748,17.10850297,2.588860746,20.41970500378282,low,EXCLUSION,0.11675999999999999
882,#1311,2024-06,Vulnerabilidad Severa,2.700708215,1.0,3.251728045,1.0,1.776038647,2.823478261,2.580217391,1.0,sotap,4,complete,jefatura_femenina,si,espanol_uno_mas_adultos,adultos_ninguno_analfabeta,,0,0,24.2379543,32.12448674,3.618053373,56.108644539548365,high,EXCLUSION,0.08574
883,#1223,2024-03,Vulnerabilidad Moderada,1.0,1.0,1.0,1.0,1.776038647,2.823478261,1.790108696,1.0,sotap,1,low,,,espanol_ningun_adulto,adultos_ninguno_analfabeta,,0,0,0.0,26.18890898,2.730928248,25.34612370011462,medium,EXCLUSION,0.1491
884,#1223,2024-03,Vulnerabilidad Elevada,1.0,1.0,2.578385269,1.0,1.776038647,2.823478261,2.580217391,1.043888889,sotap,6,average,jefatura_femenina,no,espanol_uno_mas_adultos,adultos_ninguno_analfabeta,-500.0,0,0,8.975915299,32.85812825,3.184241129,41.06549005402387,high,EXCLUSION,0.15714
885,#252,2024-02,Vulnerabilidad Elevada,1.0,1.0,1.0,1.0,1.776038647,2.823478261,2.580217391,1.043888889,sotap,2,low,jefatura_masculina,no,espanol_uno_mas_adultos,adultos_uno_mas_analfabeta,0.0,0,-500,0.0,32.85812825,2.917065088,31.80072082478675,medium,EXCLUSION,0.17393999999999998
886,#071,2023-08,Vulnerabilidad Moderada,2.700708215,1.0,2.578385269,1.0,1.0,1.498900966,1.0,1.0,sotap,1,low,,,espanol_ningun_adulto,adultos_ninguno_analfabeta,0.0,0,0,20.97871872,3.815111519,2.730929228,25.34617228233538,medium,EXCLUSION,0.11706000000000001
887,#555,2024-06,Vulnerabilidad Baja,1.0,2.051104816,1.0,1.0,1.776038647,1.0,2.580217391,1.043888889,sotap,4,average,jefatura_femenina,si,espanol_uno_mas_adultos,adultos_ninguno_analfabeta,0.0,0,0,6.609317356,17.15905947,2.675638761,23.42887557502937,medium,EXCLUSION,0.09768
888,#1223,2024-06,Vulnerabilidad Elevada,1.0,1.0,2.578385269,1.0,1.776038647,2.117608696,2.580217391,1.0,sotap,1,low,,,espanol_uno_mas_adultos,adultos_ninguno_analfabeta,,0,0,8.975915299,27.40879931,3.032151233,35.791525968642006,high,EXCLUSION,0.11549999999999999
889,#112,2024-06,Vulnerabilidad Elevada,2.700708215,1.0,3.251728045,1.0,1.776038647,1.0,1.790108696,1.0,sotap,3,low,jefatura_femenina,si,espanol_uno_mas_adultos,adultos_ninguno_analfabeta,0.0,0,0,24.2379543,12.01413641,3.056776721,36.645465393518094,high,EXCLUSION,0.09258
890,#527,2024-04,Vulnerabilidad Elevada,1.0,1.0,2.578385269,1.0,1.0,2.117608696,2.580217391,1.738466184,sotap,4,average,jefatura_masculina,si,espanol_uno_mas_adultos,adultos_ninguno_analfabeta,,0,-500,8.975915299,27.07165714,3.022741649,35.46523337081478,high,EXCLUSION,0.12942
891,#071,2023-09,Vulnerabilidad Baja,1.0,1.0,1.0,1.564135978,1.0,2.117608696,1.0,1.043888889,sotap,4,average,jefatura_femenina,si,espanol_uno_mas_adultos,adultos_ninguno_analfabeta,0.0,0,0,3.975239986,7.858894815,2.33766702,11.709154904947953,low,INCLUSION,0.12006000000000001
892,#1323,2023-10,Vulnerabilidad Baja,1.0,1.0,1.0,1.0,1.0,1.0,2.580217391,1.0,fupal,1,low,,,espanol_uno_mas_adultos,adultos_ninguno_analfabeta,,0,0,0.0,9.580889352,2.267401085,9.272566751763287,low,EXCLUSION,0.12252
893,#1101,2024-04,Vulnerabilidad Baja,1.0,1.0,2.578385269,1.0,1.0,1.498900966,1.790108696,1.0,sotap,1,low,,,espanol_uno_mas_adultos,adultos_ninguno_analfabeta,,0,0,8.975915299,10.02735341,2.547037866,18.969432379149907,low,EXCLUSION,0.11123999999999999
894,#645,2023-07,Vulnerabilidad Baja,1.0,1.0,1.0,1.0,1.0,1.498900966,1.0,1.0,fupal,3,low,jefatura_masculina,no,espanol_uno_mas_adultos,adultos_ninguno_analfabeta,,0,0,0.0,3.815111519,2.10647915,3.692337415207061,low,EXCLUSION,0.11081999999999999
895,#1311,2024-06,Vulnerabilidad Baja,1.0,1.0,1.0,1.0,1.776038647,2.117608696,1.790108696,1.0,sotap,1,low,,,espanol_uno_mas_adultos,adultos_ninguno_analfabeta,,0,0,0.0,21.88512181,2.610810239,21.18083670503239,low,EXCLUSION,0.0978
896,#527,2024-04,Vulnerabilidad Elevada,1.0,1.0,2.578385269,1.0,1.776038647,2.117608696,1.790108696,1.738466184,sotap,1,low,,,espanol_uno_mas_adultos,adultos_ninguno_analfabeta,,0,0,8.975915299,30.44211729,3.116810651,38.727228742727625,high,EXCLUSION,0.10835999999999998
897,#071,2023-09,Vulnerabilidad Baja,1.0,1.0,3.251728045,1.0,1.0,1.498900966,1.790108696,1.0,sotap,1,low,,,espanol_uno_mas_adultos,adultos_ninguno_analfabeta,0.0,0,0,11.51832969,10.02735341,2.622715074,21.59366420766668,medium,EXCLUSION,0.12972
898,#1101,2023-09,Vulnerabilidad Elevada,2.070141643,1.0,1.0,1.0,1.776038647,2.823478261,1.790108696,1.043888889,sotap,4,average,jefatura_masculina,no,espanol_uno_mas_adultos,adultos_ninguno_analfabeta,0.0,0,0,6.702282231,26.85846924,2.949114914,32.912105216863374,medium,EXCLUSION,0.1206
899,#071,2023-08,Vulnerabilidad Baja,1.0,1.0,2.578385269,1.0,1.0,1.498900966,1.790108696,1.0,sotap,1,low,,,espanol_uno_mas_adultos,adultos_ninguno_analfabeta,,-500,0,8.975915299,10.02735341,2.547037866,18.969432379149907,low,INCLUSION,0.1488
900,#1282,2024-04,Vulnerabilidad Baja,1.0,1.0,1.0,1.0,1.0,1.0,2.580217391,1.043888889,fomon,1,low,,,espanol_uno_mas_adultos,adultos_ninguno_analfabeta,,0,0,0.0,10.07114734,2.281084107,9.74704774745146,low,EXCLUSION,0.09924
901,#1101,2023-08,Vulnerabilidad Baja,1.0,1.525552408,1.0,1.0,1.776038647,1.498900966,1.0,1.0,sotap,1,low,,,espanol_ningun_adulto,adultos_ninguno_analfabeta,,0,0,3.741369748,9.93697889,2.388704659,13.478967740201298,low,INCLUSION,0.13998
902,#1311,2023-09,Vulnerabilidad Elevada,2.070141643,1.0,2.578385269,1.0,1.776038647,2.117608696,1.790108696,1.043888889,sotap,2,average,jefatura_femenina,si,espanol_uno_mas_adultos,adultos_ninguno_analfabeta,,0,0,17.46888676,22.50821784,3.148177581,39.81493388651453,high,INCLUSION,0.12510000000000002
903,#1101,2024-04,Vulnerabilidad Elevada,1.0,2.051104816,1.0,1.0,1.776038647,2.823478261,1.790108696,1.0,sotap,1,low,,,espanol_uno_mas_adultos,adultos_ninguno_analfabeta,0.0,0,0,6.609317356,26.18890898,2.927660413,32.16813549794806,medium,EXCLUSION,0.11838
904,#112,2024-06,Vulnerabilidad Baja,1.0,1.0,1.0,1.0,1.776038647,1.0,2.580217391,1.0,sotap,1,low,,,espanol_uno_mas_adultos,adultos_ninguno_analfabeta,,0,0,0.0,16.59309681,2.46311067,16.059114361557388,low,EXCLUSION,0.08904
905,#252,2024-05,Vulnerabilidad Baja,1.0,1.0,1.0,1.0,1.0,1.0,1.790108696,1.043888889,sotap,1,low,,,espanol_uno_mas_adultos,adultos_ninguno_analfabeta,0.0,0,0,0.0,6.061858428,2.169185496,5.866781761928531,low,EXCLUSION,0.09234
906,#1054,2023-10,Vulnerabilidad Baja,1.0,1.0,1.0,1.0,1.0,1.498900966,1.0,1.0,futij,3,low,jefatura_masculina,no,espanol_uno_mas_adultos,adultos_ninguno_analfabeta,,0,0,0.0,3.815111519,2.10647915,3.692337415207061,low,EXCLUSION,0.14772
907,#1311,2024-01,Vulnerabilidad Baja,1.0,1.0,1.0,1.0,1.776038647,1.0,1.790108696,1.0,sotap,1,low,,,espanol_uno_mas_adultos,adultos_ninguno_analfabeta,,0,0,0.0,12.01413641,2.33531262,11.62750948618979,low,EXCLUSION,0.14628
908,#071,2023-09,Vulnerabilidad Elevada,1.0,1.0,3.251728045,1.0,1.776038647,2.117608696,1.790108696,1.0,sotap,1,low,,,espanol_ningun_adulto,adultos_uno_mas_analfabeta,,0,0,11.51832969,21.88512181,2.953663487,33.06983776278628,medium,EXCLUSION,0.17945999999999998
909,#1101,2024-03,Vulnerabilidad Severa,2.700708215,1.0,2.578385269,1.0,1.776038647,2.823478261,2.580217391,1.0,sotap,2,complete,jefatura_femenina,si,espanol_ningun_adulto,adultos_ninguno_analfabeta,,0,0,20.97871872,32.12448674,3.521039349,52.74452349934838,high,EXCLUSION,0.15252000000000002
910,#1311,2024-02,Vulnerabilidad Baja,1.0,2.051104816,1.0,1.0,1.0,1.0,1.0,1.0,sotap,5,low,jefatura_masculina,no,espanol_uno_mas_adultos,adultos_ninguno_analfabeta,-500.0,0,0,6.609317356,0.0,2.196732164,6.8220117978334365,low,EXCLUSION,0.10685999999999998
911,#1311,2023-09,Vulnerabilidad Elevada,2.700708215,1.0,3.251728045,1.0,1.776038647,2.117608696,2.580217391,1.0,sotap,1,low,,,espanol_uno_mas_adultos,adultos_ninguno_analfabeta,,0,0,24.2379543,27.40879931,3.486439293,51.54471264673319,high,INCLUSION,0.13032
912,#1223,2024-04,Vulnerabilidad Elevada,2.700708215,2.051104816,3.251728045,1.0,1.0,2.117608696,1.0,1.0,sotap,1,low,,,espanol_uno_mas_adultos,adultos_ninguno_analfabeta,,0,0,35.61565687,7.392265486,3.266448403,43.916179314128506,high,EXCLUSION,0.14694
913,#1223,2023-12,Vulnerabilidad Elevada,2.700708215,1.525552408,1.249197356,1.0,1.776038647,1.498900966,1.790108696,1.0,sotap,1,low,,,espanol_uno_mas_adultos,adultos_ninguno_analfabeta,0.0,0,0,17.00620089,17.10850297,2.983700152,34.111411676763524,high,INCLUSION,0.12516
914,#252,2024-05,Vulnerabilidad Severa,2.700708215,1.525552408,3.251728045,1.0,1.776038647,2.823478261,1.790108696,1.0,sotap,1,low,,,espanol_uno_mas_adultos,adultos_uno_mas_analfabeta,0.0,0,0,30.67858802,26.18890898,3.644103496,57.01197936118624,high,EXCLUSION,0.17123999999999998
915,#1583,2024-02,Vulnerabilidad Elevada,2.070141643,1.0,1.0,1.0,1.776038647,2.117608696,2.580217391,2.544987923,foten,3,average,jefatura_masculina,no,espanol_uno_mas_adultos,adultos_ninguno_analfabeta,,0,0,6.702282231,44.04383881,3.428755821,49.5444324087312,high,EXCLUSION,0.13878
916,#1407,2023-11,Vulnerabilidad Elevada,2.700708215,1.0,2.578385269,1.0,1.776038647,2.117608696,1.790108696,1.0,foten,1,low,,,espanol_uno_mas_adultos,adultos_ninguno_analfabeta,-500.0,0,0,20.97871872,21.88512181,3.235260316,42.83467157216072,high,EXCLUSION,0.15131999999999998
917,#1841,2023-06,Vulnerabilidad Moderada,1.0,1.0,1.0,1.0,1.776038647,2.823478261,1.790108696,1.0,foten,3,low,jefatura_femenina,no,espanol_uno_mas_adultos,adultos_ninguno_analfabeta,0.0,0,0,0.0,26.18890898,2.730928248,25.34612370011462,medium,EXCLUSION,0.13338
918,#112,2024-02,Vulnerabilidad Elevada,1.0,1.0,2.578385269,1.564135978,1.776038647,2.823478261,2.580217391,1.043888889,sotap,1,low,,,espanol_uno_mas_adultos,adultos_ninguno_analfabeta,,0,0,14.01324416,32.85812825,3.334181668,46.26492519509971,high,EXCLUSION,0.1566
919,#1101,2024-05,Vulnerabilidad Moderada,1.0,1.0,1.0,1.0,1.776038647,2.823478261,1.790108696,1.0,sotap,4,average,jefatura_masculina,no,espanol_uno_mas_adultos,adultos_ninguno_analfabeta,0.0,0,0,0.0,26.18890898,2.730928248,25.34612370011462,medium,EXCLUSION,0.12702000000000002
920,#071,2024-02,Vulnerabilidad Elevada,1.0,1.0,3.251728045,1.0,1.776038647,2.823478261,1.790108696,1.043888889,sotap,4,average,jefatura_masculina,no,espanol_uno_mas_adultos,adultos_ninguno_analfabeta,,-500,0,11.51832969,26.85846924,3.092468817,37.88313789914145,high,EXCLUSION,0.23195999999999994
921,#1223,2024-04,Vulnerabilidad Elevada,1.0,2.051104816,1.0,1.0,1.776038647,2.117608696,2.580217391,1.0,sotap,4,complete,jefatura_femenina,si,espanol_uno_mas_adultos,adultos_ninguno_analfabeta,,0,0,6.609317356,27.40879931,2.961707356,33.34876853723833,medium,EXCLUSION,0.09252
922,#1765,2024-02,Vulnerabilidad Moderada,1.0,1.0,2.578385269,1.0,1.776038647,1.498900966,1.790108696,1.043888889,fupal,4,average,jefatura_masculina,no,espanol_uno_mas_adultos,adultos_uno_mas_analfabeta,0.0,0,0,8.975915299,17.68003002,2.760622842,26.375838203163497,medium,EXCLUSION,0.21570000000000003
923,#458,2024-01,Vulnerabilidad Baja,1.0,1.0,3.251728045,1.0,1.0,1.498900966,1.0,1.043888889,fupal,1,low,,,espanol_uno_mas_adultos,adultos_ninguno_analfabeta,,0,0,11.51832969,4.243121443,2.461278087,15.995574609596703,low,EXCLUSION,0.20094
924,#111,2023-09,Vulnerabilidad Elevada,2.070141643,1.0,1.0,1.0,1.776038647,2.823478261,1.790108696,1.043888889,fomon,1,low,,,espanol_uno_mas_adultos,adultos_uno_mas_analfabeta,0.0,0,0,6.702282231,26.85846924,2.949114914,32.912105216863374,medium,EXCLUSION,0.15395999999999999
925,#252,2024-05,Vulnerabilidad Elevada,2.700708215,1.0,1.249197356,1.0,1.776038647,2.823478261,2.580217391,1.0,sotap,4,average,jefatura_masculina,no,espanol_uno_mas_adultos,adultos_ninguno_analfabeta,-500.0,0,0,11.93561888,32.12448674,3.251863502,43.41040766339734,high,INCLUSION,0.09684000000000001
926,#440,2023-07,Vulnerabilidad Baja,2.070141643,1.0,1.0,1.0,1.0,1.0,1.790108696,1.043888889,pcr_cdmx,1,low,,,espanol_uno_mas_adultos,adultos_ninguno_analfabeta,0.0,0,0,6.702282231,6.061858428,2.368684842,12.78475013740434,low,EXCLUSION,0.0819
927,#1311,2023-10,Vulnerabilidad Elevada,1.0,1.0,2.578385269,1.0,1.776038647,2.823478261,2.580217391,1.043888889,sotap,3,average,jefatura_masculina,no,espanol_uno_mas_adultos,adultos_ninguno_analfabeta,,0,0,8.975915299,32.85812825,3.184241129,41.06549005402387,high,INCLUSION,0.15227999999999997
928,#1311,2023-06,Vulnerabilidad Baja,1.0,1.0,1.0,1.0,1.0,1.0,1.790108696,1.043888889,sotap,7,average,jefatura_masculina,no,espanol_uno_mas_adultos,adultos_ninguno_analfabeta,0.0,0,0,0.0,6.061858428,2.169185496,5.866781761928531,low,EXCLUSION,0.09972
929,#252,2023-06,Vulnerabilidad Moderada,1.0,1.525552408,1.0,1.0,1.776038647,2.823478261,1.790108696,1.0,sotap,1,low,,,espanol_uno_mas_adultos,adultos_ninguno_analfabeta,-500.0,0,0,3.741369748,26.18890898,2.842293421,29.20789446797501,medium,EXCLUSION,0.10488
930,#555,2024-05,Vulnerabilidad Elevada,1.0,1.0,3.251728045,1.0,1.776038647,2.823478261,2.580217391,1.0,sotap,4,low,jefatura_femenina,no,espanol_uno_mas_adultos,adultos_ninguno_analfabeta,-500.0,0,-500,11.51832969,32.12448674,3.23944252,42.97968968997395,high,EXCLUSION,0.14682
931,#527,2024-04,Vulnerabilidad Moderada,2.700708215,1.0,1.0,1.0,1.776038647,2.117608696,2.580217391,1.043888889,sotap,3,average,jefatura_masculina,no,espanol_uno_mas_adultos,adultos_ninguno_analfabeta,0.0,0,0,9.472088355,28.09152966,3.065975156,36.9644257743638,high,EXCLUSION,0.0954
932,#112,2023-09,Vulnerabilidad Elevada,2.070141643,1.0,1.0,1.0,1.776038647,2.823478261,2.580217391,1.043888889,sotap,3,average,jefatura_femenina,no,espanol_uno_mas_adultos,adultos_ninguno_analfabeta,0.0,0,0,6.702282231,32.85812825,3.116564434,38.71868920026256,high,EXCLUSION,0.13206
933,#016,2024-07,Vulnerabilidad Severa,2.700708215,1.0,3.251728045,1.0,1.776038647,2.823478261,2.580217391,1.043888889,futij,3,average,jefatura_femenina,si,espanol_uno_mas_adultos,adultos_uno_mas_analfabeta,,0,0,24.2379543,32.85812825,3.63852919,56.81867673211505,high,EXCLUSION,0.17489999999999997
934,#1583,2024-05,Vulnerabilidad Elevada,1.0,1.0,2.578385269,1.0,1.776038647,2.823478261,2.580217391,1.043888889,foten,4,average,jefatura_masculina,no,espanol_uno_mas_adultos,adultos_ninguno_analfabeta,0.0,0,0,8.975915299,32.85812825,3.184241129,41.06549005402387,high,INCLUSION,0.14784
935,#555,2024-04,Vulnerabilidad Elevada,2.700708215,1.0,1.0,1.0,1.776038647,2.823478261,1.790108696,1.0,sotap,3,average,jefatura_femenina,si,espanol_uno_mas_adultos,adultos_uno_mas_analfabeta,-500.0,0,0,9.472088355,26.18890898,3.012873318,35.123033330466875,high,EXCLUSION,0.1083
936,#1101,2024-01,Vulnerabilidad Moderada,1.0,1.0,1.0,1.0,1.776038647,2.823478261,1.790108696,1.0,sotap,1,low,,,espanol_uno_mas_adultos,adultos_ninguno_analfabeta,,0,0,0.0,26.18890898,2.730928248,25.34612370011462,medium,EXCLUSION,0.15702000000000002
937,#1725,2024-05,Vulnerabilidad Elevada,1.599560907,1.0,1.0,1.0,1.776038647,2.823478261,2.580217391,1.043888889,foten,2,low,jefatura_femenina,si,espanol_uno_mas_adultos,adultos_ninguno_analfabeta,,0,0,4.186184624,32.85812825,3.041670568,36.1216210561717,high,INCLUSION,0.10031999999999999
938,#1407,2023-08,Vulnerabilidad Moderada,2.070141643,1.0,2.578385269,1.0,1.0,1.498900966,1.790108696,1.043888889,foten,1,low,,,espanol_uno_mas_adultos,adultos_ninguno_analfabeta,,0,0,17.46888676,10.52243148,2.813656206,28.214862117365684,medium,EXCLUSION,0.13482
939,#692,2024-04,Vulnerabilidad Baja,1.0,1.0,2.578385269,1.0,1.0,1.0,1.0,1.0,pcr_cdmx,1,low,,,espanol_uno_mas_adultos,adultos_ninguno_analfabeta,,0,0,8.975915299,0.0,2.267176041,9.26476922923712,low,EXCLUSION,0.10224
940,#133,2024-05,Vulnerabilidad Moderada,1.0,1.0,1.0,1.0,1.776038647,2.823478261,1.790108696,1.0,fupal,1,low,,,espanol_uno_mas_adultos,adultos_ninguno_analfabeta,0.0,0,0,0.0,26.18890898,2.730928248,25.34612370011462,medium,EXCLUSION,0.12552000000000002
941,#1359,2024-04,Vulnerabilidad Elevada,2.700708215,1.0,3.251728045,1.0,1.0,2.117608696,2.580217391,1.043888889,foten,2,average,jefatura_femenina,si,espanol_uno_mas_adultos,adultos_ninguno_analfabeta,,0,0,24.2379543,19.54126117,3.266857566,43.93035975161653,high,EXCLUSION,0.09558
942,#071,2024-02,Vulnerabilidad Elevada,2.070141643,1.0,2.578385269,2.128271955,1.0,1.498900966,1.790108696,1.043888889,sotap,4,average,jefatura_masculina,no,espanol_uno_mas_adultos,adultos_ninguno_analfabeta,0.0,0,0,28.0817378,10.52243148,3.129557084,39.16924531668392,high,EXCLUSION,0.21395999999999998
943,#1223,2023-11,Vulnerabilidad Baja,2.070141643,1.0,1.0,1.0,1.776038647,1.498900966,1.790108696,1.043888889,sotap,1,low,,,espanol_uno_mas_adultos,adultos_ninguno_analfabeta,0.0,0,0,6.702282231,17.68003002,2.692946147,24.029037349402188,medium,EXCLUSION,0.12810000000000002
944,#133,2023-12,Vulnerabilidad Baja,1.0,1.0,1.0,1.0,1.0,2.117608696,1.0,1.0,fupal,1,low,,,espanol_uno_mas_adultos,adultos_ninguno_analfabeta,0.0,0,0,0.0,7.392265486,2.206316944,7.154374990395034,low,EXCLUSION,0.13776
945,#112,2024-01,Vulnerabilidad Baja,1.0,1.0,1.0,1.0,1.0,1.0,1.790108696,1.0,sotap,1,low,,,espanol_uno_mas_adultos,adultos_ninguno_analfabeta,-500.0,0,0,0.0,5.614422911,2.156697643,5.433745167301109,low,INCLUSION,0.11273999999999998
946,#555,2023-07,Vulnerabilidad Moderada,1.0,1.0,1.0,1.0,1.776038647,2.117608696,2.580217391,1.043888889,sotap,1,low,,,espanol_ningun_adulto,adultos_ninguno_analfabeta,0.0,0,0,0.0,28.09152966,2.784030087,27.18751614401154,medium,EXCLUSION,0.1035
947,#1223,2023-12,Vulnerabilidad Moderada,1.0,1.0,1.0,1.0,1.776038647,2.823478261,1.790108696,1.0,sotap,3,low,jefatura_masculina,no,espanol_ningun_adulto,adultos_ninguno_analfabeta,,0,0,0.0,26.18890898,2.730928248,25.34612370011462,medium,INCLUSION,0.17273999999999998
948,#672,2024-01,Vulnerabilidad Moderada,1.0,1.0,1.0,1.0,1.776038647,2.823478261,2.580217391,1.0,fupal,4,average,jefatura_masculina,no,espanol_uno_mas_adultos,adultos_ninguno_analfabeta,,0,0,0.0,32.12448674,2.896589272,31.09068863222006,medium,EXCLUSION,0.18738000000000002
949,#112,2024-05,Vulnerabilidad Baja,1.0,1.0,1.0,1.0,1.0,1.498900966,1.0,1.0,sotap,1,low,,,espanol_uno_mas_adultos,adultos_ninguno_analfabeta,0.0,0,0,0.0,3.815111519,2.10647915,3.692337415207061,low,EXCLUSION,0.10602000000000002
950,#1101,2024-03,Vulnerabilidad Baja,1.0,1.0,1.0,1.564135978,1.0,1.0,1.0,1.0,sotap,2,low,jefatura_femenina,no,espanol_uno_mas_adultos,adultos_ninguno_analfabeta,0.0,0,0,3.975239986,0.0,2.118326527,4.103167183989466,low,EXCLUSION,0.11615999999999999
951,#1223,2023-10,Vulnerabilidad Elevada,1.0,1.525552408,2.578385269,1.0,1.776038647,2.823478261,1.790108696,1.0,sotap,8,average,jefatura_femenina,no,espanol_uno_mas_adultos,adultos_ninguno_analfabeta,,0,0,13.7168894,26.18890898,3.139223567,39.50443631789602,high,INCLUSION,0.16638
952,#252,2024-03,Vulnerabilidad Baja,1.0,1.0,1.0,1.0,1.776038647,1.498900966,1.790108696,1.043888889,sotap,2,average,jefatura_femenina,si,espanol_uno_mas_adultos,adultos_ninguno_analfabeta,0.0,-500,0,0.0,17.68003002,2.493446802,17.11106897392638,low,INCLUSION,0.15804
953,#1167,2023-07,Vulnerabilidad Elevada,2.700708215,1.0,2.578385269,1.0,1.776038647,2.823478261,1.790108696,1.0,foten,3,average,jefatura_femenina,no,espanol_uno_mas_adultos,adultos_ninguno_analfabeta,,0,0,20.97871872,26.18890898,3.355378326,46.99995856724294,high,EXCLUSION,0.13212
954,#1101,2024-01,Vulnerabilidad Baja,1.0,1.0,1.0,1.0,1.0,1.0,1.0,1.0,sotap,1,low,,,espanol_uno_mas_adultos,adultos_uno_mas_analfabeta,,0,0,0.0,0.0,2.0,0.0,low,INCLUSION,0.14046
955,#071,2024-05,Vulnerabilidad Moderada,1.0,1.0,2.578385269,1.0,1.776038647,2.823478261,1.0,1.0,sotap,1,low,,,espanol_uno_mas_adultos,adultos_ninguno_analfabeta,,0,0,8.975915299,17.78726377,2.763615719,26.47962106385475,medium,INCLUSION,0.13493999999999998
956,#458,2024-07,Vulnerabilidad Baja,1.0,1.0,1.0,1.0,1.776038647,1.0,1.790108696,1.0,fupal,1,low,,,espanol_uno_mas_adultos,adultos_uno_mas_analfabeta,,0,0,0.0,12.01413641,2.33531262,11.62750948618979,low,EXCLUSION,0.13026000000000001
957,#1311,2024-06,Vulnerabilidad Elevada,2.070141643,1.0,1.0,1.0,1.776038647,2.823478261,2.580217391,1.043888889,sotap,5,high,jefatura_femenina,si,espanol_uno_mas_adultos,adultos_ninguno_analfabeta,,0,0,6.702282231,32.85812825,3.116564434,38.71868920026256,high,EXCLUSION,0.10176
958,#1497,2024-02,Vulnerabilidad Baja,1.0,1.0,1.0,1.0,1.776038647,2.117608696,1.790108696,1.0,futij,4,average,jefatura_masculina,no,espanol_uno_mas_adultos,adultos_ninguno_analfabeta,,-500,0,0.0,21.88512181,2.610810239,21.18083670503239,low,INCLUSION,0.17562
959,#252,2023-08,Vulnerabilidad Baja,1.0,1.0,1.0,1.0,1.0,1.0,1.0,1.0,sotap,5,high,jefatura_femenina,no,espanol_uno_mas_adultos,adultos_ninguno_analfabeta,,0,0,0.0,0.0,2.0,0.0,low,EXCLUSION,0.10416
960,#555,2024-07,Vulnerabilidad Moderada,1.0,1.525552408,2.578385269,1.0,1.776038647,1.0,1.790108696,1.0,sotap,1,low,,,espanol_ningun_adulto,adultos_ninguno_analfabeta,-500.0,0,0,13.7168894,12.01413641,2.743607939,25.785822103971192,medium,EXCLUSION,0.12252
961,#252,2024-04,Vulnerabilidad Moderada,1.0,1.0,1.0,1.0,1.776038647,2.823478261,1.790108696,1.0,sotap,2,average,jefatura_femenina,si,espanol_ningun_adulto,adultos_ninguno_analfabeta,0.0,0,0,0.0,26.18890898,2.730928248,25.34612370011462,medium,EXCLUSION,0.13968
962,#1387,2024-03,Vulnerabilidad Moderada,1.0,1.525552408,1.0,1.0,1.776038647,2.117608696,1.790108696,1.0,fusal,1,low,,,espanol_uno_mas_adultos,adultos_ninguno_analfabeta,0.0,0,0,3.741369748,21.88512181,2.722175411,25.04260747289278,medium,EXCLUSION,0.15245999999999998
963,#692,2023-07,Vulnerabilidad Baja,1.0,1.0,1.249197356,1.0,1.0,1.0,1.0,1.0,pcr_cdmx,1,low,,,espanol_uno_mas_adultos,adultos_ninguno_analfabeta,0.0,0,0,1.921713018,0.0,2.057201484,1.983555664632258,low,EXCLUSION,0.08946
964,#071,2023-09,Vulnerabilidad Moderada,1.0,1.0,1.0,1.0,1.776038647,2.823478261,1.790108696,1.043888889,sotap,1,low,,,espanol_uno_mas_adultos,adultos_uno_mas_analfabeta,,0,0,0.0,26.85846924,2.749615568,25.99413684138756,medium,INCLUSION,0.1482
965,#527,2023-11,Vulnerabilidad Elevada,2.700708215,1.0,1.0,1.0,1.776038647,2.823478261,1.790108696,1.0,sotap,5,high,jefatura_femenina,no,espanol_uno_mas_adultos,adultos_ninguno_analfabeta,0.0,0,0,9.472088355,26.18890898,3.012873318,35.123033330466875,high,EXCLUSION,0.13932
966,#071,2024-03,Vulnerabilidad Baja,1.0,1.0,1.0,1.0,1.776038647,2.117608696,1.790108696,1.0,sotap,1,low,,,espanol_uno_mas_adultos,adultos_ninguno_analfabeta,,0,0,0.0,21.88512181,2.610810239,21.18083670503239,low,EXCLUSION,0.13566
967,#071,2024-02,Vulnerabilidad Baja,1.0,1.525552408,1.0,1.0,1.0,1.0,1.0,1.0,sotap,2,average,jefatura_femenina,si,espanol_uno_mas_adultos,adultos_ninguno_analfabeta,0.0,0,0,3.741369748,0.0,2.111365173,3.861770767860388,low,INCLUSION,0.12606
968,#252,2023-08,Vulnerabilidad Baja,1.0,1.0,1.0,1.0,1.0,1.0,1.0,1.0,sotap,1,low,,,espanol_uno_mas_adultos,adultos_ninguno_analfabeta,500.0,0,0,0.0,0.0,2.0,0.0,low,INCLUSION,0.12768000000000002
969,#1771,2023-08,Vulnerabilidad Elevada,2.700708215,1.0,2.578385269,1.0,1.776038647,2.823478261,1.790108696,1.0,fupal,4,average,jefatura_femenina,no,espanol_uno_mas_adultos,adultos_ninguno_analfabeta,,0,0,20.97871872,26.18890898,3.355378326,46.99995856724294,high,INCLUSION,0.14958
970,#252,2023-10,Vulnerabilidad Severa,2.700708215,1.0,3.251728045,1.0,1.776038647,2.823478261,2.580217391,1.043888889,sotap,1,low,,,espanol_ningun_adulto,adultos_uno_mas_analfabeta,0.0,0,0,24.2379543,32.85812825,3.63852919,56.81867673211505,high,INCLUSION,0.15725999999999998
971,#1765,2023-09,Vulnerabilidad Severa,2.700708215,1.0,3.251728045,1.0,1.776038647,2.823478261,2.580217391,1.0,fupal,4,average,jefatura_femenina,no,espanol_uno_mas_adultos,adultos_ninguno_analfabeta,,0,0,24.2379543,32.12448674,3.618053373,56.108644539548365,high,EXCLUSION,0.14028
972,#527,2023-12,Vulnerabilidad Baja,1.0,1.0,1.0,1.0,1.776038647,1.498900966,1.790108696,1.0,sotap,1,low,,,espanol_uno_mas_adultos,adultos_ninguno_analfabeta,500.0,0,0,0.0,17.10850297,2.477495573,16.55793423592243,low,EXCLUSION,0.14688
973,#1101,2024-07,Vulnerabilidad Severa,2.700708215,1.0,2.578385269,1.0,1.776038647,2.117608696,1.790108696,2.544987923,sotap,2,complete,jefatura_femenina,si,espanol_ningun_adulto,adultos_ninguno_analfabeta,,0,0,20.97871872,37.06714366,3.658988111,57.52812077700585,high,EXCLUSION,0.13068000000000002
974,,2023-10,Vulnerabilidad Elevada,2.700708215,1.0,2.578385269,1.0,1.776038647,1.498900966,1.790108696,2.544987923,,2,low,jefatura_femenina,no,espanol_uno_mas_adultos,adultos_ninguno_analfabeta,-500.0,0,0,20.97871872,31.0340229,3.490604678,51.689151876183416,high,INCLUSION,0.13656000000000001
975,#252,2023-06,Vulnerabilidad Baja,1.0,1.0,2.578385269,1.0,1.0,1.498900966,1.0,1.0,sotap,1,low,,,espanol_uno_mas_adultos,adultos_ninguno_analfabeta,0.0,0,0,8.975915299,3.815111519,2.373655191,12.95710664444418,low,EXCLUSION,0.10560000000000001
976,#112,2024-06,Vulnerabilidad Elevada,1.0,2.051104816,2.578385269,1.0,1.776038647,2.117608696,1.790108696,1.0,sotap,7,high,jefatura_masculina,no,espanol_uno_mas_adultos,adultos_ninguno_analfabeta,,0,0,17.3510839,21.88512181,3.127280564,39.090295836018285,high,EXCLUSION,0.15582
977,#1859,2024-01,Vulnerabilidad Baja,1.0,1.0,1.0,1.0,1.0,1.0,1.790108696,1.0,pcr_cdmx,1,low,,,espanol_uno_mas_adultos,adultos_uno_mas_analfabeta,,0,0,0.0,5.614422911,2.156697643,5.433745167301109,low,INCLUSION,0.1584
978,#527,2023-09,Vulnerabilidad Baja,1.0,1.0,1.0,1.0,1.0,1.0,1.0,1.0,sotap,1,low,,,espanol_uno_mas_adultos,adultos_ninguno_analfabeta,,0,0,0.0,0.0,2.0,0.0,low,EXCLUSION,0.11495999999999999
979,#112,2024-06,Vulnerabilidad Elevada,2.700708215,1.0,3.251728045,1.0,1.776038647,2.117608696,1.790108696,1.0,sotap,3,complete,jefatura_femenina,si,espanol_uno_mas_adultos,adultos_ninguno_analfabeta,,0,0,24.2379543,21.88512181,3.33227434,46.19879261236069,high,EXCLUSION,0.1161
980,#041,2024-03,Vulnerabilidad Baja,2.070141643,1.0,1.0,1.0,1.0,1.0,1.790108696,1.043888889,fusal,3,low,jefatura_masculina,no,espanol_uno_mas_adultos,adultos_ninguno_analfabeta,0.0,0,0,6.702282231,6.061858428,2.368684842,12.78475013740434,low,EXCLUSION,0.12462
981,#527,2023-10,Vulnerabilidad Elevada,2.700708215,2.051104816,2.578385269,1.0,1.0,1.0,1.0,1.0,sotap,3,low,jefatura_masculina,si,espanol_uno_mas_adultos,adultos_ninguno_analfabeta,0.0,0,0,31.71522481,0.0,2.944031657,32.73585245961061,medium,INCLUSION,0.13584000000000002
982,#252,2023-06,Vulnerabilidad Elevada,2.700708215,2.051104816,3.251728045,1.0,1.776038647,1.0,1.790108696,1.0,sotap,6,average,jefatura_femenina,no,espanol_uno_mas_adultos,adultos_ninguno_analfabeta,0.0,0,0,35.61565687,12.01413641,3.395444079,48.38931380992327,high,EXCLUSION,0.1278
983,#1311,2024-02,Vulnerabilidad Baja,2.070141643,1.0,1.0,1.0,1.0,2.117608696,1.790108696,1.043888889,sotap,3,average,jefatura_femenina,si,espanol_uno_mas_adultos,adultos_ninguno_analfabeta,,0,0,6.702282231,14.70478802,2.60990762,21.14954161220419,low,EXCLUSION,0.12503999999999998
984,#112,2024-01,Vulnerabilidad Elevada,1.0,1.0,2.578385269,1.0,1.776038647,2.823478261,2.580217391,1.043888889,sotap,2,complete,jefatura_femenina,si,espanol_uno_mas_adultos,adultos_uno_mas_analfabeta,0.0,0,0,8.975915299,32.85812825,3.184241129,41.06549005402387,high,EXCLUSION,0.22163999999999998
985,#1311,2024-05,Vulnerabilidad Baja,1.0,1.525552408,1.0,1.0,1.776038647,1.498900966,1.790108696,1.0,sotap,1,low,,,espanol_uno_mas_adultos,adultos_ninguno_analfabeta,0.0,0,0,3.741369748,17.10850297,2.588860746,20.41970500378282,low,EXCLUSION,0.11148
986,#1223,2023-09,Vulnerabilidad Baja,1.0,1.0,2.578385269,1.0,1.776038647,1.0,1.790108696,1.0,sotap,3,average,jefatura_masculina,no,espanol_uno_mas_adultos,adultos_ninguno_analfabeta,,0,0,8.975915299,12.01413641,2.602488661,20.89227871542691,low,EXCLUSION,0.14694
987,#112,2024-01,Vulnerabilidad Baja,1.0,1.0,2.578385269,1.0,1.776038647,1.0,1.790108696,1.0,sotap,4,average,jefatura_masculina,no,espanol_uno_mas_adultos,adultos_ninguno_analfabeta,,0,0,8.975915299,12.01413641,2.602488661,20.89227871542691,low,INCLUSION,0.17765999999999998
988,#527,2023-11,Vulnerabilidad Moderada,1.0,1.0,1.0,1.0,1.776038647,2.823478261,1.790108696,1.0,sotap,1,low,,,espanol_ningun_adulto,adultos_ninguno_analfabeta,,0,0,0.0,26.18890898,2.730928248,25.34612370011462,medium,EXCLUSION,0.15234
989,#1223,2024-03,Vulnerabilidad Elevada,2.700708215,1.0,2.578385269,1.0,1.776038647,2.823478261,1.790108696,1.0,sotap,2,average,jefatura_femenina,si,espanol_uno_mas_adultos,adultos_ninguno_analfabeta,0.0,0,0,20.97871872,26.18890898,3.355378326,46.99995856724294,high,EXCLUSION,0.14093999999999998
990,#1311,2024-06,Vulnerabilidad Baja,1.0,2.051104816,1.0,1.0,1.776038647,1.498900966,1.790108696,1.0,sotap,3,low,jefatura_masculina,no,espanol_uno_mas_adultos,adultos_ninguno_analfabeta,0.0,0,0,6.609317356,17.10850297,2.674227738,23.379946033755868,medium,EXCLUSION,0.10146
991,#1359,2023-12,Vulnerabilidad Baja,1.0,2.051104816,1.0,1.0,1.0,2.117608696,1.790108696,1.0,foten,2,average,jefatura_femenina,si,espanol_uno_mas_adultos,adultos_ninguno_analfabeta,,0,0,6.609317356,14.16503897,2.59207613,20.531205648739864,low,EXCLUSION,0.13385999999999998
992,#527,2023-11,Vulnerabilidad Moderada,2.070141643,1.0,1.0,1.0,1.776038647,2.117608696,1.790108696,1.043888889,sotap,3,average,jefatura_femenina,no,espanol_uno_mas_adultos,adultos_ninguno_analfabeta,,0,0,6.702282231,22.50821784,2.827700095,28.70184925716677,medium,EXCLUSION,0.14868
993,#1223,2024-01,Vulnerabilidad Baja,1.0,1.0,1.0,1.0,1.0,1.498900966,1.790108696,1.0,sotap,1,low,,,espanol_uno_mas_adultos,adultos_ninguno_analfabeta,,0,0,0.0,10.02735341,2.279861825,9.70466314991279,low,EXCLUSION,0.11933999999999999
994,,2023-12,Vulnerabilidad Moderada,1.0,1.0,1.0,1.0,1.776038647,2.823478261,2.580217391,1.0,,1,low,,,espanol_uno_mas_adultos,adultos_ninguno_analfabeta,,0,0,0.0,32.12448674,2.896589272,31.09068863222006,medium,EXCLUSION,0.16889999999999997
995,#1771,2023-11,Vulnerabilidad Moderada,2.070141643,1.0,2.578385269,1.0,1.0,2.117608696,1.0,1.0,fupal,4,average,jefatura_femenina,no,espanol_uno_mas_adultos,adultos_ninguno_analfabeta,,0,0,17.46888676,7.392265486,2.726293776,25.1854279952186,medium,INCLUSION,0.17262
996,#1101,2024-04,Vulnerabilidad Moderada,2.070141643,1.0,2.578385269,1.0,1.0,2.117608696,1.0,1.0,sotap,1,low,,,espanol_uno_mas_adultos,adultos_ninguno_analfabeta,,0,0,17.46888676,7.392265486,2.726293776,25.1854279952186,medium,EXCLUSION,0.10602000000000002
997,#555,2024-04,Vulnerabilidad Baja,1.0,1.0,1.0,1.0,1.0,1.498900966,1.790108696,1.0,sotap,4,average,jefatura_masculina,no,espanol_uno_mas_adultos,adultos_ninguno_analfabeta,0.0,0,0,0.0,10.02735341,2.279861825,9.70466314991279,low,EXCLUSION,0.10097999999999999
998,#1761,2023-12,Vulnerabilidad Baja,1.0,1.0,1.0,1.0,1.0,1.0,1.0,1.0,fomon,1,low,,,espanol_uno_mas_adultos,adultos_ninguno_analfabeta,,0,0,0.0,0.0,2.0,0.0,low,INCLUSION,0.1293
999,#676,2023-10,Vulnerabilidad Baja,1.0,1.0,2.578385269,1.0,1.776038647,1.0,1.790108696,1.0,pcr_cdmx,1,low,,,espanol_uno_mas_adultos,adultos_ninguno_analfabeta,0.0,0,0,8.975915299,12.01413641,2.602488661,20.89227871542691,low,EXCLUSION,0.16596
1000,#645,2024-06,Vulnerabilidad Moderada,1.0,1.0,1.0,1.0,1.776038647,2.117608696,2.580217391,1.043888889,fupal,3,low,jefatura_masculina,no,espanol_uno_mas_adultos,adultos_ninguno_analfabeta,,0,0,0.0,28.09152966,2.784030087,27.18751614401154,medium,EXCLUSION,0.09323999999999999
1001,#1583,2023-08,Vulnerabilidad Elevada,1.0,1.0,2.578385269,1.0,1.776038647,2.823478261,1.790108696,1.0,foten,1,low,,,espanol_uno_mas_adultos,adultos_ninguno_analfabeta,,0,0,8.975915299,26.18890898,2.998104289,34.61089292935174,high,EXCLUSION,0.19962000000000002
1002,#1725,2024-03,Vulnerabilidad Moderada,1.0,2.051104816,1.0,1.0,1.776038647,2.823478261,1.0,1.043888889,foten,1,low,,,espanol_uno_mas_adultos,adultos_ninguno_analfabeta,0.0,0,0,6.609317356,18.36611881,2.709327594,24.597090538408825,medium,EXCLUSION,0.16884
1003,#458,2023-12,Vulnerabilidad Baja,1.0,1.0,1.0,1.0,1.0,2.117608696,1.790108696,1.0,fupal,1,low,,,espanol_uno_mas_adultos,adultos_uno_mas_analfabeta,,0,0,0.0,14.16503897,2.395343965,13.709193850906429,low,INCLUSION,0.14184
1004,#555,2023-08,Vulnerabilidad Severa,2.700708215,1.0,2.578385269,1.0,1.776038647,2.823478261,2.580217391,1.043888889,sotap,6,high,jefatura_femenina,si,espanol_ningun_adulto,adultos_ninguno_analfabeta,-500.0,0,0,20.97871872,32.85812825,3.541515166,53.45455569191508,high,EXCLUSION,0.13242
1005,#112,2024-04,Vulnerabilidad Baja,1.0,1.0,1.0,1.0,1.0,1.498900966,1.790108696,1.0,sotap,2,average,jefatura_femenina,si,espanol_uno_mas_adultos,adultos_ninguno_analfabeta,-500.0,0,0,0.0,10.02735341,2.279861825,9.70466314991279,low,EXCLUSION,0.08328
1006,#1223,2023-08,Vulnerabilidad Baja,2.700708215,1.0,1.0,1.0,1.0,1.498900966,1.790108696,1.0,sotap,1,low,,,espanol_uno_mas_adultos,adultos_ninguno_analfabeta,-500.0,0,0,9.472088355,10.02735341,2.561806895,19.481572780265047,low,EXCLUSION,0.08934
1007,#1101,2023-09,Vulnerabilidad Elevada,1.0,2.051104816,1.0,1.0,1.776038647,2.823478261,2.580217391,1.0,sotap,3,average,jefatura_femenina,si,espanol_uno_mas_adultos,adultos_ninguno_analfabeta,0.0,0,0,6.609317356,32.12448674,3.093321436,37.9127004300535,high,EXCLUSION,0.12449999999999999
1008,#527,2024-01,Vulnerabilidad Elevada,1.0,1.0,1.0,1.0,1.776038647,2.823478261,2.580217391,1.043888889,sotap,2,complete,jefatura_masculina,no,espanol_uno_mas_adultos,adultos_ninguno_analfabeta,0.0,0,0,0.0,32.85812825,2.917065088,31.80072082478675,medium,INCLUSION,0.16842
1009,#672,2023-09,Vulnerabilidad Elevada,2.700708215,1.0,2.578385269,1.0,1.0,2.117608696,1.790108696,2.544987923,fupal,4,average,jefatura_masculina,no,espanol_uno_mas_adultos,adultos_ninguno_analfabeta,,0,0,20.97871872,27.3162731,3.386842878,48.09104298249722,high,EXCLUSION,0.10518000000000001
1010,#458,2024-02,Vulnerabilidad Baja,1.0,1.0,1.0,1.0,1.0,1.498900966,1.0,1.0,fupal,3,low,jefatura_masculina,no,espanol_uno_mas_adultos,adultos_ninguno_analfabeta,0.0,-500,0,0.0,3.815111519,2.10647915,3.692337415207061,low,INCLUSION,0.15095999999999998
1011,#238,2024-05,Vulnerabilidad Elevada,1.0,2.051104816,1.0,1.0,1.776038647,2.823478261,1.790108696,1.0,futij,3,average,jefatura_masculina,no,espanol_ningun_adulto,adultos_ninguno_analfabeta,,0,0,6.609317356,26.18890898,2.927660413,32.16813549794806,medium,EXCLUSION,0.1428
1012,#672,2024-07,Vulnerabilidad Elevada,1.0,1.0,2.578385269,1.0,1.776038647,2.823478261,1.790108696,1.0,fupal,3,low,jefatura_femenina,no,espanol_uno_mas_adultos,adultos_ninguno_analfabeta,,0,0,8.975915299,26.18890898,2.998104289,34.61089292935174,high,EXCLUSION,0.15318
1013,#252,2023-10,Vulnerabilidad Baja,1.0,1.0,2.578385269,1.0,1.0,2.117608696,1.790108696,1.043888889,sotap,1,low,,,espanol_uno_mas_adultos,adultos_uno_mas_analfabeta,-500.0,0,0,8.975915299,14.70478802,2.677584315,23.496342465965498,medium,EXCLUSION,0.1479
1014,#071,2023-06,Vulnerabilidad Moderada,1.0,1.0,1.0,1.0,1.776038647,2.823478261,1.790108696,1.0,sotap,2,low,jefatura_masculina,no,espanol_uno_mas_adultos,adultos_ninguno_analfabeta,0.0,0,0,0.0,26.18890898,2.730928248,25.34612370011462,medium,INCLUSION,0.11184000000000001
1015,#1223,2024-05,Vulnerabilidad Moderada,1.0,1.0,1.0,1.0,1.776038647,2.823478261,1.790108696,1.0,sotap,1,low,,,espanol_uno_mas_adultos,adultos_ninguno_analfabeta,,0,0,0.0,26.18890898,2.730928248,25.34612370011462,medium,EXCLUSION,0.11706000000000001
1016,#252,2024-01,Vulnerabilidad Elevada,2.700708215,2.051104816,3.251728045,1.0,1.0,2.117608696,1.0,1.0,sotap,4,average,jefatura_femenina,si,espanol_uno_mas_adultos,adultos_ninguno_analfabeta,0.0,0,0,35.61565687,7.392265486,3.266448403,43.916179314128506,high,EXCLUSION,0.12653999999999999
1017,#1101,2023-11,Vulnerabilidad Elevada,1.0,1.0,2.578385269,1.0,1.776038647,2.823478261,2.580217391,1.043888889,sotap,5,low,jefatura_femenina,no,espanol_uno_mas_adultos,adultos_ninguno_analfabeta,-500.0,0,0,8.975915299,32.85812825,3.184241129,41.06549005402387,high,INCLUSION,0.15864
1018,#252,2023-06,Vulnerabilidad Severa,2.700708215,2.051104816,2.578385269,1.0,1.776038647,2.823478261,2.580217391,1.0,sotap,3,average,jefatura_femenina,no,espanol_uno_mas_adultos,adultos_ninguno_analfabeta,0.0,0,0,31.71522481,32.12448674,3.840620929,63.82654109183068,high,EXCLUSION,0.12023999999999999
1019,#555,2023-11,Vulnerabilidad Elevada,2.700708215,2.051104816,1.249197356,1.0,1.776038647,2.117608696,1.790108696,1.0,sotap,5,average,jefatura_masculina,no,espanol_uno_mas_adultos,adultos_ninguno_analfabeta,0.0,0,0,20.89305637,21.88512181,3.232710501,42.746252522075366,high,EXCLUSION,0.12131999999999998
1020,#1101,2024-06,Vulnerabilidad Elevada,1.0,1.0,2.578385269,1.0,1.776038647,2.823478261,2.580217391,1.0,sotap,1,low,,,espanol_uno_mas_adultos,adultos_ninguno_analfabeta,0.0,0,0,8.975915299,32.12448674,3.163765312,40.35545786145718,high,EXCLUSION,0.11484
1021,#1223,2024-04,Vulnerabilidad Moderada,1.0,1.0,1.0,1.0,1.776038647,2.823478261,2.580217391,1.0,sotap,1,low,,,espanol_uno_mas_adultos,adultos_ninguno_analfabeta,0.0,0,0,0.0,32.12448674,2.896589272,31.09068863222006,medium,EXCLUSION,0.11868
1022,#112,2023-08,Vulnerabilidad Elevada,2.070141643,1.525552408,1.0,1.0,1.776038647,2.117608696,2.580217391,1.043888889,sotap,1,low,,,espanol_uno_mas_adultos,adultos_ninguno_analfabeta,0.0,0,0,11.1900528,28.09152966,3.117111884,38.73767603316834,high,EXCLUSION,0.12564
1023,#112,2023-06,Vulnerabilidad Moderada,1.0,1.0,2.578385269,1.0,1.776038647,2.117608696,1.790108696,1.0,sotap,3,average,jefatura_femenina,no,espanol_uno_mas_adultos,adultos_ninguno_analfabeta,-500.0,0,0,8.975915299,21.88512181,2.877986279,30.44560593426951,medium,INCLUSION,0.12846
1024,#1805,2024-03,Vulnerabilidad Baja,1.0,1.0,1.0,1.564135978,1.0,2.117608696,1.0,1.0,fomon,1,low,,,espanol_uno_mas_adultos,adultos_ninguno_analfabeta,,0,0,3.975239986,7.392265486,2.32464347,11.2575421743845,low,EXCLUSION,0.13308
1025,#458,2023-07,Vulnerabilidad Baja,2.700708215,1.0,1.0,1.0,1.0,2.117608696,1.0,1.0,fupal,1,low,,,espanol_uno_mas_adultos,adultos_ninguno_analfabeta,,0,0,9.472088355,7.392265486,2.488262013,16.93128462074729,low,EXCLUSION,0.07536000000000001
1026,#527,2023-10,Vulnerabilidad Baja,2.070141643,1.0,1.0,1.0,1.776038647,1.0,1.790108696,1.043888889,sotap,1,low,,,espanol_uno_mas_adultos,adultos_ninguno_analfabeta,-500.0,0,0,6.702282231,12.53066404,2.549228169,19.04538311600457,low,EXCLUSION,0.10518000000000001
1027,#1223,2024-04,Vulnerabilidad Baja,1.0,2.051104816,1.0,1.0,1.0,1.0,1.0,1.0,sotap,1,low,,,espanol_uno_mas_adultos,adultos_ninguno_analfabeta,-500.0,0,0,6.609317356,0.0,2.196732164,6.8220117978334365,low,EXCLUSION,0.08123999999999999
1028,#527,2024-05,Vulnerabilidad Severa,2.700708215,1.525552408,3.251728045,1.0,1.776038647,2.823478261,1.790108696,1.0,sotap,4,complete,jefatura_masculina,si,espanol_uno_mas_adultos,adultos_uno_mas_analfabeta,,0,0,30.67858802,26.18890898,3.644103496,57.01197936118624,high,EXCLUSION,0.15407999999999997
1029,#555,2023-09,Vulnerabilidad Elevada,2.070141643,1.525552408,1.0,1.0,1.776038647,2.117608696,1.790108696,2.544987923,sotap,4,average,jefatura_masculina,si,espanol_uno_mas_adultos,adultos_ninguno_analfabeta,,0,0,11.1900528,37.06714366,3.367619831,47.42444579903434,high,EXCLUSION,0.11081999999999999
1030,#071,2023-11,Vulnerabilidad Moderada,1.0,1.0,3.251728045,1.0,1.776038647,1.0,2.580217391,1.0,sotap,1,low,,,espanol_uno_mas_adultos,adultos_ninguno_analfabeta,,0,0,11.51832969,16.59309681,2.805963919,27.94811541931128,medium,INCLUSION,0.1485
1031,#645,2024-02,Vulnerabilidad Elevada,2.700708215,1.0,3.251728045,1.0,1.776038647,2.823478261,1.790108696,1.0,fupal,2,average,jefatura_femenina,si,espanol_uno_mas_adultos,adultos_ninguno_analfabeta,,0,0,24.2379543,26.18890898,3.45239235,50.36407960744292,high,EXCLUSION,0.14052
1032,#513,2024-01,Vulnerabilidad Elevada,1.0,1.525552408,2.578385269,1.0,1.776038647,2.823478261,1.790108696,1.0,pcr_cdmx,5,average,jefatura_femenina,no,espanol_uno_mas_adultos,adultos_ninguno_analfabeta,-500.0,0,0,13.7168894,26.18890898,3.139223567,39.50443631789602,high,INCLUSION,0.2025
1033,#252,2024-06,Vulnerabilidad Baja,1.0,1.0,1.0,1.0,1.0,1.0,1.0,1.0,sotap,1,low,,,espanol_uno_mas_adultos,adultos_ninguno_analfabeta,-500.0,0,0,0.0,0.0,2.0,0.0,low,EXCLUSION,0.07505999999999999
1034,#1311,2024-02,Vulnerabilidad Severa,2.700708215,1.0,3.251728045,1.0,1.776038647,2.823478261,2.580217391,1.043888889,sotap,2,average,jefatura_masculina,no,espanol_uno_mas_adultos,adultos_ninguno_analfabeta,,0,0,24.2379543,32.85812825,3.63852919,56.81867673211505,high,INCLUSION,0.14664
1035,#1311,2024-05,Vulnerabilidad Elevada,2.700708215,1.0,3.251728045,1.0,1.776038647,2.823478261,1.790108696,1.0,sotap,1,low,,,espanol_ningun_adulto,adultos_uno_mas_analfabeta,,0,0,24.2379543,26.18890898,3.45239235,50.36407960744292,high,EXCLUSION,0.13235999999999998
1036,#1223,2023-10,Vulnerabilidad Baja,1.0,1.0,1.0,1.564135978,1.0,1.0,1.0,1.0,sotap,1,low,,,espanol_uno_mas_adultos,adultos_uno_mas_analfabeta,,0,0,3.975239986,0.0,2.118326527,4.103167183989466,low,EXCLUSION,0.12558
1037,#252,2024-01,Vulnerabilidad Baja,2.700708215,1.0,1.249197356,1.0,1.776038647,1.0,1.790108696,1.0,sotap,4,average,jefatura_masculina,no,espanol_uno_mas_adultos,adultos_ninguno_analfabeta,,0,0,11.93561888,12.01413641,2.69058685,23.94722851736708,medium,INCLUSION,0.1122
1038,#1223,2023-07,Vulnerabilidad Elevada,1.0,1.0,2.578385269,1.0,1.776038647,2.823478261,1.790108696,1.0,sotap,2,complete,jefatura_femenina,si,espanol_uno_mas_adultos,adultos_ninguno_analfabeta,,0,0,8.975915299,26.18890898,2.998104289,34.61089292935174,high,EXCLUSION,0.10319999999999999
1039,#1359,2023-07,Vulnerabilidad Elevada,1.599560907,1.0,1.0,1.0,1.776038647,2.117608696,2.580217391,1.043888889,foten,3,low,jefatura_masculina,si,espanol_uno_mas_adultos,adultos_ninguno_analfabeta,,0,0,4.186184624,28.09152966,2.908635566,31.50841637539648,medium,EXCLUSION,0.09797999999999998
1040,#108,2024-03,Vulnerabilidad Baja,1.0,1.0,2.578385269,1.0,1.776038647,1.0,1.790108696,1.0,futij,1,low,,,espanol_uno_mas_adultos,adultos_ninguno_analfabeta,0.0,0,0,8.975915299,12.01413641,2.602488661,20.89227871542691,low,EXCLUSION,0.15623999999999996
1041,#112,2024-03,Vulnerabilidad Elevada,2.700708215,1.0,1.0,1.0,1.776038647,2.117608696,2.580217391,1.0,sotap,2,low,jefatura_masculina,no,espanol_uno_mas_adultos,adultos_ninguno_analfabeta,0.0,0,-500,9.472088355,27.40879931,3.046920262,36.303666369757146,high,INCLUSION,0.13914
1042,#555,2023-08,Vulnerabilidad Moderada,1.0,1.525552408,1.0,1.0,1.776038647,2.823478261,1.790108696,1.0,sotap,7,high,jefatura_masculina,no,espanol_uno_mas_adultos,adultos_ninguno_analfabeta,0.0,0,0,3.741369748,26.18890898,2.842293421,29.20789446797501,medium,EXCLUSION,0.17142
1043,#555,2024-06,Vulnerabilidad Elevada,2.700708215,1.0,1.249197356,1.0,1.776038647,2.117608696,2.580217391,1.0,sotap,1,low,,,espanol_uno_mas_adultos,adultos_ninguno_analfabeta,0.0,0,0,11.93561888,27.40879931,3.120249422,38.84647577058217,high,EXCLUSION,0.08567999999999999
1044,#041,2023-08,Vulnerabilidad Baja,1.0,1.0,1.0,1.0,1.0,1.0,1.0,1.0,fusal,1,low,,,espanol_uno_mas_adultos,adultos_ninguno_analfabeta,,0,0,0.0,0.0,2.0,0.0,low,EXCLUSION,0.13878
1045,#1841,2023-07,Vulnerabilidad Moderada,1.0,1.0,2.578385269,1.564135978,1.776038647,1.0,1.790108696,1.0,foten,4,average,jefatura_masculina,no,espanol_uno_mas_adultos,adultos_ninguno_analfabeta,,0,0,14.01324416,12.01413641,2.7524292,26.09171385650275,medium,EXCLUSION,0.16584
1046,#692,2023-08,Vulnerabilidad Baja,1.0,1.0,1.0,1.0,1.0,1.0,1.790108696,1.0,pcr_cdmx,1,low,,,espanol_uno_mas_adultos,adultos_ninguno_analfabeta,0.0,0,0,0.0,5.614422911,2.156697643,5.433745167301109,low,INCLUSION,0.1353
1047,#071,2023-07,Vulnerabilidad Elevada,1.0,2.051104816,1.249197356,1.0,1.776038647,2.117608696,2.580217391,1.043888889,sotap,1,low,,,espanol_uno_mas_adultos,adultos_ninguno_analfabeta,,0,0,8.909093135,28.09152966,3.049217106,36.38331280518898,high,EXCLUSION,0.0957
1048,#1223,2024-04,Vulnerabilidad Elevada,2.070141643,1.0,2.578385269,1.0,1.776038647,2.823478261,2.580217391,1.043888889,sotap,2,complete,jefatura_masculina,si,espanol_uno_mas_adultos,adultos_ninguno_analfabeta,0.0,0,0,17.46888676,32.85812825,3.43704192,49.83177382961031,high,EXCLUSION,0.11256000000000001
1049,#1223,2024-01,Vulnerabilidad Elevada,2.700708215,1.0,2.578385269,1.0,1.776038647,2.117608696,1.790108696,1.0,sotap,3,complete,jefatura_femenina,si,espanol_uno_mas_adultos,adultos_ninguno_analfabeta,0.0,0,0,20.97871872,21.88512181,3.235260316,42.83467157216072,high,INCLUSION,0.1803
1050,#252,2024-02,Vulnerabilidad Elevada,2.700708215,1.0,3.251728045,1.0,1.776038647,1.498900966,1.790108696,1.0,sotap,4,average,jefatura_femenina,si,espanol_uno_mas_adultos,adultos_ninguno_analfabeta,0.0,0,0,24.2379543,17.10850297,3.198959675,41.57589014325073,high,EXCLUSION,0.13535999999999998
1051,#071,2023-07,Vulnerabilidad Baja,1.0,1.0,2.578385269,1.0,1.776038647,1.0,1.790108696,1.043888889,sotap,2,low,jefatura_femenina,no,espanol_uno_mas_adultos,adultos_ninguno_analfabeta,-500.0,0,0,8.975915299,12.53066404,2.616904864,21.39218396976588,medium,EXCLUSION,0.08711999999999999
1052,#527,2023-11,Vulnerabilidad Moderada,1.0,1.0,1.0,1.0,1.776038647,2.823478261,1.790108696,1.0,sotap,2,average,jefatura_masculina,no,espanol_ningun_adulto,adultos_ninguno_analfabeta,,0,0,0.0,26.18890898,2.730928248,25.34612370011462,medium,EXCLUSION,0.16439999999999996
1053,#527,2023-11,Vulnerabilidad Elevada,2.700708215,1.0,3.251728045,1.0,1.776038647,2.823478261,1.790108696,1.0,sotap,3,low,jefatura_femenina,si,espanol_uno_mas_adultos,adultos_ninguno_analfabeta,,0,0,24.2379543,26.18890898,3.45239235,50.36407960744292,high,INCLUSION,0.15372
1054,#1223,2023-11,Vulnerabilidad Elevada,2.700708215,1.0,3.251728045,1.0,1.776038647,2.117608696,1.790108696,1.043888889,sotap,1,low,,,espanol_ningun_adulto,adultos_uno_mas_analfabeta,,0,0,24.2379543,22.50821784,3.34966485,46.80183678901926,high,INCLUSION,0.18023999999999998
1055,#1860,2023-06,Vulnerabilidad Baja,1.0,1.0,1.0,1.0,1.0,1.498900966,1.0,1.0,pcr_cdmx,3,average,jefatura_femenina,no,espanol_uno_mas_adultos,adultos_ninguno_analfabeta,0.0,0,0,0.0,3.815111519,2.10647915,3.692337415207061,low,EXCLUSION,0.11069999999999999
1056,,2024-04,Vulnerabilidad Moderada,1.0,1.525552408,1.0,1.0,1.776038647,2.823478261,1.790108696,1.043888889,,3,low,jefatura_masculina,no,espanol_ningun_adulto,adultos_ninguno_analfabeta,,0,0,3.741369748,26.85846924,2.86098074,29.85590760924795,medium,EXCLUSION,0.13002
1057,#071,2024-03,Vulnerabilidad Baja,1.0,1.0,1.0,1.0,1.0,1.498900966,1.0,1.0,sotap,1,low,,,espanol_uno_mas_adultos,adultos_ninguno_analfabeta,500.0,0,0,0.0,3.815111519,2.10647915,3.692337415207061,low,EXCLUSION,0.13434000000000001
1058,,2024-02,Vulnerabilidad Elevada,1.0,2.051104816,1.0,1.564135978,1.776038647,2.823478261,1.790108696,1.043888889,,4,average,jefatura_masculina,no,espanol_uno_mas_adultos,adultos_ninguno_analfabeta,,0,0,11.36661491,26.85846924,3.087952892,37.72654078580627,high,EXCLUSION,0.16307999999999997
1059,#1497,2024-05,Vulnerabilidad Moderada,1.0,1.0,1.0,1.0,1.776038647,2.823478261,1.790108696,1.0,futij,4,average,jefatura_femenina,no,espanol_uno_mas_adultos,adultos_ninguno_analfabeta,0.0,0,0,0.0,26.18890898,2.730928248,25.34612370011462,medium,EXCLUSION,0.1323
1060,#112,2023-12,Vulnerabilidad Baja,1.0,1.0,1.0,1.0,1.0,1.0,2.580217391,1.0,sotap,2,low,jefatura_femenina,no,espanol_uno_mas_adultos,adultos_ninguno_analfabeta,,0,0,0.0,9.580889352,2.267401085,9.272566751763287,low,INCLUSION,0.10452000000000002
1061,,2023-06,Vulnerabilidad Elevada,2.700708215,2.051104816,1.249197356,1.0,1.776038647,1.498900966,2.580217391,1.043888889,,4,average,jefatura_masculina,no,espanol_uno_mas_adultos,adultos_uno_mas_analfabeta,,0,0,20.89305637,22.80125306,3.258279578,43.63290175231912,high,EXCLUSION,0.12582
1062,#071,2024-04,Vulnerabilidad Baja,1.599560907,1.0,1.0,1.0,1.0,1.0,1.790108696,1.043888889,sotap,1,low,,,espanol_uno_mas_adultos,adultos_ninguno_analfabeta,,0,0,4.186184624,6.061858428,2.293790976,10.187681993313475,low,EXCLUSION,0.08603999999999999
1063,#527,2023-12,Vulnerabilidad Severa,2.700708215,1.0,3.251728045,1.564135978,1.776038647,2.823478261,1.790108696,1.043888889,sotap,1,low,,,espanol_uno_mas_adultos,adultos_ninguno_analfabeta,,0,0,31.08118723,26.85846924,3.674774537,58.07554775763619,high,EXCLUSION,0.1554
1064,#606,2024-02,Vulnerabilidad Elevada,2.070141643,1.0,1.0,1.0,1.776038647,2.823478261,1.790108696,1.043888889,foten,4,average,jefatura_masculina,no,espanol_uno_mas_adultos,adultos_ninguno_analfabeta,-500.0,0,0,6.702282231,26.85846924,2.949114914,32.912105216863374,medium,EXCLUSION,0.14208
1065,#071,2023-06,Vulnerabilidad Elevada,1.599560907,2.051104816,1.0,1.0,1.776038647,2.823478261,2.580217391,1.0,sotap,7,average,jefatura_masculina,no,espanol_uno_mas_adultos,adultos_ninguno_analfabeta,0.0,0,0,11.61905914,32.12448674,3.242440821,43.0836607144044,high,EXCLUSION,0.13116
1066,#071,2024-02,Vulnerabilidad Baja,1.0,1.0,1.0,1.0,1.776038647,1.0,1.790108696,1.0,sotap,1,low,,,espanol_uno_mas_adultos,adultos_ninguno_analfabeta,,0,0,0.0,12.01413641,2.33531262,11.62750948618979,low,EXCLUSION,0.12804
1067,#112,2023-08,Vulnerabilidad Baja,1.0,1.0,2.578385269,1.0,1.0,1.0,1.0,1.043888889,sotap,1,low,,,espanol_uno_mas_adultos,adultos_ninguno_analfabeta,0.0,0,0,8.975915299,0.386821499,2.277972167,9.6391424255778,low,INCLUSION,0.1554
1068,#1101,2024-04,Vulnerabilidad Baja,1.0,1.0,1.0,1.0,1.776038647,1.0,2.580217391,1.0,sotap,1,low,,,espanol_uno_mas_adultos,adultos_ninguno_analfabeta,0.0,0,0,0.0,16.59309681,2.46311067,16.059114361557388,low,INCLUSION,0.08321999999999999
1069,#1223,2023-07,Vulnerabilidad Elevada,1.0,1.0,1.0,1.0,1.776038647,2.117608696,2.580217391,1.738466184,sotap,2,average,jefatura_masculina,no,espanol_uno_mas_adultos,adultos_ninguno_analfabeta,0.0,0,0,0.0,36.78475459,3.0266566,35.60098440253921,high,INCLUSION,0.08868
1070,#1311,2023-10,Vulnerabilidad Severa,2.070141643,1.0,3.251728045,1.0,1.776038647,2.823478261,2.580217391,1.043888889,sotap,5,high,jefatura_masculina,no,espanol_uno_mas_adultos,adultos_uno_mas_analfabeta,-500.0,0,0,20.51851115,32.85812825,3.527816682,52.9795381821049,high,EXCLUSION,0.18846
1071,#252,2024-04,Vulnerabilidad Baja,1.0,1.0,1.0,1.0,1.0,1.0,1.790108696,1.0,sotap,1,low,,,espanol_uno_mas_adultos,adultos_ninguno_analfabeta,,0,0,0.0,5.614422911,2.156697643,5.433745167301109,low,EXCLUSION,0.0864
1072,#071,2024-01,Vulnerabilidad Baja,1.0,1.0,1.0,1.0,1.776038647,1.0,1.790108696,1.0,sotap,3,low,jefatura_masculina,no,espanol_uno_mas_adultos,adultos_ninguno_analfabeta,0.0,0,0,0.0,12.01413641,2.33531262,11.62750948618979,low,INCLUSION,0.12419999999999999
1073,#252,2024-05,Vulnerabilidad Baja,1.0,1.0,2.578385269,1.0,1.0,2.117608696,1.790108696,1.0,sotap,1,low,,,espanol_uno_mas_adultos,adultos_ninguno_analfabeta,0.0,0,0,8.975915299,14.16503897,2.662520006,22.973963080143548,medium,EXCLUSION,0.13182
1074,#1311,2024-04,Vulnerabilidad Elevada,2.070141643,1.0,1.0,1.0,1.776038647,2.823478261,2.580217391,1.043888889,sotap,3,average,jefatura_femenina,no,espanol_uno_mas_adultos,adultos_ninguno_analfabeta,,0,0,6.702282231,32.85812825,3.116564434,38.71868920026256,high,EXCLUSION,0.11195999999999999
1075,#1101,2023-08,Vulnerabilidad Moderada,1.0,1.0,1.0,1.0,1.776038647,2.823478261,2.580217391,1.0,sotap,1,low,,,espanol_uno_mas_adultos,adultos_ninguno_analfabeta,,0,0,0.0,32.12448674,2.896589272,31.09068863222006,medium,EXCLUSION,0.13302
1076,#1860,2023-07,Vulnerabilidad Baja,1.0,1.0,1.0,1.0,1.776038647,1.0,2.580217391,1.0,pcr_cdmx,3,average,jefatura_femenina,si,espanol_uno_mas_adultos,adultos_ninguno_analfabeta,0.0,0,0,0.0,16.59309681,2.46311067,16.059114361557388,low,EXCLUSION,0.09635999999999999
1077,#527,2024-06,Vulnerabilidad Moderada,1.0,1.0,1.0,1.0,1.776038647,2.823478261,1.790108696,1.043888889,sotap,1,low,,,espanol_ningun_adulto,adultos_ninguno_analfabeta,-500.0,0,0,0.0,26.85846924,2.749615568,25.99413684138756,medium,EXCLUSION,0.0978
1078,#1311,2023-11,Vulnerabilidad Moderada,1.0,1.0,2.578385269,1.0,1.776038647,2.117608696,1.790108696,1.0,sotap,3,low,jefatura_masculina,no,espanol_uno_mas_adultos,adultos_ninguno_analfabeta,0.0,0,0,8.975915299,21.88512181,2.877986279,30.44560593426951,medium,EXCLUSION,0.1785
1079,#252,2023-08,Vulnerabilidad Moderada,1.0,1.0,1.0,1.0,1.776038647,2.823478261,2.580217391,1.0,sotap,1,low,,,espanol_uno_mas_adultos,adultos_ninguno_analfabeta,,0,0,0.0,32.12448674,2.896589272,31.09068863222006,medium,EXCLUSION,0.12869999999999998
1080,#252,2023-09,Vulnerabilidad Baja,1.0,1.0,1.0,1.0,1.776038647,2.117608696,1.790108696,1.0,sotap,1,low,,,espanol_uno_mas_adultos,adultos_ninguno_analfabeta,-500.0,0,0,0.0,21.88512181,2.610810239,21.18083670503239,low,EXCLUSION,0.12383999999999999
1081,#1415,2024-04,Vulnerabilidad Baja,1.0,1.0,2.578385269,1.0,1.0,1.0,1.0,1.0,fomon,3,low,jefatura_masculina,no,espanol_uno_mas_adultos,adultos_ninguno_analfabeta,,0,0,8.975915299,0.0,2.267176041,9.26476922923712,low,EXCLUSION,0.108
1082,#527,2024-01,Vulnerabilidad Elevada,1.0,2.051104816,1.0,1.0,1.776038647,2.117608696,2.580217391,1.043888889,sotap,4,average,jefatura_femenina,si,espanol_uno_mas_adultos,adultos_ninguno_analfabeta,,0,0,6.609317356,28.09152966,2.980762251,34.00952794184498,high,EXCLUSION,0.13482
1083,#1311,2024-01,Vulnerabilidad Severa,2.070141643,2.051104816,1.0,1.0,1.776038647,2.117608696,2.580217391,2.544987923,sotap,3,complete,jefatura_femenina,si,espanol_uno_mas_adultos,adultos_ninguno_analfabeta,,0,0,14.63015408,44.04383881,3.664735924,57.72743110170387,high,EXCLUSION,0.15018
1084,#252,2024-06,Vulnerabilidad Baja,1.0,1.0,1.249197356,1.0,1.0,1.498900966,1.0,1.0,sotap,2,low,jefatura_masculina,no,espanol_ningun_adulto,adultos_ninguno_analfabeta,,0,0,1.921713018,3.815111519,2.163680634,5.67589307983932,low,EXCLUSION,0.09552000000000001
1085,#527,2024-06,Vulnerabilidad Baja,1.0,1.0,1.0,1.0,1.776038647,1.0,2.580217391,1.0,sotap,4,average,jefatura_masculina,no,espanol_uno_mas_adultos,adultos_ninguno_analfabeta,0.0,0,0,0.0,16.59309681,2.46311067,16.059114361557388,low,EXCLUSION,0.09702000000000001
1086,#606,2023-07,Vulnerabilidad Baja,1.0,1.0,1.0,1.0,1.0,1.0,1.0,1.0,foten,1,low,,,espanol_uno_mas_adultos,adultos_ninguno_analfabeta,-500.0,0,0,0.0,0.0,2.0,0.0,low,INCLUSION,0.07194
1087,#252,2024-03,Vulnerabilidad Baja,1.0,1.0,1.0,1.0,1.0,1.0,1.0,1.0,sotap,1,low,,,espanol_uno_mas_adultos,adultos_ninguno_analfabeta,,0,0,0.0,0.0,2.0,0.0,low,INCLUSION,0.12335999999999998
1088,#1311,2024-05,Vulnerabilidad Baja,1.0,1.0,1.249197356,1.0,1.776038647,1.498900966,1.790108696,1.043888889,sotap,1,low,,,espanol_uno_mas_adultos,adultos_ninguno_analfabeta,,0,0,1.921713018,17.68003002,2.550648286,19.09462463855864,low,EXCLUSION,0.11435999999999999
1089,#527,2023-11,Vulnerabilidad Baja,1.0,1.0,1.0,1.0,1.0,1.498900966,1.790108696,1.0,sotap,1,low,,,espanol_uno_mas_adultos,adultos_ninguno_analfabeta,0.0,0,0,0.0,10.02735341,2.279861825,9.70466314991279,low,EXCLUSION,0.11465999999999998
1090,#1101,2024-04,Vulnerabilidad Baja,1.0,1.0,1.0,1.0,1.776038647,1.498900966,1.790108696,1.0,sotap,1,low,,,espanol_uno_mas_adultos,adultos_ninguno_analfabeta,0.0,0,0,0.0,17.10850297,2.477495573,16.55793423592243,low,INCLUSION,0.1104
1091,#645,2024-06,Vulnerabilidad Elevada,1.0,1.0,3.251728045,1.0,1.776038647,2.117608696,2.580217391,1.043888889,fupal,5,high,jefatura_masculina,no,espanol_ningun_adulto,adultos_ninguno_analfabeta,,0,0,11.51832969,28.09152966,3.126883335,39.07651720176543,high,EXCLUSION,0.14292
1092,#1102,2024-01,Vulnerabilidad Baja,1.0,1.0,1.0,1.0,1.776038647,2.823478261,1.0,1.0,pcr_cdmx,1,low,,,espanol_ningun_adulto,adultos_ninguno_analfabeta,,0,0,0.0,17.78726377,2.496439678,17.21485183461763,low,INCLUSION,0.19734000000000002
1093,#016,2023-07,Vulnerabilidad Elevada,1.0,1.0,2.578385269,1.0,1.776038647,2.823478261,2.580217391,1.043888889,futij,1,low,,,espanol_uno_mas_adultos,adultos_uno_mas_analfabeta,0.0,0,0,8.975915299,32.85812825,3.184241129,41.06549005402387,high,EXCLUSION,0.15245999999999998
1094,#692,2023-07,Vulnerabilidad Baja,1.0,1.0,1.0,1.0,1.0,1.498900966,1.790108696,1.043888889,pcr_cdmx,5,average,jefatura_femenina,si,espanol_uno_mas_adultos,adultos_ninguno_analfabeta,0.0,0,0,0.0,10.52243148,2.293679375,10.18380911254212,low,EXCLUSION,0.09354
1095,#1223,2023-08,Vulnerabilidad Baja,1.0,1.525552408,2.578385269,1.0,1.0,1.498900966,1.0,1.0,sotap,3,low,jefatura_masculina,no,espanol_uno_mas_adultos,adultos_ninguno_analfabeta,0.0,0,0,13.7168894,3.815111519,2.51477447,17.85065003298846,low,INCLUSION,0.13404
1096,#606,2023-10,Vulnerabilidad Severa,2.700708215,1.0,3.251728045,1.0,1.776038647,2.823478261,2.580217391,1.043888889,foten,1,low,,,espanol_uno_mas_adultos,adultos_ninguno_analfabeta,0.0,0,0,24.2379543,32.85812825,3.63852919,56.81867673211505,high,EXCLUSION,0.16818
1097,#1101,2023-12,Vulnerabilidad Elevada,2.070141643,1.0,1.0,1.0,1.776038647,2.823478261,2.580217391,1.043888889,sotap,3,average,jefatura_femenina,si,espanol_uno_mas_adultos,adultos_ninguno_analfabeta,,0,0,6.702282231,32.85812825,3.116564434,38.71868920026256,high,EXCLUSION,0.15857999999999997
1098,#645,2024-05,Vulnerabilidad Moderada,1.0,1.0,1.0,1.0,1.776038647,2.823478261,1.790108696,1.0,fupal,1,low,,,espanol_uno_mas_adultos,adultos_ninguno_analfabeta,,0,0,0.0,26.18890898,2.730928248,25.34612370011462,medium,EXCLUSION,0.11628
1099,#555,2023-09,Vulnerabilidad Baja,1.0,1.0,1.0,1.0,1.776038647,1.0,2.580217391,1.043888889,sotap,1,low,,,espanol_uno_mas_adultos,adultos_ninguno_analfabeta,0.0,0,0,0.0,17.15905947,2.478906597,16.60686377719593,low,INCLUSION,0.10031999999999999
1100,#071,2023-11,Vulnerabilidad Elevada,2.070141643,1.0,1.0,1.0,1.776038647,2.117608696,2.580217391,1.043888889,sotap,4,average,jefatura_masculina,no,espanol_uno_mas_adultos,adultos_ninguno_analfabeta,,0,0,6.702282231,28.09152966,2.983529432,34.10548451948735,high,EXCLUSION,0.13404
1101,#112,2024-06,Vulnerabilidad Baja,1.0,1.0,2.578385269,1.0,1.776038647,1.0,1.790108696,1.0,sotap,1,low,,,espanol_uno_mas_adultos,adultos_ninguno_analfabeta,-500.0,0,0,8.975915299,12.01413641,2.602488661,20.89227871542691,low,EXCLUSION,0.09426000000000001
1102,#527,2024-07,Vulnerabilidad Severa,2.700708215,2.051104816,3.251728045,1.0,1.776038647,2.117608696,2.580217391,1.043888889,sotap,2,average,jefatura_femenina,no,espanol_uno_mas_adultos,adultos_uno_mas_analfabeta,,0,0,35.61565687,28.09152966,3.844161546,63.94932046774501,high,EXCLUSION,0.1761
1103,#645,2024-03,Vulnerabilidad Severa,2.070141643,1.0,1.0,1.0,1.776038647,2.823478261,2.580217391,2.544987923,fupal,1,low,,,espanol_uno_mas_adultos,adultos_uno_mas_analfabeta,,0,0,6.702282231,50.0,3.594991325,55.308918375475805,high,EXCLUSION,0.17082
1104,#1102,2023-08,Vulnerabilidad Baja,1.0,1.0,1.0,1.0,1.0,1.0,1.790108696,1.0,pcr_cdmx,1,low,,,espanol_uno_mas_adultos,adultos_ninguno_analfabeta,,0,0,0.0,5.614422911,2.156697643,5.433745167301109,low,EXCLUSION,0.13169999999999998
1105,#672,2024-03,Vulnerabilidad Baja,1.0,1.0,1.0,1.0,1.0,2.117608696,1.0,1.0,fupal,1,low,,,espanol_uno_mas_adultos,adultos_ninguno_analfabeta,-500.0,0,0,0.0,7.392265486,2.206316944,7.154374990395034,low,INCLUSION,0.11664000000000001
1106,#527,2024-01,Vulnerabilidad Baja,1.0,1.525552408,1.0,1.0,1.776038647,1.498900966,1.790108696,1.0,sotap,4,average,jefatura_masculina,no,espanol_uno_mas_adultos,adultos_ninguno_analfabeta,500.0,0,0,3.741369748,17.10850297,2.588860746,20.41970500378282,low,INCLUSION,0.16314
1107,#555,2024-02,Vulnerabilidad Elevada,1.599560907,1.0,2.578385269,1.0,1.776038647,2.823478261,2.580217391,1.043888889,sotap,2,complete,jefatura_femenina,si,espanol_uno_mas_adultos,adultos_ninguno_analfabeta,0.0,0,0,14.28054816,32.85812825,3.342138208,46.54083130512371,high,EXCLUSION,0.14226
1108,#645,2024-03,Vulnerabilidad Moderada,1.0,1.0,1.0,1.0,1.776038647,2.823478261,1.790108696,1.0,fupal,1,low,,,espanol_uno_mas_adultos,adultos_ninguno_analfabeta,,0,0,0.0,26.18890898,2.730928248,25.34612370011462,medium,INCLUSION,0.14916
1109,#112,2024-05,Vulnerabilidad Baja,1.0,1.0,1.0,1.0,1.776038647,1.0,2.580217391,1.0,sotap,1,low,,,espanol_uno_mas_adultos,adultos_ninguno_analfabeta,0.0,0,0,0.0,16.59309681,2.46311067,16.059114361557388,low,EXCLUSION,0.10464
1110,#1311,2024-06,Vulnerabilidad Elevada,1.0,1.0,2.578385269,1.0,1.776038647,2.117608696,2.580217391,1.043888889,sotap,1,low,,,espanol_uno_mas_adultos,adultos_ninguno_analfabeta,-500.0,0,0,8.975915299,28.09152966,3.051206127,36.45228537324866,high,EXCLUSION,0.10211999999999999
1111,#071,2024-04,Vulnerabilidad Baja,1.0,1.0,1.0,1.0,1.0,1.0,1.790108696,1.0,sotap,6,average,jefatura_femenina,si,espanol_uno_mas_adultos,adultos_ninguno_analfabeta,0.0,0,0,0.0,5.614422911,2.156697643,5.433745167301109,low,EXCLUSION,0.0966
1112,#1311,2024-02,Vulnerabilidad Elevada,2.070141643,1.0,3.251728045,1.0,1.0,2.117608696,2.580217391,1.043888889,sotap,3,average,jefatura_femenina,si,espanol_uno_mas_adultos,adultos_ninguno_analfabeta,,0,0,20.51851115,19.54126117,3.156145058,40.09122120160637,high,EXCLUSION,0.13734
1113,#1223,2023-11,Vulnerabilidad Severa,2.070141643,2.051104816,3.251728045,1.0,1.776038647,2.823478261,1.790108696,1.043888889,sotap,3,complete,jefatura_masculina,no,espanol_uno_mas_adultos,adultos_uno_mas_analfabeta,0.0,0,0,31.16447961,26.85846924,3.677253808,58.16152056971697,high,INCLUSION,0.19476
1114,#527,2024-05,Vulnerabilidad Elevada,2.700708215,1.0,1.0,1.0,1.776038647,2.823478261,1.790108696,1.0,sotap,5,low,jefatura_femenina,no,espanol_uno_mas_adultos,adultos_ninguno_analfabeta,,0,0,9.472088355,26.18890898,3.012873318,35.123033330466875,high,EXCLUSION,0.09888
1115,#555,2023-07,Vulnerabilidad Moderada,1.0,1.0,1.0,1.0,1.776038647,2.823478261,2.580217391,1.0,sotap,6,average,jefatura_masculina,no,espanol_ningun_adulto,adultos_ninguno_analfabeta,,0,0,0.0,32.12448674,2.896589272,31.09068863222006,medium,EXCLUSION,0.10560000000000001
1116,#1311,2024-04,Vulnerabilidad Baja,1.0,1.0,1.0,1.0,1.0,1.498900966,1.0,1.0,sotap,1,low,,,espanol_uno_mas_adultos,adultos_uno_mas_analfabeta,0.0,0,0,0.0,3.815111519,2.10647915,3.692337415207061,low,INCLUSION,0.10493999999999998
1117,#112,2023-11,Vulnerabilidad Baja,1.0,2.051104816,1.0,1.0,1.776038647,1.498900966,1.790108696,1.0,sotap,2,low,jefatura_masculina,no,espanol_uno_mas_adultos,adultos_ninguno_analfabeta,0.0,0,0,6.609317356,17.10850297,2.674227738,23.379946033755868,medium,INCLUSION,0.144
1118,#1860,2023-10,Vulnerabilidad Elevada,1.0,1.0,1.0,1.0,1.776038647,2.117608696,2.580217391,1.738466184,pcr_cdmx,1,low,,,espanol_uno_mas_adultos,adultos_ninguno_analfabeta,0.0,0,0,0.0,36.78475459,3.0266566,35.60098440253921,high,INCLUSION,0.16434
1119,#555,2023-12,Vulnerabilidad Elevada,1.0,1.0,2.578385269,1.0,1.776038647,2.823478261,1.790108696,1.0,sotap,1,low,,,espanol_uno_mas_adultos,adultos_ninguno_analfabeta,,0,0,8.975915299,26.18890898,2.998104289,34.61089292935174,high,EXCLUSION,0.16482
1120,#1101,2024-03,Vulnerabilidad Baja,1.0,2.051104816,1.0,1.0,1.776038647,1.498900966,1.790108696,1.0,sotap,1,low,,,espanol_uno_mas_adultos,adultos_ninguno_analfabeta,,0,0,6.609317356,17.10850297,2.674227738,23.379946033755868,medium,EXCLUSION,0.15006
1121,#112,2024-05,Vulnerabilidad Moderada,1.0,1.0,1.0,1.0,1.776038647,2.823478261,1.790108696,1.0,sotap,4,average,jefatura_masculina,no,espanol_ningun_adulto,adultos_ninguno_analfabeta,,0,0,0.0,26.18890898,2.730928248,25.34612370011462,medium,EXCLUSION,0.12143999999999999
1122,#1167,2024-02,Vulnerabilidad Elevada,2.070141643,1.0,2.578385269,1.0,1.776038647,2.823478261,1.790108696,1.043888889,foten,1,low,,,espanol_uno_mas_adultos,adultos_uno_mas_analfabeta,0.0,0,0,17.46888676,26.85846924,3.2695924,44.02518984621112,high,INCLUSION,0.18306000000000003
1123,#252,2024-01,Vulnerabilidad Moderada,1.0,1.0,1.0,1.0,1.776038647,2.117608696,2.580217391,1.0,sotap,2,low,jefatura_masculina,no,espanol_uno_mas_adultos,adultos_ninguno_analfabeta,0.0,0,0,0.0,27.40879931,2.764975192,26.526756739404888,medium,EXCLUSION,0.1737
1124,#1101,2023-10,Vulnerabilidad Elevada,1.0,1.0,2.578385269,1.0,1.776038647,2.823478261,1.790108696,1.043888889,sotap,1,low,,,espanol_uno_mas_adultos,adultos_uno_mas_analfabeta,,0,0,8.975915299,26.85846924,3.016791609,35.25890607062468,high,INCLUSION,0.1797
1125,#133,2024-02,Vulnerabilidad Baja,1.0,1.0,1.0,1.0,1.0,1.0,1.790108696,1.043888889,fupal,2,low,jefatura_masculina,no,espanol_uno_mas_adultos,adultos_ninguno_analfabeta,,0,0,0.0,6.061858428,2.169185496,5.866781761928531,low,EXCLUSION,0.11195999999999999
1126,#238,2024-04,Vulnerabilidad Baja,2.700708215,1.0,1.0,1.0,1.0,1.0,1.790108696,1.0,futij,1,low,,,espanol_uno_mas_adultos,adultos_ninguno_analfabeta,0.0,0,0,9.472088355,5.614422911,2.438642712,15.210654797653364,low,EXCLUSION,0.08382
1127,#1359,2023-09,Vulnerabilidad Elevada,2.070141643,1.0,1.0,1.0,1.776038647,2.823478261,2.580217391,1.043888889,foten,2,average,jefatura_femenina,si,espanol_uno_mas_adultos,adultos_ninguno_analfabeta,-500.0,0,0,6.702282231,32.85812825,3.116564434,38.71868920026256,high,EXCLUSION,0.11046
1128,#1311,2024-05,Vulnerabilidad Baja,1.0,1.0,2.578385269,1.0,1.776038647,1.0,1.790108696,1.0,sotap,1,low,,,espanol_uno_mas_adultos,adultos_ninguno_analfabeta,,0,0,8.975915299,12.01413641,2.602488661,20.89227871542691,low,EXCLUSION,0.11046
1129,#112,2024-06,Vulnerabilidad Baja,1.0,1.525552408,1.0,1.0,1.776038647,1.0,1.0,1.0,sotap,4,average,jefatura_masculina,no,espanol_uno_mas_adultos,adultos_ninguno_analfabeta,0.0,0,0,3.741369748,5.532745347,2.265783208,9.21646683684858,low,EXCLUSION,0.10031999999999999
1130,#071,2024-02,Vulnerabilidad Baja,2.070141643,1.0,1.0,1.0,1.776038647,1.0,1.790108696,1.043888889,sotap,3,average,jefatura_masculina,no,espanol_uno_mas_adultos,adultos_ninguno_analfabeta,,0,0,6.702282231,12.53066404,2.549228169,19.04538311600457,low,EXCLUSION,0.12426
1131,#112,2024-01,Vulnerabilidad Elevada,1.0,1.0,2.578385269,1.0,1.776038647,2.117608696,2.580217391,1.043888889,sotap,2,low,jefatura_masculina,no,espanol_ningun_adulto,adultos_uno_mas_analfabeta,0.0,0,0,8.975915299,28.09152966,3.051206127,36.45228537324866,high,EXCLUSION,0.2238
1132,#1311,2024-03,Vulnerabilidad Moderada,2.700708215,1.0,1.0,1.0,1.776038647,2.117608696,2.580217391,1.043888889,sotap,5,high,jefatura_masculina,no,espanol_uno_mas_adultos,adultos_ninguno_analfabeta,0.0,0,-500,9.472088355,28.09152966,3.065975156,36.9644257743638,high,INCLUSION,0.1497
1133,#1476,2024-07,Vulnerabilidad Elevada,2.070141643,1.0,1.0,1.0,1.776038647,2.117608696,2.580217391,1.043888889,pcr_cdmx,1,low,,,espanol_ningun_adulto,adultos_uno_mas_analfabeta,0.0,0,0,6.702282231,28.09152966,2.983529432,34.10548451948735,high,EXCLUSION,0.13356
1134,#1359,2023-06,Vulnerabilidad Elevada,1.0,1.0,1.0,1.0,1.776038647,2.823478261,2.580217391,1.043888889,foten,3,average,jefatura_femenina,si,espanol_uno_mas_adultos,adultos_ninguno_analfabeta,0.0,0,0,0.0,32.85812825,2.917065088,31.80072082478675,medium,EXCLUSION,0.11927999999999998
1135,#016,2024-01,Vulnerabilidad Baja,1.599560907,1.0,1.249197356,1.0,1.0,1.498900966,1.790108696,1.043888889,futij,1,low,,,espanol_uno_mas_adultos,adultos_ninguno_analfabeta,,0,0,6.347353616,10.52243148,2.482613957,16.735426915258614,low,EXCLUSION,0.13764
1136,#555,2024-05,Vulnerabilidad Moderada,1.0,1.525552408,1.0,1.0,1.776038647,2.823478261,1.790108696,1.0,sotap,1,low,,,espanol_ningun_adulto,adultos_ninguno_analfabeta,0.0,0,-500,3.741369748,26.18890898,2.842293421,29.20789446797501,medium,EXCLUSION,0.15252000000000002
1137,#112,2024-03,Vulnerabilidad Baja,1.0,1.0,1.0,1.0,1.776038647,2.117608696,1.790108696,1.0,sotap,4,average,jefatura_masculina,no,espanol_uno_mas_adultos,adultos_ninguno_analfabeta,,0,0,0.0,21.88512181,2.610810239,21.18083670503239,low,EXCLUSION,0.1509
1138,#555,2023-10,Vulnerabilidad Severa,2.070141643,1.0,2.578385269,1.0,1.776038647,2.117608696,2.580217391,2.544987923,sotap,5,high,jefatura_femenina,si,espanol_ningun_adulto,adultos_ninguno_analfabeta,0.0,0,0,17.46888676,44.04383881,3.749233307,60.65751703807895,high,EXCLUSION,0.14592
1139,#555,2024-03,Vulnerabilidad Elevada,1.0,1.0,2.578385269,1.0,1.776038647,2.823478261,1.790108696,1.0,sotap,3,low,jefatura_masculina,no,espanol_uno_mas_adultos,adultos_ninguno_analfabeta,0.0,0,0,8.975915299,26.18890898,2.998104289,34.61089292935174,high,EXCLUSION,0.1542
1140,#645,2024-01,Vulnerabilidad Moderada,1.0,1.0,1.0,1.0,1.776038647,2.823478261,2.580217391,1.0,fupal,5,average,jefatura_femenina,no,espanol_uno_mas_adultos,adultos_ninguno_analfabeta,,0,0,0.0,32.12448674,2.896589272,31.09068863222006,medium,INCLUSION,0.16877999999999999
1141,#071,2024-01,Vulnerabilidad Elevada,2.070141643,1.0,1.0,1.0,1.776038647,2.823478261,1.790108696,1.0,sotap,1,low,,,espanol_uno_mas_adultos,adultos_uno_mas_analfabeta,,0,0,6.702282231,26.18890898,2.930427594,32.26409207559043,medium,INCLUSION,0.16866
1142,#071,2024-05,Vulnerabilidad Elevada,1.0,2.051104816,2.578385269,1.0,1.776038647,2.823478261,2.580217391,1.0,sotap,3,average,jefatura_femenina,si,espanol_uno_mas_adultos,adultos_ninguno_analfabeta,-500.0,0,0,17.3510839,32.12448674,3.413059597,49.00014776320596,high,INCLUSION,0.1221
1143,#1223,2024-06,Vulnerabilidad Moderada,1.0,2.051104816,1.249197356,1.0,1.776038647,2.117608696,1.790108696,1.0,sotap,5,high,jefatura_masculina,no,espanol_uno_mas_adultos,adultos_ninguno_analfabeta,,0,0,8.909093135,21.88512181,2.875997259,30.376633366209827,medium,EXCLUSION,0.12768000000000002
1144,#111,2023-08,Vulnerabilidad Baja,1.0,1.0,1.249197356,1.0,1.0,1.0,1.790108696,1.0,fomon,1,low,,,espanol_uno_mas_adultos,adultos_ninguno_analfabeta,,0,0,1.921713018,5.614422911,2.213899127,7.417300831933367,low,EXCLUSION,0.1143
1145,#440,2024-04,Vulnerabilidad Baja,2.070141643,1.0,1.0,1.0,1.776038647,1.0,1.790108696,1.043888889,pcr_cdmx,2,low,jefatura_masculina,no,espanol_uno_mas_adultos,adultos_ninguno_analfabeta,,0,0,6.702282231,12.53066404,2.549228169,19.04538311600457,low,EXCLUSION,0.08363999999999999
1146,#527,2024-01,Vulnerabilidad Moderada,2.070141643,1.0,1.0,1.0,1.776038647,2.117608696,1.790108696,1.043888889,sotap,1,low,,,espanol_uno_mas_adultos,adultos_ninguno_analfabeta,,0,0,6.702282231,22.50821784,2.827700095,28.70184925716677,medium,EXCLUSION,0.14286
1147,#645,2024-05,Vulnerabilidad Moderada,1.0,1.525552408,1.0,1.0,1.776038647,2.823478261,1.790108696,1.0,fupal,1,low,,,espanol_uno_mas_adultos,adultos_ninguno_analfabeta,0.0,0,0,3.741369748,26.18890898,2.842293421,29.20789446797501,medium,EXCLUSION,0.14004
1148,#555,2024-01,Vulnerabilidad Baja,2.070141643,1.0,2.578385269,1.0,1.0,1.0,1.790108696,1.0,sotap,1,low,,,espanol_uno_mas_adultos,adultos_ninguno_analfabeta,-500.0,-500,0,17.46888676,5.614422911,2.676674474,23.46479817212467,medium,INCLUSION,0.16469999999999999
1149,#112,2023-10,Vulnerabilidad Baja,1.0,1.525552408,1.0,1.0,1.776038647,1.498900966,1.0,1.0,sotap,1,low,,,espanol_uno_mas_adultos,adultos_ninguno_analfabeta,,0,0,3.741369748,9.93697889,2.388704659,13.478967740201298,low,INCLUSION,0.12497999999999998
1150,#1311,2024-01,Vulnerabilidad Elevada,2.700708215,1.0,1.0,1.0,1.776038647,2.823478261,2.580217391,1.0,sotap,3,average,jefatura_femenina,si,espanol_uno_mas_adultos,adultos_uno_mas_analfabeta,0.0,0,0,9.472088355,32.12448674,3.178534341,40.86759826257232,high,INCLUSION,0.1377
1151,#458,2023-07,Vulnerabilidad Elevada,2.070141643,1.0,2.578385269,1.0,1.776038647,2.823478261,2.580217391,1.043888889,fupal,2,average,jefatura_femenina,si,espanol_uno_mas_adultos,adultos_ninguno_analfabeta,,0,0,17.46888676,32.85812825,3.43704192,49.83177382961031,high,EXCLUSION,0.10584
1152,#071,2024-01,Vulnerabilidad Moderada,1.0,1.0,2.578385269,1.0,1.776038647,2.117608696,1.790108696,1.0,sotap,1,low,,,espanol_uno_mas_adultos,adultos_ninguno_analfabeta,0.0,0,0,8.975915299,21.88512181,2.877986279,30.44560593426951,medium,EXCLUSION,0.18647999999999998
1153,#071,2024-02,Vulnerabilidad Elevada,2.070141643,1.0,3.251728045,1.0,1.776038647,2.117608696,2.580217391,1.043888889,sotap,1,low,,,espanol_uno_mas_adultos,adultos_ninguno_analfabeta,0.0,0,0,20.51851115,28.09152966,3.39478168,48.36633350132969,high,INCLUSION,0.1479
1154,#1492,2023-11,Vulnerabilidad Baja,1.0,1.0,2.578385269,1.0,1.776038647,1.0,1.790108696,1.0,fusal,1,low,,,espanol_ningun_adulto,adultos_ninguno_analfabeta,,0,0,8.975915299,12.01413641,2.602488661,20.89227871542691,low,EXCLUSION,0.16907999999999998
1155,#555,2023-06,Vulnerabilidad Moderada,1.0,1.0,1.0,1.0,1.776038647,2.823478261,1.790108696,1.0,sotap,1,low,,,espanol_ningun_adulto,adultos_uno_mas_analfabeta,0.0,0,0,0.0,26.18890898,2.730928248,25.34612370011462,medium,EXCLUSION,0.13902
1156,#527,2023-08,Vulnerabilidad Moderada,1.0,1.525552408,1.0,1.0,1.776038647,1.498900966,2.580217391,1.043888889,sotap,5,low,jefatura_masculina,no,espanol_uno_mas_adultos,adultos_ninguno_analfabeta,,0,0,3.741369748,22.80125306,2.747744488,25.929256703136527,medium,EXCLUSION,0.12377999999999999
1157,#252,2024-05,Vulnerabilidad Elevada,2.700708215,1.0,1.0,1.0,1.776038647,2.117608696,2.580217391,1.0,sotap,1,low,,,espanol_uno_mas_adultos,adultos_ninguno_analfabeta,,0,0,9.472088355,27.40879931,3.046920262,36.303666369757146,high,EXCLUSION,0.08946
1158,#1102,2023-11,Vulnerabilidad Baja,1.0,1.0,1.0,1.0,1.776038647,1.0,1.790108696,1.0,pcr_cdmx,2,low,jefatura_masculina,no,espanol_uno_mas_adultos,adultos_ninguno_analfabeta,0.0,0,0,0.0,12.01413641,2.33531262,11.62750948618979,low,EXCLUSION,0.14208
1159,#071,2023-10,Vulnerabilidad Baja,2.700708215,1.0,1.249197356,1.0,1.0,1.0,1.0,2.544987923,sotap,4,complete,jefatura_masculina,si,espanol_uno_mas_adultos,adultos_ninguno_analfabeta,,0,0,11.93561888,9.42508403,2.618326813,21.44149443200785,medium,INCLUSION,0.09168
1160,#1102,2023-11,Vulnerabilidad Baja,1.0,1.0,1.0,1.0,1.776038647,1.498900966,1.0,1.0,pcr_cdmx,1,low,,,espanol_uno_mas_adultos,adultos_ninguno_analfabeta,0.0,0,0,0.0,9.93697889,2.277339487,9.61719697234091,low,EXCLUSION,0.15834
1161,#1407,2024-01,Vulnerabilidad Elevada,1.0,1.0,3.251728045,1.0,1.776038647,2.823478261,2.580217391,1.043888889,foten,4,average,jefatura_femenina,no,espanol_uno_mas_adultos,adultos_ninguno_analfabeta,,0,0,11.51832969,32.85812825,3.259918337,43.68972188254064,high,INCLUSION,0.22368000000000002
1162,#071,2024-04,Vulnerabilidad Elevada,1.0,2.051104816,2.578385269,1.0,1.776038647,1.0,2.580217391,1.0,sotap,2,average,jefatura_femenina,si,espanol_uno_mas_adultos,adultos_uno_mas_analfabeta,,0,0,17.3510839,16.59309681,2.979580996,33.968573492543285,high,INCLUSION,0.15047999999999997
1163,#1223,2024-03,Vulnerabilidad Baja,2.070141643,1.0,1.0,1.0,1.776038647,1.498900966,1.790108696,1.043888889,sotap,1,low,,,espanol_uno_mas_adultos,adultos_ninguno_analfabeta,0.0,0,0,6.702282231,17.68003002,2.692946147,24.029037349402188,medium,INCLUSION,0.12143999999999999
1164,#555,2023-11,Vulnerabilidad Elevada,1.0,1.0,2.578385269,1.0,1.776038647,2.823478261,1.790108696,1.0,sotap,1,low,,,espanol_uno_mas_adultos,adultos_ninguno_analfabeta,0.0,0,0,8.975915299,26.18890898,2.998104289,34.61089292935174,high,INCLUSION,0.1683
1165,#1101,2023-06,Vulnerabilidad Baja,1.0,2.051104816,1.0,1.0,1.0,1.498900966,1.0,1.0,sotap,1,low,,,espanol_uno_mas_adultos,adultos_ninguno_analfabeta,,0,0,6.609317356,3.815111519,2.303211315,10.514349213040497,low,EXCLUSION,0.12743999999999997
1166,#513,2024-02,Vulnerabilidad Baja,1.0,1.0,1.0,1.0,1.776038647,1.0,2.580217391,1.738466184,pcr_cdmx,1,low,,,espanol_ningun_adulto,adultos_uno_mas_analfabeta,0.0,0,0,0.0,24.36547812,2.680036586,23.58137266862028,medium,EXCLUSION,0.17928
1167,#555,2024-01,Vulnerabilidad Severa,2.070141643,1.0,3.251728045,1.0,1.776038647,2.117608696,2.580217391,2.544987923,sotap,2,low,jefatura_masculina,no,espanol_uno_mas_adultos,adultos_uno_mas_analfabeta,0.0,0,0,20.51851115,44.04383881,3.840008069,63.80528139057354,high,INCLUSION,0.18036
1168,#672,2023-10,Vulnerabilidad Baja,1.0,1.0,1.0,1.0,1.0,2.117608696,1.790108696,1.0,fupal,1,low,,,espanol_uno_mas_adultos,adultos_ninguno_analfabeta,0.0,0,0,0.0,14.16503897,2.395343965,13.709193850906429,low,INCLUSION,0.12462
1169,#1771,2024-05,Vulnerabilidad Baja,1.0,2.051104816,1.0,1.0,1.776038647,1.0,1.790108696,1.0,fupal,2,low,jefatura_femenina,no,espanol_uno_mas_adultos,adultos_ninguno_analfabeta,,0,0,6.609317356,12.01413641,2.532044784,18.449521284023227,low,INCLUSION,0.0981
1170,#1101,2023-08,Vulnerabilidad Elevada,1.0,1.525552408,2.578385269,1.0,1.776038647,2.823478261,1.790108696,1.0,sotap,2,average,jefatura_masculina,no,espanol_uno_mas_adultos,adultos_ninguno_analfabeta,0.0,0,0,13.7168894,26.18890898,3.139223567,39.50443631789602,high,EXCLUSION,0.16277999999999998
1171,#071,2024-01,Vulnerabilidad Elevada,2.700708215,1.0,1.0,1.0,1.776038647,2.823478261,1.790108696,1.0,sotap,1,low,,,espanol_uno_mas_adultos,adultos_ninguno_analfabeta,,0,0,9.472088355,26.18890898,3.012873318,35.123033330466875,high,EXCLUSION,0.1503
1172,#252,2023-06,Vulnerabilidad Moderada,1.0,1.0,1.0,1.0,1.776038647,2.823478261,1.790108696,1.0,sotap,4,average,jefatura_femenina,si,espanol_uno_mas_adultos,adultos_ninguno_analfabeta,-500.0,0,0,0.0,26.18890898,2.730928248,25.34612370011462,medium,INCLUSION,0.1158
1173,#1725,2024-06,Vulnerabilidad Moderada,2.070141643,1.0,1.0,1.0,1.776038647,1.0,1.790108696,2.544987923,foten,1,low,,,espanol_uno_mas_adultos,adultos_ninguno_analfabeta,,0,0,6.702282231,24.59957006,2.8860694,30.72589967137496,medium,INCLUSION,0.0861
1174,#1101,2024-01,Vulnerabilidad Baja,1.0,1.0,1.0,1.0,1.776038647,2.117608696,1.790108696,1.0,sotap,4,average,jefatura_masculina,no,espanol_uno_mas_adultos,adultos_ninguno_analfabeta,-500.0,0,0,0.0,21.88512181,2.610810239,21.18083670503239,low,EXCLUSION,0.14178
1175,#071,2023-12,Vulnerabilidad Moderada,2.700708215,1.0,2.578385269,1.0,1.0,1.0,1.790108696,1.043888889,sotap,1,low,,,espanol_uno_mas_adultos,adultos_ninguno_analfabeta,,0,0,20.97871872,6.061858428,2.793635574,27.520616629056853,medium,INCLUSION,0.11435999999999999
1176,#1223,2024-04,Vulnerabilidad Moderada,1.0,1.0,1.0,1.0,1.776038647,2.823478261,1.790108696,1.043888889,sotap,2,low,jefatura_femenina,no,espanol_uno_mas_adultos,adultos_ninguno_analfabeta,0.0,0,0,0.0,26.85846924,2.749615568,25.99413684138756,medium,EXCLUSION,0.12222000000000001
1177,#555,2024-06,Vulnerabilidad Baja,1.0,1.525552408,1.0,1.0,1.776038647,2.823478261,1.0,1.043888889,sotap,1,low,,,espanol_uno_mas_adultos,adultos_ninguno_analfabeta,500.0,0,0,3.741369748,18.36611881,2.623960602,21.636849508435777,medium,EXCLUSION,0.12882
1178,#1101,2024-06,Vulnerabilidad Elevada,2.070141643,1.0,2.578385269,1.0,1.776038647,1.0,2.580217391,1.043888889,sotap,3,low,jefatura_masculina,no,espanol_uno_mas_adultos,adultos_ninguno_analfabeta,,0,0,17.46888676,17.15905947,2.998883429,34.63791678201949,high,EXCLUSION,0.08657999999999999
1179,#1223,2024-06,Vulnerabilidad Elevada,2.070141643,1.0,1.0,1.0,1.776038647,2.823478261,2.580217391,1.043888889,sotap,6,average,jefatura_masculina,no,espanol_uno_mas_adultos,adultos_ninguno_analfabeta,,0,0,6.702282231,32.85812825,3.116564434,38.71868920026256,high,EXCLUSION,0.09911999999999999
1180,#112,2024-04,Vulnerabilidad Baja,1.0,1.0,1.0,1.0,1.0,2.823478261,1.0,1.0,sotap,2,low,jefatura_femenina,no,espanol_uno_mas_adultos,adultos_uno_mas_analfabeta,,0,0,0.0,10.61532135,2.296271916,10.27370969363565,low,INCLUSION,0.13116
1181,#071,2023-11,Vulnerabilidad Elevada,1.0,2.051104816,1.0,1.0,1.776038647,2.823478261,2.580217391,1.0,sotap,1,low,,,espanol_ningun_adulto,adultos_ninguno_analfabeta,,0,0,6.609317356,32.12448674,3.093321436,37.9127004300535,high,INCLUSION,0.13998
1182,#1311,2024-04,Vulnerabilidad Elevada,2.700708215,2.051104816,1.0,1.0,1.776038647,2.823478261,1.790108696,1.0,sotap,1,low,,,espanol_ningun_adulto,adultos_ninguno_analfabeta,0.0,0,0,17.94487015,26.18890898,3.265073146,43.868477716411775,high,EXCLUSION,0.1143
1183,#1101,2024-06,Vulnerabilidad Elevada,1.0,1.0,1.0,1.0,1.776038647,2.823478261,2.580217391,1.043888889,sotap,1,low,,,espanol_uno_mas_adultos,adultos_uno_mas_analfabeta,,0,0,0.0,32.85812825,2.917065088,31.80072082478675,medium,EXCLUSION,0.11309999999999999
1184,#527,2023-08,Vulnerabilidad Baja,1.0,1.0,1.0,1.0,1.776038647,1.498900966,1.0,1.0,sotap,1,low,,,espanol_uno_mas_adultos,adultos_ninguno_analfabeta,,0,0,0.0,9.93697889,2.277339487,9.61719697234091,low,INCLUSION,0.13608
1185,#1223,2023-09,Vulnerabilidad Baja,1.0,1.525552408,1.0,1.0,1.776038647,1.0,1.790108696,1.043888889,sotap,1,low,,,espanol_ningun_adulto,adultos_ninguno_analfabeta,,0,0,3.741369748,12.53066404,2.461093996,15.989185508389149,low,EXCLUSION,0.12456
1186,#1223,2023-06,Vulnerabilidad Baja,1.0,1.0,1.0,1.0,1.776038647,2.117608696,1.790108696,1.0,sotap,1,low,,,espanol_uno_mas_adultos,adultos_ninguno_analfabeta,0.0,0,0,0.0,21.88512181,2.610810239,21.18083670503239,low,EXCLUSION,0.1158
1187,#1101,2023-06,Vulnerabilidad Elevada,2.700708215,1.0,3.251728045,1.0,1.776038647,1.498900966,1.790108696,1.043888889,sotap,1,low,,,espanol_uno_mas_adultos,adultos_ninguno_analfabeta,,0,0,24.2379543,17.68003002,3.214910903,42.12902488125468,high,EXCLUSION,0.1146
1188,#1725,2024-02,Vulnerabilidad Moderada,1.0,1.0,1.0,1.0,1.776038647,2.823478261,1.790108696,1.0,foten,1,low,,,espanol_uno_mas_adultos,adultos_ninguno_analfabeta,0.0,0,0,0.0,26.18890898,2.730928248,25.34612370011462,medium,INCLUSION,0.16422
1189,#1223,2024-04,Vulnerabilidad Elevada,1.0,1.0,3.251728045,1.0,1.776038647,2.823478261,2.580217391,1.043888889,sotap,1,low,,,espanol_uno_mas_adultos,adultos_ninguno_analfabeta,0.0,0,0,11.51832969,32.85812825,3.259918337,43.68972188254064,high,EXCLUSION,0.14532
1190,#645,2024-03,Vulnerabilidad Elevada,2.700708215,2.051104816,1.249197356,1.0,1.776038647,2.117608696,2.580217391,1.043888889,fupal,4,average,jefatura_femenina,no,espanol_uno_mas_adultos,adultos_uno_mas_analfabeta,,0,0,20.89305637,28.09152966,3.405930349,48.752931961054514,high,INCLUSION,0.16632
1191,#1223,2023-11,Vulnerabilidad Moderada,2.700708215,1.0,3.251728045,1.0,1.0,1.498900966,1.0,1.043888889,sotap,1,low,,,espanol_ningun_adulto,adultos_ninguno_analfabeta,0.0,0,0,24.2379543,4.243121443,2.83988894,29.12452945917112,medium,EXCLUSION,0.14004
1192,#1311,2023-12,Vulnerabilidad Moderada,1.0,1.0,1.0,1.0,1.776038647,2.823478261,2.580217391,1.0,sotap,4,average,jefatura_masculina,no,espanol_uno_mas_adultos,adultos_ninguno_analfabeta,,0,0,0.0,32.12448674,2.896589272,31.09068863222006,medium,INCLUSION,0.15804
1193,#1311,2023-10,Vulnerabilidad Moderada,1.0,1.0,1.0,1.0,1.776038647,2.823478261,2.580217391,1.0,sotap,1,low,,,espanol_uno_mas_adultos,adultos_ninguno_analfabeta,0.0,0,0,0.0,32.12448674,2.896589272,31.09068863222006,medium,EXCLUSION,0.14634
1194,#513,2024-01,Vulnerabilidad Baja,1.599560907,1.525552408,1.0,1.0,1.0,1.0,1.0,1.043888889,pcr_cdmx,1,low,,,espanol_ningun_adulto,adultos_ninguno_analfabeta,0.0,0,0,8.393749546,0.386821499,2.260643489,9.038241996480508,low,EXCLUSION,0.1467
1195,#071,2023-06,Vulnerabilidad Severa,2.700708215,1.0,3.251728045,1.0,1.776038647,2.117608696,2.580217391,1.043888889,sotap,2,low,jefatura_masculina,no,espanol_ningun_adulto,adultos_uno_mas_analfabeta,0.0,0,0,24.2379543,28.09152966,3.505494188,52.20547205133984,high,EXCLUSION,0.1452
1196,#440,2024-05,Vulnerabilidad Elevada,1.0,1.0,1.0,1.0,1.776038647,2.823478261,2.580217391,1.043888889,pcr_cdmx,3,average,jefatura_femenina,si,espanol_ningun_adulto,adultos_ninguno_analfabeta,0.0,0,0,0.0,32.85812825,2.917065088,31.80072082478675,medium,EXCLUSION,0.13326000000000002
1197,#672,2024-06,Vulnerabilidad Moderada,1.0,1.0,2.578385269,1.0,1.0,2.823478261,1.790108696,1.0,fupal,3,low,jefatura_masculina,no,espanol_uno_mas_adultos,adultos_ninguno_analfabeta,,0,0,8.975915299,17.8931401,2.76657071,26.58209018767902,medium,INCLUSION,0.10674
1198,#527,2023-07,Vulnerabilidad Elevada,2.700708215,1.0,3.251728045,1.0,1.776038647,2.117608696,1.790108696,1.0,sotap,5,average,jefatura_masculina,no,espanol_uno_mas_adultos,adultos_ninguno_analfabeta,0.0,0,0,24.2379543,21.88512181,3.33227434,46.19879261236069,high,EXCLUSION,0.11802
1199,#112,2024-07,Vulnerabilidad Baja,1.0,1.0,1.0,1.0,1.776038647,2.117608696,1.790108696,1.0,sotap,3,low,jefatura_masculina,no,espanol_uno_mas_adultos,adultos_ninguno_analfabeta,,0,0,0.0,21.88512181,2.610810239,21.18083670503239,low,EXCLUSION,0.13385999999999998
1200,#1311,2024-01,Vulnerabilidad Moderada,1.0,1.0,1.0,1.0,1.776038647,2.117608696,2.580217391,1.043888889,sotap,1,low,,,espanol_uno_mas_adultos,adultos_ninguno_analfabeta,,0,0,0.0,28.09152966,2.784030087,27.18751614401154,medium,EXCLUSION,0.15366
1201,#672,2023-10,Vulnerabilidad Baja,1.0,1.0,1.0,1.0,1.0,1.498900966,1.0,1.0,fupal,1,low,,,espanol_ningun_adulto,adultos_ninguno_analfabeta,,0,0,0.0,3.815111519,2.10647915,3.692337415207061,low,INCLUSION,0.1452
1202,#1101,2023-09,Vulnerabilidad Severa,1.0,1.0,3.251728045,1.0,1.776038647,2.823478261,1.790108696,2.544987923,sotap,3,complete,jefatura_femenina,si,espanol_uno_mas_adultos,adultos_ninguno_analfabeta,0.0,0,0,11.51832969,42.50305317,3.529106644,53.02426347369012,high,INCLUSION,0.12888
1203,#555,2023-11,Vulnerabilidad Baja,1.0,1.0,1.0,1.0,1.776038647,1.498900966,1.790108696,1.0,sotap,3,low,jefatura_femenina,no,espanol_ningun_adulto,adultos_ninguno_analfabeta,,0,0,0.0,17.10850297,2.477495573,16.55793423592243,low,INCLUSION,0.15882
1204,#1859,2024-02,Vulnerabilidad Baja,1.0,1.0,1.0,1.0,1.0,1.0,1.0,1.0,pcr_cdmx,1,low,,,espanol_uno_mas_adultos,adultos_ninguno_analfabeta,0.0,0,0,0.0,0.0,2.0,0.0,low,EXCLUSION,0.13908
1205,#264,2023-07,Vulnerabilidad Elevada,1.0,2.051104816,1.0,1.0,1.776038647,2.823478261,1.790108696,1.0,foten,2,average,jefatura_femenina,si,espanol_uno_mas_adultos,adultos_ninguno_analfabeta,0.0,0,0,6.609317356,26.18890898,2.927660413,32.16813549794806,medium,INCLUSION,0.13061999999999999
1206,#071,2024-05,Vulnerabilidad Elevada,2.700708215,1.0,3.251728045,1.0,1.0,1.498900966,1.790108696,1.043888889,sotap,3,average,jefatura_masculina,no,espanol_uno_mas_adultos,adultos_ninguno_analfabeta,,0,-500,24.2379543,10.52243148,3.015143476,35.20176501987042,high,EXCLUSION,0.13026000000000001
1207,#1101,2024-05,Vulnerabilidad Elevada,2.070141643,1.0,3.251728045,1.0,1.0,1.498900966,1.790108696,1.043888889,sotap,1,low,,,espanol_ningun_adulto,adultos_uno_mas_analfabeta,,0,0,20.51851115,10.52243148,2.904430968,31.362626469860267,medium,EXCLUSION,0.10554
1208,#1223,2023-11,Vulnerabilidad Baja,2.070141643,1.0,1.0,1.0,1.0,1.0,1.790108696,1.043888889,sotap,2,low,jefatura_femenina,no,espanol_uno_mas_adultos,adultos_ninguno_analfabeta,0.0,0,0,6.702282231,6.061858428,2.368684842,12.78475013740434,low,EXCLUSION,0.12318
1209,#1101,2023-09,Vulnerabilidad Elevada,1.0,1.0,1.0,1.0,1.776038647,2.823478261,2.580217391,1.043888889,sotap,6,low,jefatura_masculina,no,espanol_uno_mas_adultos,adultos_uno_mas_analfabeta,0.0,0,0,0.0,32.85812825,2.917065088,31.80072082478675,medium,EXCLUSION,0.15377999999999997
1210,#132,2023-10,Vulnerabilidad Baja,1.0,1.0,1.0,1.0,1.0,1.498900966,1.0,1.0,fomon,1,low,,,espanol_ningun_adulto,adultos_uno_mas_analfabeta,,0,0,0.0,3.815111519,2.10647915,3.692337415207061,low,EXCLUSION,0.1584
1211,#264,2024-02,Vulnerabilidad Elevada,1.0,1.0,2.578385269,1.0,1.776038647,2.823478261,2.580217391,1.043888889,foten,2,average,jefatura_femenina,si,espanol_uno_mas_adultos,adultos_uno_mas_analfabeta,0.0,0,0,8.975915299,32.85812825,3.184241129,41.06549005402387,high,EXCLUSION,0.21126
1212,#527,2024-04,Vulnerabilidad Baja,2.070141643,1.0,1.0,1.0,1.0,1.0,1.790108696,1.043888889,sotap,1,low,,,espanol_uno_mas_adultos,adultos_ninguno_analfabeta,,0,0,6.702282231,6.061858428,2.368684842,12.78475013740434,low,EXCLUSION,0.07637999999999999
1213,#527,2023-08,Vulnerabilidad Severa,2.700708215,1.0,3.251728045,1.0,1.776038647,2.117608696,2.580217391,1.043888889,sotap,1,low,,,espanol_uno_mas_adultos,adultos_ninguno_analfabeta,0.0,0,0,24.2379543,28.09152966,3.505494188,52.20547205133984,high,EXCLUSION,0.13998
1214,#252,2024-04,Vulnerabilidad Moderada,2.070141643,1.0,1.0,1.0,1.776038647,2.117608696,1.790108696,1.043888889,sotap,4,average,jefatura_masculina,no,espanol_uno_mas_adultos,adultos_ninguno_analfabeta,0.0,0,0,6.702282231,22.50821784,2.827700095,28.70184925716677,medium,INCLUSION,0.11603999999999999
1215,#1223,2024-05,Vulnerabilidad Elevada,2.070141643,1.0,2.578385269,1.0,1.776038647,2.823478261,1.0,1.738466184,sotap,1,low,,,espanol_uno_mas_adultos,adultos_ninguno_analfabeta,-500.0,0,0,17.46888676,25.73669646,3.238283901,42.93951683604431,high,INCLUSION,0.10122
1216,#264,2024-01,Vulnerabilidad Elevada,1.0,2.051104816,2.578385269,1.0,1.776038647,2.117608696,1.790108696,1.0,foten,3,low,jefatura_femenina,si,espanol_uno_mas_adultos,adultos_ninguno_analfabeta,-500.0,0,0,17.3510839,21.88512181,3.127280564,39.090295836018285,high,INCLUSION,0.15707999999999997
1217,#1476,2023-11,Vulnerabilidad Baja,1.0,1.0,1.0,1.0,1.776038647,1.0,2.580217391,1.0,pcr_cdmx,1,low,,,espanol_uno_mas_adultos,adultos_ninguno_analfabeta,0.0,0,0,0.0,16.59309681,2.46311067,16.059114361557388,low,INCLUSION,0.12449999999999999
1218,#1841,2023-07,Vulnerabilidad Elevada,1.0,1.0,2.578385269,1.0,1.776038647,2.823478261,1.790108696,1.0,foten,3,average,jefatura_masculina,no,espanol_uno_mas_adultos,adultos_ninguno_analfabeta,-500.0,0,0,8.975915299,26.18890898,2.998104289,34.61089292935174,high,EXCLUSION,0.14412
1219,#1583,2023-09,Vulnerabilidad Elevada,2.070141643,1.0,1.0,1.0,1.776038647,2.117608696,2.580217391,1.043888889,foten,3,average,jefatura_masculina,si,espanol_ningun_adulto,adultos_uno_mas_analfabeta,,0,0,6.702282231,28.09152966,2.983529432,34.10548451948735,high,INCLUSION,0.16566
1220,#252,2024-05,Vulnerabilidad Elevada,2.070141643,1.0,1.0,1.0,1.776038647,1.498900966,2.580217391,2.544987923,sotap,1,low,,,espanol_uno_mas_adultos,adultos_ninguno_analfabeta,500.0,0,0,6.702282231,37.43330939,3.244257006,43.14663643599621,high,EXCLUSION,0.07434
1221,#458,2023-10,Vulnerabilidad Baja,1.0,1.0,1.0,1.0,1.0,2.823478261,1.790108696,1.0,fupal,1,low,,,espanol_uno_mas_adultos,adultos_ninguno_analfabeta,0.0,0,0,0.0,17.8931401,2.49939467,17.3173209584419,low,INCLUSION,0.13806000000000002
1222,#555,2024-05,Vulnerabilidad Baja,1.0,1.0,1.0,1.0,1.776038647,2.117608696,1.790108696,1.043888889,sotap,2,average,jefatura_femenina,si,espanol_uno_mas_adultos,adultos_ninguno_analfabeta,,0,0,0.0,22.50821784,2.628200749,21.78388088169096,medium,EXCLUSION,0.1083
1223,#016,2024-06,Vulnerabilidad Moderada,1.0,1.0,1.0,1.0,1.776038647,2.823478261,1.790108696,1.0,futij,4,average,jefatura_masculina,no,espanol_uno_mas_adultos,adultos_ninguno_analfabeta,,0,0,0.0,26.18890898,2.730928248,25.34612370011462,medium,EXCLUSION,0.13116
1224,#1200,2024-07,Vulnerabilidad Elevada,2.070141643,2.051104816,2.578385269,1.0,1.0,2.117608696,1.790108696,1.043888889,fupal,1,low,,,espanol_uno_mas_adultos,adultos_ninguno_analfabeta,0.0,0,0,27.51489601,14.70478802,3.229413438,42.63192611522619,high,EXCLUSION,0.16464
1225,#071,2024-06,Vulnerabilidad Elevada,2.070141643,1.0,1.0,1.0,1.776038647,2.823478261,2.580217391,1.043888889,sotap,4,average,jefatura_masculina,no,espanol_uno_mas_adultos,adultos_ninguno_analfabeta,,0,0,6.702282231,32.85812825,3.116564434,38.71868920026256,high,EXCLUSION,0.09960000000000001
1226,#555,2024-03,Vulnerabilidad Baja,1.0,1.0,2.578385269,1.0,1.0,1.0,1.790108696,1.0,sotap,1,low,,,espanol_uno_mas_adultos,adultos_ninguno_analfabeta,,0,0,8.975915299,5.614422911,2.423873683,14.69851439653823,low,EXCLUSION,0.14208
1227,#513,2024-02,Vulnerabilidad Baja,1.0,1.0,2.578385269,1.0,1.776038647,1.0,1.790108696,1.0,pcr_cdmx,1,low,,,espanol_uno_mas_adultos,adultos_ninguno_analfabeta,0.0,0,0,8.975915299,12.01413641,2.602488661,20.89227871542691,low,EXCLUSION,0.16854
1228,#1101,2023-07,Vulnerabilidad Baja,2.700708215,1.0,1.0,1.0,1.776038647,1.0,1.790108696,1.0,sotap,1,low,,,espanol_uno_mas_adultos,adultos_ninguno_analfabeta,500.0,0,0,9.472088355,12.01413641,2.61725769,21.404419116542044,medium,EXCLUSION,0.08484
1229,#252,2023-07,Vulnerabilidad Moderada,1.0,1.525552408,1.0,1.0,1.776038647,2.823478261,1.790108696,1.0,sotap,3,average,jefatura_masculina,no,espanol_uno_mas_adultos,adultos_ninguno_analfabeta,0.0,0,0,3.741369748,26.18890898,2.842293421,29.20789446797501,medium,EXCLUSION,0.12402
1230,#1101,2023-08,Vulnerabilidad Moderada,1.0,2.051104816,1.0,1.0,1.776038647,2.823478261,1.0,1.043888889,sotap,3,average,jefatura_masculina,no,espanol_ningun_adulto,adultos_ninguno_analfabeta,0.0,0,0,6.609317356,18.36611881,2.709327594,24.597090538408825,medium,EXCLUSION,0.19188000000000002
1231,#1311,2023-10,Vulnerabilidad Baja,1.0,1.0,1.0,1.0,1.0,2.117608696,1.790108696,1.0,sotap,1,low,,,espanol_uno_mas_adultos,adultos_ninguno_analfabeta,0.0,0,0,0.0,14.16503897,2.395343965,13.709193850906429,low,EXCLUSION,0.13266
1232,#1311,2023-07,Vulnerabilidad Baja,1.0,1.0,1.0,1.564135978,1.0,1.498900966,1.0,1.0,sotap,4,average,jefatura_masculina,no,espanol_uno_mas_adultos,adultos_ninguno_analfabeta,0.0,0,0,3.975239986,3.815111519,2.224805677,7.795504599196527,low,EXCLUSION,0.09876
1233,#1101,2023-10,Vulnerabilidad Baja,1.0,1.525552408,1.0,1.0,1.0,1.498900966,1.0,1.0,sotap,1,low,,,espanol_uno_mas_adultos,adultos_ninguno_analfabeta,,0,0,3.741369748,3.815111519,2.217844323,7.554108183067449,low,EXCLUSION,0.11118000000000001
1234,#1101,2024-05,Vulnerabilidad Baja,1.0,1.0,3.251728045,1.0,1.776038647,1.0,1.790108696,1.043888889,sotap,1,low,,,espanol_uno_mas_adultos,adultos_ninguno_analfabeta,,0,0,11.51832969,12.53066404,2.692582072,24.01641579828265,medium,INCLUSION,0.12852000000000002
1235,#112,2024-06,Vulnerabilidad Baja,2.070141643,1.0,1.0,1.0,1.0,2.117608696,1.790108696,1.043888889,sotap,2,average,jefatura_masculina,no,espanol_uno_mas_adultos,adultos_ninguno_analfabeta,,0,0,6.702282231,14.70478802,2.60990762,21.14954161220419,low,EXCLUSION,0.09072
1236,#112,2024-03,Vulnerabilidad Baja,1.0,1.0,1.0,1.0,1.0,1.498900966,1.790108696,1.0,sotap,1,low,,,espanol_uno_mas_adultos,adultos_ninguno_analfabeta,-500.0,0,0,0.0,10.02735341,2.279861825,9.70466314991279,low,EXCLUSION,0.10116
1237,#1200,2023-11,Vulnerabilidad Elevada,2.070141643,1.0,1.0,1.0,1.776038647,2.823478261,2.580217391,1.043888889,fupal,5,high,jefatura_masculina,no,espanol_ningun_adulto,adultos_ninguno_analfabeta,,0,0,6.702282231,32.85812825,3.116564434,38.71868920026256,high,EXCLUSION,0.15474000000000002
1238,#252,2023-07,Vulnerabilidad Moderada,2.700708215,1.0,3.251728045,1.0,1.0,1.0,1.790108696,1.0,sotap,1,low,,,espanol_uno_mas_adultos,adultos_ninguno_analfabeta,,0,0,24.2379543,5.614422911,2.878161744,30.45170107462941,medium,EXCLUSION,0.0843
1239,#071,2024-02,Vulnerabilidad Elevada,2.070141643,1.0,1.0,1.0,1.776038647,2.823478261,1.790108696,1.043888889,sotap,4,average,jefatura_masculina,no,espanol_uno_mas_adultos,adultos_ninguno_analfabeta,0.0,0,0,6.702282231,26.85846924,2.949114914,32.912105216863374,medium,INCLUSION,0.1413
1240,#252,2024-04,Vulnerabilidad Baja,1.0,1.0,1.0,1.0,1.776038647,2.117608696,1.790108696,1.0,sotap,5,average,jefatura_masculina,no,espanol_uno_mas_adultos,adultos_ninguno_analfabeta,,0,0,0.0,21.88512181,2.610810239,21.18083670503239,low,EXCLUSION,0.11784
1241,#133,2023-08,Vulnerabilidad Elevada,2.700708215,1.0,2.578385269,1.0,1.776038647,2.823478261,1.790108696,1.0,fupal,2,average,jefatura_masculina,si,espanol_uno_mas_adultos,adultos_ninguno_analfabeta,,0,0,20.97871872,26.18890898,3.355378326,46.99995856724294,high,EXCLUSION,0.16223999999999997
1242,#252,2024-02,Vulnerabilidad Baja,1.0,1.0,1.0,1.0,1.776038647,2.823478261,1.0,1.0,sotap,1,low,,,espanol_uno_mas_adultos,adultos_ninguno_analfabeta,-500.0,0,0,0.0,17.78726377,2.496439678,17.21485183461763,low,EXCLUSION,0.14837999999999998
1243,#071,2023-09,Vulnerabilidad Elevada,2.700708215,1.0,3.251728045,1.0,1.776038647,2.823478261,1.790108696,1.043888889,sotap,3,complete,jefatura_femenina,si,espanol_uno_mas_adultos,adultos_ninguno_analfabeta,-500.0,0,0,24.2379543,26.85846924,3.471079669,51.01209274871586,high,EXCLUSION,0.14532
1244,#112,2024-04,Vulnerabilidad Baja,1.0,1.0,1.0,1.0,1.0,1.0,1.0,1.0,sotap,3,low,jefatura_masculina,no,espanol_uno_mas_adultos,adultos_ninguno_analfabeta,,0,0,0.0,0.0,2.0,0.0,low,EXCLUSION,0.10427999999999998
1245,#555,2024-04,Vulnerabilidad Baja,1.0,1.0,1.0,1.0,1.776038647,1.0,2.580217391,1.043888889,sotap,1,low,,,espanol_uno_mas_adultos,adultos_ninguno_analfabeta,,0,0,0.0,17.15905947,2.478906597,16.60686377719593,low,INCLUSION,0.09384
1246,#071,2024-06,Vulnerabilidad Baja,1.0,1.0,1.0,1.0,1.776038647,2.117608696,1.790108696,1.0,sotap,1,low,,,espanol_ningun_adulto,adultos_uno_mas_analfabeta,,0,0,0.0,21.88512181,2.610810239,21.18083670503239,low,INCLUSION,0.12576
1247,#252,2024-06,Vulnerabilidad Severa,2.070141643,2.051104816,2.578385269,1.0,1.776038647,2.117608696,2.580217391,1.043888889,sotap,3,average,jefatura_femenina,si,espanol_uno_mas_adultos,adultos_ninguno_analfabeta,0.0,0,0,27.51489601,28.09152966,3.60303525,55.58786902250935,high,EXCLUSION,0.11597999999999997
1248,#1860,2023-12,Vulnerabilidad Baja,1.0,1.0,1.0,1.0,1.776038647,1.498900966,1.790108696,1.0,pcr_cdmx,1,low,,,espanol_uno_mas_adultos,adultos_ninguno_analfabeta,,0,0,0.0,17.10850297,2.477495573,16.55793423592243,low,INCLUSION,0.1503
1249,#1311,2024-04,Vulnerabilidad Moderada,2.700708215,1.0,1.0,1.0,1.776038647,2.117608696,1.790108696,1.0,sotap,1,low,,,espanol_ningun_adulto,adultos_uno_mas_analfabeta,,0,0,9.472088355,21.88512181,2.892755308,30.95774633538465,medium,EXCLUSION,0.1236
1250,#071,2024-02,Vulnerabilidad Baja,1.0,1.0,1.0,1.0,1.0,2.117608696,1.790108696,1.0,sotap,2,average,jefatura_masculina,no,espanol_ningun_adulto,adultos_ninguno_analfabeta,,0,0,0.0,14.16503897,2.395343965,13.709193850906429,low,EXCLUSION,0.13146
1251,#527,2024-02,Vulnerabilidad Elevada,2.700708215,1.0,3.251728045,1.0,1.776038647,2.117608696,2.580217391,1.0,sotap,3,average,jefatura_masculina,no,espanol_uno_mas_adultos,adultos_ninguno_analfabeta,0.0,0,0,24.2379543,27.40879931,3.486439293,51.54471264673319,high,EXCLUSION,0.16464
1252,#555,2023-07,Vulnerabilidad Elevada,2.700708215,1.0,2.578385269,1.0,1.776038647,1.498900966,1.790108696,1.0,sotap,2,average,jefatura_masculina,no,espanol_uno_mas_adultos,adultos_ninguno_analfabeta,0.0,0,0,20.97871872,17.10850297,3.101945651,38.21176910305076,high,EXCLUSION,0.11981999999999998
1253,#071,2023-07,Vulnerabilidad Baja,1.0,1.525552408,1.0,1.0,1.0,1.0,1.0,1.0,sotap,4,average,jefatura_masculina,no,espanol_uno_mas_adultos,adultos_ninguno_analfabeta,0.0,0,0,3.741369748,0.0,2.111365173,3.861770767860388,low,EXCLUSION,0.09689999999999999
1254,#1101,2023-07,Vulnerabilidad Severa,2.700708215,1.0,3.251728045,1.0,1.776038647,2.823478261,2.580217391,1.0,sotap,2,complete,jefatura_femenina,si,espanol_uno_mas_adultos,adultos_ninguno_analfabeta,0.0,0,0,24.2379543,32.12448674,3.618053373,56.108644539548365,high,EXCLUSION,0.1065
1255,#252,2024-06,Vulnerabilidad Moderada,1.0,1.0,1.0,1.0,1.776038647,2.823478261,1.790108696,1.0,sotap,1,low,,,espanol_ningun_adulto,adultos_ninguno_analfabeta,,0,0,0.0,26.18890898,2.730928248,25.34612370011462,medium,EXCLUSION,0.11226000000000001
1256,#1223,2023-08,Vulnerabilidad Moderada,1.0,1.0,2.578385269,1.0,1.776038647,2.117608696,1.790108696,1.0,sotap,3,average,jefatura_masculina,no,espanol_uno_mas_adultos,adultos_ninguno_analfabeta,,0,0,8.975915299,21.88512181,2.877986279,30.44560593426951,medium,EXCLUSION,0.17046
1257,#1311,2023-12,Vulnerabilidad Baja,1.0,1.0,1.249197356,1.0,1.776038647,1.498900966,1.790108696,1.043888889,sotap,1,low,,,espanol_ningun_adulto,adultos_ninguno_analfabeta,0.0,0,0,1.921713018,17.68003002,2.550648286,19.09462463855864,low,INCLUSION,0.13962
1258,#1583,2024-05,Vulnerabilidad Moderada,1.0,1.525552408,2.578385269,1.0,1.776038647,1.0,1.790108696,1.043888889,foten,2,average,jefatura_femenina,si,espanol_uno_mas_adultos,adultos_ninguno_analfabeta,,0,0,13.7168894,12.53066404,2.758024142,26.28572735831016,medium,INCLUSION,0.11933999999999999
1259,#555,2023-07,Vulnerabilidad Baja,1.0,1.0,2.578385269,1.0,1.0,1.0,1.790108696,1.0,sotap,1,low,,,espanol_uno_mas_adultos,adultos_ninguno_analfabeta,0.0,0,0,8.975915299,5.614422911,2.423873683,14.69851439653823,low,EXCLUSION,0.09054
1260,#252,2023-12,Vulnerabilidad Baja,1.0,1.0,2.578385269,1.0,1.0,1.498900966,1.0,1.0,sotap,1,low,,,espanol_uno_mas_adultos,adultos_ninguno_analfabeta,,0,0,8.975915299,3.815111519,2.373655191,12.95710664444418,low,INCLUSION,0.14442
1261,#645,2024-01,Vulnerabilidad Moderada,2.070141643,1.0,1.0,1.0,1.776038647,1.0,1.790108696,1.738466184,fupal,1,low,,,espanol_uno_mas_adultos,adultos_ninguno_analfabeta,-500.0,0,0,6.702282231,19.10762501,2.732790095,25.410690905029,medium,INCLUSION,0.138
1262,#1311,2023-08,Vulnerabilidad Baja,1.0,1.525552408,2.578385269,1.0,1.0,1.0,1.790108696,1.0,sotap,1,low,,,espanol_uno_mas_adultos,adultos_ninguno_analfabeta,-500.0,0,0,13.7168894,5.614422911,2.564992962,19.59205778508251,low,INCLUSION,0.15174
1263,#252,2024-01,Vulnerabilidad Elevada,2.700708215,1.0,1.0,1.0,1.776038647,2.823478261,1.790108696,1.0,sotap,4,average,jefatura_masculina,no,espanol_uno_mas_adultos,adultos_ninguno_analfabeta,,0,0,9.472088355,26.18890898,3.012873318,35.123033330466875,high,EXCLUSION,0.14706
1264,#1583,2023-10,Vulnerabilidad Moderada,1.0,1.0,2.578385269,1.0,1.776038647,1.498900966,1.790108696,1.0,foten,1,low,,,espanol_uno_mas_adultos,adultos_ninguno_analfabeta,0.0,0,0,8.975915299,17.10850297,2.744671614,25.82270346515955,medium,INCLUSION,0.17357999999999998
1265,#692,2024-03,Vulnerabilidad Elevada,2.700708215,1.0,3.251728045,1.0,1.776038647,2.117608696,1.790108696,1.043888889,pcr_cdmx,6,average,jefatura_femenina,no,espanol_uno_mas_adultos,adultos_ninguno_analfabeta,,0,0,24.2379543,22.50821784,3.34966485,46.80183678901926,high,INCLUSION,0.15161999999999998
1266,#527,2024-02,Vulnerabilidad Moderada,1.0,1.0,1.0,1.0,1.776038647,2.823478261,2.580217391,1.0,sotap,1,low,,,espanol_ningun_adulto,adultos_uno_mas_analfabeta,0.0,0,0,0.0,32.12448674,2.896589272,31.09068863222006,medium,EXCLUSION,0.17478
1267,#555,2024-04,Vulnerabilidad Elevada,1.0,2.051104816,1.0,1.0,1.776038647,2.117608696,2.580217391,1.043888889,sotap,1,low,,,espanol_uno_mas_adultos,adultos_uno_mas_analfabeta,,0,0,6.609317356,28.09152966,2.980762251,34.00952794184498,high,EXCLUSION,0.13398
1268,#555,2024-04,Vulnerabilidad Moderada,1.0,1.0,1.0,1.0,1.776038647,2.823478261,1.790108696,1.0,sotap,3,low,jefatura_femenina,no,espanol_uno_mas_adultos,adultos_ninguno_analfabeta,0.0,-500,0,0.0,26.18890898,2.730928248,25.34612370011462,medium,EXCLUSION,0.15311999999999998
1269,#1311,2023-08,Vulnerabilidad Baja,1.0,1.0,1.0,1.0,1.0,1.0,1.0,1.0,sotap,1,low,,,espanol_uno_mas_adultos,adultos_ninguno_analfabeta,,0,0,0.0,0.0,2.0,0.0,low,EXCLUSION,0.12485999999999998
1270,#1223,2024-06,Vulnerabilidad Moderada,2.700708215,1.0,1.0,1.0,1.0,1.0,1.790108696,2.544987923,sotap,4,average,jefatura_masculina,no,espanol_uno_mas_adultos,adultos_ninguno_analfabeta,0.0,0,0,9.472088355,16.51639539,2.742915015,25.761790900306664,medium,INCLUSION,0.0714
1271,#527,2024-02,Vulnerabilidad Moderada,1.0,1.0,1.0,1.0,1.776038647,2.823478261,1.790108696,1.0,sotap,1,low,,,espanol_ningun_adulto,adultos_ninguno_analfabeta,0.0,0,0,0.0,26.18890898,2.730928248,25.34612370011462,medium,EXCLUSION,0.15257999999999997
1272,#1101,2024-06,Vulnerabilidad Moderada,1.0,2.051104816,1.0,1.0,1.776038647,2.117608696,1.790108696,1.0,sotap,1,low,,,espanol_uno_mas_adultos,adultos_ninguno_analfabeta,,0,0,6.609317356,21.88512181,2.807542403,28.002848502865827,medium,EXCLUSION,0.09845999999999999
1273,#1359,2024-02,Vulnerabilidad Elevada,2.700708215,1.0,1.0,1.0,1.776038647,2.823478261,2.580217391,1.0,foten,3,average,jefatura_femenina,si,espanol_uno_mas_adultos,adultos_ninguno_analfabeta,0.0,0,-500,9.472088355,32.12448674,3.178534341,40.86759826257232,high,EXCLUSION,0.14562
1274,#252,2024-05,Vulnerabilidad Baja,1.0,1.525552408,1.0,1.0,1.776038647,1.498900966,1.790108696,1.0,sotap,1,low,,,espanol_uno_mas_adultos,adultos_ninguno_analfabeta,,0,0,3.741369748,17.10850297,2.588860746,20.41970500378282,low,EXCLUSION,0.11022
1275,#1101,2024-05,Vulnerabilidad Elevada,1.0,2.051104816,2.578385269,1.564135978,1.776038647,2.823478261,1.790108696,1.0,sotap,2,complete,jefatura_femenina,si,espanol_uno_mas_adultos,adultos_ninguno_analfabeta,,0,0,23.37941737,26.18890898,3.42683724,49.4779141004986,high,INCLUSION,0.1161
1276,#1359,2024-06,Vulnerabilidad Elevada,1.0,1.0,1.0,1.0,1.776038647,2.823478261,2.580217391,1.043888889,foten,3,average,jefatura_masculina,no,espanol_uno_mas_adultos,adultos_ninguno_analfabeta,0.0,0,0,0.0,32.85812825,2.917065088,31.80072082478675,medium,EXCLUSION,0.11327999999999999
1277,#1860,2024-01,Vulnerabilidad Baja,1.0,1.0,1.0,1.0,1.0,1.0,1.0,1.0,pcr_cdmx,1,low,,,espanol_uno_mas_adultos,adultos_ninguno_analfabeta,,0,-500,0.0,0.0,2.0,0.0,low,INCLUSION,0.15588000000000002
1278,#527,2023-11,Vulnerabilidad Elevada,2.700708215,1.0,2.578385269,1.0,1.776038647,2.823478261,1.790108696,1.0,sotap,1,low,,,espanol_uno_mas_adultos,adultos_ninguno_analfabeta,0.0,0,0,20.97871872,26.18890898,3.355378326,46.99995856724294,high,INCLUSION,0.15893999999999997
1279,#1223,2024-06,Vulnerabilidad Baja,1.0,1.0,1.0,1.0,1.0,1.498900966,1.0,1.0,sotap,1,low,,,espanol_uno_mas_adultos,adultos_ninguno_analfabeta,,0,0,0.0,3.815111519,2.10647915,3.692337415207061,low,EXCLUSION,0.0834
1280,#555,2023-10,Vulnerabilidad Baja,1.0,1.0,2.578385269,1.0,1.0,1.0,1.0,1.0,sotap,1,low,,,espanol_uno_mas_adultos,adultos_ninguno_analfabeta,0.0,0,0,8.975915299,0.0,2.267176041,9.26476922923712,low,EXCLUSION,0.1371
1281,#1101,2024-01,Vulnerabilidad Moderada,1.0,1.0,2.578385269,1.0,1.776038647,2.117608696,1.790108696,1.043888889,sotap,4,average,jefatura_masculina,no,espanol_uno_mas_adultos,adultos_ninguno_analfabeta,0.0,0,0,8.975915299,22.50821784,2.89537679,31.04865011092808,medium,INCLUSION,0.19127999999999998
1282,#1167,2023-12,Vulnerabilidad Elevada,1.0,1.0,3.251728045,1.0,1.776038647,2.823478261,2.580217391,1.043888889,foten,1,low,,,espanol_uno_mas_adultos,adultos_ninguno_analfabeta,0.0,0,0,11.51832969,32.85812825,3.259918337,43.68972188254064,high,INCLUSION,0.18636
1283,#071,2024-05,Vulnerabilidad Moderada,1.0,2.051104816,2.578385269,1.0,1.776038647,1.0,1.790108696,1.0,sotap,4,average,jefatura_femenina,no,espanol_uno_mas_adultos,adultos_ninguno_analfabeta,0.0,0,0,17.3510839,12.01413641,2.851782945,29.536968617175688,medium,INCLUSION,0.11699999999999999
1284,#252,2023-07,Vulnerabilidad Moderada,1.0,1.0,2.578385269,1.0,1.776038647,2.117608696,1.790108696,1.0,sotap,5,high,jefatura_masculina,no,espanol_uno_mas_adultos,adultos_ninguno_analfabeta,,0,0,8.975915299,21.88512181,2.877986279,30.44560593426951,medium,INCLUSION,0.12108
1285,#555,2024-02,Vulnerabilidad Baja,1.0,1.0,1.0,1.0,1.776038647,2.117608696,1.790108696,1.0,sotap,1,low,,,espanol_uno_mas_adultos,adultos_ninguno_analfabeta,,-500,0,0.0,21.88512181,2.610810239,21.18083670503239,low,INCLUSION,0.16146
1286,#555,2023-07,Vulnerabilidad Moderada,2.070141643,1.0,2.578385269,1.0,1.776038647,1.0,1.790108696,1.0,sotap,1,low,,,espanol_uno_mas_adultos,adultos_ninguno_analfabeta,0.0,0,0,17.46888676,12.01413641,2.855289452,29.65856249101336,medium,EXCLUSION,0.09827999999999999
1287,#1101,2024-04,Vulnerabilidad Elevada,1.0,1.0,1.0,1.0,1.776038647,2.823478261,2.580217391,1.043888889,sotap,3,average,jefatura_masculina,no,espanol_uno_mas_adultos,adultos_ninguno_analfabeta,0.0,0,0,0.0,32.85812825,2.917065088,31.80072082478675,medium,EXCLUSION,0.12977999999999998
1288,#1497,2024-01,Vulnerabilidad Baja,1.0,1.0,1.0,1.0,1.776038647,2.117608696,1.790108696,1.0,futij,1,low,,,espanol_uno_mas_adultos,adultos_ninguno_analfabeta,,0,0,0.0,21.88512181,2.610810239,21.18083670503239,low,EXCLUSION,0.15546
1289,#1311,2023-09,Vulnerabilidad Baja,1.0,1.0,1.0,1.0,1.0,1.498900966,1.0,1.0,sotap,1,low,,,espanol_uno_mas_adultos,adultos_ninguno_analfabeta,,0,0,0.0,3.815111519,2.10647915,3.692337415207061,low,EXCLUSION,0.10872
1290,#1373,2023-07,Vulnerabilidad Baja,1.0,1.0,1.0,1.0,1.776038647,1.0,1.790108696,1.0,fomon,1,low,,,espanol_uno_mas_adultos,adultos_ninguno_analfabeta,,0,0,0.0,12.01413641,2.33531262,11.62750948618979,low,EXCLUSION,0.09545999999999999
1291,#071,2024-03,Vulnerabilidad Moderada,1.0,1.525552408,1.0,1.0,1.776038647,2.823478261,1.790108696,1.0,sotap,1,low,,,espanol_uno_mas_adultos,adultos_ninguno_analfabeta,,0,0,3.741369748,26.18890898,2.842293421,29.20789446797501,medium,INCLUSION,0.13566
1292,#527,2024-02,Vulnerabilidad Elevada,2.700708215,1.0,3.251728045,1.0,1.776038647,2.117608696,1.790108696,1.0,sotap,4,average,jefatura_femenina,no,espanol_uno_mas_adultos,adultos_ninguno_analfabeta,0.0,0,0,24.2379543,21.88512181,3.33227434,46.19879261236069,high,EXCLUSION,0.15918000000000002
1293,#1200,2023-07,Vulnerabilidad Baja,1.0,1.525552408,1.0,1.0,1.0,1.0,1.790108696,1.043888889,fupal,2,average,jefatura_masculina,no,espanol_uno_mas_adultos,adultos_ninguno_analfabeta,,0,0,3.741369748,6.061858428,2.280550669,9.72855252978892,low,EXCLUSION,0.10031999999999999
1294,#527,2024-05,Vulnerabilidad Baja,1.0,1.0,1.0,1.0,1.776038647,2.117608696,1.790108696,1.0,sotap,2,low,jefatura_femenina,no,espanol_uno_mas_adultos,adultos_ninguno_analfabeta,0.0,0,0,0.0,21.88512181,2.610810239,21.18083670503239,low,EXCLUSION,0.10643999999999998
1295,#1223,2024-05,Vulnerabilidad Baja,1.0,1.525552408,1.0,1.0,1.776038647,2.823478261,1.0,1.0,sotap,1,low,,,espanol_uno_mas_adultos,adultos_ninguno_analfabeta,,0,0,3.741369748,17.78726377,2.607804851,21.07662260247801,low,EXCLUSION,0.11886
1296,#252,2023-08,Vulnerabilidad Baja,1.0,1.0,2.578385269,1.0,1.0,1.498900966,1.790108696,1.043888889,sotap,3,average,jefatura_masculina,no,espanol_uno_mas_adultos,adultos_ninguno_analfabeta,0.0,0,0,8.975915299,10.52243148,2.560855415,19.44857834177924,low,EXCLUSION,0.13368
1297,#676,2024-06,Vulnerabilidad Baja,1.0,1.0,1.0,1.0,1.776038647,2.117608696,1.790108696,1.0,pcr_cdmx,1,low,,,espanol_uno_mas_adultos,adultos_ninguno_analfabeta,0.0,0,0,0.0,21.88512181,2.610810239,21.18083670503239,low,EXCLUSION,0.12119999999999999
1298,#1841,2023-10,Vulnerabilidad Elevada,2.070141643,2.051104816,1.0,1.0,1.776038647,2.117608696,1.790108696,1.0,foten,1,low,,,espanol_uno_mas_adultos,adultos_uno_mas_analfabeta,0.0,0,0,14.63015408,21.88512181,3.046289687,36.28180377348088,high,EXCLUSION,0.15972
1299,#555,2023-10,Vulnerabilidad Elevada,2.070141643,1.0,2.578385269,1.0,1.776038647,2.823478261,1.790108696,1.0,sotap,4,average,jefatura_femenina,si,espanol_ningun_adulto,adultos_uno_mas_analfabeta,,0,0,17.46888676,26.18890898,3.25090508,43.37717670493818,high,EXCLUSION,0.1668
1300,#1311,2023-08,Vulnerabilidad Baja,1.0,1.0,1.0,1.0,1.0,1.498900966,1.0,1.0,sotap,2,low,jefatura_masculina,no,espanol_uno_mas_adultos,adultos_ninguno_analfabeta,0.0,0,0,0.0,3.815111519,2.10647915,3.692337415207061,low,EXCLUSION,0.12666
1301,#071,2023-06,Vulnerabilidad Baja,1.0,1.0,1.0,1.0,1.0,1.0,1.790108696,1.0,sotap,1,low,,,espanol_uno_mas_adultos,adultos_ninguno_analfabeta,0.0,0,0,0.0,5.614422911,2.156697643,5.433745167301109,low,EXCLUSION,0.09282
1302,#1311,2023-09,Vulnerabilidad Baja,1.0,2.051104816,1.0,1.0,1.0,1.0,1.790108696,1.0,sotap,1,low,,,espanol_uno_mas_adultos,adultos_ninguno_analfabeta,0.0,0,0,6.609317356,5.614422911,2.353429807,12.255756965134545,low,EXCLUSION,0.09893999999999999
1303,#527,2024-03,Vulnerabilidad Elevada,1.0,2.051104816,1.0,1.0,1.776038647,2.823478261,2.580217391,1.0,sotap,4,average,jefatura_masculina,no,espanol_uno_mas_adultos,adultos_ninguno_analfabeta,,0,0,6.609317356,32.12448674,3.093321436,37.9127004300535,high,EXCLUSION,0.14322000000000001
1304,#672,2024-04,Vulnerabilidad Severa,2.700708215,1.0,3.251728045,1.0,1.776038647,2.823478261,2.580217391,2.544987923,fupal,4,average,jefatura_femenina,si,espanol_uno_mas_adultos,adultos_uno_mas_analfabeta,,0,0,24.2379543,50.0,4.11695608,73.40890590732829,high,EXCLUSION,0.13998
1305,#527,2023-07,Vulnerabilidad Moderada,2.070141643,1.0,3.251728045,1.0,1.776038647,1.498900966,1.0,1.0,sotap,3,low,jefatura_masculina,no,espanol_ningun_adulto,adultos_ninguno_analfabeta,,0,0,20.51851115,9.93697889,2.88809108,30.79601432965906,medium,EXCLUSION,0.12696
1306,#1167,2023-09,Vulnerabilidad Moderada,1.0,1.0,2.578385269,1.0,1.776038647,2.117608696,1.790108696,1.0,foten,3,average,jefatura_masculina,no,espanol_ningun_adulto,adultos_uno_mas_analfabeta,,0,0,8.975915299,21.88512181,2.877986279,30.44560593426951,medium,INCLUSION,0.20837999999999995
1307,#112,2024-01,Vulnerabilidad Moderada,1.0,1.0,1.0,1.0,1.776038647,2.823478261,2.580217391,1.0,sotap,3,low,jefatura_femenina,no,espanol_uno_mas_adultos,adultos_ninguno_analfabeta,0.0,0,0,0.0,32.12448674,2.896589272,31.09068863222006,medium,EXCLUSION,0.14742
1308,#1359,2023-09,Vulnerabilidad Baja,1.599560907,1.0,1.249197356,1.0,1.0,1.498900966,1.790108696,1.043888889,foten,1,low,,,espanol_uno_mas_adultos,adultos_ninguno_analfabeta,0.0,0,0,6.347353616,10.52243148,2.482613957,16.735426915258614,low,EXCLUSION,0.1218
1309,#1101,2024-04,Vulnerabilidad Severa,2.070141643,1.0,2.578385269,1.0,1.776038647,2.823478261,2.580217391,2.544987923,sotap,1,low,,,espanol_uno_mas_adultos,adultos_uno_mas_analfabeta,0.0,0,0,17.46888676,50.0,3.915468811,66.42200300482355,high,INCLUSION,0.13026000000000001
1310,#252,2024-01,Vulnerabilidad Elevada,2.070141643,1.0,1.0,1.0,1.776038647,1.498900966,2.580217391,2.544987923,sotap,1,low,,,espanol_ningun_adulto,adultos_uno_mas_analfabeta,0.0,0,0,6.702282231,37.43330939,3.244257006,43.14663643599621,high,INCLUSION,0.13368
1311,#1101,2023-08,Vulnerabilidad Moderada,2.070141643,1.0,1.0,1.0,1.776038647,1.498900966,2.580217391,1.043888889,sotap,3,average,jefatura_femenina,no,espanol_uno_mas_adultos,adultos_ninguno_analfabeta,,0,0,6.702282231,22.80125306,2.835878661,28.985454310751948,medium,EXCLUSION,0.1083
1312,#112,2024-01,Vulnerabilidad Baja,1.0,1.0,1.0,1.0,1.776038647,1.0,1.790108696,1.0,sotap,2,average,jefatura_femenina,si,espanol_uno_mas_adultos,adultos_ninguno_analfabeta,-500.0,0,0,0.0,12.01413641,2.33531262,11.62750948618979,low,EXCLUSION,0.1533
1313,#555,2023-11,Vulnerabilidad Elevada,2.700708215,2.051104816,2.578385269,1.0,1.776038647,1.0,1.790108696,1.0,sotap,4,average,jefatura_femenina,no,espanol_uno_mas_adultos,adultos_ninguno_analfabeta,0.0,0,0,31.71522481,12.01413641,3.279344277,44.363361945800406,high,INCLUSION,0.14754
1314,#1223,2024-03,Vulnerabilidad Baja,2.700708215,1.0,1.249197356,1.0,1.0,1.498900966,1.0,1.0,sotap,4,average,jefatura_femenina,si,espanol_uno_mas_adultos,adultos_ninguno_analfabeta,,0,0,11.93561888,3.815111519,2.46175338,16.012056446384342,low,EXCLUSION,0.11688
1315,#1311,2023-06,Vulnerabilidad Moderada,1.0,1.0,1.0,1.0,1.776038647,2.823478261,1.790108696,1.0,sotap,4,average,jefatura_femenina,no,espanol_uno_mas_adultos,adultos_ninguno_analfabeta,0.0,0,0,0.0,26.18890898,2.730928248,25.34612370011462,medium,EXCLUSION,0.1275
1316,#1223,2024-02,Vulnerabilidad Baja,1.0,1.0,1.0,1.0,1.0,1.0,1.790108696,1.0,sotap,1,low,,,espanol_uno_mas_adultos,adultos_ninguno_analfabeta,0.0,0,0,0.0,5.614422911,2.156697643,5.433745167301109,low,EXCLUSION,0.11531999999999998
1317,#112,2024-04,Vulnerabilidad Baja,1.0,1.0,2.578385269,1.0,1.0,1.0,1.790108696,1.0,sotap,1,low,,,espanol_uno_mas_adultos,adultos_ninguno_analfabeta,0.0,0,0,8.975915299,5.614422911,2.423873683,14.69851439653823,low,EXCLUSION,0.1098
1318,#1841,2023-11,Vulnerabilidad Baja,1.0,1.0,1.0,1.0,1.776038647,2.117608696,1.790108696,1.0,foten,2,average,jefatura_masculina,no,espanol_uno_mas_adultos,adultos_ninguno_analfabeta,0.0,0,0,0.0,21.88512181,2.610810239,21.18083670503239,low,EXCLUSION,0.1725
1319,#071,2024-02,Vulnerabilidad Elevada,2.700708215,1.0,3.251728045,1.0,1.776038647,1.498900966,1.790108696,1.0,sotap,4,average,jefatura_masculina,no,espanol_ningun_adulto,adultos_ninguno_analfabeta,0.0,-500,0,24.2379543,17.10850297,3.198959675,41.57589014325073,high,EXCLUSION,0.20364
1320,#1311,2024-06,Vulnerabilidad Baja,1.0,1.0,1.0,1.0,1.776038647,2.117608696,1.790108696,1.0,sotap,2,low,jefatura_masculina,no,espanol_uno_mas_adultos,adultos_ninguno_analfabeta,0.0,0,0,0.0,21.88512181,2.610810239,21.18083670503239,low,EXCLUSION,0.09294000000000001
1321,#112,2023-10,Vulnerabilidad Moderada,2.070141643,1.0,1.0,1.0,1.776038647,1.498900966,2.580217391,1.043888889,sotap,4,average,jefatura_masculina,no,espanol_uno_mas_adultos,adultos_ninguno_analfabeta,0.0,0,0,6.702282231,22.80125306,2.835878661,28.985454310751948,medium,EXCLUSION,0.1059
1322,#252,2023-07,Vulnerabilidad Elevada,1.599560907,1.0,1.0,1.0,1.776038647,2.823478261,2.580217391,1.043888889,sotap,2,average,jefatura_femenina,si,espanol_uno_mas_adultos,adultos_ninguno_analfabeta,-500.0,0,0,4.186184624,32.85812825,3.041670568,36.1216210561717,high,EXCLUSION,0.08376
1323,#555,2023-08,Vulnerabilidad Elevada,2.700708215,2.051104816,1.0,1.0,1.776038647,2.823478261,1.790108696,1.0,sotap,4,average,jefatura_femenina,no,espanol_uno_mas_adultos,adultos_ninguno_analfabeta,0.0,0,0,17.94487015,26.18890898,3.265073146,43.868477716411775,high,EXCLUSION,0.1494
1324,#606,2024-02,Vulnerabilidad Elevada,2.700708215,1.0,3.251728045,1.0,1.776038647,2.117608696,1.790108696,1.0,foten,4,average,jefatura_femenina,no,espanol_uno_mas_adultos,adultos_ninguno_analfabeta,,0,0,24.2379543,21.88512181,3.33227434,46.19879261236069,high,EXCLUSION,0.15024
1325,#1311,2024-02,Vulnerabilidad Elevada,2.700708215,1.525552408,1.249197356,1.0,1.776038647,2.823478261,1.790108696,1.0,sotap,4,average,jefatura_femenina,no,espanol_uno_mas_adultos,adultos_ninguno_analfabeta,0.0,0,0,17.00620089,26.18890898,3.237132827,42.89960114095571,high,EXCLUSION,0.14526
1326,#1311,2024-04,Vulnerabilidad Moderada,2.700708215,1.0,2.578385269,1.0,1.0,1.0,1.790108696,1.0,sotap,1,low,,,espanol_uno_mas_adultos,adultos_ninguno_analfabeta,,0,0,20.97871872,5.614422911,2.78114772,27.08758003442943,medium,EXCLUSION,0.08652
1327,#252,2024-03,Vulnerabilidad Baja,1.0,1.0,1.0,1.0,1.0,1.0,1.790108696,1.0,sotap,1,low,,,espanol_uno_mas_adultos,adultos_ninguno_analfabeta,-500.0,0,0,0.0,5.614422911,2.156697643,5.433745167301109,low,EXCLUSION,0.11034000000000001
1328,#1101,2023-06,Vulnerabilidad Elevada,1.0,1.0,2.578385269,1.0,1.776038647,2.117608696,2.580217391,1.043888889,sotap,1,low,,,espanol_uno_mas_adultos,adultos_ninguno_analfabeta,,0,0,8.975915299,28.09152966,3.051206127,36.45228537324866,high,EXCLUSION,0.1152
1329,#527,2024-01,Vulnerabilidad Moderada,1.0,1.0,1.0,1.0,1.776038647,2.823478261,2.580217391,1.0,sotap,3,low,jefatura_masculina,no,espanol_uno_mas_adultos,adultos_ninguno_analfabeta,,0,0,0.0,32.12448674,2.896589272,31.09068863222006,medium,INCLUSION,0.14772
1330,#1311,2023-11,Vulnerabilidad Elevada,1.0,1.525552408,2.578385269,1.0,1.776038647,2.117608696,2.580217391,1.043888889,sotap,4,average,jefatura_femenina,si,espanol_uno_mas_adultos,adultos_ninguno_analfabeta,0.0,0,0,13.7168894,28.09152966,3.192325406,41.34582876179294,high,INCLUSION,0.16122
1331,#133,2023-07,Vulnerabilidad Elevada,1.0,1.0,2.578385269,1.0,1.776038647,2.823478261,2.580217391,1.043888889,fupal,1,low,,,espanol_uno_mas_adultos,adultos_ninguno_analfabeta,,0,0,8.975915299,32.85812825,3.184241129,41.06549005402387,high,INCLUSION,0.1152
1332,#112,2023-10,Vulnerabilidad Elevada,2.070141643,1.0,3.251728045,1.0,1.776038647,2.117608696,2.580217391,1.043888889,sotap,2,average,jefatura_femenina,si,espanol_uno_mas_adultos,adultos_ninguno_analfabeta,0.0,0,0,20.51851115,28.09152966,3.39478168,48.36633350132969,high,EXCLUSION,0.13356
1333,#555,2024-02,Vulnerabilidad Baja,1.0,1.525552408,1.0,1.0,1.0,2.823478261,1.0,1.0,sotap,2,low,jefatura_masculina,no,espanol_uno_mas_adultos,adultos_ninguno_analfabeta,0.0,0,0,3.741369748,10.61532135,2.407637089,14.13548046149604,low,EXCLUSION,0.15743999999999997
1334,#071,2023-07,Vulnerabilidad Baja,1.0,1.0,2.578385269,1.0,1.0,2.117608696,1.790108696,1.0,sotap,2,low,jefatura_femenina,no,espanol_uno_mas_adultos,adultos_ninguno_analfabeta,-500.0,0,0,8.975915299,14.16503897,2.662520006,22.973963080143548,medium,EXCLUSION,0.08748
1335,#071,2024-04,Vulnerabilidad Baja,1.0,1.0,1.0,1.0,1.0,1.0,1.0,1.0,sotap,1,low,,,espanol_uno_mas_adultos,adultos_ninguno_analfabeta,0.0,0,0,0.0,0.0,2.0,0.0,low,EXCLUSION,0.09444000000000001
1336,#555,2024-02,Vulnerabilidad Moderada,1.0,2.051104816,1.0,1.0,1.776038647,2.117608696,1.790108696,1.0,sotap,1,low,,,espanol_ningun_adulto,adultos_ninguno_analfabeta,0.0,0,0,6.609317356,21.88512181,2.807542403,28.002848502865827,medium,INCLUSION,0.16566
1337,#1359,2023-09,Vulnerabilidad Baja,1.0,1.0,1.0,1.0,1.0,2.117608696,1.0,1.0,foten,1,low,,,espanol_uno_mas_adultos,adultos_ninguno_analfabeta,,0,0,0.0,7.392265486,2.206316944,7.154374990395034,low,EXCLUSION,0.11112
1338,#1359,2024-06,Vulnerabilidad Moderada,1.0,1.0,1.0,1.0,1.776038647,2.823478261,2.580217391,1.0,foten,2,low,jefatura_masculina,no,espanol_ningun_adulto,adultos_ninguno_analfabeta,,0,0,0.0,32.12448674,2.896589272,31.09068863222006,medium,INCLUSION,0.12534
1339,#645,2024-04,Vulnerabilidad Moderada,1.0,1.0,1.0,1.0,1.776038647,2.117608696,2.580217391,1.043888889,fupal,1,low,,,espanol_uno_mas_adultos,adultos_ninguno_analfabeta,,0,0,0.0,28.09152966,2.784030087,27.18751614401154,medium,INCLUSION,0.10218
1340,#458,2023-10,Vulnerabilidad Moderada,1.0,1.0,1.0,1.0,1.776038647,2.823478261,1.790108696,1.0,fupal,1,low,,,espanol_uno_mas_adultos,adultos_ninguno_analfabeta,,0,0,0.0,26.18890898,2.730928248,25.34612370011462,medium,EXCLUSION,0.16307999999999997
1341,#1101,2023-08,Vulnerabilidad Baja,2.070141643,1.0,1.0,1.0,1.776038647,1.498900966,1.790108696,1.043888889,sotap,1,low,,,espanol_uno_mas_adultos,adultos_ninguno_analfabeta,,0,0,6.702282231,17.68003002,2.692946147,24.029037349402188,medium,EXCLUSION,0.11789999999999998
1342,#1101,2023-07,Vulnerabilidad Severa,2.700708215,1.0,3.251728045,1.0,1.776038647,2.823478261,2.580217391,1.0,sotap,3,complete,jefatura_femenina,si,espanol_uno_mas_adultos,adultos_ninguno_analfabeta,0.0,0,0,24.2379543,32.12448674,3.618053373,56.108644539548365,high,EXCLUSION,0.09462
1343,#527,2023-12,Vulnerabilidad Moderada,1.0,1.0,1.0,1.0,1.776038647,2.823478261,2.580217391,1.0,sotap,1,low,,,espanol_ningun_adulto,adultos_ninguno_analfabeta,-500.0,0,0,0.0,32.12448674,2.896589272,31.09068863222006,medium,INCLUSION,0.144
1344,#1407,2024-02,Vulnerabilidad Moderada,1.599560907,1.0,2.578385269,1.0,1.0,1.498900966,1.790108696,1.043888889,foten,1,low,,,espanol_uno_mas_adultos,adultos_ninguno_analfabeta,,0,0,14.28054816,10.52243148,2.718752494,24.92391959287908,medium,EXCLUSION,0.13446
1345,#555,2023-09,Vulnerabilidad Moderada,1.0,2.051104816,1.0,1.0,1.776038647,2.117608696,1.790108696,1.0,sotap,1,low,,,espanol_uno_mas_adultos,adultos_ninguno_analfabeta,0.0,0,0,6.609317356,21.88512181,2.807542403,28.002848502865827,medium,INCLUSION,0.13362
1346,#606,2023-07,Vulnerabilidad Baja,1.0,1.0,1.0,1.0,1.0,1.498900966,1.0,1.0,foten,1,low,,,espanol_uno_mas_adultos,adultos_ninguno_analfabeta,0.0,0,0,0.0,3.815111519,2.10647915,3.692337415207061,low,EXCLUSION,0.0951
1347,#606,2023-09,Vulnerabilidad Elevada,2.070141643,1.0,2.578385269,1.0,1.776038647,1.498900966,1.790108696,1.043888889,foten,2,average,jefatura_femenina,si,espanol_uno_mas_adultos,adultos_ninguno_analfabeta,,0,0,17.46888676,17.68003002,3.013423633,35.14212197874994,high,INCLUSION,0.13392
1348,#527,2024-06,Vulnerabilidad Baja,1.0,1.0,1.0,1.0,1.0,2.117608696,1.0,1.0,sotap,1,low,,,espanol_ningun_adulto,adultos_uno_mas_analfabeta,,0,0,0.0,7.392265486,2.206316944,7.154374990395034,low,INCLUSION,0.12443999999999998
1349,,2023-07,Vulnerabilidad Severa,2.700708215,2.051104816,3.251728045,1.0,1.776038647,2.823478261,2.580217391,1.0,,2,average,jefatura_femenina,si,espanol_uno_mas_adultos,adultos_ninguno_analfabeta,,0,0,35.61565687,32.12448674,3.956720731,67.85249295595354,high,EXCLUSION,0.10289999999999999
1350,#112,2023-12,Vulnerabilidad Baja,1.0,1.0,1.0,1.0,1.0,1.0,1.790108696,1.0,sotap,1,low,,,espanol_uno_mas_adultos,adultos_ninguno_analfabeta,,0,0,0.0,5.614422911,2.156697643,5.433745167301109,low,EXCLUSION,0.12269999999999999
1351,#555,2024-03,Vulnerabilidad Baja,1.0,1.0,1.0,1.0,1.0,1.0,2.580217391,1.0,sotap,3,low,jefatura_masculina,no,espanol_uno_mas_adultos,adultos_ninguno_analfabeta,0.0,0,0,0.0,9.580889352,2.267401085,9.272566751763287,low,EXCLUSION,0.11352
1352,,2023-09,Vulnerabilidad Severa,2.070141643,1.0,2.578385269,1.0,1.776038647,2.823478261,2.580217391,2.544987923,,1,low,,,espanol_uno_mas_adultos,adultos_uno_mas_analfabeta,,0,0,17.46888676,50.0,3.915468811,66.42200300482355,high,INCLUSION,0.16596
1353,#071,2024-03,Vulnerabilidad Baja,1.0,1.0,2.578385269,1.0,1.0,1.0,1.0,1.043888889,sotap,3,low,jefatura_femenina,si,espanol_uno_mas_adultos,adultos_ninguno_analfabeta,-500.0,0,0,8.975915299,0.386821499,2.277972167,9.6391424255778,low,EXCLUSION,0.132
1354,#264,2024-01,Vulnerabilidad Baja,1.0,1.0,1.0,1.0,1.0,1.498900966,1.0,1.0,foten,4,average,jefatura_masculina,no,espanol_uno_mas_adultos,adultos_ninguno_analfabeta,,0,0,0.0,3.815111519,2.10647915,3.692337415207061,low,INCLUSION,0.17357999999999998
1355,#071,2023-07,Vulnerabilidad Severa,2.700708215,2.051104816,2.578385269,1.564135978,1.0,2.117608696,1.0,2.544987923,sotap,2,complete,jefatura_femenina,si,espanol_uno_mas_adultos,adultos_ninguno_analfabeta,,0,0,39.44321718,18.76190405,3.697703903,58.87066656783652,high,EXCLUSION,0.07307999999999999
1356,#1223,2023-10,Vulnerabilidad Baja,1.0,1.0,1.0,1.564135978,1.0,1.0,1.0,1.043888889,sotap,3,low,jefatura_femenina,no,espanol_uno_mas_adultos,adultos_ninguno_analfabeta,0.0,0,0,3.975239986,0.386821499,2.129122653,4.477540380330147,low,INCLUSION,0.15977999999999998
1357,#112,2024-01,Vulnerabilidad Moderada,1.0,2.051104816,1.0,1.0,1.776038647,2.117608696,1.790108696,1.0,sotap,1,low,,,espanol_uno_mas_adultos,adultos_ninguno_analfabeta,,0,0,6.609317356,21.88512181,2.807542403,28.002848502865827,medium,INCLUSION,0.15816
1358,#1167,2024-01,Vulnerabilidad Elevada,1.0,1.0,1.0,1.0,1.776038647,2.823478261,2.580217391,1.043888889,foten,3,average,jefatura_masculina,no,espanol_uno_mas_adultos,adultos_ninguno_analfabeta,,0,0,0.0,32.85812825,2.917065088,31.80072082478675,medium,EXCLUSION,0.18072000000000002
1359,#252,2024-05,Vulnerabilidad Baja,1.0,1.0,1.0,1.0,1.776038647,1.0,1.790108696,1.0,sotap,3,low,jefatura_masculina,no,espanol_uno_mas_adultos,adultos_ninguno_analfabeta,-500.0,0,0,0.0,12.01413641,2.33531262,11.62750948618979,low,EXCLUSION,0.11027999999999999
1360,#1223,2023-07,Vulnerabilidad Baja,2.700708215,1.0,1.0,1.0,1.0,1.0,1.790108696,1.0,sotap,1,low,,,espanol_uno_mas_adultos,adultos_ninguno_analfabeta,0.0,0,-500,9.472088355,5.614422911,2.438642712,15.210654797653364,low,EXCLUSION,0.08166
1361,#1841,2023-06,Vulnerabilidad Baja,1.0,1.0,1.0,1.0,1.0,2.117608696,1.0,1.0,foten,1,low,,,espanol_uno_mas_adultos,adultos_ninguno_analfabeta,,-500,0,0.0,7.392265486,2.206316944,7.154374990395034,low,EXCLUSION,0.1587
1362,#071,2023-06,Vulnerabilidad Baja,1.0,1.0,1.0,1.0,1.0,2.117608696,1.790108696,1.0,sotap,1,low,,,espanol_uno_mas_adultos,adultos_ninguno_analfabeta,-500.0,0,0,0.0,14.16503897,2.395343965,13.709193850906429,low,EXCLUSION,0.08232
1363,#252,2023-10,Vulnerabilidad Elevada,1.0,1.525552408,2.578385269,1.0,1.776038647,2.823478261,1.790108696,1.0,sotap,1,low,,,espanol_uno_mas_adultos,adultos_uno_mas_analfabeta,,0,0,13.7168894,26.18890898,3.139223567,39.50443631789602,high,EXCLUSION,0.22037999999999996
1364,#071,2023-09,Vulnerabilidad Baja,1.0,1.0,2.578385269,1.0,1.0,1.0,1.0,1.0,sotap,1,low,,,espanol_uno_mas_adultos,adultos_ninguno_analfabeta,0.0,0,0,8.975915299,0.0,2.267176041,9.26476922923712,low,EXCLUSION,0.12185999999999998
1365,#071,2023-12,Vulnerabilidad Baja,1.0,1.0,1.0,1.0,1.0,1.498900966,1.0,1.0,sotap,1,low,,,espanol_uno_mas_adultos,adultos_ninguno_analfabeta,,0,0,0.0,3.815111519,2.10647915,3.692337415207061,low,EXCLUSION,0.12785999999999997
1366,#1101,2023-07,Vulnerabilidad Elevada,2.070141643,1.0,1.0,1.0,1.776038647,2.823478261,2.580217391,1.0,sotap,4,average,jefatura_masculina,no,espanol_uno_mas_adultos,adultos_uno_mas_analfabeta,0.0,0,0,6.702282231,32.12448674,3.096088617,38.008657007695874,high,EXCLUSION,0.11646
1367,#1101,2023-08,Vulnerabilidad Baja,1.0,1.0,1.0,1.0,1.0,2.117608696,1.0,1.0,sotap,3,low,jefatura_masculina,no,espanol_uno_mas_adultos,adultos_ninguno_analfabeta,,0,0,0.0,7.392265486,2.206316944,7.154374990395034,low,EXCLUSION,0.11526
1368,#1101,2024-06,Vulnerabilidad Elevada,2.700708215,1.0,2.578385269,1.0,1.0,1.498900966,1.790108696,1.0,sotap,1,low,,,espanol_uno_mas_adultos,adultos_ninguno_analfabeta,0.0,0,0,20.97871872,10.02735341,2.904311903,31.35849801704111,medium,INCLUSION,0.09282
1369,#1101,2023-08,Vulnerabilidad Baja,1.0,1.0,1.0,1.0,1.0,2.117608696,1.0,1.0,sotap,1,low,,,espanol_uno_mas_adultos,adultos_ninguno_analfabeta,,0,0,0.0,7.392265486,2.206316944,7.154374990395034,low,EXCLUSION,0.11657999999999999
1370,#1101,2023-12,Vulnerabilidad Baja,1.0,1.0,2.578385269,1.0,1.0,1.0,1.0,1.0,sotap,1,low,,,espanol_uno_mas_adultos,adultos_ninguno_analfabeta,-500.0,-500,0,8.975915299,0.0,2.267176041,9.26476922923712,low,EXCLUSION,0.17106000000000002
1371,#1223,2023-08,Vulnerabilidad Moderada,2.700708215,1.525552408,1.249197356,1.0,1.0,1.498900966,1.790108696,1.043888889,sotap,2,average,jefatura_masculina,si,espanol_uno_mas_adultos,adultos_ninguno_analfabeta,,0,0,17.00620089,10.52243148,2.799883953,27.737286553383207,medium,EXCLUSION,0.09179999999999999
1372,#645,2024-03,Vulnerabilidad Elevada,1.0,1.525552408,1.249197356,1.0,1.776038647,2.823478261,2.580217391,1.0,fupal,2,average,jefatura_femenina,si,espanol_uno_mas_adultos,adultos_uno_mas_analfabeta,,0,0,5.877094669,32.12448674,3.071526181,37.15691408476315,high,EXCLUSION,0.17976
1373,#133,2023-09,Vulnerabilidad Severa,2.070141643,1.0,2.578385269,1.0,1.776038647,2.823478261,2.580217391,2.544987923,fupal,3,complete,jefatura_femenina,si,espanol_uno_mas_adultos,adultos_ninguno_analfabeta,,0,0,17.46888676,50.0,3.915468811,66.42200300482355,high,EXCLUSION,0.12911999999999998
1374,#555,2023-07,Vulnerabilidad Moderada,1.0,1.0,1.0,1.0,1.776038647,2.117608696,2.580217391,1.043888889,sotap,1,low,,,espanol_ningun_adulto,adultos_ninguno_analfabeta,-500.0,0,0,0.0,28.09152966,2.784030087,27.18751614401154,medium,EXCLUSION,0.0975
1375,#1101,2023-12,Vulnerabilidad Elevada,2.700708215,1.0,3.251728045,1.0,1.0,1.498900966,1.790108696,1.0,sotap,4,average,jefatura_masculina,no,espanol_uno_mas_adultos,adultos_ninguno_analfabeta,0.0,0,0,24.2379543,10.02735341,3.001325926,34.72261905724109,high,INCLUSION,0.13943999999999998
1376,#1223,2023-07,Vulnerabilidad Baja,2.070141643,1.0,1.0,1.0,1.0,1.0,1.790108696,1.0,sotap,1,low,,,espanol_uno_mas_adultos,adultos_ninguno_analfabeta,,0,0,6.702282231,5.614422911,2.356196989,12.35171354277692,low,INCLUSION,0.07338
1377,#252,2023-09,Vulnerabilidad Baja,2.070141643,2.051104816,1.0,1.0,1.0,1.0,1.0,1.043888889,sotap,1,low,,,espanol_uno_mas_adultos,adultos_ninguno_analfabeta,,0,0,14.63015408,0.386821499,2.446275574,15.475340264789162,low,EXCLUSION,0.09108
1378,#672,2024-02,Vulnerabilidad Moderada,1.0,1.0,2.578385269,1.0,1.776038647,2.117608696,1.790108696,1.0,fupal,1,low,,,espanol_uno_mas_adultos,adultos_ninguno_analfabeta,0.0,0,0,8.975915299,21.88512181,2.877986279,30.44560593426951,medium,EXCLUSION,0.17454
1379,#606,2023-08,Vulnerabilidad Moderada,1.0,1.0,1.0,1.0,1.776038647,2.823478261,1.790108696,1.0,foten,4,average,jefatura_masculina,no,espanol_uno_mas_adultos,adultos_ninguno_analfabeta,,0,0,0.0,26.18890898,2.730928248,25.34612370011462,medium,INCLUSION,0.15672
1380,#527,2023-08,Vulnerabilidad Baja,1.0,1.0,1.0,1.0,1.0,1.0,1.0,1.0,sotap,4,average,jefatura_femenina,si,espanol_uno_mas_adultos,adultos_ninguno_analfabeta,-500.0,0,0,0.0,0.0,2.0,0.0,low,EXCLUSION,0.11381999999999998
1381,#252,2023-07,Vulnerabilidad Baja,1.0,1.0,1.0,1.0,1.776038647,2.117608696,1.790108696,1.043888889,sotap,4,low,jefatura_masculina,no,espanol_uno_mas_adultos,adultos_ninguno_analfabeta,,0,0,0.0,22.50821784,2.628200749,21.78388088169096,medium,INCLUSION,0.0948
1382,#527,2024-03,Vulnerabilidad Elevada,2.700708215,1.0,1.249197356,1.0,1.776038647,2.823478261,1.790108696,1.043888889,sotap,2,complete,jefatura_masculina,si,espanol_uno_mas_adultos,adultos_ninguno_analfabeta,,0,0,11.93561888,26.85846924,3.104889798,38.31385587256485,high,EXCLUSION,0.1128
1383,#133,2024-04,Vulnerabilidad Elevada,2.070141643,1.0,1.0,1.0,1.776038647,2.823478261,2.580217391,1.043888889,fupal,4,average,jefatura_femenina,si,espanol_uno_mas_adultos,adultos_ninguno_analfabeta,-500.0,0,0,6.702282231,32.85812825,3.116564434,38.71868920026256,high,EXCLUSION,0.11010000000000002
1384,#1860,2024-06,Vulnerabilidad Baja,1.0,1.0,1.0,1.0,1.776038647,1.498900966,1.790108696,1.0,pcr_cdmx,1,low,,,espanol_uno_mas_adultos,adultos_ninguno_analfabeta,,0,0,0.0,17.10850297,2.477495573,16.55793423592243,low,EXCLUSION,0.11339999999999997
1385,#1859,2024-04,Vulnerabilidad Baja,1.0,1.0,1.0,1.0,1.0,2.117608696,1.790108696,1.0,pcr_cdmx,2,average,jefatura_masculina,si,espanol_uno_mas_adultos,adultos_ninguno_analfabeta,,0,0,0.0,14.16503897,2.395343965,13.709193850906429,low,EXCLUSION,0.10926000000000001
1386,#1101,2024-05,Vulnerabilidad Moderada,1.0,1.0,1.0,1.0,1.776038647,2.823478261,1.790108696,1.0,sotap,1,low,,,espanol_uno_mas_adultos,adultos_ninguno_analfabeta,,0,0,0.0,26.18890898,2.730928248,25.34612370011462,medium,EXCLUSION,0.11706000000000001
1387,#527,2023-08,Vulnerabilidad Baja,1.0,1.0,1.0,1.0,1.0,1.0,1.790108696,1.0,sotap,3,average,jefatura_femenina,si,espanol_uno_mas_adultos,adultos_ninguno_analfabeta,0.0,0,0,0.0,5.614422911,2.156697643,5.433745167301109,low,INCLUSION,0.10043999999999999
1388,#1223,2023-07,Vulnerabilidad Moderada,1.0,1.0,1.0,1.0,1.776038647,2.823478261,2.580217391,1.0,sotap,3,average,jefatura_masculina,no,espanol_ningun_adulto,adultos_ninguno_analfabeta,,0,0,0.0,32.12448674,2.896589272,31.09068863222006,medium,INCLUSION,0.1173
1389,#071,2023-07,Vulnerabilidad Moderada,1.0,1.0,2.578385269,1.0,1.776038647,1.498900966,1.790108696,1.0,sotap,4,average,jefatura_masculina,no,espanol_ningun_adulto,adultos_ninguno_analfabeta,,0,0,8.975915299,17.10850297,2.744671614,25.82270346515955,medium,EXCLUSION,0.12642
1390,#112,2023-12,Vulnerabilidad Elevada,2.700708215,1.0,3.251728045,1.0,1.776038647,2.117608696,1.790108696,1.043888889,sotap,6,high,jefatura_masculina,no,espanol_uno_mas_adultos,adultos_ninguno_analfabeta,,0,0,24.2379543,22.50821784,3.34966485,46.80183678901926,high,EXCLUSION,0.15761999999999998
1391,#071,2023-11,Vulnerabilidad Elevada,2.070141643,2.051104816,1.0,1.0,1.776038647,2.117608696,2.580217391,1.043888889,sotap,4,average,jefatura_masculina,no,espanol_ningun_adulto,adultos_uno_mas_analfabeta,,0,0,14.63015408,28.09152966,3.219509535,42.28848321246002,high,INCLUSION,0.13643999999999998
1392,#1223,2024-06,Vulnerabilidad Moderada,1.0,1.0,1.0,1.0,1.776038647,2.823478261,1.790108696,1.0,sotap,1,low,,,espanol_uno_mas_adultos,adultos_ninguno_analfabeta,0.0,0,0,0.0,26.18890898,2.730928248,25.34612370011462,medium,EXCLUSION,0.10776000000000001
1393,#1583,2024-04,Vulnerabilidad Severa,1.599560907,1.0,1.0,1.0,1.776038647,2.823478261,2.580217391,2.544987923,foten,4,average,jefatura_femenina,si,espanol_uno_mas_adultos,adultos_uno_mas_analfabeta,,0,0,4.186184624,50.0,3.520097459,52.71185023138494,high,INCLUSION,0.11831999999999998
1394,#1323,2024-02,Vulnerabilidad Baja,1.0,1.0,1.0,1.0,1.0,1.0,1.0,1.0,fupal,1,low,,,espanol_uno_mas_adultos,adultos_ninguno_analfabeta,0.0,0,0,0.0,0.0,2.0,0.0,low,EXCLUSION,0.13566
1395,#1841,2024-05,Vulnerabilidad Elevada,1.0,2.051104816,1.0,1.0,1.776038647,2.823478261,2.580217391,1.0,foten,2,average,jefatura_masculina,si,espanol_uno_mas_adultos,adultos_uno_mas_analfabeta,,-500,0,6.609317356,32.12448674,3.093321436,37.9127004300535,high,EXCLUSION,0.16007999999999997
1396,#1223,2024-02,Vulnerabilidad Baja,1.0,1.0,1.0,1.0,1.0,1.0,1.0,1.0,sotap,3,low,jefatura_masculina,no,espanol_uno_mas_adultos,adultos_ninguno_analfabeta,-500.0,0,0,0.0,0.0,2.0,0.0,low,EXCLUSION,0.1059
1397,#112,2023-08,Vulnerabilidad Elevada,1.0,1.0,2.578385269,1.0,1.776038647,1.498900966,2.580217391,1.043888889,sotap,1,low,,,espanol_ningun_adulto,adultos_ninguno_analfabeta,,0,0,8.975915299,22.80125306,2.903555356,31.332255164513256,medium,INCLUSION,0.14688
1398,#527,2024-02,Vulnerabilidad Elevada,1.0,2.051104816,1.0,1.0,1.776038647,2.823478261,2.580217391,1.043888889,sotap,5,high,jefatura_femenina,no,espanol_uno_mas_adultos,adultos_ninguno_analfabeta,,0,0,6.609317356,32.85812825,3.113797253,38.62273262262019,high,INCLUSION,0.1722
1399,#071,2024-07,Vulnerabilidad Baja,1.0,1.0,2.578385269,1.0,1.0,1.0,1.0,1.0,sotap,1,low,,,espanol_uno_mas_adultos,adultos_ninguno_analfabeta,,0,0,8.975915299,0.0,2.267176041,9.26476922923712,low,EXCLUSION,0.10296
1400,#112,2024-06,Vulnerabilidad Elevada,1.0,1.0,2.578385269,1.0,1.776038647,2.823478261,1.790108696,1.0,sotap,3,average,jefatura_masculina,no,espanol_ningun_adulto,adultos_ninguno_analfabeta,0.0,0,0,8.975915299,26.18890898,2.998104289,34.61089292935174,high,EXCLUSION,0.14226
1401,#252,2024-03,Vulnerabilidad Baja,2.070141643,1.0,1.0,1.0,1.0,1.0,1.790108696,1.0,sotap,1,low,,,espanol_uno_mas_adultos,adultos_ninguno_analfabeta,0.0,0,0,6.702282231,5.614422911,2.356196989,12.35171354277692,low,EXCLUSION,0.10577999999999999
1402,#1311,2023-06,Vulnerabilidad Baja,1.0,1.0,1.0,1.0,1.0,2.823478261,1.790108696,1.0,sotap,4,average,jefatura_femenina,no,espanol_uno_mas_adultos,adultos_ninguno_analfabeta,,0,0,0.0,17.8931401,2.49939467,17.3173209584419,low,EXCLUSION,0.11964000000000001
1403,#071,2023-07,Vulnerabilidad Baja,1.0,2.051104816,1.0,1.0,1.776038647,1.498900966,1.790108696,1.0,sotap,1,low,,,espanol_uno_mas_adultos,adultos_ninguno_analfabeta,,0,0,6.609317356,17.10850297,2.674227738,23.379946033755868,medium,EXCLUSION,0.0972
1404,#1223,2023-10,Vulnerabilidad Elevada,1.0,1.0,2.578385269,1.0,1.776038647,2.823478261,2.580217391,1.043888889,sotap,1,low,,,espanol_ningun_adulto,adultos_ninguno_analfabeta,0.0,0,0,8.975915299,32.85812825,3.184241129,41.06549005402387,high,EXCLUSION,0.16326
1405,#1101,2023-10,Vulnerabilidad Baja,1.0,1.0,1.0,1.0,1.776038647,2.117608696,1.790108696,1.043888889,sotap,1,low,,,espanol_uno_mas_adultos,adultos_ninguno_analfabeta,0.0,-500,0,0.0,22.50821784,2.628200749,21.78388088169096,medium,EXCLUSION,0.17429999999999998
1406,#458,2023-09,Vulnerabilidad Elevada,2.070141643,1.0,1.0,1.0,1.776038647,2.117608696,2.580217391,1.043888889,fupal,1,low,,,espanol_uno_mas_adultos,adultos_ninguno_analfabeta,,0,0,6.702282231,28.09152966,2.983529432,34.10548451948735,high,EXCLUSION,0.1188
1407,#527,2023-08,Vulnerabilidad Baja,2.700708215,1.0,1.0,1.0,1.0,1.0,1.790108696,1.0,sotap,1,low,,,espanol_ningun_adulto,adultos_uno_mas_analfabeta,,0,0,9.472088355,5.614422911,2.438642712,15.210654797653364,low,EXCLUSION,0.10764
1408,#458,2024-06,Vulnerabilidad Moderada,1.0,2.051104816,1.0,1.0,1.776038647,2.117608696,1.790108696,1.0,fupal,1,low,,,espanol_uno_mas_adultos,adultos_ninguno_analfabeta,0.0,0,0,6.609317356,21.88512181,2.807542403,28.002848502865827,medium,EXCLUSION,0.10727999999999999
1409,#1771,2023-09,Vulnerabilidad Baja,1.0,1.0,1.0,1.0,1.0,1.0,1.0,1.0,fupal,4,average,jefatura_femenina,si,espanol_uno_mas_adultos,adultos_ninguno_analfabeta,,0,0,0.0,0.0,2.0,0.0,low,INCLUSION,0.1146
1410,#527,2024-07,Vulnerabilidad Baja,1.0,1.0,1.0,1.0,1.776038647,1.498900966,1.790108696,1.0,sotap,3,average,jefatura_femenina,si,espanol_uno_mas_adultos,adultos_ninguno_analfabeta,,0,0,0.0,17.10850297,2.477495573,16.55793423592243,low,EXCLUSION,0.11231999999999999
1411,#071,2024-06,Vulnerabilidad Baja,1.0,1.0,1.0,1.0,1.0,1.0,1.0,1.0,sotap,1,low,,,espanol_uno_mas_adultos,adultos_ninguno_analfabeta,,0,0,0.0,0.0,2.0,0.0,low,EXCLUSION,0.07668
1412,#1860,2024-06,Vulnerabilidad Moderada,1.0,1.0,1.0,1.0,1.776038647,2.823478261,1.790108696,1.0,pcr_cdmx,4,average,jefatura_femenina,si,espanol_uno_mas_adultos,adultos_ninguno_analfabeta,-500.0,-500,0,0.0,26.18890898,2.730928248,25.34612370011462,medium,EXCLUSION,0.13302
1413,#1200,2024-01,Vulnerabilidad Elevada,2.070141643,1.0,2.578385269,1.0,1.776038647,2.823478261,2.580217391,1.043888889,fupal,3,low,jefatura_femenina,no,espanol_uno_mas_adultos,adultos_ninguno_analfabeta,,0,0,17.46888676,32.85812825,3.43704192,49.83177382961031,high,EXCLUSION,0.15846
1414,#1859,2024-02,Vulnerabilidad Elevada,1.0,1.0,2.578385269,1.0,1.776038647,2.117608696,2.580217391,1.738466184,pcr_cdmx,1,low,,,espanol_ningun_adulto,adultos_ninguno_analfabeta,0.0,0,0,8.975915299,36.78475459,3.29383264,44.86575363177633,high,EXCLUSION,0.17454
1415,#112,2023-12,Vulnerabilidad Elevada,2.700708215,1.0,3.251728045,1.0,1.776038647,2.117608696,1.790108696,1.0,sotap,5,average,jefatura_femenina,no,espanol_uno_mas_adultos,adultos_ninguno_analfabeta,,0,0,24.2379543,21.88512181,3.33227434,46.19879261236069,high,INCLUSION,0.14826
1416,#1223,2024-04,Vulnerabilidad Elevada,1.0,1.0,3.251728045,1.0,1.776038647,2.117608696,1.790108696,1.0,sotap,1,low,,,espanol_uno_mas_adultos,adultos_ninguno_analfabeta,,0,0,11.51832969,21.88512181,2.953663487,33.06983776278628,medium,EXCLUSION,0.12503999999999998
1417,#1101,2024-03,Vulnerabilidad Baja,2.700708215,1.0,1.249197356,1.0,1.0,1.0,1.0,1.0,sotap,1,low,,,espanol_uno_mas_adultos,adultos_ninguno_analfabeta,0.0,0,0,11.93561888,0.0,2.35527423,12.31971903117728,low,INCLUSION,0.10506
1418,#1223,2023-07,Vulnerabilidad Elevada,2.700708215,1.0,1.0,1.0,1.776038647,2.823478261,1.790108696,1.0,sotap,2,complete,jefatura_femenina,si,espanol_uno_mas_adultos,adultos_ninguno_analfabeta,0.0,0,0,9.472088355,26.18890898,3.012873318,35.123033330466875,high,EXCLUSION,0.0888
1419,#1311,2023-12,Vulnerabilidad Moderada,2.700708215,1.0,2.578385269,1.0,1.0,1.0,1.790108696,1.0,sotap,1,low,,,espanol_uno_mas_adultos,adultos_ninguno_analfabeta,0.0,0,0,20.97871872,5.614422911,2.78114772,27.08758003442943,medium,INCLUSION,0.12558
1420,#555,2024-03,Vulnerabilidad Moderada,1.0,1.0,1.0,1.0,1.776038647,2.823478261,1.790108696,1.0,sotap,1,low,,,espanol_uno_mas_adultos,adultos_ninguno_analfabeta,0.0,0,0,0.0,26.18890898,2.730928248,25.34612370011462,medium,EXCLUSION,0.14658
1421,#458,2023-06,Vulnerabilidad Elevada,2.700708215,1.0,1.249197356,1.0,1.776038647,2.117608696,1.790108696,1.043888889,fupal,4,average,jefatura_masculina,si,espanol_uno_mas_adultos,adultos_ninguno_analfabeta,0.0,0,0,11.93561888,22.50821784,2.983474979,34.10359991286824,high,EXCLUSION,0.09234
1422,#071,2023-07,Vulnerabilidad Moderada,2.070141643,1.0,1.0,1.0,1.776038647,1.498900966,2.580217391,1.043888889,sotap,1,low,,,espanol_uno_mas_adultos,adultos_ninguno_analfabeta,,0,0,6.702282231,22.80125306,2.835878661,28.985454310751948,medium,EXCLUSION,0.08496
1423,#071,2024-03,Vulnerabilidad Baja,1.0,1.0,1.0,1.0,1.776038647,2.117608696,1.790108696,1.0,sotap,1,low,,,espanol_uno_mas_adultos,adultos_ninguno_analfabeta,,0,0,0.0,21.88512181,2.610810239,21.18083670503239,low,EXCLUSION,0.144
1424,#555,2023-11,Vulnerabilidad Moderada,1.0,1.0,1.0,1.0,1.776038647,2.823478261,1.790108696,1.0,sotap,2,average,jefatura_femenina,si,espanol_uno_mas_adultos,adultos_ninguno_analfabeta,,0,0,0.0,26.18890898,2.730928248,25.34612370011462,medium,EXCLUSION,0.14556
1425,#1223,2023-10,Vulnerabilidad Baja,2.070141643,1.525552408,1.0,1.0,1.776038647,1.0,1.0,1.0,sotap,1,low,,,espanol_ningun_adulto,adultos_ninguno_analfabeta,,0,0,11.1900528,5.532745347,2.487499832,16.904855958144992,low,EXCLUSION,0.13914
1426,#1101,2024-07,Vulnerabilidad Baja,1.0,1.0,3.251728045,1.0,1.776038647,1.0,1.790108696,1.0,sotap,1,low,,,espanol_uno_mas_adultos,adultos_ninguno_analfabeta,-500.0,0,0,11.51832969,12.01413641,2.678165869,23.51651054394368,medium,EXCLUSION,0.12984
1427,#112,2023-08,Vulnerabilidad Moderada,1.0,1.525552408,1.0,1.0,1.776038647,2.823478261,1.790108696,1.0,sotap,1,low,,,espanol_uno_mas_adultos,adultos_ninguno_analfabeta,0.0,0,0,3.741369748,26.18890898,2.842293421,29.20789446797501,medium,INCLUSION,0.15209999999999999
1428,#071,2024-02,Vulnerabilidad Baja,2.070141643,1.0,1.0,1.0,1.776038647,1.0,1.790108696,1.043888889,sotap,1,low,,,espanol_uno_mas_adultos,adultos_ninguno_analfabeta,,0,0,6.702282231,12.53066404,2.549228169,19.04538311600457,low,EXCLUSION,0.10434
1429,#1223,2023-07,Vulnerabilidad Elevada,2.700708215,1.0,3.251728045,1.0,1.776038647,2.117608696,1.790108696,1.0,sotap,3,average,jefatura_masculina,no,espanol_uno_mas_adultos,adultos_ninguno_analfabeta,0.0,0,0,24.2379543,21.88512181,3.33227434,46.19879261236069,high,EXCLUSION,0.1206
1430,#112,2023-07,Vulnerabilidad Baja,2.070141643,1.0,1.0,1.0,1.0,1.0,1.0,1.043888889,sotap,1,low,,,espanol_uno_mas_adultos,adultos_ninguno_analfabeta,,0,0,6.702282231,0.386821499,2.210295472,7.2923415718164915,low,EXCLUSION,0.07482
1431,#672,2024-02,Vulnerabilidad Baja,2.700708215,1.0,2.578385269,1.0,1.0,1.0,1.0,1.0,fupal,2,low,jefatura_femenina,no,espanol_uno_mas_adultos,adultos_ninguno_analfabeta,,0,0,20.97871872,0.0,2.624450078,21.65383486712832,medium,INCLUSION,0.13404
1432,#1407,2024-02,Vulnerabilidad Severa,2.700708215,2.051104816,3.251728045,1.0,1.776038647,2.823478261,2.580217391,1.043888889,foten,1,low,,,espanol_uno_mas_adultos,adultos_ninguno_analfabeta,0.0,0,0,35.61565687,32.85812825,3.977196548,68.56252514852022,high,EXCLUSION,0.16793999999999998
1433,#555,2024-01,Vulnerabilidad Moderada,2.070141643,1.0,1.0,1.0,1.776038647,2.117608696,1.790108696,1.043888889,sotap,4,average,jefatura_femenina,si,espanol_uno_mas_adultos,adultos_ninguno_analfabeta,0.0,0,0,6.702282231,22.50821784,2.827700095,28.70184925716677,medium,EXCLUSION,0.14994
1434,#252,2024-04,Vulnerabilidad Elevada,1.599560907,1.0,2.578385269,1.0,1.776038647,2.823478261,1.790108696,1.043888889,sotap,3,low,jefatura_masculina,no,espanol_uno_mas_adultos,adultos_ninguno_analfabeta,0.0,0,0,14.28054816,26.85846924,3.174688687,40.73424732172453,high,EXCLUSION,0.13782
1435,#1311,2024-03,Vulnerabilidad Baja,1.0,1.0,1.0,1.0,1.0,1.498900966,1.790108696,1.738466184,sotap,1,low,,,espanol_uno_mas_adultos,adultos_uno_mas_analfabeta,,0,0,0.0,16.8262746,2.469618625,16.2847882570974,low,INCLUSION,0.12083999999999999
1436,#252,2024-06,Vulnerabilidad Baja,1.0,1.0,1.0,1.564135978,1.0,1.498900966,1.790108696,1.0,sotap,1,low,,,espanol_uno_mas_adultos,adultos_ninguno_analfabeta,,0,0,3.975239986,10.02735341,2.398188352,13.807830333902256,low,EXCLUSION,0.06978000000000001
1437,#527,2024-02,Vulnerabilidad Baja,1.0,1.0,1.0,1.0,1.0,2.117608696,1.790108696,1.0,sotap,3,low,jefatura_masculina,si,espanol_uno_mas_adultos,adultos_ninguno_analfabeta,,0,0,0.0,14.16503897,2.395343965,13.709193850906429,low,EXCLUSION,0.1191
1438,#264,2024-06,Vulnerabilidad Elevada,1.0,1.0,2.578385269,1.0,1.776038647,2.823478261,2.580217391,1.0,foten,4,average,jefatura_femenina,si,espanol_uno_mas_adultos,adultos_uno_mas_analfabeta,,0,0,8.975915299,32.12448674,3.163765312,40.35545786145718,high,INCLUSION,0.13716
1439,#112,2023-10,Vulnerabilidad Elevada,2.700708215,1.0,1.249197356,1.0,1.776038647,2.117608696,1.790108696,1.0,sotap,3,average,jefatura_femenina,si,espanol_uno_mas_adultos,adultos_ninguno_analfabeta,0.0,0,0,11.93561888,21.88512181,2.966084469,33.50055573620967,medium,EXCLUSION,0.108
1440,#031,2024-05,Vulnerabilidad Elevada,2.070141643,1.0,2.578385269,1.0,1.776038647,2.117608696,2.580217391,1.043888889,fusal,5,high,jefatura_masculina,no,espanol_uno_mas_adultos,adultos_ninguno_analfabeta,0.0,0,0,17.46888676,28.09152966,3.304006918,45.2185691488351,high,EXCLUSION,0.13074
1441,#1725,2023-06,Vulnerabilidad Moderada,1.0,1.0,1.0,1.0,1.776038647,2.823478261,2.580217391,1.0,foten,1,low,,,espanol_uno_mas_adultos,adultos_ninguno_analfabeta,,0,0,0.0,32.12448674,2.896589272,31.09068863222006,medium,EXCLUSION,0.12233999999999999
1442,#071,2024-02,Vulnerabilidad Moderada,1.0,1.0,1.0,1.0,1.776038647,2.823478261,1.790108696,1.0,sotap,1,low,,,espanol_uno_mas_adultos,adultos_ninguno_analfabeta,,0,0,0.0,26.18890898,2.730928248,25.34612370011462,medium,EXCLUSION,0.14406
1443,#1101,2023-07,Vulnerabilidad Elevada,1.0,1.0,1.0,1.0,1.776038647,2.823478261,2.580217391,1.043888889,sotap,1,low,,,espanol_uno_mas_adultos,adultos_ninguno_analfabeta,0.0,0,0,0.0,32.85812825,2.917065088,31.80072082478675,medium,EXCLUSION,0.10110000000000001
1444,#252,2023-08,Vulnerabilidad Baja,2.700708215,1.0,1.0,1.0,1.0,1.498900966,2.580217391,1.043888889,sotap,1,low,,,espanol_uno_mas_adultos,adultos_ninguno_analfabeta,,0,0,9.472088355,14.95862607,2.699437924,24.254152154793587,medium,EXCLUSION,0.09263999999999999
1445,#555,2023-08,Vulnerabilidad Moderada,1.0,1.0,1.0,1.0,1.776038647,2.117608696,2.580217391,1.043888889,sotap,1,low,,,espanol_uno_mas_adultos,adultos_ninguno_analfabeta,,0,0,0.0,28.09152966,2.784030087,27.18751614401154,medium,EXCLUSION,0.12977999999999998
1446,#071,2023-06,Vulnerabilidad Moderada,1.0,1.0,1.0,1.0,1.776038647,2.823478261,2.580217391,1.0,sotap,3,average,jefatura_masculina,no,espanol_uno_mas_adultos,adultos_ninguno_analfabeta,,0,0,0.0,32.12448674,2.896589272,31.09068863222006,medium,EXCLUSION,0.12473999999999999
1447,#606,2023-09,Vulnerabilidad Elevada,1.0,1.0,2.578385269,1.0,1.776038647,2.823478261,2.580217391,1.0,foten,4,average,jefatura_masculina,no,espanol_uno_mas_adultos,adultos_ninguno_analfabeta,-500.0,0,0,8.975915299,32.12448674,3.163765312,40.35545786145718,high,EXCLUSION,0.1653
1448,#1359,2023-12,Vulnerabilidad Elevada,2.070141643,1.0,1.0,1.0,1.776038647,2.823478261,1.790108696,1.043888889,foten,2,average,jefatura_femenina,si,espanol_uno_mas_adultos,adultos_ninguno_analfabeta,,0,0,6.702282231,26.85846924,2.949114914,32.912105216863374,medium,EXCLUSION,0.1488
1449,#1101,2023-09,Vulnerabilidad Baja,1.0,1.0,1.0,1.0,1.776038647,1.498900966,1.790108696,1.0,sotap,4,average,jefatura_masculina,no,espanol_ningun_adulto,adultos_ninguno_analfabeta,,0,0,0.0,17.10850297,2.477495573,16.55793423592243,low,INCLUSION,0.11789999999999998
1450,#252,2023-12,Vulnerabilidad Baja,1.0,1.0,2.578385269,1.0,1.0,1.0,2.580217391,1.043888889,sotap,1,low,,,espanol_uno_mas_adultos,adultos_ninguno_analfabeta,0.0,-500,0,8.975915299,10.07114734,2.548260147,19.01181697668858,low,INCLUSION,0.16764
1451,#112,2024-06,Vulnerabilidad Elevada,2.700708215,1.0,2.578385269,1.0,1.776038647,2.823478261,1.790108696,1.043888889,sotap,3,complete,jefatura_femenina,si,espanol_uno_mas_adultos,adultos_ninguno_analfabeta,0.0,0,0,20.97871872,26.85846924,3.374065645,47.64797170851588,high,INCLUSION,0.09822
1452,#1101,2023-10,Vulnerabilidad Baja,1.0,1.0,1.0,1.0,1.776038647,1.0,1.790108696,1.0,sotap,1,low,,,espanol_uno_mas_adultos,adultos_ninguno_analfabeta,0.0,0,0,0.0,12.01413641,2.33531262,11.62750948618979,low,EXCLUSION,0.11969999999999999
1453,#252,2024-01,Vulnerabilidad Moderada,1.0,1.525552408,1.0,1.0,1.776038647,2.823478261,1.790108696,1.0,sotap,1,low,,,espanol_uno_mas_adultos,adultos_ninguno_analfabeta,,0,0,3.741369748,26.18890898,2.842293421,29.20789446797501,medium,EXCLUSION,0.16326
1454,#1101,2023-11,Vulnerabilidad Baja,1.0,1.0,1.0,1.0,1.0,1.0,1.790108696,1.0,sotap,1,low,,,espanol_uno_mas_adultos,adultos_ninguno_analfabeta,-500.0,0,0,0.0,5.614422911,2.156697643,5.433745167301109,low,EXCLUSION,0.1065
1455,#1223,2023-06,Vulnerabilidad Moderada,1.0,2.051104816,2.578385269,1.564135978,1.0,1.498900966,1.0,1.0,sotap,1,low,,,espanol_ningun_adulto,adultos_ninguno_analfabeta,0.0,0,0,23.37941737,3.815111519,2.802388142,27.82412781559103,medium,EXCLUSION,0.14304
1456,#527,2024-03,Vulnerabilidad Baja,1.0,1.0,1.0,1.0,1.776038647,2.117608696,1.0,1.0,sotap,4,average,jefatura_masculina,no,espanol_uno_mas_adultos,adultos_ninguno_analfabeta,0.0,0,0,0.0,14.06650994,2.392594036,13.61383558362086,low,INCLUSION,0.14634
1457,#252,2024-05,Vulnerabilidad Baja,1.0,1.0,1.0,1.0,1.776038647,2.117608696,1.790108696,1.0,sotap,1,low,,,espanol_uno_mas_adultos,adultos_ninguno_analfabeta,,0,0,0.0,21.88512181,2.610810239,21.18083670503239,low,EXCLUSION,0.11772
1458,#071,2023-06,Vulnerabilidad Severa,2.700708215,1.0,2.578385269,1.0,1.776038647,2.823478261,2.580217391,1.043888889,sotap,3,average,jefatura_femenina,si,espanol_ningun_adulto,adultos_ninguno_analfabeta,,0,0,20.97871872,32.85812825,3.541515166,53.45455569191508,high,EXCLUSION,0.09395999999999999
1459,#692,2023-06,Vulnerabilidad Baja,1.0,1.0,1.0,1.0,1.0,1.498900966,1.790108696,1.043888889,pcr_cdmx,1,low,,,espanol_ningun_adulto,adultos_ninguno_analfabeta,,0,0,0.0,10.52243148,2.293679375,10.18380911254212,low,INCLUSION,0.099
1460,#252,2023-07,Vulnerabilidad Elevada,2.700708215,1.0,2.578385269,1.0,1.776038647,2.117608696,1.790108696,1.0,sotap,1,low,,,espanol_uno_mas_adultos,adultos_ninguno_analfabeta,,0,0,20.97871872,21.88512181,3.235260316,42.83467157216072,high,EXCLUSION,0.09876
1461,#1725,2023-09,Vulnerabilidad Baja,1.0,1.0,1.0,1.0,1.0,1.498900966,1.0,1.0,foten,1,low,,,espanol_uno_mas_adultos,adultos_ninguno_analfabeta,-500.0,0,0,0.0,3.815111519,2.10647915,3.692337415207061,low,EXCLUSION,0.12996
1462,#1583,2024-03,Vulnerabilidad Moderada,1.0,1.0,2.578385269,1.0,1.776038647,2.117608696,1.790108696,1.043888889,foten,1,low,,,espanol_uno_mas_adultos,adultos_ninguno_analfabeta,,0,0,8.975915299,22.50821784,2.89537679,31.04865011092808,medium,EXCLUSION,0.16116
1463,#071,2023-12,Vulnerabilidad Baja,1.0,1.0,1.0,1.0,1.776038647,1.0,1.790108696,1.0,sotap,2,low,jefatura_masculina,no,espanol_uno_mas_adultos,adultos_ninguno_analfabeta,,0,0,0.0,12.01413641,2.33531262,11.62750948618979,low,EXCLUSION,0.1389
1464,#527,2024-06,Vulnerabilidad Baja,1.0,1.0,1.0,1.0,1.776038647,2.117608696,1.0,1.0,sotap,4,average,jefatura_femenina,si,espanol_uno_mas_adultos,adultos_ninguno_analfabeta,0.0,0,0,0.0,14.06650994,2.392594036,13.61383558362086,low,EXCLUSION,0.11268
1465,#1223,2024-06,Vulnerabilidad Baja,1.0,1.0,1.0,1.0,1.776038647,1.0,1.790108696,1.0,sotap,1,low,,,espanol_uno_mas_adultos,adultos_ninguno_analfabeta,0.0,0,0,0.0,12.01413641,2.33531262,11.62750948618979,low,EXCLUSION,0.10319999999999999
1466,#1841,2023-06,Vulnerabilidad Severa,2.700708215,1.0,2.578385269,1.0,1.776038647,2.823478261,2.580217391,1.0,foten,4,average,jefatura_masculina,no,espanol_uno_mas_adultos,adultos_ninguno_analfabeta,,0,0,20.97871872,32.12448674,3.521039349,52.74452349934838,high,EXCLUSION,0.13182
1467,#527,2024-02,Vulnerabilidad Elevada,2.700708215,1.0,3.251728045,1.0,1.776038647,2.823478261,1.790108696,1.0,sotap,1,low,,,espanol_ningun_adulto,adultos_ninguno_analfabeta,,0,0,24.2379543,26.18890898,3.45239235,50.36407960744292,high,EXCLUSION,0.17232
1468,#527,2024-01,Vulnerabilidad Moderada,1.0,1.0,1.0,1.0,1.776038647,2.823478261,2.580217391,1.0,sotap,3,low,jefatura_masculina,no,espanol_ningun_adulto,adultos_ninguno_analfabeta,,0,0,0.0,32.12448674,2.896589272,31.09068863222006,medium,EXCLUSION,0.17148
1469,#1223,2024-05,Vulnerabilidad Elevada,1.0,1.0,2.578385269,1.0,1.776038647,1.498900966,2.580217391,1.043888889,sotap,1,low,,,espanol_ningun_adulto,adultos_ninguno_analfabeta,0.0,0,0,8.975915299,22.80125306,2.903555356,31.332255164513256,medium,EXCLUSION,0.12485999999999998
1470,#1407,2023-12,Vulnerabilidad Elevada,1.0,1.525552408,2.578385269,1.0,1.776038647,2.823478261,1.790108696,1.0,foten,3,average,jefatura_femenina,si,espanol_uno_mas_adultos,adultos_ninguno_analfabeta,0.0,0,0,13.7168894,26.18890898,3.139223567,39.50443631789602,high,INCLUSION,0.21120000000000003
1471,#1497,2023-08,Vulnerabilidad Moderada,1.0,1.0,3.251728045,1.0,1.776038647,1.0,2.580217391,1.0,futij,1,low,,,espanol_uno_mas_adultos,adultos_ninguno_analfabeta,0.0,0,0,11.51832969,16.59309681,2.805963919,27.94811541931128,medium,EXCLUSION,0.16164
1472,#527,2023-10,Vulnerabilidad Moderada,1.0,1.0,1.0,1.0,1.776038647,2.823478261,2.580217391,1.0,sotap,9,average,jefatura_femenina,no,espanol_uno_mas_adultos,adultos_ninguno_analfabeta,,0,0,0.0,32.12448674,2.896589272,31.09068863222006,medium,INCLUSION,0.12660000000000002
1473,#1101,2024-03,Vulnerabilidad Elevada,2.070141643,1.0,1.0,1.0,1.776038647,2.823478261,1.790108696,1.043888889,sotap,4,average,jefatura_masculina,no,espanol_uno_mas_adultos,adultos_ninguno_analfabeta,,0,-500,6.702282231,26.85846924,2.949114914,32.912105216863374,medium,EXCLUSION,0.1761
1474,#252,2023-11,Vulnerabilidad Baja,1.0,1.0,1.0,1.0,1.0,1.0,1.0,1.0,sotap,1,low,,,espanol_uno_mas_adultos,adultos_ninguno_analfabeta,-500.0,0,0,0.0,0.0,2.0,0.0,low,INCLUSION,0.10206000000000001
1475,#440,2023-07,Vulnerabilidad Baja,1.599560907,1.0,1.0,1.0,1.0,1.0,1.790108696,1.043888889,pcr_cdmx,1,low,,,espanol_uno_mas_adultos,adultos_ninguno_analfabeta,,0,0,4.186184624,6.061858428,2.293790976,10.187681993313475,low,INCLUSION,0.07853999999999998
1476,#252,2024-06,Vulnerabilidad Elevada,1.599560907,1.0,1.0,1.564135978,1.776038647,2.823478261,2.580217391,1.043888889,sotap,4,average,jefatura_femenina,si,espanol_uno_mas_adultos,adultos_ninguno_analfabeta,,0,0,8.656761296,32.85812825,3.174741228,40.73606535605333,high,EXCLUSION,0.11502
1477,#1771,2024-01,Vulnerabilidad Moderada,1.0,1.0,1.0,1.0,1.776038647,2.823478261,1.790108696,1.0,fupal,1,low,,,espanol_uno_mas_adultos,adultos_ninguno_analfabeta,,0,0,0.0,26.18890898,2.730928248,25.34612370011462,medium,INCLUSION,0.16884
1478,#112,2024-04,Vulnerabilidad Baja,1.0,1.0,1.0,1.0,1.776038647,2.117608696,1.790108696,1.0,sotap,1,low,,,espanol_uno_mas_adultos,adultos_ninguno_analfabeta,0.0,0,0,0.0,21.88512181,2.610810239,21.18083670503239,low,EXCLUSION,0.10547999999999999
1479,#1359,2023-09,Vulnerabilidad Severa,2.700708215,1.0,3.251728045,1.0,1.776038647,2.117608696,2.580217391,1.043888889,foten,3,average,jefatura_masculina,no,espanol_uno_mas_adultos,adultos_ninguno_analfabeta,,0,0,24.2379543,28.09152966,3.505494188,52.20547205133984,high,INCLUSION,0.14436
1480,#1101,2023-07,Vulnerabilidad Elevada,2.070141643,1.0,1.0,1.0,1.776038647,2.823478261,1.790108696,1.043888889,sotap,2,low,jefatura_masculina,no,espanol_uno_mas_adultos,adultos_ninguno_analfabeta,0.0,0,0,6.702282231,26.85846924,2.949114914,32.912105216863374,medium,EXCLUSION,0.10806
1481,#1497,2023-11,Vulnerabilidad Baja,1.0,1.0,1.0,1.0,1.0,1.498900966,1.0,1.0,futij,2,average,jefatura_femenina,si,espanol_uno_mas_adultos,adultos_ninguno_analfabeta,0.0,0,0,0.0,3.815111519,2.10647915,3.692337415207061,low,INCLUSION,0.13848
1482,#606,2024-04,Vulnerabilidad Elevada,2.070141643,1.0,1.0,1.0,1.776038647,1.498900966,2.580217391,2.544987923,foten,2,average,jefatura_masculina,si,espanol_uno_mas_adultos,adultos_uno_mas_analfabeta,,0,0,6.702282231,37.43330939,3.244257006,43.14663643599621,high,EXCLUSION,0.11135999999999999
1483,#1311,2023-08,Vulnerabilidad Moderada,1.0,1.0,1.0,1.0,1.776038647,2.823478261,1.790108696,1.0,sotap,4,average,jefatura_masculina,no,espanol_uno_mas_adultos,adultos_ninguno_analfabeta,0.0,0,0,0.0,26.18890898,2.730928248,25.34612370011462,medium,EXCLUSION,0.14945999999999998
1484,#527,2024-01,Vulnerabilidad Elevada,2.700708215,1.0,2.578385269,1.0,1.776038647,2.823478261,1.790108696,1.0,sotap,1,low,,,espanol_uno_mas_adultos,adultos_ninguno_analfabeta,,0,0,20.97871872,26.18890898,3.355378326,46.99995856724294,high,EXCLUSION,0.15857999999999997
1485,#1765,2024-04,Vulnerabilidad Elevada,1.0,1.0,1.0,1.0,1.776038647,2.823478261,2.580217391,1.043888889,fupal,1,low,,,espanol_uno_mas_adultos,adultos_ninguno_analfabeta,0.0,0,0,0.0,32.85812825,2.917065088,31.80072082478675,medium,EXCLUSION,0.11453999999999999
1486,#1765,2023-10,Vulnerabilidad Elevada,1.0,1.0,1.0,1.0,1.776038647,2.823478261,2.580217391,1.043888889,fupal,5,high,jefatura_masculina,no,espanol_ningun_adulto,adultos_ninguno_analfabeta,,0,0,0.0,32.85812825,2.917065088,31.80072082478675,medium,EXCLUSION,0.16277999999999998
1487,#527,2024-01,Vulnerabilidad Elevada,1.0,2.051104816,2.578385269,1.0,1.776038647,2.823478261,1.790108696,1.0,sotap,3,average,jefatura_femenina,si,espanol_uno_mas_adultos,adultos_uno_mas_analfabeta,0.0,0,0,17.3510839,26.18890898,3.247398574,43.25558283110052,high,EXCLUSION,0.24239999999999998
1488,#1407,2024-06,Vulnerabilidad Moderada,2.700708215,1.0,1.0,1.0,1.776038647,1.0,2.580217391,1.0,foten,1,low,,,espanol_uno_mas_adultos,adultos_ninguno_analfabeta,0.0,0,0,9.472088355,16.59309681,2.74505574,25.83602399190964,medium,EXCLUSION,0.07529999999999999
1489,#252,2023-12,Vulnerabilidad Severa,2.700708215,1.0,3.251728045,1.0,1.776038647,2.117608696,2.580217391,1.043888889,sotap,6,high,jefatura_femenina,si,espanol_ningun_adulto,adultos_ninguno_analfabeta,-500.0,0,0,24.2379543,28.09152966,3.505494188,52.20547205133984,high,EXCLUSION,0.1299
1490,#1841,2024-03,Vulnerabilidad Elevada,2.070141643,1.0,1.0,1.0,1.776038647,1.498900966,2.580217391,2.544987923,foten,1,low,,,espanol_uno_mas_adultos,adultos_ninguno_analfabeta,0.0,0,0,6.702282231,37.43330939,3.244257006,43.14663643599621,high,INCLUSION,0.12138
1491,#112,2024-02,Vulnerabilidad Elevada,1.0,1.525552408,1.0,1.0,1.776038647,2.823478261,2.580217391,1.0,sotap,1,low,,,espanol_uno_mas_adultos,adultos_ninguno_analfabeta,,0,0,3.741369748,32.12448674,3.007954444,34.95245940008045,high,INCLUSION,0.13638
1492,#555,2023-09,Vulnerabilidad Severa,1.0,2.051104816,2.578385269,1.564135978,1.776038647,2.823478261,2.580217391,1.0,sotap,2,complete,jefatura_femenina,si,espanol_ningun_adulto,adultos_uno_mas_analfabeta,,0,0,23.37941737,32.12448674,3.592498263,55.22247903260403,high,INCLUSION,0.19326
1493,#252,2024-05,Vulnerabilidad Elevada,2.070141643,1.0,1.0,1.0,1.776038647,1.0,2.580217391,2.544987923,sotap,4,average,jefatura_masculina,no,espanol_uno_mas_adultos,adultos_uno_mas_analfabeta,,0,0,6.702282231,30.38303782,3.047485057,36.32324965539039,high,EXCLUSION,0.10577999999999999
1494,#1323,2023-07,Vulnerabilidad Elevada,1.0,1.0,2.578385269,1.0,1.776038647,2.823478261,1.790108696,1.0,fupal,3,average,jefatura_femenina,si,espanol_uno_mas_adultos,adultos_ninguno_analfabeta,,0,0,8.975915299,26.18890898,2.998104289,34.61089292935174,high,EXCLUSION,0.12684
1495,#527,2024-03,Vulnerabilidad Elevada,1.0,1.0,3.251728045,1.0,1.776038647,2.117608696,2.580217391,1.738466184,sotap,1,low,,,espanol_ningun_adulto,adultos_ninguno_analfabeta,-500.0,0,0,11.51832969,36.78475459,3.369509848,47.4899854602931,high,INCLUSION,0.14706
1496,#1841,2024-01,Vulnerabilidad Elevada,2.700708215,1.0,1.249197356,1.0,1.776038647,1.0,1.790108696,2.544987923,foten,2,average,jefatura_femenina,si,espanol_uno_mas_adultos,adultos_ninguno_analfabeta,,0,0,11.93561888,24.59957006,3.041844284,36.12765032707642,high,EXCLUSION,0.14064000000000002
1497,#1311,2023-10,Vulnerabilidad Elevada,2.700708215,1.0,1.249197356,1.0,1.776038647,2.823478261,1.790108696,1.043888889,sotap,6,average,jefatura_masculina,no,espanol_uno_mas_adultos,adultos_ninguno_analfabeta,,0,0,11.93561888,26.85846924,3.104889798,38.31385587256485,high,EXCLUSION,0.14628
1498,#1167,2023-07,Vulnerabilidad Baja,1.0,1.0,1.0,1.0,1.776038647,2.823478261,1.0,1.0,foten,4,average,jefatura_masculina,no,espanol_uno_mas_adultos,adultos_ninguno_analfabeta,,0,0,0.0,17.78726377,2.496439678,17.21485183461763,low,EXCLUSION,0.1293
1499,#071,2024-01,Vulnerabilidad Elevada,2.700708215,1.525552408,1.249197356,1.0,1.776038647,2.117608696,1.790108696,1.043888889,sotap,1,low,,,espanol_ningun_adulto,adultos_ninguno_analfabeta,,0,0,17.00620089,22.50821784,3.134405327,39.33735832253205,high,EXCLUSION,0.14298
1500,#071,2023-11,Vulnerabilidad Elevada,2.070141643,1.0,1.0,1.0,1.776038647,2.823478261,2.580217391,1.043888889,sotap,1,low,,,espanol_uno_mas_adultos,adultos_ninguno_analfabeta,0.0,0,0,6.702282231,32.85812825,3.116564434,38.71868920026256,high,EXCLUSION,0.13524
1501,#676,2024-05,Vulnerabilidad Baja,1.0,1.0,1.0,1.0,1.776038647,2.117608696,1.0,1.738466184,pcr_cdmx,4,average,jefatura_masculina,no,espanol_ningun_adulto,adultos_ninguno_analfabeta,,0,0,0.0,21.46429064,2.599064908,20.77354830291416,low,INCLUSION,0.12696
1502,#1101,2024-06,Vulnerabilidad Baja,1.0,1.0,1.0,1.0,1.776038647,2.117608696,1.790108696,1.0,sotap,1,low,,,espanol_uno_mas_adultos,adultos_ninguno_analfabeta,,0,0,0.0,21.88512181,2.610810239,21.18083670503239,low,EXCLUSION,0.0978
1503,#252,2024-06,Vulnerabilidad Moderada,1.0,2.051104816,1.0,2.128271955,1.0,1.0,2.580217391,1.0,sotap,3,average,jefatura_masculina,no,espanol_ningun_adulto,adultos_ninguno_analfabeta,,0,0,14.96519485,9.580889352,2.712853317,24.71935653723113,medium,EXCLUSION,0.14664
1504,#527,2024-06,Vulnerabilidad Moderada,1.0,1.0,1.0,1.0,1.776038647,2.823478261,2.580217391,1.0,sotap,5,average,jefatura_femenina,si,espanol_uno_mas_adultos,adultos_ninguno_analfabeta,0.0,0,0,0.0,32.12448674,2.896589272,31.09068863222006,medium,EXCLUSION,0.09563999999999999
1505,#252,2023-08,Vulnerabilidad Elevada,1.0,2.051104816,2.578385269,1.564135978,1.776038647,2.823478261,1.790108696,1.0,sotap,1,low,,,espanol_uno_mas_adultos,adultos_ninguno_analfabeta,0.0,0,0,23.37941737,26.18890898,3.42683724,49.4779141004986,high,EXCLUSION,0.1875
1506,#252,2023-10,Vulnerabilidad Elevada,1.0,1.0,2.578385269,1.0,1.776038647,2.823478261,2.580217391,1.738466184,sotap,3,complete,jefatura_femenina,si,espanol_uno_mas_adultos,adultos_ninguno_analfabeta,,-500,0,8.975915299,42.19960637,3.444960285,50.10635006664415,high,EXCLUSION,0.16038
1507,#527,2024-02,Vulnerabilidad Elevada,1.0,1.0,2.578385269,1.0,1.776038647,2.823478261,2.580217391,1.0,sotap,1,low,,,espanol_ningun_adulto,adultos_ninguno_analfabeta,0.0,0,0,8.975915299,32.12448674,3.163765312,40.35545786145718,high,INCLUSION,0.17016
1508,#1359,2024-03,Vulnerabilidad Elevada,2.070141643,1.0,1.0,1.0,1.776038647,2.823478261,2.580217391,1.043888889,foten,1,low,,,espanol_uno_mas_adultos,adultos_ninguno_analfabeta,0.0,0,0,6.702282231,32.85812825,3.116564434,38.71868920026256,high,INCLUSION,0.14328
1509,#1497,2023-08,Vulnerabilidad Baja,2.070141643,1.0,1.0,1.0,1.0,1.0,1.0,1.0,futij,1,low,,,espanol_uno_mas_adultos,adultos_ninguno_analfabeta,,0,0,6.702282231,0.0,2.199499346,6.917968375475811,low,INCLUSION,0.10818000000000001
1510,#527,2024-04,Vulnerabilidad Baja,1.0,1.0,2.578385269,1.0,1.776038647,1.0,1.790108696,1.043888889,sotap,1,low,,,espanol_uno_mas_adultos,adultos_ninguno_analfabeta,,0,0,8.975915299,12.53066404,2.616904864,21.39218396976588,medium,EXCLUSION,0.1152
1511,#1101,2023-12,Vulnerabilidad Elevada,1.599560907,1.0,2.578385269,1.0,1.776038647,1.0,1.790108696,2.544987923,sotap,3,low,jefatura_femenina,no,espanol_uno_mas_adultos,adultos_ninguno_analfabeta,-500.0,0,0,14.28054816,24.59957006,3.111643173,38.5480417762361,high,INCLUSION,0.13158
1512,#513,2023-09,Vulnerabilidad Baja,1.0,1.0,1.0,1.0,1.776038647,1.0,1.790108696,1.0,pcr_cdmx,1,low,,,espanol_uno_mas_adultos,adultos_ninguno_analfabeta,0.0,0,0,0.0,12.01413641,2.33531262,11.62750948618979,low,EXCLUSION,0.14634
1513,#937,2024-05,Vulnerabilidad Moderada,1.0,1.0,1.0,1.0,1.776038647,2.823478261,1.790108696,1.0,futij,4,average,jefatura_femenina,si,espanol_uno_mas_adultos,adultos_ninguno_analfabeta,,0,0,0.0,26.18890898,2.730928248,25.34612370011462,medium,EXCLUSION,0.12593999999999997
1514,#1583,2023-10,Vulnerabilidad Elevada,1.0,1.0,2.578385269,1.0,1.776038647,2.117608696,2.580217391,1.043888889,foten,2,average,jefatura_masculina,no,espanol_uno_mas_adultos,adultos_ninguno_analfabeta,,0,0,8.975915299,28.09152966,3.051206127,36.45228537324866,high,EXCLUSION,0.18108
1515,#1223,2023-07,Vulnerabilidad Baja,2.700708215,1.0,1.249197356,1.0,1.776038647,1.498900966,1.0,1.0,sotap,1,low,,,espanol_uno_mas_adultos,adultos_ninguno_analfabeta,500.0,0,0,11.93561888,9.93697889,2.632613717,21.936916003518192,medium,INCLUSION,0.0972
1516,#1323,2023-10,Vulnerabilidad Moderada,1.0,1.0,1.0,1.0,1.776038647,2.823478261,1.790108696,1.0,fupal,1,low,,,espanol_uno_mas_adultos,adultos_ninguno_analfabeta,0.0,0,0,0.0,26.18890898,2.730928248,25.34612370011462,medium,EXCLUSION,0.16332
1517,#1859,2024-06,Vulnerabilidad Baja,2.070141643,1.0,1.0,1.0,1.0,2.117608696,1.790108696,1.043888889,pcr_cdmx,1,low,,,espanol_ningun_adulto,adultos_ninguno_analfabeta,0.0,0,0,6.702282231,14.70478802,2.60990762,21.14954161220419,low,INCLUSION,0.08718
1518,#527,2024-02,Vulnerabilidad Elevada,2.070141643,1.0,1.0,1.0,1.776038647,2.117608696,2.580217391,2.544987923,sotap,2,complete,jefatura_femenina,si,espanol_uno_mas_adultos,adultos_ninguno_analfabeta,,0,0,6.702282231,44.04383881,3.428755821,49.5444324087312,high,INCLUSION,0.09918
1519,#1311,2023-10,Vulnerabilidad Baja,1.0,1.0,1.0,1.0,1.0,1.0,1.790108696,1.0,sotap,2,average,jefatura_femenina,si,espanol_uno_mas_adultos,adultos_ninguno_analfabeta,,0,0,0.0,5.614422911,2.156697643,5.433745167301109,low,EXCLUSION,0.1167
1520,#071,2023-10,Vulnerabilidad Elevada,1.0,1.0,1.0,1.0,1.776038647,2.823478261,2.580217391,1.043888889,sotap,2,average,jefatura_femenina,si,espanol_uno_mas_adultos,adultos_ninguno_analfabeta,0.0,0,0,0.0,32.85812825,2.917065088,31.80072082478675,medium,INCLUSION,0.1371
1521,#112,2023-12,Vulnerabilidad Elevada,1.0,2.051104816,1.0,1.0,1.776038647,2.823478261,1.790108696,1.0,sotap,2,average,jefatura_masculina,no,espanol_ningun_adulto,adultos_ninguno_analfabeta,0.0,0,0,6.609317356,26.18890898,2.927660413,32.16813549794806,medium,EXCLUSION,0.16907999999999998
1522,#527,2024-03,Vulnerabilidad Baja,1.0,1.0,1.0,1.0,1.0,1.0,1.790108696,1.0,sotap,1,low,,,espanol_uno_mas_adultos,adultos_ninguno_analfabeta,0.0,0,0,0.0,5.614422911,2.156697643,5.433745167301109,low,EXCLUSION,0.11597999999999997
1523,#937,2023-11,Vulnerabilidad Elevada,2.070141643,1.0,1.0,1.0,1.776038647,1.498900966,2.580217391,2.544987923,futij,2,average,jefatura_femenina,si,espanol_ningun_adulto,adultos_ninguno_analfabeta,,0,0,6.702282231,37.43330939,3.244257006,43.14663643599621,high,INCLUSION,0.14357999999999999
1524,#252,2023-10,Vulnerabilidad Baja,1.0,1.0,1.0,1.0,1.0,1.498900966,1.0,1.0,sotap,3,low,jefatura_masculina,no,espanol_ningun_adulto,adultos_ninguno_analfabeta,,0,0,0.0,3.815111519,2.10647915,3.692337415207061,low,EXCLUSION,0.13685999999999998
1525,#1101,2023-06,Vulnerabilidad Moderada,1.0,1.0,2.578385269,1.0,1.0,2.823478261,1.790108696,1.0,sotap,1,low,,,espanol_ningun_adulto,adultos_ninguno_analfabeta,,0,0,8.975915299,17.8931401,2.76657071,26.58209018767902,medium,EXCLUSION,0.14562
1526,#555,2024-05,Vulnerabilidad Baja,1.0,1.0,1.0,1.0,1.0,2.117608696,2.580217391,1.0,sotap,2,low,jefatura_femenina,no,espanol_ningun_adulto,adultos_ninguno_analfabeta,,0,0,0.0,18.94985465,2.528887403,18.340029377508348,low,EXCLUSION,0.11016
1527,#1497,2024-05,Vulnerabilidad Severa,2.070141643,1.0,1.0,1.0,1.776038647,2.823478261,2.580217391,2.544987923,futij,3,average,jefatura_femenina,si,espanol_uno_mas_adultos,adultos_ninguno_analfabeta,,0,0,6.702282231,50.0,3.594991325,55.308918375475805,high,EXCLUSION,0.11484
1528,#071,2023-08,Vulnerabilidad Baja,1.0,1.0,1.0,1.0,1.776038647,2.117608696,1.790108696,1.0,sotap,1,low,,,espanol_ningun_adulto,adultos_ninguno_analfabeta,,0,0,0.0,21.88512181,2.610810239,21.18083670503239,low,EXCLUSION,0.14352
1529,#1223,2024-04,Vulnerabilidad Baja,1.0,1.0,2.578385269,1.0,1.776038647,1.0,1.790108696,1.0,sotap,1,low,,,espanol_uno_mas_adultos,adultos_ninguno_analfabeta,0.0,0,0,8.975915299,12.01413641,2.602488661,20.89227871542691,low,EXCLUSION,0.12276
1530,#527,2024-02,Vulnerabilidad Baja,1.0,1.525552408,1.0,1.564135978,1.776038647,1.498900966,1.0,1.0,sotap,1,low,,,espanol_uno_mas_adultos,adultos_ninguno_analfabeta,0.0,0,0,8.159313021,9.93697889,2.52020864,18.03908484566972,low,EXCLUSION,0.12516
1531,#071,2023-07,Vulnerabilidad Baja,1.0,1.0,1.0,1.0,1.776038647,1.498900966,1.0,1.0,sotap,1,low,,,espanol_uno_mas_adultos,adultos_uno_mas_analfabeta,,0,0,0.0,9.93697889,2.277339487,9.61719697234091,low,EXCLUSION,0.10661999999999999
1532,#132,2023-08,Vulnerabilidad Baja,1.0,1.0,1.0,1.0,1.0,1.0,2.580217391,1.0,fomon,2,average,jefatura_femenina,si,espanol_uno_mas_adultos,adultos_ninguno_analfabeta,0.0,0,0,0.0,9.580889352,2.267401085,9.272566751763287,low,INCLUSION,0.11742
1533,#112,2023-12,Vulnerabilidad Baja,1.0,1.525552408,1.0,1.0,1.776038647,1.0,1.0,1.0,sotap,1,low,,,espanol_uno_mas_adultos,adultos_ninguno_analfabeta,,0,0,3.741369748,5.532745347,2.265783208,9.21646683684858,low,EXCLUSION,0.13992
1534,#1497,2023-07,Vulnerabilidad Baja,1.0,1.0,1.0,1.0,1.0,1.498900966,1.0,1.0,futij,2,low,jefatura_masculina,no,espanol_ningun_adulto,adultos_ninguno_analfabeta,,0,-500,0.0,3.815111519,2.10647915,3.692337415207061,low,EXCLUSION,0.11933999999999999
1535,#041,2024-06,Vulnerabilidad Baja,1.0,2.051104816,1.0,1.0,1.0,1.0,1.0,1.0,fusal,2,average,jefatura_femenina,si,espanol_uno_mas_adultos,adultos_ninguno_analfabeta,-500.0,0,0,6.609317356,0.0,2.196732164,6.8220117978334365,low,EXCLUSION,0.07871999999999998
1536,#1101,2024-04,Vulnerabilidad Moderada,2.700708215,1.0,2.578385269,1.0,1.0,2.117608696,1.0,1.0,sotap,1,low,,,espanol_ningun_adulto,adultos_ninguno_analfabeta,,0,0,20.97871872,7.392265486,2.830767021,28.808209857523355,medium,EXCLUSION,0.10458
1537,#1223,2023-11,Vulnerabilidad Moderada,1.0,1.0,1.0,1.0,1.776038647,2.823478261,2.580217391,1.0,sotap,1,low,,,espanol_ningun_adulto,adultos_ninguno_analfabeta,,0,0,0.0,32.12448674,2.896589272,31.09068863222006,medium,EXCLUSION,0.1512
1538,#112,2023-10,Vulnerabilidad Moderada,1.0,1.0,1.0,1.0,1.776038647,2.823478261,1.790108696,1.0,sotap,4,average,jefatura_masculina,no,espanol_uno_mas_adultos,adultos_ninguno_analfabeta,0.0,0,0,0.0,26.18890898,2.730928248,25.34612370011462,medium,EXCLUSION,0.1434
1539,#252,2023-11,Vulnerabilidad Moderada,1.0,1.0,1.0,1.0,1.776038647,2.823478261,2.580217391,1.0,sotap,1,low,,,espanol_ningun_adulto,adultos_ninguno_analfabeta,0.0,0,0,0.0,32.12448674,2.896589272,31.09068863222006,medium,EXCLUSION,0.15516
1540,#1200,2023-09,Vulnerabilidad Baja,1.0,1.0,1.0,1.0,1.776038647,2.117608696,1.790108696,1.0,fupal,1,low,,,espanol_uno_mas_adultos,adultos_ninguno_analfabeta,0.0,0,0,0.0,21.88512181,2.610810239,21.18083670503239,low,INCLUSION,0.14418
1541,#1223,2023-10,Vulnerabilidad Moderada,1.0,1.0,1.0,1.0,1.776038647,2.117608696,2.580217391,1.043888889,sotap,4,average,jefatura_femenina,si,espanol_uno_mas_adultos,adultos_ninguno_analfabeta,,0,0,0.0,28.09152966,2.784030087,27.18751614401154,medium,EXCLUSION,0.13884
1542,#1860,2023-10,Vulnerabilidad Moderada,2.700708215,1.0,1.249197356,1.0,1.776038647,1.498900966,1.790108696,1.0,pcr_cdmx,1,low,,,espanol_uno_mas_adultos,adultos_ninguno_analfabeta,-500.0,0,0,11.93561888,17.10850297,2.832769803,28.87765326709971,medium,EXCLUSION,0.11364
1543,#1359,2023-07,Vulnerabilidad Baja,1.0,1.0,2.578385269,1.0,1.0,1.0,1.790108696,1.043888889,foten,1,low,,,espanol_uno_mas_adultos,adultos_ninguno_analfabeta,,0,0,8.975915299,6.061858428,2.436361537,15.13155099116565,low,EXCLUSION,0.1188
1544,#1101,2024-02,Vulnerabilidad Moderada,1.0,1.0,1.0,1.0,1.776038647,2.823478261,1.790108696,1.0,sotap,1,low,,,espanol_uno_mas_adultos,adultos_ninguno_analfabeta,,0,0,0.0,26.18890898,2.730928248,25.34612370011462,medium,INCLUSION,0.14406
1545,#1101,2023-08,Vulnerabilidad Moderada,1.0,1.0,1.0,1.0,1.776038647,2.823478261,2.580217391,1.0,sotap,1,low,,,espanol_ningun_adulto,adultos_ninguno_analfabeta,0.0,0,-500,0.0,32.12448674,2.896589272,31.09068863222006,medium,INCLUSION,0.17856000000000002
1546,#606,2023-06,Vulnerabilidad Moderada,1.0,1.0,1.0,1.0,1.776038647,2.117608696,2.580217391,1.043888889,foten,3,average,jefatura_masculina,no,espanol_uno_mas_adultos,adultos_ninguno_analfabeta,,0,0,0.0,28.09152966,2.784030087,27.18751614401154,medium,EXCLUSION,0.11357999999999999
1547,#555,2023-09,Vulnerabilidad Elevada,2.700708215,1.0,2.578385269,2.128271955,1.776038647,1.0,2.580217391,1.0,sotap,1,low,,,espanol_uno_mas_adultos,adultos_ninguno_analfabeta,,0,0,32.32102758,16.59309681,3.425174581,49.42026493010937,high,INCLUSION,0.09318
1548,#1311,2024-05,Vulnerabilidad Baja,1.0,1.0,1.0,1.0,1.776038647,1.498900966,1.790108696,1.0,sotap,2,low,jefatura_masculina,no,espanol_uno_mas_adultos,adultos_ninguno_analfabeta,,-500,0,0.0,17.10850297,2.477495573,16.55793423592243,low,EXCLUSION,0.14718
1549,#1771,2024-04,Vulnerabilidad Elevada,1.0,2.051104816,2.578385269,1.0,1.776038647,2.823478261,1.790108696,1.0,fupal,3,average,jefatura_femenina,no,espanol_uno_mas_adultos,adultos_ninguno_analfabeta,-500.0,0,0,17.3510839,26.18890898,3.247398574,43.25558283110052,high,EXCLUSION,0.17538
1550,#112,2023-09,Vulnerabilidad Elevada,1.0,2.051104816,2.578385269,1.0,1.776038647,2.117608696,1.790108696,1.0,sotap,4,average,jefatura_femenina,si,espanol_uno_mas_adultos,adultos_ninguno_analfabeta,0.0,0,0,17.3510839,21.88512181,3.127280564,39.090295836018285,high,EXCLUSION,0.15989999999999996
1551,#606,2024-03,Vulnerabilidad Baja,1.0,1.0,1.0,1.0,1.776038647,2.117608696,1.790108696,1.0,foten,1,low,,,espanol_ningun_adulto,adultos_ninguno_analfabeta,,0,0,0.0,21.88512181,2.610810239,21.18083670503239,low,EXCLUSION,0.15552000000000002
1552,#112,2024-05,Vulnerabilidad Elevada,2.070141643,1.0,1.0,1.0,1.776038647,2.823478261,1.790108696,1.0,sotap,4,average,jefatura_masculina,no,espanol_uno_mas_adultos,adultos_ninguno_analfabeta,-500.0,0,0,6.702282231,26.18890898,2.930427594,32.26409207559043,medium,EXCLUSION,0.10614
1553,#264,2024-01,Vulnerabilidad Elevada,2.070141643,1.0,1.0,1.0,1.776038647,2.823478261,2.580217391,1.043888889,foten,2,average,jefatura_femenina,si,espanol_uno_mas_adultos,adultos_uno_mas_analfabeta,0.0,0,0,6.702282231,32.85812825,3.116564434,38.71868920026256,high,EXCLUSION,0.16776
1554,#252,2024-03,Vulnerabilidad Elevada,1.0,1.525552408,3.251728045,1.0,1.776038647,2.117608696,1.790108696,1.0,sotap,2,complete,jefatura_femenina,si,espanol_uno_mas_adultos,adultos_ninguno_analfabeta,0.0,0,0,16.54244021,21.88512181,3.103210571,38.2556291834304,high,EXCLUSION,0.15281999999999998
1555,#1101,2024-01,Vulnerabilidad Baja,2.700708215,1.0,2.578385269,1.0,1.0,1.0,1.0,1.0,sotap,1,low,,,espanol_uno_mas_adultos,adultos_ninguno_analfabeta,0.0,0,0,20.97871872,0.0,2.624450078,21.65383486712832,medium,EXCLUSION,0.14112
1556,,2024-05,Vulnerabilidad Baja,1.0,1.0,1.0,1.0,1.0,2.117608696,1.0,1.0,,1,low,,,espanol_uno_mas_adultos,adultos_ninguno_analfabeta,-500.0,0,0,0.0,7.392265486,2.206316944,7.154374990395034,low,EXCLUSION,0.11796
1557,#252,2024-01,Vulnerabilidad Baja,1.0,1.0,1.0,1.0,1.776038647,2.117608696,1.0,1.0,sotap,5,average,jefatura_femenina,no,espanol_uno_mas_adultos,adultos_ninguno_analfabeta,0.0,0,-500,0.0,14.06650994,2.392594036,13.61383558362086,low,EXCLUSION,0.21162
1558,#645,2023-09,Vulnerabilidad Moderada,1.0,1.0,1.0,1.0,1.776038647,2.823478261,2.580217391,1.0,fupal,1,low,,,espanol_ningun_adulto,adultos_ninguno_analfabeta,,0,0,0.0,32.12448674,2.896589272,31.09068863222006,medium,EXCLUSION,0.14568
1559,#1200,2024-01,Vulnerabilidad Baja,1.0,1.0,1.0,1.0,1.0,1.498900966,1.0,1.0,fupal,1,low,,,espanol_uno_mas_adultos,adultos_uno_mas_analfabeta,0.0,0,0,0.0,3.815111519,2.10647915,3.692337415207061,low,INCLUSION,0.1605
1560,,2023-09,Vulnerabilidad Severa,2.700708215,1.525552408,2.578385269,1.0,1.776038647,2.823478261,1.790108696,1.0,,2,average,jefatura_femenina,si,espanol_uno_mas_adultos,adultos_ninguno_analfabeta,0.0,0,0,27.05638709,26.18890898,3.536285489,53.27321238305791,high,EXCLUSION,0.15245999999999998
1561,#513,2023-07,Vulnerabilidad Baja,1.0,1.0,1.0,1.0,1.776038647,2.823478261,1.0,1.0,pcr_cdmx,1,low,,,espanol_uno_mas_adultos,adultos_ninguno_analfabeta,,0,0,0.0,17.78726377,2.496439678,17.21485183461763,low,INCLUSION,0.11778
1562,#071,2024-03,Vulnerabilidad Moderada,1.0,1.0,1.0,1.0,1.776038647,2.117608696,2.580217391,1.043888889,sotap,1,low,,,espanol_uno_mas_adultos,adultos_ninguno_analfabeta,,0,0,0.0,28.09152966,2.784030087,27.18751614401154,medium,INCLUSION,0.12984
1563,#112,2024-06,Vulnerabilidad Baja,1.0,1.0,2.578385269,1.0,1.0,1.498900966,1.0,1.0,sotap,2,average,jefatura_masculina,si,espanol_uno_mas_adultos,adultos_ninguno_analfabeta,-500.0,0,0,8.975915299,3.815111519,2.373655191,12.95710664444418,low,EXCLUSION,0.08802
1564,#527,2024-03,Vulnerabilidad Baja,1.0,1.0,1.0,1.0,1.0,1.498900966,2.580217391,1.0,sotap,3,average,jefatura_femenina,si,espanol_uno_mas_adultos,adultos_ninguno_analfabeta,0.0,0,0,0.0,14.41616583,2.402352876,13.95223919742477,low,EXCLUSION,0.126
1565,#1223,2023-08,Vulnerabilidad Baja,1.0,1.0,1.0,1.0,1.776038647,1.498900966,1.790108696,1.0,sotap,3,average,jefatura_masculina,no,espanol_uno_mas_adultos,adultos_ninguno_analfabeta,,0,0,0.0,17.10850297,2.477495573,16.55793423592243,low,EXCLUSION,0.12582
1566,#606,2024-01,Vulnerabilidad Moderada,1.0,1.0,1.0,1.0,1.776038647,2.823478261,2.580217391,1.0,foten,1,low,,,espanol_ningun_adulto,adultos_uno_mas_analfabeta,,0,0,0.0,32.12448674,2.896589272,31.09068863222006,medium,EXCLUSION,0.19578
1567,#1101,2024-03,Vulnerabilidad Baja,1.0,1.525552408,1.0,1.0,1.776038647,1.498900966,1.790108696,1.0,sotap,2,average,jefatura_masculina,no,espanol_uno_mas_adultos,adultos_ninguno_analfabeta,0.0,0,0,3.741369748,17.10850297,2.588860746,20.41970500378282,low,EXCLUSION,0.13626
1568,#252,2023-08,Vulnerabilidad Baja,1.0,1.0,1.0,1.0,1.0,1.0,1.0,1.0,sotap,1,low,,,espanol_uno_mas_adultos,adultos_ninguno_analfabeta,0.0,0,0,0.0,0.0,2.0,0.0,low,INCLUSION,0.11087999999999999
1569,#071,2023-08,Vulnerabilidad Elevada,1.0,1.0,2.578385269,1.0,1.776038647,2.823478261,1.790108696,1.0,sotap,1,low,,,espanol_ningun_adulto,adultos_ninguno_analfabeta,0.0,0,0,8.975915299,26.18890898,2.998104289,34.61089292935174,high,INCLUSION,0.17364
1570,#527,2023-09,Vulnerabilidad Baja,1.0,1.0,1.0,1.0,1.776038647,1.498900966,1.790108696,1.0,sotap,1,low,,,espanol_uno_mas_adultos,adultos_ninguno_analfabeta,0.0,0,0,0.0,17.10850297,2.477495573,16.55793423592243,low,INCLUSION,0.12431999999999999
1571,#555,2023-11,Vulnerabilidad Baja,1.0,1.0,1.0,1.0,1.0,1.0,1.790108696,1.0,sotap,5,average,jefatura_masculina,no,espanol_uno_mas_adultos,adultos_ninguno_analfabeta,,0,0,0.0,5.614422911,2.156697643,5.433745167301109,low,INCLUSION,0.11345999999999999
1572,#1200,2024-05,Vulnerabilidad Severa,2.700708215,2.051104816,3.251728045,1.0,1.776038647,2.823478261,2.580217391,1.0,fupal,2,average,jefatura_femenina,si,espanol_ningun_adulto,adultos_uno_mas_analfabeta,,0,0,35.61565687,32.12448674,3.956720731,67.85249295595354,high,EXCLUSION,0.16577999999999998
1573,#071,2023-10,Vulnerabilidad Baja,1.0,1.0,1.249197356,1.0,1.776038647,2.117608696,1.790108696,1.043888889,sotap,1,low,,,espanol_uno_mas_adultos,adultos_ninguno_analfabeta,0.0,0,0,1.921713018,22.50821784,2.685402233,23.76743654632321,medium,INCLUSION,0.13272
1574,#133,2024-06,Vulnerabilidad Elevada,2.070141643,2.051104816,1.0,1.0,1.776038647,1.498900966,1.790108696,1.043888889,fupal,1,low,,,espanol_uno_mas_adultos,adultos_ninguno_analfabeta,,0,0,14.63015408,17.68003002,2.92892625,32.21203604237486,medium,EXCLUSION,0.09455999999999999
1575,#252,2024-01,Vulnerabilidad Baja,1.0,1.525552408,1.0,1.0,1.776038647,1.498900966,1.0,1.0,sotap,4,average,jefatura_femenina,si,espanol_uno_mas_adultos,adultos_ninguno_analfabeta,,-500,0,3.741369748,9.93697889,2.388704659,13.478967740201298,low,INCLUSION,0.18131999999999998
1576,#1054,2024-04,Vulnerabilidad Elevada,1.0,2.051104816,2.578385269,1.0,1.776038647,2.823478261,1.790108696,1.0,futij,3,average,jefatura_masculina,no,espanol_ningun_adulto,adultos_ninguno_analfabeta,,0,0,17.3510839,26.18890898,3.247398574,43.25558283110052,high,EXCLUSION,0.17423999999999998
1577,#1860,2023-08,Vulnerabilidad Baja,2.070141643,1.0,1.0,1.0,1.776038647,1.498900966,1.790108696,1.043888889,pcr_cdmx,1,low,,,espanol_uno_mas_adultos,adultos_ninguno_analfabeta,0.0,0,0,6.702282231,17.68003002,2.692946147,24.029037349402188,medium,EXCLUSION,0.13506
1578,#1223,2023-09,Vulnerabilidad Elevada,2.070141643,1.0,1.0,1.0,1.776038647,2.117608696,1.790108696,2.544987923,sotap,1,low,,,espanol_uno_mas_adultos,adultos_ninguno_analfabeta,,0,0,6.702282231,37.06714366,3.234037379,42.792254285353344,high,INCLUSION,0.10002000000000001
1579,#1387,2024-06,Vulnerabilidad Baja,1.0,1.0,1.0,1.0,1.0,1.498900966,1.790108696,1.0,fusal,2,low,jefatura_masculina,no,espanol_uno_mas_adultos,adultos_ninguno_analfabeta,0.0,0,0,0.0,10.02735341,2.279861825,9.70466314991279,low,EXCLUSION,0.11195999999999999
1580,#112,2023-10,Vulnerabilidad Baja,1.0,1.0,1.0,1.0,1.776038647,2.117608696,1.0,1.0,sotap,2,average,jefatura_femenina,si,espanol_uno_mas_adultos,adultos_ninguno_analfabeta,0.0,0,0,0.0,14.06650994,2.392594036,13.61383558362086,low,EXCLUSION,0.16434
1581,#1311,2024-01,Vulnerabilidad Baja,2.070141643,1.0,1.0,1.0,1.776038647,1.498900966,1.790108696,1.0,sotap,1,low,,,espanol_uno_mas_adultos,adultos_ninguno_analfabeta,,0,0,6.702282231,17.10850297,2.676994919,23.47590261139824,medium,INCLUSION,0.13512
1582,#1725,2023-07,Vulnerabilidad Elevada,2.700708215,1.0,2.578385269,1.0,1.776038647,2.823478261,1.790108696,1.0,foten,3,average,jefatura_femenina,no,espanol_ningun_adulto,adultos_uno_mas_analfabeta,0.0,0,0,20.97871872,26.18890898,3.355378326,46.99995856724294,high,EXCLUSION,0.13458
1583,#1223,2023-10,Vulnerabilidad Severa,2.700708215,1.0,3.251728045,1.564135978,1.776038647,2.823478261,1.790108696,1.043888889,sotap,7,high,jefatura_masculina,no,espanol_uno_mas_adultos,adultos_uno_mas_analfabeta,-500.0,0,0,31.08118723,26.85846924,3.674774537,58.07554775763619,high,EXCLUSION,0.14243999999999998
1584,#133,2024-05,Vulnerabilidad Moderada,1.0,1.0,1.0,1.0,1.776038647,2.823478261,1.790108696,1.043888889,fupal,1,low,,,espanol_uno_mas_adultos,adultos_ninguno_analfabeta,0.0,0,0,0.0,26.85846924,2.749615568,25.99413684138756,medium,EXCLUSION,0.12516
1585,#112,2023-07,Vulnerabilidad Baja,1.0,1.0,1.0,1.0,1.0,1.0,1.790108696,1.0,sotap,1,low,,,espanol_ningun_adulto,adultos_uno_mas_analfabeta,,0,0,0.0,5.614422911,2.156697643,5.433745167301109,low,EXCLUSION,0.09845999999999999
1586,#672,2023-07,Vulnerabilidad Baja,1.0,1.0,1.0,1.0,1.776038647,2.117608696,1.790108696,1.0,fupal,1,low,,,espanol_uno_mas_adultos,adultos_ninguno_analfabeta,,0,0,0.0,21.88512181,2.610810239,21.18083670503239,low,EXCLUSION,0.10056000000000001
1587,#1102,2023-07,Vulnerabilidad Moderada,1.0,1.0,2.578385269,1.0,1.776038647,2.117608696,1.790108696,1.0,pcr_cdmx,2,average,jefatura_masculina,no,espanol_uno_mas_adultos,adultos_ninguno_analfabeta,,0,0,8.975915299,21.88512181,2.877986279,30.44560593426951,medium,INCLUSION,0.12041999999999999
1588,#252,2023-08,Vulnerabilidad Baja,1.0,1.525552408,1.0,1.0,1.0,1.498900966,1.0,1.0,sotap,1,low,,,espanol_uno_mas_adultos,adultos_ninguno_analfabeta,,0,0,3.741369748,3.815111519,2.217844323,7.554108183067449,low,EXCLUSION,0.11315999999999998
1589,#1765,2024-04,Vulnerabilidad Moderada,2.700708215,1.0,1.249197356,1.0,1.776038647,1.498900966,1.790108696,1.0,fupal,3,low,jefatura_masculina,no,espanol_uno_mas_adultos,adultos_ninguno_analfabeta,,0,0,11.93561888,17.10850297,2.832769803,28.87765326709971,medium,EXCLUSION,0.11273999999999998
1590,#555,2024-02,Vulnerabilidad Elevada,1.0,1.0,2.578385269,1.0,1.776038647,2.823478261,1.790108696,1.0,sotap,1,low,,,espanol_uno_mas_adultos,adultos_ninguno_analfabeta,,0,0,8.975915299,26.18890898,2.998104289,34.61089292935174,high,EXCLUSION,0.17646
1591,#527,2024-06,Vulnerabilidad Elevada,2.700708215,1.525552408,3.251728045,1.0,1.776038647,2.823478261,1.0,1.0,sotap,1,low,,,espanol_uno_mas_adultos,adultos_ninguno_analfabeta,0.0,0,0,30.67858802,17.78726377,3.409614926,48.88070749568925,high,EXCLUSION,0.11112
1592,#1311,2024-02,Vulnerabilidad Baja,1.0,1.0,1.0,1.0,1.0,1.0,1.0,1.0,sotap,1,low,,,espanol_uno_mas_adultos,adultos_ninguno_analfabeta,0.0,0,0,0.0,0.0,2.0,0.0,low,EXCLUSION,0.12510000000000002
1593,#1311,2024-06,Vulnerabilidad Moderada,1.0,1.0,1.0,1.0,1.776038647,2.823478261,1.790108696,1.0,sotap,1,low,,,espanol_ningun_adulto,adultos_ninguno_analfabeta,,0,-500,0.0,26.18890898,2.730928248,25.34612370011462,medium,EXCLUSION,0.1371
1594,#676,2023-11,Vulnerabilidad Baja,2.070141643,1.0,1.0,1.0,1.776038647,1.498900966,1.790108696,1.043888889,pcr_cdmx,1,low,,,espanol_ningun_adulto,adultos_ninguno_analfabeta,,0,0,6.702282231,17.68003002,2.692946147,24.029037349402188,medium,INCLUSION,0.14598
1595,#555,2024-01,Vulnerabilidad Baja,1.0,1.0,2.578385269,1.564135978,1.0,1.0,1.0,1.0,sotap,1,low,,,espanol_uno_mas_adultos,adultos_ninguno_analfabeta,0.0,0,0,14.01324416,0.0,2.41711658,14.46420437031296,low,INCLUSION,0.15456
1596,#1200,2023-12,Vulnerabilidad Baja,1.0,1.0,1.0,1.0,1.0,2.117608696,1.790108696,1.043888889,fupal,2,average,jefatura_masculina,no,espanol_uno_mas_adultos,adultos_ninguno_analfabeta,,0,0,0.0,14.70478802,2.410408275,14.23157323672838,low,INCLUSION,0.14184
1597,#606,2024-06,Vulnerabilidad Elevada,2.070141643,2.051104816,1.0,1.0,1.776038647,2.823478261,1.790108696,1.043888889,foten,2,average,jefatura_masculina,no,espanol_uno_mas_adultos,adultos_uno_mas_analfabeta,,0,0,14.63015408,26.85846924,3.185095016,41.09510390983604,high,INCLUSION,0.13872
1598,#264,2023-07,Vulnerabilidad Elevada,1.0,1.525552408,1.0,1.0,1.776038647,2.823478261,2.580217391,1.0,foten,3,average,jefatura_femenina,si,espanol_uno_mas_adultos,adultos_ninguno_analfabeta,,0,0,3.741369748,32.12448674,3.007954444,34.95245940008045,high,INCLUSION,0.09972
1599,#112,2023-09,Vulnerabilidad Elevada,1.0,2.051104816,2.578385269,1.0,1.776038647,2.823478261,2.580217391,1.043888889,sotap,1,low,,,espanol_uno_mas_adultos,adultos_ninguno_analfabeta,,0,0,17.3510839,32.85812825,3.433535414,49.710179955772645,high,EXCLUSION,0.14465999999999998
1600,#555,2023-10,Vulnerabilidad Baja,1.0,1.0,2.578385269,1.0,1.0,1.498900966,1.790108696,1.043888889,sotap,3,low,jefatura_masculina,no,espanol_uno_mas_adultos,adultos_ninguno_analfabeta,,0,0,8.975915299,10.52243148,2.560855415,19.44857834177924,low,EXCLUSION,0.14406
1601,#555,2024-06,Vulnerabilidad Moderada,1.0,1.0,1.0,1.0,1.776038647,2.117608696,2.580217391,1.043888889,sotap,1,low,,,espanol_uno_mas_adultos,adultos_ninguno_analfabeta,0.0,0,0,0.0,28.09152966,2.784030087,27.18751614401154,medium,INCLUSION,0.09839999999999999
1602,#555,2023-10,Vulnerabilidad Baja,1.0,1.0,1.0,1.0,1.0,1.498900966,1.0,1.0,sotap,1,low,,,espanol_uno_mas_adultos,adultos_ninguno_analfabeta,0.0,0,0,0.0,3.815111519,2.10647915,3.692337415207061,low,EXCLUSION,0.13277999999999998
1603,#672,2023-11,Vulnerabilidad Baja,1.0,1.0,2.578385269,1.0,1.0,2.117608696,1.790108696,1.0,fupal,4,average,jefatura_masculina,no,espanol_uno_mas_adultos,adultos_ninguno_analfabeta,,0,0,8.975915299,14.16503897,2.662520006,22.973963080143548,medium,INCLUSION,0.14184
1604,#527,2023-09,Vulnerabilidad Severa,2.700708215,1.0,3.251728045,1.0,1.776038647,2.117608696,2.580217391,1.043888889,sotap,3,complete,jefatura_femenina,si,espanol_uno_mas_adultos,adultos_ninguno_analfabeta,,0,0,24.2379543,28.09152966,3.505494188,52.20547205133984,high,EXCLUSION,0.14646
1605,#555,2024-05,Vulnerabilidad Elevada,1.0,1.525552408,2.578385269,1.0,1.776038647,2.823478261,2.580217391,1.043888889,sotap,3,low,jefatura_masculina,no,espanol_uno_mas_adultos,adultos_uno_mas_analfabeta,,0,0,13.7168894,32.85812825,3.325360407,45.95903344256815,high,INCLUSION,0.16434
1606,#112,2024-02,Vulnerabilidad Elevada,2.070141643,1.0,1.0,1.0,1.776038647,2.117608696,2.580217391,1.043888889,sotap,2,complete,jefatura_femenina,si,espanol_uno_mas_adultos,adultos_ninguno_analfabeta,,0,0,6.702282231,28.09152966,2.983529432,34.10548451948735,high,EXCLUSION,0.11027999999999999
1607,#1415,2023-11,Vulnerabilidad Baja,1.0,1.0,2.578385269,1.0,1.776038647,1.0,1.790108696,1.043888889,fomon,2,low,jefatura_masculina,no,espanol_uno_mas_adultos,adultos_ninguno_analfabeta,0.0,0,0,8.975915299,12.53066404,2.616904864,21.39218396976588,medium,INCLUSION,0.1563
1608,#676,2023-10,Vulnerabilidad Baja,1.0,1.0,1.0,1.0,1.776038647,2.117608696,1.790108696,1.0,pcr_cdmx,4,average,jefatura_masculina,no,espanol_uno_mas_adultos,adultos_ninguno_analfabeta,-500.0,0,0,0.0,21.88512181,2.610810239,21.18083670503239,low,EXCLUSION,0.14628
1609,#527,2023-08,Vulnerabilidad Elevada,1.0,1.525552408,2.578385269,1.0,1.776038647,2.823478261,2.580217391,1.0,sotap,1,low,,,espanol_uno_mas_adultos,adultos_ninguno_analfabeta,,0,0,13.7168894,32.12448674,3.304884591,45.24900125000146,high,EXCLUSION,0.14826
1610,#1323,2024-06,Vulnerabilidad Moderada,1.0,1.0,1.0,1.0,1.776038647,2.117608696,2.580217391,1.043888889,fupal,1,low,,,espanol_ningun_adulto,adultos_ninguno_analfabeta,,0,0,0.0,28.09152966,2.784030087,27.18751614401154,medium,INCLUSION,0.11172
1611,#252,2023-06,Vulnerabilidad Elevada,1.0,1.0,2.578385269,1.0,1.776038647,2.117608696,2.580217391,1.043888889,sotap,2,complete,jefatura_femenina,si,espanol_uno_mas_adultos,adultos_ninguno_analfabeta,,0,0,8.975915299,28.09152966,3.051206127,36.45228537324866,high,EXCLUSION,0.11735999999999999
1612,#555,2023-11,Vulnerabilidad Severa,2.700708215,1.0,2.578385269,1.0,1.776038647,2.823478261,2.580217391,1.043888889,sotap,3,average,jefatura_femenina,si,espanol_uno_mas_adultos,adultos_uno_mas_analfabeta,,0,0,20.97871872,32.85812825,3.541515166,53.45455569191508,high,EXCLUSION,0.18408
1613,#1725,2024-02,Vulnerabilidad Moderada,1.0,1.525552408,2.578385269,1.0,1.776038647,1.0,1.790108696,1.0,foten,1,low,,,espanol_uno_mas_adultos,adultos_ninguno_analfabeta,,0,0,13.7168894,12.01413641,2.743607939,25.785822103971192,medium,INCLUSION,0.15947999999999998
1614,#071,2023-07,Vulnerabilidad Baja,1.0,1.0,2.578385269,1.0,1.0,1.0,1.790108696,1.0,sotap,1,low,,,espanol_uno_mas_adultos,adultos_ninguno_analfabeta,,0,0,8.975915299,5.614422911,2.423873683,14.69851439653823,low,EXCLUSION,0.08616
1615,#071,2023-10,Vulnerabilidad Severa,2.700708215,2.051104816,3.251728045,1.0,1.776038647,2.823478261,2.580217391,1.043888889,sotap,1,low,,,espanol_uno_mas_adultos,adultos_uno_mas_analfabeta,,0,-500,35.61565687,32.85812825,3.977196548,68.56252514852022,high,INCLUSION,0.17334
1616,#252,2024-04,Vulnerabilidad Baja,1.0,1.0,1.0,1.0,1.0,1.498900966,2.580217391,1.0,sotap,3,average,jefatura_masculina,no,espanol_uno_mas_adultos,adultos_ninguno_analfabeta,,0,0,0.0,14.41616583,2.402352876,13.95223919742477,low,INCLUSION,0.09294000000000001
1617,#1311,2024-06,Vulnerabilidad Elevada,2.070141643,1.0,2.578385269,1.0,1.776038647,2.823478261,2.580217391,1.043888889,sotap,3,complete,jefatura_femenina,si,espanol_uno_mas_adultos,adultos_ninguno_analfabeta,-500.0,0,0,17.46888676,32.85812825,3.43704192,49.83177382961031,high,EXCLUSION,0.08628000000000001
1618,#1311,2024-05,Vulnerabilidad Baja,1.0,1.0,1.0,1.0,1.776038647,2.117608696,1.790108696,1.0,sotap,4,average,jefatura_femenina,si,espanol_uno_mas_adultos,adultos_ninguno_analfabeta,,0,0,0.0,21.88512181,2.610810239,21.18083670503239,low,EXCLUSION,0.11309999999999999
1619,#133,2024-02,Vulnerabilidad Moderada,1.0,1.0,1.0,1.0,1.776038647,2.823478261,1.790108696,1.0,fupal,1,low,,,espanol_uno_mas_adultos,adultos_ninguno_analfabeta,,0,0,0.0,26.18890898,2.730928248,25.34612370011462,medium,INCLUSION,0.16025999999999999
1620,#606,2023-07,Vulnerabilidad Elevada,2.700708215,1.0,2.578385269,1.0,1.776038647,1.0,1.790108696,1.0,foten,4,average,jefatura_femenina,no,espanol_uno_mas_adultos,adultos_ninguno_analfabeta,,0,0,20.97871872,12.01413641,2.959762698,33.28134435331811,medium,EXCLUSION,0.10656
1621,#1223,2023-10,Vulnerabilidad Elevada,1.0,1.0,2.578385269,1.0,1.776038647,2.823478261,2.580217391,1.043888889,sotap,1,low,,,espanol_uno_mas_adultos,adultos_ninguno_analfabeta,,0,0,8.975915299,32.85812825,3.184241129,41.06549005402387,high,EXCLUSION,0.14454
1622,#1805,2024-05,Vulnerabilidad Baja,1.0,1.0,1.0,1.0,1.0,1.498900966,1.790108696,1.0,fomon,2,low,jefatura_femenina,no,espanol_uno_mas_adultos,adultos_ninguno_analfabeta,-500.0,0,0,0.0,10.02735341,2.279861825,9.70466314991279,low,EXCLUSION,0.0975
1623,#071,2023-09,Vulnerabilidad Baja,1.0,1.0,1.0,1.0,1.776038647,2.117608696,1.790108696,1.0,sotap,2,low,jefatura_masculina,no,espanol_uno_mas_adultos,adultos_ninguno_analfabeta,0.0,0,0,0.0,21.88512181,2.610810239,21.18083670503239,low,EXCLUSION,0.11634
1624,#252,2024-01,Vulnerabilidad Severa,1.0,1.525552408,2.578385269,1.0,1.776038647,2.823478261,2.580217391,2.544987923,sotap,3,complete,jefatura_femenina,si,espanol_uno_mas_adultos,adultos_ninguno_analfabeta,,0,0,13.7168894,50.0,3.803787298,62.5492626177814,high,EXCLUSION,0.17958
1625,#071,2023-11,Vulnerabilidad Elevada,2.700708215,1.525552408,2.578385269,1.0,1.776038647,1.498900966,1.790108696,1.043888889,sotap,1,low,,,espanol_uno_mas_adultos,adultos_ninguno_analfabeta,,0,0,27.05638709,17.68003002,3.298804042,45.03815765686967,high,EXCLUSION,0.1398
1626,#870,2023-11,Vulnerabilidad Baja,1.0,1.0,1.0,1.0,1.776038647,1.498900966,2.580217391,1.043888889,fomon,4,average,jefatura_masculina,no,espanol_uno_mas_adultos,adultos_ninguno_analfabeta,0.0,-500,0,0.0,22.80125306,2.636379315,22.06748593527614,medium,EXCLUSION,0.1602
1627,#1101,2024-06,Vulnerabilidad Elevada,2.070141643,1.0,2.578385269,1.0,1.776038647,2.823478261,2.580217391,1.043888889,sotap,4,average,jefatura_femenina,si,espanol_uno_mas_adultos,adultos_ninguno_analfabeta,-500.0,0,0,17.46888676,32.85812825,3.43704192,49.83177382961031,high,EXCLUSION,0.11004
1628,#1311,2023-07,Vulnerabilidad Severa,2.070141643,1.0,1.0,1.0,1.776038647,2.823478261,2.580217391,2.544987923,sotap,1,low,,,espanol_ningun_adulto,adultos_uno_mas_analfabeta,,0,0,6.702282231,50.0,3.594991325,55.308918375475805,high,EXCLUSION,0.11873999999999998
1629,#1101,2024-05,Vulnerabilidad Moderada,1.0,1.0,1.0,1.0,1.776038647,2.823478261,1.790108696,1.0,sotap,1,low,,,espanol_uno_mas_adultos,adultos_ninguno_analfabeta,,0,0,0.0,26.18890898,2.730928248,25.34612370011462,medium,EXCLUSION,0.11148
1630,#606,2024-05,Vulnerabilidad Moderada,1.0,1.0,1.0,1.0,1.776038647,2.823478261,1.790108696,1.0,foten,2,low,jefatura_masculina,no,espanol_uno_mas_adultos,adultos_ninguno_analfabeta,-500.0,0,0,0.0,26.18890898,2.730928248,25.34612370011462,medium,EXCLUSION,0.1206
1631,#1359,2023-10,Vulnerabilidad Elevada,1.0,1.0,3.251728045,1.0,1.776038647,2.823478261,2.580217391,1.0,foten,2,average,jefatura_femenina,si,espanol_uno_mas_adultos,adultos_ninguno_analfabeta,0.0,0,0,11.51832969,32.12448674,3.23944252,42.97968968997395,high,EXCLUSION,0.17556000000000002
1632,#1101,2023-10,Vulnerabilidad Elevada,1.0,1.0,3.251728045,1.0,1.776038647,2.823478261,1.790108696,1.0,sotap,1,low,,,espanol_uno_mas_adultos,adultos_ninguno_analfabeta,0.0,0,0,11.51832969,26.18890898,3.073781497,37.23512475786851,high,INCLUSION,0.18197999999999998
1633,#1311,2023-11,Vulnerabilidad Elevada,1.0,1.0,2.578385269,1.0,1.776038647,2.823478261,2.580217391,1.0,sotap,3,low,jefatura_masculina,no,espanol_uno_mas_adultos,adultos_ninguno_analfabeta,,0,0,8.975915299,32.12448674,3.163765312,40.35545786145718,high,INCLUSION,0.16404
1634,#1311,2024-01,Vulnerabilidad Elevada,1.0,1.0,2.578385269,1.0,1.776038647,2.823478261,2.580217391,1.043888889,sotap,4,average,jefatura_masculina,no,espanol_uno_mas_adultos,adultos_ninguno_analfabeta,0.0,0,0,8.975915299,32.85812825,3.184241129,41.06549005402387,high,EXCLUSION,0.19944
1635,#527,2023-12,Vulnerabilidad Elevada,1.0,2.051104816,1.0,1.0,1.776038647,2.823478261,2.580217391,1.0,sotap,1,low,,,espanol_uno_mas_adultos,adultos_uno_mas_analfabeta,,0,0,6.609317356,32.12448674,3.093321436,37.9127004300535,high,EXCLUSION,0.19355999999999998
1636,#1223,2024-03,Vulnerabilidad Moderada,2.070141643,1.0,1.249197356,1.0,1.776038647,2.117608696,1.790108696,1.043888889,sotap,1,low,,,espanol_uno_mas_adultos,adultos_ninguno_analfabeta,0.0,0,0,9.00737574,22.50821784,2.896313237,31.0811229803799,medium,EXCLUSION,0.13104
1637,#1311,2024-05,Vulnerabilidad Moderada,2.700708215,1.0,1.0,1.0,1.776038647,1.0,2.580217391,1.0,sotap,4,average,jefatura_masculina,no,espanol_ningun_adulto,adultos_ninguno_analfabeta,,0,0,9.472088355,16.59309681,2.74505574,25.83602399190964,medium,EXCLUSION,0.10176
1638,#645,2023-11,Vulnerabilidad Baja,1.0,1.0,1.0,1.0,1.776038647,2.117608696,1.0,1.043888889,fupal,2,average,jefatura_femenina,si,espanol_uno_mas_adultos,adultos_ninguno_analfabeta,0.0,0,0,0.0,14.60519526,2.407628657,14.13518547133794,low,EXCLUSION,0.1446
1639,#071,2023-08,Vulnerabilidad Elevada,1.0,2.051104816,1.0,1.0,1.776038647,2.823478261,1.790108696,1.0,sotap,1,low,,,espanol_ningun_adulto,adultos_ninguno_analfabeta,,0,0,6.609317356,26.18890898,2.927660413,32.16813549794806,medium,EXCLUSION,0.13985999999999998
1640,#071,2024-03,Vulnerabilidad Elevada,1.0,1.0,2.578385269,1.0,1.776038647,2.117608696,2.580217391,1.043888889,sotap,1,low,,,espanol_uno_mas_adultos,adultos_ninguno_analfabeta,500.0,0,0,8.975915299,28.09152966,3.051206127,36.45228537324866,high,EXCLUSION,0.1494
1641,#112,2024-03,Vulnerabilidad Baja,2.700708215,1.0,1.249197356,1.0,1.776038647,1.498900966,1.0,1.0,sotap,1,low,,,espanol_uno_mas_adultos,adultos_ninguno_analfabeta,,0,0,11.93561888,9.93697889,2.632613717,21.936916003518192,medium,INCLUSION,0.11892
1642,#1859,2023-08,Vulnerabilidad Baja,1.0,1.525552408,2.578385269,1.0,1.0,1.0,1.790108696,1.0,pcr_cdmx,4,average,jefatura_masculina,no,espanol_uno_mas_adultos,adultos_ninguno_analfabeta,0.0,0,0,13.7168894,5.614422911,2.564992962,19.59205778508251,low,INCLUSION,0.13926
1643,#1311,2023-08,Vulnerabilidad Elevada,2.700708215,1.0,2.578385269,1.0,1.776038647,2.823478261,1.790108696,1.0,sotap,2,average,jefatura_femenina,si,espanol_uno_mas_adultos,adultos_uno_mas_analfabeta,,0,0,20.97871872,26.18890898,3.355378326,46.99995856724294,high,EXCLUSION,0.17322
1644,#252,2024-05,Vulnerabilidad Moderada,1.0,1.0,2.578385269,1.0,1.0,2.117608696,2.580217391,1.043888889,sotap,1,low,,,espanol_ningun_adulto,adultos_ninguno_analfabeta,0.0,0,-500,8.975915299,19.54126117,2.812569505,28.177173073525346,medium,EXCLUSION,0.14772
1645,#1311,2024-06,Vulnerabilidad Elevada,1.0,1.0,2.578385269,1.0,1.776038647,2.823478261,1.790108696,1.0,sotap,3,average,jefatura_femenina,si,espanol_uno_mas_adultos,adultos_ninguno_analfabeta,0.0,0,0,8.975915299,26.18890898,2.998104289,34.61089292935174,high,INCLUSION,0.12947999999999998
1646,#1359,2024-01,Vulnerabilidad Baja,1.0,1.0,1.0,1.0,1.776038647,1.498900966,1.790108696,1.0,foten,1,low,,,espanol_ningun_adulto,adultos_ninguno_analfabeta,,0,0,0.0,17.10850297,2.477495573,16.55793423592243,low,EXCLUSION,0.17202
1647,#1725,2024-02,Vulnerabilidad Moderada,1.0,1.0,2.578385269,1.0,1.776038647,2.117608696,1.790108696,1.0,foten,1,low,,,espanol_uno_mas_adultos,adultos_ninguno_analfabeta,,0,0,8.975915299,21.88512181,2.877986279,30.44560593426951,medium,EXCLUSION,0.1623
1648,#1476,2024-06,Vulnerabilidad Baja,1.0,1.0,1.0,1.0,1.0,2.117608696,1.790108696,1.0,pcr_cdmx,1,low,,,espanol_ningun_adulto,adultos_ninguno_analfabeta,,0,0,0.0,14.16503897,2.395343965,13.709193850906429,low,EXCLUSION,0.10211999999999999
1649,#1677,2024-04,Vulnerabilidad Elevada,1.0,2.051104816,2.578385269,1.0,1.776038647,2.823478261,1.790108696,1.043888889,futij,1,low,,,espanol_uno_mas_adultos,adultos_ninguno_analfabeta,,0,0,17.3510839,26.85846924,3.266085893,43.90359597237346,high,INCLUSION,0.126
1650,#1677,2024-05,Vulnerabilidad Baja,1.0,1.0,1.0,1.0,1.776038647,1.498900966,1.790108696,1.0,futij,2,average,jefatura_femenina,si,espanol_uno_mas_adultos,adultos_ninguno_analfabeta,0.0,0,0,0.0,17.10850297,2.477495573,16.55793423592243,low,EXCLUSION,0.11711999999999999
1651,#112,2024-02,Vulnerabilidad Baja,2.700708215,1.0,1.0,1.0,1.0,1.0,1.790108696,1.0,sotap,1,low,,,espanol_ningun_adulto,adultos_uno_mas_analfabeta,,0,0,9.472088355,5.614422911,2.438642712,15.210654797653364,low,EXCLUSION,0.12227999999999999
1652,#1583,2024-05,Vulnerabilidad Baja,1.0,1.0,1.0,1.0,1.0,2.117608696,1.0,1.0,foten,3,average,jefatura_femenina,si,espanol_uno_mas_adultos,adultos_ninguno_analfabeta,,0,0,0.0,7.392265486,2.206316944,7.154374990395034,low,INCLUSION,0.11993999999999999
1653,#1860,2023-11,Vulnerabilidad Baja,1.0,1.0,1.0,1.564135978,1.0,1.0,1.0,1.0,pcr_cdmx,1,low,,,espanol_uno_mas_adultos,adultos_ninguno_analfabeta,,0,0,3.975239986,0.0,2.118326527,4.103167183989466,low,EXCLUSION,0.11339999999999997
1654,#555,2023-10,Vulnerabilidad Elevada,2.070141643,1.0,1.0,1.0,1.776038647,2.823478261,2.580217391,1.043888889,sotap,2,average,jefatura_femenina,si,espanol_uno_mas_adultos,adultos_ninguno_analfabeta,,0,0,6.702282231,32.85812825,3.116564434,38.71868920026256,high,EXCLUSION,0.1122
1655,#112,2023-08,Vulnerabilidad Moderada,1.0,1.525552408,1.0,1.0,1.776038647,2.117608696,1.790108696,1.0,sotap,1,low,,,espanol_uno_mas_adultos,adultos_ninguno_analfabeta,0.0,0,0,3.741369748,21.88512181,2.722175411,25.04260747289278,medium,INCLUSION,0.15018
1656,#1311,2024-01,Vulnerabilidad Baja,1.0,1.525552408,1.0,1.0,1.0,2.117608696,1.0,1.0,sotap,3,average,jefatura_masculina,si,espanol_uno_mas_adultos,adultos_ninguno_analfabeta,0.0,0,0,3.741369748,7.392265486,2.317682116,11.016145758255425,low,EXCLUSION,0.135
1657,#1223,2024-03,Vulnerabilidad Baja,1.0,1.0,1.0,1.0,1.776038647,1.498900966,1.790108696,1.0,sotap,2,low,jefatura_masculina,no,espanol_ningun_adulto,adultos_ninguno_analfabeta,,0,0,0.0,17.10850297,2.477495573,16.55793423592243,low,EXCLUSION,0.13235999999999998
1658,#527,2024-03,Vulnerabilidad Moderada,1.0,2.051104816,2.578385269,1.0,1.776038647,1.0,1.790108696,1.0,sotap,1,low,,,espanol_ningun_adulto,adultos_uno_mas_analfabeta,,0,0,17.3510839,12.01413641,2.851782945,29.536968617175688,medium,EXCLUSION,0.20442
1659,#1841,2024-02,Vulnerabilidad Baja,1.0,1.0,1.0,1.0,1.776038647,1.0,1.790108696,1.0,foten,1,low,,,espanol_uno_mas_adultos,adultos_ninguno_analfabeta,0.0,0,0,0.0,12.01413641,2.33531262,11.62750948618979,low,EXCLUSION,0.14532
1660,#527,2023-06,Vulnerabilidad Baja,1.0,1.0,1.0,1.0,1.776038647,1.0,1.790108696,1.0,sotap,3,low,jefatura_femenina,no,espanol_uno_mas_adultos,adultos_ninguno_analfabeta,0.0,0,0,0.0,12.01413641,2.33531262,11.62750948618979,low,EXCLUSION,0.11334
1661,#1311,2024-06,Vulnerabilidad Baja,1.0,1.0,1.0,1.0,1.776038647,1.0,1.790108696,1.0,sotap,1,low,,,espanol_uno_mas_adultos,adultos_ninguno_analfabeta,,0,0,0.0,12.01413641,2.33531262,11.62750948618979,low,EXCLUSION,0.09018
1662,#1311,2023-06,Vulnerabilidad Baja,1.0,1.0,1.0,1.0,1.776038647,2.117608696,1.0,1.0,sotap,1,low,,,espanol_ningun_adulto,adultos_ninguno_analfabeta,0.0,0,0,0.0,14.06650994,2.392594036,13.61383558362086,low,EXCLUSION,0.132
1663,#1725,2023-09,Vulnerabilidad Elevada,1.0,1.0,3.251728045,1.0,1.776038647,2.823478261,2.580217391,1.0,foten,3,average,jefatura_masculina,no,espanol_ningun_adulto,adultos_ninguno_analfabeta,,0,0,11.51832969,32.12448674,3.23944252,42.97968968997395,high,EXCLUSION,0.18941999999999998
1664,#555,2024-05,Vulnerabilidad Moderada,1.0,1.0,1.0,1.0,1.776038647,2.823478261,1.790108696,1.043888889,sotap,4,average,jefatura_femenina,no,espanol_uno_mas_adultos,adultos_ninguno_analfabeta,0.0,0,0,0.0,26.85846924,2.749615568,25.99413684138756,medium,EXCLUSION,0.12372000000000001
1665,#071,2024-04,Vulnerabilidad Moderada,1.0,1.0,1.0,1.0,1.776038647,2.823478261,2.580217391,1.0,sotap,3,average,jefatura_masculina,no,espanol_uno_mas_adultos,adultos_ninguno_analfabeta,0.0,0,-500,0.0,32.12448674,2.896589272,31.09068863222006,medium,EXCLUSION,0.12246
1666,#555,2024-02,Vulnerabilidad Elevada,2.700708215,1.0,3.251728045,1.0,1.776038647,2.117608696,2.580217391,1.0,sotap,4,average,jefatura_masculina,no,espanol_uno_mas_adultos,adultos_ninguno_analfabeta,,0,0,24.2379543,27.40879931,3.486439293,51.54471264673319,high,INCLUSION,0.16193999999999997
1667,#555,2024-05,Vulnerabilidad Moderada,1.0,1.0,2.578385269,1.0,1.0,2.823478261,1.790108696,1.043888889,sotap,3,average,jefatura_masculina,no,espanol_uno_mas_adultos,adultos_ninguno_analfabeta,0.0,0,0,8.975915299,18.47313819,2.782758364,27.143423359144727,medium,INCLUSION,0.11304
1668,#1805,2024-03,Vulnerabilidad Baja,1.0,1.0,2.578385269,1.0,1.776038647,1.0,1.790108696,1.043888889,fomon,3,low,jefatura_masculina,no,espanol_uno_mas_adultos,adultos_ninguno_analfabeta,,0,0,8.975915299,12.53066404,2.616904864,21.39218396976588,medium,EXCLUSION,0.16943999999999998
1669,#1102,2023-09,Vulnerabilidad Baja,1.0,1.0,1.0,1.0,1.0,1.498900966,1.790108696,1.0,pcr_cdmx,1,low,,,espanol_ningun_adulto,adultos_uno_mas_analfabeta,,0,0,0.0,10.02735341,2.279861825,9.70466314991279,low,EXCLUSION,0.14945999999999998
1670,#1311,2024-04,Vulnerabilidad Elevada,1.0,1.0,2.578385269,1.0,1.776038647,2.823478261,1.790108696,1.0,sotap,2,low,jefatura_masculina,no,espanol_uno_mas_adultos,adultos_ninguno_analfabeta,0.0,0,0,8.975915299,26.18890898,2.998104289,34.61089292935174,high,EXCLUSION,0.13926
1671,#527,2024-03,Vulnerabilidad Moderada,2.700708215,1.0,1.0,1.0,1.776038647,2.117608696,1.790108696,1.0,sotap,2,low,jefatura_masculina,no,espanol_uno_mas_adultos,adultos_ninguno_analfabeta,0.0,0,0,9.472088355,21.88512181,2.892755308,30.95774633538465,medium,EXCLUSION,0.10668000000000001
1672,#264,2024-01,Vulnerabilidad Elevada,2.700708215,1.0,1.249197356,1.0,1.776038647,2.117608696,1.790108696,1.0,foten,3,average,jefatura_femenina,si,espanol_uno_mas_adultos,adultos_ninguno_analfabeta,0.0,0,0,11.93561888,21.88512181,2.966084469,33.50055573620967,medium,INCLUSION,0.1545
1673,#1311,2024-02,Vulnerabilidad Baja,1.0,1.0,1.249197356,1.0,1.0,1.498900966,1.790108696,1.0,sotap,1,low,,,espanol_uno_mas_adultos,adultos_ninguno_analfabeta,,0,0,1.921713018,10.02735341,2.337063309,11.688218814545047,low,EXCLUSION,0.10818000000000001
1674,#112,2023-07,Vulnerabilidad Baja,2.070141643,1.0,1.0,1.0,1.0,1.0,1.790108696,1.043888889,sotap,1,low,,,espanol_uno_mas_adultos,adultos_ninguno_analfabeta,0.0,0,0,6.702282231,6.061858428,2.368684842,12.78475013740434,low,EXCLUSION,0.07176
1675,#252,2024-02,Vulnerabilidad Elevada,2.070141643,1.0,1.0,1.0,1.776038647,2.823478261,2.580217391,1.043888889,sotap,1,low,,,espanol_uno_mas_adultos,adultos_ninguno_analfabeta,0.0,0,0,6.702282231,32.85812825,3.116564434,38.71868920026256,high,EXCLUSION,0.12168
1676,#1223,2023-07,Vulnerabilidad Elevada,1.0,1.525552408,2.578385269,1.0,1.776038647,2.823478261,1.790108696,1.0,sotap,1,low,,,espanol_uno_mas_adultos,adultos_uno_mas_analfabeta,,0,0,13.7168894,26.18890898,3.139223567,39.50443631789602,high,EXCLUSION,0.16896
1677,#1223,2023-06,Vulnerabilidad Moderada,1.599560907,1.0,1.0,1.0,1.776038647,2.823478261,1.790108696,1.043888889,sotap,1,low,,,espanol_ningun_adulto,adultos_ninguno_analfabeta,,0,0,4.186184624,26.85846924,2.874221048,30.315037072772505,medium,EXCLUSION,0.11202
1678,#264,2024-02,Vulnerabilidad Baja,1.0,1.0,1.0,1.0,1.0,1.0,1.790108696,1.043888889,foten,1,low,,,espanol_uno_mas_adultos,adultos_ninguno_analfabeta,0.0,0,0,0.0,6.061858428,2.169185496,5.866781761928531,low,INCLUSION,0.13356
1679,#071,2024-02,Vulnerabilidad Baja,1.0,1.0,2.578385269,1.0,1.0,1.0,1.0,1.0,sotap,1,low,,,espanol_ningun_adulto,adultos_ninguno_analfabeta,,0,0,8.975915299,0.0,2.267176041,9.26476922923712,low,EXCLUSION,0.14196
1680,#527,2023-07,Vulnerabilidad Elevada,2.070141643,1.0,3.251728045,1.0,1.776038647,1.0,2.580217391,2.544987923,sotap,4,average,jefatura_masculina,no,espanol_ningun_adulto,adultos_ninguno_analfabeta,0.0,-500,0,20.51851115,30.38303782,3.458737305,50.58409863723273,high,EXCLUSION,0.13019999999999998
1681,#112,2023-09,Vulnerabilidad Elevada,1.0,1.0,2.578385269,1.0,1.776038647,2.117608696,2.580217391,1.0,sotap,3,average,jefatura_masculina,si,espanol_uno_mas_adultos,adultos_ninguno_analfabeta,0.0,-500,0,8.975915299,27.40879931,3.032151233,35.791525968642006,high,EXCLUSION,0.18552000000000002
1682,#1359,2023-11,Vulnerabilidad Elevada,1.0,1.0,2.578385269,1.0,1.776038647,2.823478261,1.790108696,1.043888889,foten,1,low,,,espanol_uno_mas_adultos,adultos_uno_mas_analfabeta,,0,0,8.975915299,26.85846924,3.016791609,35.25890607062468,high,EXCLUSION,0.22499999999999998
1683,#071,2024-02,Vulnerabilidad Severa,2.700708215,2.051104816,3.251728045,1.0,1.776038647,2.823478261,1.790108696,1.0,sotap,2,low,jefatura_masculina,no,espanol_uno_mas_adultos,adultos_ninguno_analfabeta,,0,0,35.61565687,26.18890898,3.791059708,62.10792802384809,high,EXCLUSION,0.16536
1684,#133,2024-02,Vulnerabilidad Baja,1.0,1.0,1.0,1.0,1.776038647,2.117608696,1.790108696,1.0,fupal,1,low,,,espanol_uno_mas_adultos,adultos_ninguno_analfabeta,,0,0,0.0,21.88512181,2.610810239,21.18083670503239,low,EXCLUSION,0.15143999999999996
1685,#555,2023-08,Vulnerabilidad Elevada,1.0,1.525552408,2.578385269,1.0,1.776038647,2.823478261,1.790108696,1.0,sotap,1,low,,,espanol_uno_mas_adultos,adultos_ninguno_analfabeta,0.0,0,0,13.7168894,26.18890898,3.139223567,39.50443631789602,high,EXCLUSION,0.1671
1686,#527,2024-06,Vulnerabilidad Elevada,2.070141643,1.0,1.0,1.0,1.776038647,1.0,2.580217391,2.544987923,sotap,2,low,jefatura_masculina,no,espanol_uno_mas_adultos,adultos_ninguno_analfabeta,0.0,0,-500,6.702282231,30.38303782,3.047485057,36.32324965539039,high,EXCLUSION,0.1158
1687,#555,2023-12,Vulnerabilidad Baja,1.0,1.525552408,1.0,1.0,1.0,1.498900966,1.0,1.0,sotap,4,average,jefatura_femenina,si,espanol_uno_mas_adultos,adultos_ninguno_analfabeta,0.0,0,0,3.741369748,3.815111519,2.217844323,7.554108183067449,low,EXCLUSION,0.12516
1688,#1101,2023-07,Vulnerabilidad Elevada,2.070141643,1.0,1.0,1.0,1.776038647,1.498900966,2.580217391,2.544987923,sotap,1,low,,,espanol_uno_mas_adultos,adultos_ninguno_analfabeta,,0,0,6.702282231,37.43330939,3.244257006,43.14663643599621,high,EXCLUSION,0.06858
1689,#1223,2023-11,Vulnerabilidad Moderada,2.070141643,1.0,1.249197356,1.564135978,1.0,1.498900966,1.790108696,1.043888889,sotap,6,average,jefatura_masculina,no,espanol_uno_mas_adultos,adultos_ninguno_analfabeta,,0,0,14.04842721,10.52243148,2.711843209,24.684328758587128,medium,EXCLUSION,0.13968
1690,#071,2023-09,Vulnerabilidad Elevada,2.070141643,1.0,1.0,1.0,1.776038647,2.117608696,2.580217391,2.544987923,sotap,1,low,,,espanol_uno_mas_adultos,adultos_ninguno_analfabeta,,0,0,6.702282231,44.04383881,3.428755821,49.5444324087312,high,INCLUSION,0.10043999999999999
1691,#1223,2023-10,Vulnerabilidad Elevada,2.700708215,1.0,3.251728045,1.0,1.776038647,1.498900966,1.790108696,1.0,sotap,2,complete,jefatura_femenina,si,espanol_uno_mas_adultos,adultos_ninguno_analfabeta,,0,0,24.2379543,17.10850297,3.198959675,41.57589014325073,high,INCLUSION,0.14604
1692,#133,2024-05,Vulnerabilidad Baja,1.0,1.0,1.0,1.0,1.0,1.498900966,1.0,1.0,fupal,2,average,jefatura_femenina,si,espanol_uno_mas_adultos,adultos_ninguno_analfabeta,,0,0,0.0,3.815111519,2.10647915,3.692337415207061,low,INCLUSION,0.08814
1693,#112,2024-03,Vulnerabilidad Baja,1.0,1.0,1.0,1.0,1.0,2.117608696,1.790108696,1.0,sotap,2,average,jefatura_femenina,si,espanol_uno_mas_adultos,adultos_ninguno_analfabeta,0.0,0,0,0.0,14.16503897,2.395343965,13.709193850906429,low,INCLUSION,0.13272
1694,#1311,2024-03,Vulnerabilidad Elevada,1.0,2.051104816,2.578385269,1.0,1.776038647,2.823478261,2.580217391,1.043888889,sotap,4,average,jefatura_masculina,no,espanol_uno_mas_adultos,adultos_ninguno_analfabeta,-500.0,0,0,17.3510839,32.85812825,3.433535414,49.710179955772645,high,INCLUSION,0.14742
1695,#264,2023-08,Vulnerabilidad Elevada,2.700708215,1.0,2.578385269,1.0,1.776038647,2.117608696,2.580217391,1.0,foten,2,average,jefatura_femenina,si,espanol_uno_mas_adultos,adultos_ninguno_analfabeta,0.0,0,0,20.97871872,27.40879931,3.389425269,48.18059160653321,high,EXCLUSION,0.13896
1696,#676,2024-02,Vulnerabilidad Baja,2.700708215,1.0,1.0,1.0,1.0,1.0,1.0,1.0,pcr_cdmx,4,low,jefatura_masculina,no,espanol_uno_mas_adultos,adultos_ninguno_analfabeta,0.0,0,0,9.472088355,0.0,2.28194507,9.776909630352256,low,INCLUSION,0.11256000000000001
1697,#1223,2024-01,Vulnerabilidad Baja,1.0,1.0,1.0,1.0,1.776038647,1.0,1.790108696,1.0,sotap,3,average,jefatura_masculina,no,espanol_uno_mas_adultos,adultos_ninguno_analfabeta,,0,0,0.0,12.01413641,2.33531262,11.62750948618979,low,INCLUSION,0.15407999999999997
1698,#252,2023-09,Vulnerabilidad Elevada,1.0,1.0,1.0,1.564135978,1.776038647,1.498900966,2.580217391,1.738466184,sotap,2,low,jefatura_masculina,no,espanol_ningun_adulto,adultos_uno_mas_analfabeta,0.0,0,0,3.975239986,30.77500505,2.977251981,33.887801796475415,medium,INCLUSION,0.1275
1699,#112,2023-08,Vulnerabilidad Moderada,1.0,1.0,1.249197356,1.0,1.776038647,2.823478261,1.790108696,1.043888889,sotap,1,low,,,espanol_uno_mas_adultos,adultos_ninguno_analfabeta,0.0,0,0,1.921713018,26.85846924,2.806817052,27.97769250601982,medium,EXCLUSION,0.15306
1700,#645,2024-04,Vulnerabilidad Moderada,2.700708215,2.051104816,2.578385269,1.0,1.0,1.0,1.0,1.0,fupal,1,low,,,espanol_uno_mas_adultos,adultos_ninguno_analfabeta,0.0,0,0,31.71522481,0.0,2.944031657,32.73585245961061,medium,EXCLUSION,0.09384
1701,#1311,2024-01,Vulnerabilidad Moderada,1.0,1.0,1.0,1.0,1.776038647,2.823478261,1.790108696,1.0,sotap,1,low,,,espanol_ningun_adulto,adultos_ninguno_analfabeta,,0,0,0.0,26.18890898,2.730928248,25.34612370011462,medium,INCLUSION,0.16554
1702,#1223,2023-07,Vulnerabilidad Elevada,1.0,1.0,1.249197356,1.564135978,1.776038647,2.823478261,1.790108696,1.043888889,sotap,1,low,,,espanol_uno_mas_adultos,adultos_ninguno_analfabeta,-500.0,0,0,6.124342631,26.85846924,2.931912031,32.31556694259577,medium,EXCLUSION,0.10038
1703,#252,2024-05,Vulnerabilidad Baja,1.0,1.0,2.578385269,1.0,1.776038647,1.0,1.790108696,1.0,sotap,1,low,,,espanol_uno_mas_adultos,adultos_ninguno_analfabeta,0.0,0,0,8.975915299,12.01413641,2.602488661,20.89227871542691,low,INCLUSION,0.11897999999999997
1704,#1311,2024-01,Vulnerabilidad Baja,1.0,1.525552408,1.0,1.564135978,1.0,2.117608696,1.0,1.0,sotap,4,low,jefatura_masculina,no,espanol_uno_mas_adultos,adultos_ninguno_analfabeta,0.0,0,0,8.159313021,7.392265486,2.449186097,15.576262863723835,low,EXCLUSION,0.14172
1705,#527,2023-09,Vulnerabilidad Baja,1.0,1.0,1.0,1.0,1.0,2.823478261,1.790108696,1.0,sotap,1,low,,,espanol_uno_mas_adultos,adultos_ninguno_analfabeta,,0,0,0.0,17.8931401,2.49939467,17.3173209584419,low,EXCLUSION,0.129
1706,#112,2024-05,Vulnerabilidad Moderada,1.0,1.525552408,1.0,1.0,1.776038647,2.823478261,1.790108696,1.0,sotap,6,average,jefatura_masculina,no,espanol_ningun_adulto,adultos_ninguno_analfabeta,,0,0,3.741369748,26.18890898,2.842293421,29.20789446797501,medium,INCLUSION,0.12131999999999998
1707,#112,2023-07,Vulnerabilidad Baja,1.0,1.0,1.0,1.0,1.0,1.498900966,1.0,1.0,sotap,4,average,jefatura_masculina,no,espanol_uno_mas_adultos,adultos_ninguno_analfabeta,,0,0,0.0,3.815111519,2.10647915,3.692337415207061,low,EXCLUSION,0.087
1708,#1102,2024-05,Vulnerabilidad Baja,1.0,1.0,1.0,1.0,1.776038647,1.0,1.790108696,1.0,pcr_cdmx,1,low,,,espanol_uno_mas_adultos,adultos_ninguno_analfabeta,0.0,0,0,0.0,12.01413641,2.33531262,11.62750948618979,low,EXCLUSION,0.12443999999999998
1709,#1583,2023-10,Vulnerabilidad Elevada,2.700708215,1.0,2.578385269,1.0,1.776038647,2.117608696,1.790108696,1.0,foten,5,high,jefatura_masculina,no,espanol_uno_mas_adultos,adultos_ninguno_analfabeta,,0,0,20.97871872,21.88512181,3.235260316,42.83467157216072,high,INCLUSION,0.147
1710,#112,2023-07,Vulnerabilidad Baja,1.0,1.0,1.0,1.564135978,1.0,1.0,2.580217391,1.0,sotap,1,low,,,espanol_ningun_adulto,adultos_ninguno_analfabeta,,0,0,3.975239986,9.580889352,2.385727611,13.375733935752754,low,EXCLUSION,0.09839999999999999
1711,#1492,2023-12,Vulnerabilidad Baja,1.0,1.0,2.578385269,1.0,1.0,1.498900966,1.790108696,1.0,fusal,1,low,,,espanol_uno_mas_adultos,adultos_ninguno_analfabeta,,0,0,8.975915299,10.02735341,2.547037866,18.969432379149907,low,EXCLUSION,0.17207999999999998
1712,#252,2023-07,Vulnerabilidad Baja,1.0,1.0,2.578385269,1.0,1.776038647,2.117608696,1.0,1.0,sotap,1,low,,,espanol_ningun_adulto,adultos_ninguno_analfabeta,,0,0,8.975915299,14.06650994,2.659770077,22.87860481285798,medium,EXCLUSION,0.12696
1713,#1101,2024-06,Vulnerabilidad Baja,1.0,1.0,1.0,1.0,1.0,2.117608696,1.790108696,1.0,sotap,1,low,,,espanol_uno_mas_adultos,adultos_ninguno_analfabeta,500.0,0,0,0.0,14.16503897,2.395343965,13.709193850906429,low,EXCLUSION,0.09731999999999999
1714,#1101,2024-05,Vulnerabilidad Elevada,2.070141643,1.0,1.0,1.0,1.776038647,2.117608696,2.580217391,1.043888889,sotap,5,low,jefatura_masculina,no,espanol_uno_mas_adultos,adultos_ninguno_analfabeta,0.0,0,0,6.702282231,28.09152966,2.983529432,34.10548451948735,high,INCLUSION,0.08748
1715,#1101,2024-04,Vulnerabilidad Baja,1.0,1.0,1.0,1.0,1.776038647,2.117608696,1.790108696,1.043888889,sotap,1,low,,,espanol_uno_mas_adultos,adultos_ninguno_analfabeta,0.0,0,0,0.0,22.50821784,2.628200749,21.78388088169096,medium,EXCLUSION,0.1161
1716,#264,2024-04,Vulnerabilidad Elevada,2.700708215,1.0,1.249197356,1.0,1.776038647,2.823478261,1.790108696,1.043888889,foten,4,average,jefatura_femenina,no,espanol_uno_mas_adultos,adultos_ninguno_analfabeta,,0,0,11.93561888,26.85846924,3.104889798,38.31385587256485,high,EXCLUSION,0.12882
1717,#071,2023-08,Vulnerabilidad Baja,1.0,1.0,1.0,1.0,1.0,2.117608696,1.790108696,1.0,sotap,1,low,,,espanol_uno_mas_adultos,adultos_ninguno_analfabeta,0.0,0,0,0.0,14.16503897,2.395343965,13.709193850906429,low,INCLUSION,0.10938
1718,#555,2024-01,Vulnerabilidad Baja,1.0,1.0,1.0,1.0,1.776038647,1.0,1.790108696,1.0,sotap,2,low,jefatura_masculina,no,espanol_uno_mas_adultos,adultos_ninguno_analfabeta,0.0,0,0,0.0,12.01413641,2.33531262,11.62750948618979,low,EXCLUSION,0.15227999999999997
1719,#132,2023-08,Vulnerabilidad Baja,1.0,1.0,2.578385269,1.0,1.0,1.498900966,1.790108696,1.043888889,fomon,1,low,,,espanol_uno_mas_adultos,adultos_ninguno_analfabeta,,0,0,8.975915299,10.52243148,2.560855415,19.44857834177924,low,INCLUSION,0.15341999999999997
1720,#527,2023-06,Vulnerabilidad Baja,1.0,1.0,1.0,1.0,1.776038647,1.0,1.790108696,1.0,sotap,1,low,,,espanol_uno_mas_adultos,adultos_ninguno_analfabeta,0.0,0,0,0.0,12.01413641,2.33531262,11.62750948618979,low,EXCLUSION,0.09545999999999999
1721,#1311,2024-05,Vulnerabilidad Baja,1.0,1.0,1.0,1.0,1.776038647,1.0,2.580217391,1.0,sotap,1,low,,,espanol_uno_mas_adultos,adultos_ninguno_analfabeta,,0,0,0.0,16.59309681,2.46311067,16.059114361557388,low,EXCLUSION,0.09342
1722,#071,2024-04,Vulnerabilidad Baja,1.0,1.0,1.0,1.0,1.0,1.498900966,1.790108696,1.0,sotap,1,low,,,espanol_uno_mas_adultos,adultos_ninguno_analfabeta,0.0,-500,0,0.0,10.02735341,2.279861825,9.70466314991279,low,EXCLUSION,0.12402
1723,#672,2024-06,Vulnerabilidad Moderada,1.0,1.525552408,1.0,1.0,1.776038647,2.117608696,2.580217391,1.0,fupal,1,low,,,espanol_uno_mas_adultos,adultos_ninguno_analfabeta,,0,0,3.741369748,27.40879931,2.876340364,30.38852750726528,medium,EXCLUSION,0.1083
1724,#1223,2024-05,Vulnerabilidad Baja,1.0,1.0,1.0,1.0,1.776038647,1.498900966,1.790108696,1.0,sotap,1,low,,,espanol_uno_mas_adultos,adultos_ninguno_analfabeta,0.0,-500,0,0.0,17.10850297,2.477495573,16.55793423592243,low,EXCLUSION,0.141
1725,#1311,2024-05,Vulnerabilidad Moderada,1.0,1.525552408,1.249197356,1.0,1.776038647,2.117608696,1.790108696,1.043888889,sotap,1,low,,,espanol_uno_mas_adultos,adultos_ninguno_analfabeta,,0,0,5.877094669,22.50821784,2.803137659,27.85010633423405,medium,EXCLUSION,0.10734
1726,#1583,2024-01,Vulnerabilidad Elevada,1.0,1.0,3.251728045,1.0,1.776038647,2.823478261,2.580217391,1.0,foten,3,average,jefatura_masculina,no,espanol_uno_mas_adultos,adultos_ninguno_analfabeta,0.0,0,0,11.51832969,32.12448674,3.23944252,42.97968968997395,high,INCLUSION,0.21720000000000003
1727,#555,2023-12,Vulnerabilidad Elevada,2.070141643,1.0,1.0,1.0,1.776038647,2.117608696,2.580217391,1.043888889,sotap,2,complete,jefatura_femenina,si,espanol_uno_mas_adultos,adultos_ninguno_analfabeta,,0,0,6.702282231,28.09152966,2.983529432,34.10548451948735,high,INCLUSION,0.12288
1728,#1101,2024-03,Vulnerabilidad Elevada,1.0,1.0,2.578385269,1.0,1.776038647,2.823478261,1.790108696,1.043888889,sotap,3,average,jefatura_masculina,no,espanol_uno_mas_adultos,adultos_ninguno_analfabeta,0.0,0,0,8.975915299,26.85846924,3.016791609,35.25890607062468,high,EXCLUSION,0.17789999999999997
1729,#238,2023-06,Vulnerabilidad Baja,1.0,1.525552408,1.0,1.0,1.0,1.0,1.790108696,1.0,futij,4,average,jefatura_masculina,no,espanol_uno_mas_adultos,adultos_ninguno_analfabeta,0.0,0,0,3.741369748,5.614422911,2.268062815,9.295515935161497,low,EXCLUSION,0.10410000000000001
1730,#555,2023-08,Vulnerabilidad Moderada,1.0,1.525552408,1.0,1.0,1.776038647,2.117608696,2.580217391,1.043888889,sotap,1,low,,,espanol_uno_mas_adultos,adultos_ninguno_analfabeta,,0,0,3.741369748,28.09152966,2.895395259,31.049286911871928,medium,INCLUSION,0.1323
1731,#133,2023-08,Vulnerabilidad Baja,1.0,1.0,2.578385269,1.0,1.0,1.0,1.790108696,1.0,fupal,1,low,,,espanol_uno_mas_adultos,adultos_ninguno_analfabeta,0.0,0,0,8.975915299,5.614422911,2.423873683,14.69851439653823,low,EXCLUSION,0.12966
1732,#071,2023-07,Vulnerabilidad Baja,1.0,1.0,1.0,1.0,1.776038647,1.498900966,1.790108696,1.0,sotap,4,average,jefatura_femenina,no,espanol_uno_mas_adultos,adultos_ninguno_analfabeta,,0,0,0.0,17.10850297,2.477495573,16.55793423592243,low,EXCLUSION,0.09527999999999999
1733,#111,2024-02,Vulnerabilidad Baja,1.0,1.0,1.0,1.0,1.776038647,2.117608696,1.790108696,1.0,fomon,1,low,,,espanol_uno_mas_adultos,adultos_ninguno_analfabeta,,0,0,0.0,21.88512181,2.610810239,21.18083670503239,low,INCLUSION,0.15414
1734,#1223,2023-08,Vulnerabilidad Moderada,1.0,1.0,1.0,1.0,1.776038647,2.117608696,2.580217391,1.043888889,sotap,3,low,jefatura_masculina,no,espanol_uno_mas_adultos,adultos_ninguno_analfabeta,,0,0,0.0,28.09152966,2.784030087,27.18751614401154,medium,EXCLUSION,0.12834
1735,#1167,2024-05,Vulnerabilidad Baja,1.0,1.0,1.0,1.0,1.776038647,2.117608696,1.790108696,1.0,foten,1,low,,,espanol_ningun_adulto,adultos_uno_mas_analfabeta,,0,0,0.0,21.88512181,2.610810239,21.18083670503239,low,EXCLUSION,0.14112
1736,#112,2023-12,Vulnerabilidad Elevada,2.070141643,1.0,3.251728045,1.0,1.776038647,2.117608696,2.580217391,1.043888889,sotap,6,average,jefatura_masculina,no,espanol_uno_mas_adultos,adultos_ninguno_analfabeta,,0,0,20.51851115,28.09152966,3.39478168,48.36633350132969,high,INCLUSION,0.17364
1737,#527,2024-05,Vulnerabilidad Baja,1.0,1.0,1.0,1.0,1.776038647,1.0,1.790108696,1.0,sotap,1,low,,,espanol_uno_mas_adultos,adultos_ninguno_analfabeta,,0,0,0.0,12.01413641,2.33531262,11.62750948618979,low,EXCLUSION,0.09462
1738,#1101,2023-07,Vulnerabilidad Moderada,1.0,1.0,1.0,1.0,1.776038647,2.117608696,2.580217391,1.0,sotap,2,low,jefatura_masculina,no,espanol_uno_mas_adultos,adultos_ninguno_analfabeta,-500.0,0,0,0.0,27.40879931,2.764975192,26.526756739404888,medium,EXCLUSION,0.10422000000000001
1739,#1101,2023-08,Vulnerabilidad Baja,1.0,1.0,1.0,1.0,1.0,2.117608696,1.790108696,1.0,sotap,1,low,,,espanol_uno_mas_adultos,adultos_ninguno_analfabeta,,0,0,0.0,14.16503897,2.395343965,13.709193850906429,low,INCLUSION,0.1152
1740,#1102,2024-02,Vulnerabilidad Baja,1.0,1.0,2.578385269,1.0,1.0,1.498900966,1.0,1.0,pcr_cdmx,1,low,,,espanol_uno_mas_adultos,adultos_ninguno_analfabeta,,0,0,8.975915299,3.815111519,2.373655191,12.95710664444418,low,INCLUSION,0.14952
1741,#1859,2024-01,Vulnerabilidad Moderada,1.0,1.525552408,2.578385269,1.0,1.776038647,1.0,1.790108696,1.0,pcr_cdmx,2,average,jefatura_femenina,no,espanol_ningun_adulto,adultos_ninguno_analfabeta,,0,0,13.7168894,12.01413641,2.743607939,25.785822103971192,medium,INCLUSION,0.19152000000000002
1742,#112,2023-06,Vulnerabilidad Elevada,1.0,2.051104816,1.0,1.0,1.776038647,2.823478261,1.790108696,1.0,sotap,1,low,,,espanol_ningun_adulto,adultos_uno_mas_analfabeta,,0,0,6.609317356,26.18890898,2.927660413,32.16813549794806,medium,EXCLUSION,0.14226
1743,#264,2024-07,Vulnerabilidad Baja,1.0,1.0,1.0,1.0,1.0,1.0,1.790108696,1.0,foten,1,low,,,espanol_uno_mas_adultos,adultos_ninguno_analfabeta,,0,0,0.0,5.614422911,2.156697643,5.433745167301109,low,EXCLUSION,0.1167
1744,#1311,2023-11,Vulnerabilidad Elevada,2.700708215,1.0,2.578385269,1.0,1.776038647,2.823478261,1.790108696,1.0,sotap,1,low,,,espanol_uno_mas_adultos,adultos_uno_mas_analfabeta,0.0,0,0,20.97871872,26.18890898,3.355378326,46.99995856724294,high,EXCLUSION,0.17357999999999998
1745,#112,2024-05,Vulnerabilidad Severa,2.070141643,1.0,2.578385269,1.0,1.776038647,2.823478261,1.790108696,2.544987923,sotap,5,low,jefatura_masculina,no,espanol_uno_mas_adultos,adultos_uno_mas_analfabeta,0.0,0,0,17.46888676,42.50305317,3.706230227,59.166315420759794,high,EXCLUSION,0.14508
1746,#1359,2024-03,Vulnerabilidad Elevada,2.070141643,1.0,2.578385269,1.0,1.776038647,2.117608696,1.790108696,1.043888889,foten,1,low,,,espanol_uno_mas_adultos,adultos_ninguno_analfabeta,,0,0,17.46888676,22.50821784,3.148177581,39.81493388651453,high,EXCLUSION,0.15054
1747,#1323,2024-02,Vulnerabilidad Moderada,2.700708215,1.0,3.251728045,1.0,1.0,1.0,1.790108696,1.0,fupal,4,average,jefatura_femenina,no,espanol_uno_mas_adultos,adultos_ninguno_analfabeta,,0,0,24.2379543,5.614422911,2.878161744,30.45170107462941,medium,INCLUSION,0.14604
1748,#555,2023-08,Vulnerabilidad Moderada,1.0,1.0,1.0,1.0,1.776038647,2.823478261,2.580217391,1.0,sotap,1,low,,,espanol_uno_mas_adultos,adultos_ninguno_analfabeta,,0,0,0.0,32.12448674,2.896589272,31.09068863222006,medium,EXCLUSION,0.13302
1749,#527,2023-08,Vulnerabilidad Elevada,1.0,1.0,1.0,1.0,1.776038647,2.823478261,2.580217391,1.738466184,sotap,4,average,jefatura_masculina,no,espanol_uno_mas_adultos,adultos_ninguno_analfabeta,,0,0,0.0,42.19960637,3.177784244,40.84158083740703,high,INCLUSION,0.13584000000000002
1750,#112,2024-04,Vulnerabilidad Elevada,1.0,1.0,2.578385269,1.0,1.776038647,2.823478261,2.580217391,1.0,sotap,3,complete,jefatura_femenina,no,espanol_uno_mas_adultos,adultos_ninguno_analfabeta,0.0,0,0,8.975915299,32.12448674,3.163765312,40.35545786145718,high,EXCLUSION,0.13985999999999998
1751,#555,2024-04,Vulnerabilidad Moderada,1.0,1.0,2.578385269,1.0,1.776038647,1.498900966,1.790108696,1.043888889,sotap,5,high,jefatura_masculina,no,espanol_uno_mas_adultos,adultos_ninguno_analfabeta,,-500,0,8.975915299,17.68003002,2.760622842,26.375838203163497,medium,EXCLUSION,0.15372
1752,#133,2024-06,Vulnerabilidad Baja,2.070141643,1.0,1.0,1.0,1.776038647,1.0,2.580217391,1.043888889,fupal,1,low,,,espanol_uno_mas_adultos,adultos_ninguno_analfabeta,,0,0,6.702282231,17.15905947,2.678405943,23.524832152671745,medium,EXCLUSION,0.08988
1753,#1223,2023-12,Vulnerabilidad Baja,1.0,1.0,1.0,1.0,1.776038647,1.498900966,1.790108696,1.0,sotap,2,average,jefatura_femenina,si,espanol_ningun_adulto,adultos_ninguno_analfabeta,,-500,0,0.0,17.10850297,2.477495573,16.55793423592243,low,EXCLUSION,0.20573999999999998
1754,#112,2023-07,Vulnerabilidad Elevada,2.700708215,2.051104816,2.578385269,1.0,1.0,1.0,1.0,1.0,sotap,2,low,jefatura_masculina,no,espanol_uno_mas_adultos,adultos_ninguno_analfabeta,-500.0,0,0,31.71522481,0.0,2.944031657,32.73585245961061,medium,EXCLUSION,0.10296
1755,#1311,2023-12,Vulnerabilidad Baja,1.0,1.0,1.0,1.0,1.0,1.0,1.0,1.0,sotap,4,average,jefatura_masculina,no,espanol_ningun_adulto,adultos_ninguno_analfabeta,,0,0,0.0,0.0,2.0,0.0,low,EXCLUSION,0.13866
1756,#1323,2024-01,Vulnerabilidad Elevada,1.0,1.0,3.251728045,1.0,1.776038647,2.117608696,1.790108696,1.043888889,fupal,5,low,jefatura_femenina,no,espanol_uno_mas_adultos,adultos_ninguno_analfabeta,0.0,0,0,11.51832969,22.50821784,2.971053998,33.67288193944485,medium,EXCLUSION,0.20664
1757,#1101,2024-04,Vulnerabilidad Baja,1.0,1.0,1.0,1.0,1.0,1.498900966,1.790108696,1.0,sotap,3,average,jefatura_masculina,no,espanol_uno_mas_adultos,adultos_ninguno_analfabeta,0.0,0,0,0.0,10.02735341,2.279861825,9.70466314991279,low,EXCLUSION,0.10872
1758,#1102,2024-04,Vulnerabilidad Baja,1.0,1.525552408,1.249197356,1.0,1.776038647,1.498900966,1.790108696,1.0,pcr_cdmx,2,average,jefatura_femenina,si,espanol_uno_mas_adultos,adultos_ninguno_analfabeta,0.0,0,0,5.877094669,17.10850297,2.652432483,22.62415968846552,medium,EXCLUSION,0.13188
1759,#252,2023-08,Vulnerabilidad Severa,2.700708215,2.051104816,3.251728045,1.0,1.776038647,1.0,2.580217391,1.0,sotap,2,average,jefatura_femenina,si,espanol_uno_mas_adultos,adultos_uno_mas_analfabeta,,0,0,35.61565687,16.59309681,3.52324213,52.82091868529086,high,EXCLUSION,0.16643999999999998
1760,#1167,2024-05,Vulnerabilidad Moderada,1.0,1.0,1.0,1.0,1.776038647,2.823478261,1.790108696,1.0,foten,4,average,jefatura_masculina,no,espanol_ningun_adulto,adultos_uno_mas_analfabeta,,0,0,0.0,26.18890898,2.730928248,25.34612370011462,medium,EXCLUSION,0.16025999999999999
1761,#112,2024-03,Vulnerabilidad Baja,1.0,1.525552408,1.0,1.0,1.0,1.0,1.0,1.0,sotap,2,average,jefatura_femenina,si,espanol_uno_mas_adultos,adultos_ninguno_analfabeta,0.0,0,0,3.741369748,0.0,2.111365173,3.861770767860388,low,EXCLUSION,0.12672
1762,#071,2023-10,Vulnerabilidad Baja,1.0,1.0,2.578385269,1.0,1.0,2.117608696,1.790108696,1.0,sotap,1,low,,,espanol_uno_mas_adultos,adultos_ninguno_analfabeta,0.0,0,0,8.975915299,14.16503897,2.662520006,22.973963080143548,medium,EXCLUSION,0.12822
1763,#071,2024-06,Vulnerabilidad Baja,1.0,1.0,1.0,1.0,1.0,1.498900966,1.0,1.0,sotap,1,low,,,espanol_uno_mas_adultos,adultos_ninguno_analfabeta,,0,0,0.0,3.815111519,2.10647915,3.692337415207061,low,EXCLUSION,0.09587999999999999
1764,#1223,2023-10,Vulnerabilidad Moderada,1.0,1.525552408,1.0,1.0,1.776038647,2.117608696,1.790108696,1.0,sotap,1,low,,,espanol_uno_mas_adultos,adultos_ninguno_analfabeta,,0,0,3.741369748,21.88512181,2.722175411,25.04260747289278,medium,EXCLUSION,0.14748
1765,#645,2024-02,Vulnerabilidad Moderada,1.0,1.0,1.0,1.0,1.776038647,2.823478261,2.580217391,1.0,fupal,1,low,,,espanol_uno_mas_adultos,adultos_ninguno_analfabeta,0.0,0,0,0.0,32.12448674,2.896589272,31.09068863222006,medium,EXCLUSION,0.14784
1766,#527,2024-03,Vulnerabilidad Moderada,2.700708215,1.0,3.251728045,1.0,1.0,1.0,1.790108696,1.0,sotap,4,average,jefatura_masculina,no,espanol_ningun_adulto,adultos_ninguno_analfabeta,,0,0,24.2379543,5.614422911,2.878161744,30.45170107462941,medium,INCLUSION,0.12768000000000002
1767,#1223,2023-10,Vulnerabilidad Baja,1.0,1.0,2.578385269,1.0,1.0,1.0,1.790108696,1.0,sotap,4,average,jefatura_femenina,si,espanol_uno_mas_adultos,adultos_ninguno_analfabeta,0.0,0,0,8.975915299,5.614422911,2.423873683,14.69851439653823,low,EXCLUSION,0.11507999999999999
1768,#1359,2023-09,Vulnerabilidad Elevada,2.070141643,1.0,2.578385269,1.0,1.776038647,2.823478261,1.790108696,1.043888889,foten,4,average,jefatura_masculina,no,espanol_uno_mas_adultos,adultos_uno_mas_analfabeta,,0,0,17.46888676,26.85846924,3.2695924,44.02518984621112,high,INCLUSION,0.18006000000000003
1769,#1860,2023-07,Vulnerabilidad Baja,1.0,1.525552408,1.0,1.0,1.776038647,1.0,2.580217391,1.0,pcr_cdmx,3,low,jefatura_femenina,no,espanol_uno_mas_adultos,adultos_ninguno_analfabeta,0.0,0,0,3.741369748,16.59309681,2.574475843,19.920885129417776,low,EXCLUSION,0.10308
1770,#1583,2023-12,Vulnerabilidad Elevada,2.070141643,1.0,2.578385269,1.0,1.776038647,2.117608696,1.790108696,1.043888889,foten,5,high,jefatura_masculina,no,espanol_uno_mas_adultos,adultos_ninguno_analfabeta,,-500,0,17.46888676,22.50821784,3.148177581,39.81493388651453,high,EXCLUSION,0.21498
1771,#672,2023-08,Vulnerabilidad Elevada,1.0,1.0,3.251728045,1.0,1.776038647,2.117608696,2.580217391,1.043888889,fupal,3,low,jefatura_masculina,no,espanol_uno_mas_adultos,adultos_ninguno_analfabeta,,0,-500,11.51832969,28.09152966,3.126883335,39.07651720176543,high,INCLUSION,0.18647999999999998
1772,#1311,2023-10,Vulnerabilidad Baja,1.0,1.0,1.0,1.0,1.776038647,1.498900966,1.790108696,1.0,sotap,1,low,,,espanol_uno_mas_adultos,adultos_ninguno_analfabeta,0.0,0,0,0.0,17.10850297,2.477495573,16.55793423592243,low,EXCLUSION,0.13956000000000002
1773,#458,2023-06,Vulnerabilidad Elevada,1.0,1.0,2.578385269,1.0,1.776038647,2.823478261,1.790108696,1.043888889,fupal,4,average,jefatura_femenina,no,espanol_uno_mas_adultos,adultos_ninguno_analfabeta,,0,0,8.975915299,26.85846924,3.016791609,35.25890607062468,high,EXCLUSION,0.16241999999999998
1774,#071,2023-06,Vulnerabilidad Baja,1.0,1.0,1.0,1.0,1.0,1.0,1.790108696,1.0,sotap,4,low,jefatura_femenina,no,espanol_uno_mas_adultos,adultos_ninguno_analfabeta,0.0,0,0,0.0,5.614422911,2.156697643,5.433745167301109,low,EXCLUSION,0.093
1775,#1102,2024-03,Vulnerabilidad Elevada,2.700708215,1.0,1.249197356,1.0,1.776038647,2.823478261,2.580217391,1.0,pcr_cdmx,2,low,jefatura_masculina,no,espanol_uno_mas_adultos,adultos_ninguno_analfabeta,,0,0,11.93561888,32.12448674,3.251863502,43.41040766339734,high,EXCLUSION,0.1347
1776,#458,2024-06,Vulnerabilidad Baja,2.070141643,1.0,1.0,1.0,1.0,1.0,1.790108696,1.043888889,fupal,3,low,jefatura_masculina,si,espanol_uno_mas_adultos,adultos_ninguno_analfabeta,,0,0,6.702282231,6.061858428,2.368684842,12.78475013740434,low,EXCLUSION,0.06546
1777,#1101,2023-11,Vulnerabilidad Elevada,1.0,1.0,3.251728045,1.0,1.776038647,2.823478261,2.580217391,1.0,sotap,2,average,jefatura_femenina,si,espanol_uno_mas_adultos,adultos_ninguno_analfabeta,,0,0,11.51832969,32.12448674,3.23944252,42.97968968997395,high,EXCLUSION,0.17826
1778,#458,2024-04,Vulnerabilidad Elevada,2.070141643,1.525552408,1.0,1.0,1.776038647,1.498900966,1.790108696,2.544987923,fupal,4,average,jefatura_femenina,no,espanol_uno_mas_adultos,adultos_uno_mas_analfabeta,,0,0,11.1900528,31.0340229,3.199236398,41.5854768982119,high,EXCLUSION,0.11538
1779,#071,2023-10,Vulnerabilidad Baja,1.0,1.525552408,1.0,1.0,1.776038647,1.498900966,1.790108696,1.0,sotap,4,average,jefatura_masculina,no,espanol_ningun_adulto,adultos_ninguno_analfabeta,,0,0,3.741369748,17.10850297,2.588860746,20.41970500378282,low,EXCLUSION,0.15966
1780,#1200,2023-07,Vulnerabilidad Moderada,1.0,1.0,1.0,1.0,1.776038647,2.823478261,1.790108696,1.043888889,fupal,1,low,,,espanol_uno_mas_adultos,adultos_ninguno_analfabeta,,0,0,0.0,26.85846924,2.749615568,25.99413684138756,medium,EXCLUSION,0.12377999999999999
1781,#071,2023-09,Vulnerabilidad Elevada,1.0,1.0,2.578385269,1.0,1.776038647,2.823478261,2.580217391,1.043888889,sotap,3,average,jefatura_femenina,si,espanol_uno_mas_adultos,adultos_ninguno_analfabeta,,0,0,8.975915299,32.85812825,3.184241129,41.06549005402387,high,EXCLUSION,0.12888
1782,#1101,2024-05,Vulnerabilidad Baja,1.0,1.0,1.0,1.0,1.0,1.498900966,1.0,1.0,sotap,1,low,,,espanol_uno_mas_adultos,adultos_ninguno_analfabeta,0.0,0,0,0.0,3.815111519,2.10647915,3.692337415207061,low,INCLUSION,0.09029999999999999
1783,#1859,2023-09,Vulnerabilidad Baja,1.0,1.0,1.0,1.0,1.0,1.0,1.0,1.0,pcr_cdmx,1,low,,,espanol_uno_mas_adultos,adultos_ninguno_analfabeta,,0,0,0.0,0.0,2.0,0.0,low,EXCLUSION,0.11268
1784,#1311,2024-04,Vulnerabilidad Elevada,1.0,1.0,1.0,1.0,1.776038647,2.823478261,2.580217391,1.738466184,sotap,2,average,jefatura_femenina,si,espanol_uno_mas_adultos,adultos_ninguno_analfabeta,,0,0,0.0,42.19960637,3.177784244,40.84158083740703,high,INCLUSION,0.11273999999999998
1785,#071,2024-02,Vulnerabilidad Baja,1.0,1.0,2.578385269,1.0,1.0,1.0,1.790108696,1.0,sotap,3,low,jefatura_masculina,no,espanol_ningun_adulto,adultos_ninguno_analfabeta,,0,0,8.975915299,5.614422911,2.423873683,14.69851439653823,low,EXCLUSION,0.1368
1786,#527,2024-05,Vulnerabilidad Severa,2.070141643,1.0,3.251728045,1.0,1.776038647,2.823478261,2.580217391,1.043888889,sotap,3,complete,jefatura_femenina,si,espanol_uno_mas_adultos,adultos_ninguno_analfabeta,0.0,0,0,20.51851115,32.85812825,3.527816682,52.9795381821049,high,INCLUSION,0.10596
1787,#1101,2023-08,Vulnerabilidad Elevada,1.0,1.0,1.0,1.0,1.776038647,2.823478261,2.580217391,1.043888889,sotap,2,average,jefatura_femenina,si,espanol_uno_mas_adultos,adultos_ninguno_analfabeta,,0,0,0.0,32.85812825,2.917065088,31.80072082478675,medium,EXCLUSION,0.14664
1788,#112,2023-07,Vulnerabilidad Baja,1.0,2.051104816,1.0,1.0,1.0,2.117608696,1.0,1.0,sotap,1,low,,,espanol_uno_mas_adultos,adultos_ninguno_analfabeta,0.0,0,0,6.609317356,7.392265486,2.403049108,13.97638678822847,low,EXCLUSION,0.08478000000000001
1789,#676,2024-04,Vulnerabilidad Baja,1.0,1.0,1.0,1.0,1.776038647,1.498900966,1.790108696,1.0,pcr_cdmx,1,low,,,espanol_uno_mas_adultos,adultos_ninguno_analfabeta,,0,0,0.0,17.10850297,2.477495573,16.55793423592243,low,INCLUSION,0.1068
1790,#555,2023-09,Vulnerabilidad Baja,2.070141643,1.0,1.0,1.0,1.0,1.0,1.0,1.043888889,sotap,3,low,jefatura_masculina,no,espanol_uno_mas_adultos,adultos_ninguno_analfabeta,0.0,0,0,6.702282231,0.386821499,2.210295472,7.2923415718164915,low,EXCLUSION,0.09606
1791,#071,2023-11,Vulnerabilidad Baja,1.0,1.0,1.0,1.0,1.776038647,1.498900966,1.790108696,1.0,sotap,1,low,,,espanol_uno_mas_adultos,adultos_ninguno_analfabeta,-500.0,0,0,0.0,17.10850297,2.477495573,16.55793423592243,low,EXCLUSION,0.13176000000000002
1792,#1624,2023-07,Vulnerabilidad Moderada,1.0,1.0,1.0,1.0,1.776038647,2.823478261,1.790108696,1.0,fusal,7,average,jefatura_masculina,no,espanol_uno_mas_adultos,adultos_ninguno_analfabeta,0.0,0,0,0.0,26.18890898,2.730928248,25.34612370011462,medium,EXCLUSION,0.13314
1793,#1223,2023-09,Vulnerabilidad Elevada,1.0,1.0,3.251728045,1.0,1.776038647,2.117608696,2.580217391,1.043888889,sotap,1,low,,,espanol_uno_mas_adultos,adultos_ninguno_analfabeta,-500.0,0,0,11.51832969,28.09152966,3.126883335,39.07651720176543,high,EXCLUSION,0.13434000000000001
1794,#1102,2023-07,Vulnerabilidad Baja,1.0,1.0,1.0,1.0,1.776038647,1.0,1.790108696,1.0,pcr_cdmx,1,low,,,espanol_uno_mas_adultos,adultos_ninguno_analfabeta,-500.0,0,0,0.0,12.01413641,2.33531262,11.62750948618979,low,EXCLUSION,0.09287999999999999
1795,#1841,2023-09,Vulnerabilidad Elevada,2.700708215,1.0,2.578385269,1.0,1.0,2.117608696,1.790108696,1.0,foten,1,low,,,espanol_uno_mas_adultos,adultos_ninguno_analfabeta,0.0,0,0,20.97871872,14.16503897,3.019794043,35.36302871803475,high,EXCLUSION,0.13127999999999998
1796,#1407,2024-05,Vulnerabilidad Baja,1.0,1.0,1.0,1.0,1.776038647,2.117608696,1.790108696,1.0,foten,1,low,,,espanol_uno_mas_adultos,adultos_ninguno_analfabeta,0.0,0,0,0.0,21.88512181,2.610810239,21.18083670503239,low,EXCLUSION,0.11711999999999999
1797,#1101,2024-02,Vulnerabilidad Baja,1.0,1.0,1.0,1.0,1.776038647,1.498900966,1.790108696,1.0,sotap,5,average,jefatura_masculina,no,espanol_ningun_adulto,adultos_ninguno_analfabeta,,0,0,0.0,17.10850297,2.477495573,16.55793423592243,low,INCLUSION,0.1407
1798,#606,2023-12,Vulnerabilidad Elevada,2.700708215,1.0,1.0,1.0,1.776038647,2.823478261,2.580217391,1.0,foten,3,average,jefatura_femenina,si,espanol_uno_mas_adultos,adultos_ninguno_analfabeta,,0,0,9.472088355,32.12448674,3.178534341,40.86759826257232,high,INCLUSION,0.13302
1799,#1771,2023-06,Vulnerabilidad Baja,2.070141643,1.0,1.0,1.0,1.0,1.0,1.0,1.043888889,fupal,1,low,,,espanol_uno_mas_adultos,adultos_ninguno_analfabeta,,0,0,6.702282231,0.386821499,2.210295472,7.2923415718164915,low,EXCLUSION,0.0951
1800,#252,2024-04,Vulnerabilidad Elevada,2.070141643,1.0,2.578385269,1.0,1.776038647,2.823478261,2.580217391,1.043888889,sotap,2,average,jefatura_femenina,si,espanol_uno_mas_adultos,adultos_ninguno_analfabeta,,0,0,17.46888676,32.85812825,3.43704192,49.83177382961031,high,INCLUSION,0.10566
1801,#555,2024-02,Vulnerabilidad Baja,1.0,1.0,2.578385269,1.0,1.0,1.0,1.0,1.043888889,sotap,3,low,jefatura_masculina,no,espanol_ningun_adulto,adultos_uno_mas_analfabeta,,0,0,8.975915299,0.386821499,2.277972167,9.6391424255778,low,EXCLUSION,0.15672
1802,#252,2023-09,Vulnerabilidad Baja,1.0,1.0,2.578385269,1.0,1.0,1.0,1.790108696,1.0,sotap,2,average,jefatura_masculina,si,espanol_uno_mas_adultos,adultos_ninguno_analfabeta,-500.0,0,0,8.975915299,5.614422911,2.423873683,14.69851439653823,low,EXCLUSION,0.111
1803,#071,2024-03,Vulnerabilidad Elevada,2.070141643,1.0,2.578385269,1.0,1.776038647,1.498900966,1.790108696,1.043888889,sotap,2,average,jefatura_femenina,si,espanol_uno_mas_adultos,adultos_ninguno_analfabeta,0.0,0,0,17.46888676,17.68003002,3.013423633,35.14212197874994,high,EXCLUSION,0.14952
1804,#555,2024-05,Vulnerabilidad Elevada,2.700708215,2.051104816,1.249197356,1.0,1.776038647,1.0,1.790108696,1.0,sotap,1,low,,,espanol_uno_mas_adultos,adultos_ninguno_analfabeta,0.0,0,0,20.89305637,12.01413641,2.957212882,33.19292530323276,medium,EXCLUSION,0.09978
1805,#1101,2023-06,Vulnerabilidad Moderada,1.0,1.0,1.0,1.0,1.776038647,2.823478261,2.580217391,1.0,sotap,1,low,,,espanol_ningun_adulto,adultos_ninguno_analfabeta,-500.0,0,0,0.0,32.12448674,2.896589272,31.09068863222006,medium,EXCLUSION,0.10656
1806,#1101,2024-03,Vulnerabilidad Elevada,2.070141643,1.0,1.0,1.0,1.776038647,2.823478261,1.790108696,1.043888889,sotap,5,high,jefatura_masculina,no,espanol_uno_mas_adultos,adultos_ninguno_analfabeta,,0,0,6.702282231,26.85846924,2.949114914,32.912105216863374,medium,INCLUSION,0.13476000000000002
1807,#1167,2024-06,Vulnerabilidad Moderada,1.0,2.051104816,1.0,1.0,1.776038647,1.498900966,2.580217391,1.0,foten,1,low,,,espanol_uno_mas_adultos,adultos_ninguno_analfabeta,,0,0,6.609317356,22.17502718,2.815633615,28.283424428153857,medium,EXCLUSION,0.09924
1808,#016,2024-05,Vulnerabilidad Baja,1.0,2.051104816,1.0,1.0,1.776038647,1.0,2.580217391,1.043888889,futij,1,low,,,espanol_uno_mas_adultos,adultos_ninguno_analfabeta,0.0,0,0,6.609317356,17.15905947,2.675638761,23.42887557502937,medium,EXCLUSION,0.10715999999999999
1809,#1311,2024-06,Vulnerabilidad Severa,2.700708215,1.0,3.251728045,1.0,1.776038647,2.823478261,2.580217391,1.0,sotap,3,complete,jefatura_femenina,si,espanol_uno_mas_adultos,adultos_ninguno_analfabeta,0.0,0,0,24.2379543,32.12448674,3.618053373,56.108644539548365,high,EXCLUSION,0.11639999999999998
1810,#1101,2023-07,Vulnerabilidad Elevada,1.0,2.051104816,1.0,1.0,1.776038647,2.117608696,2.580217391,1.0,sotap,4,average,jefatura_femenina,si,espanol_uno_mas_adultos,adultos_uno_mas_analfabeta,0.0,0,0,6.609317356,27.40879931,2.961707356,33.34876853723833,medium,EXCLUSION,0.126
1811,#1583,2023-06,Vulnerabilidad Elevada,2.070141643,1.0,2.578385269,1.564135978,1.776038647,1.498900966,2.580217391,1.043888889,foten,3,average,jefatura_masculina,no,espanol_ningun_adulto,adultos_ninguno_analfabeta,,0,0,23.51115944,22.80125306,3.336209726,46.33525799721478,high,INCLUSION,0.17718
1812,#112,2024-04,Vulnerabilidad Baja,1.0,1.0,1.0,1.0,1.0,1.498900966,1.790108696,1.0,sotap,3,low,jefatura_masculina,no,espanol_uno_mas_adultos,adultos_ninguno_analfabeta,0.0,0,0,0.0,10.02735341,2.279861825,9.70466314991279,low,EXCLUSION,0.08844
1813,,2024-04,Vulnerabilidad Severa,2.700708215,1.0,2.578385269,1.0,1.776038647,2.823478261,2.580217391,1.0,,5,average,jefatura_masculina,no,espanol_uno_mas_adultos,adultos_ninguno_analfabeta,,0,0,20.97871872,32.12448674,3.521039349,52.74452349934838,high,EXCLUSION,0.11886
1814,#555,2024-04,Vulnerabilidad Severa,2.070141643,1.0,3.251728045,1.0,1.776038647,2.823478261,2.580217391,1.043888889,sotap,5,high,jefatura_masculina,no,espanol_uno_mas_adultos,adultos_uno_mas_analfabeta,-500.0,0,0,20.51851115,32.85812825,3.527816682,52.9795381821049,high,EXCLUSION,0.144
1815,#1841,2023-07,Vulnerabilidad Moderada,1.0,1.0,1.0,1.0,1.776038647,2.823478261,1.790108696,1.0,foten,1,low,,,espanol_uno_mas_adultos,adultos_ninguno_analfabeta,,0,0,0.0,26.18890898,2.730928248,25.34612370011462,medium,EXCLUSION,0.11135999999999999
1816,#071,2024-05,Vulnerabilidad Elevada,2.700708215,1.0,3.251728045,1.0,1.776038647,1.0,2.580217391,1.0,sotap,3,average,jefatura_femenina,no,espanol_uno_mas_adultos,adultos_uno_mas_analfabeta,-500.0,0,0,24.2379543,16.59309681,3.184574771,41.07707026888569,high,EXCLUSION,0.12552000000000002
1817,#071,2023-11,Vulnerabilidad Elevada,1.0,1.0,1.0,1.0,1.776038647,2.823478261,2.580217391,1.043888889,sotap,1,low,,,espanol_ningun_adulto,adultos_uno_mas_analfabeta,0.0,0,0,0.0,32.85812825,2.917065088,31.80072082478675,medium,INCLUSION,0.16338
1818,#1359,2023-08,Vulnerabilidad Elevada,1.0,1.0,3.251728045,1.0,1.776038647,2.823478261,2.580217391,1.043888889,foten,3,average,jefatura_femenina,no,espanol_uno_mas_adultos,adultos_ninguno_analfabeta,,0,0,11.51832969,32.85812825,3.259918337,43.68972188254064,high,INCLUSION,0.18858
1819,,2023-08,Vulnerabilidad Elevada,2.070141643,1.0,1.0,1.0,1.776038647,2.117608696,2.580217391,1.043888889,,4,average,jefatura_masculina,no,espanol_uno_mas_adultos,adultos_ninguno_analfabeta,,0,0,6.702282231,28.09152966,2.983529432,34.10548451948735,high,INCLUSION,0.12335999999999998
1820,#112,2023-10,Vulnerabilidad Moderada,1.0,1.0,1.0,1.0,1.776038647,2.823478261,2.580217391,1.0,sotap,3,low,jefatura_masculina,no,espanol_uno_mas_adultos,adultos_ninguno_analfabeta,0.0,0,0,0.0,32.12448674,2.896589272,31.09068863222006,medium,EXCLUSION,0.14664
1821,#527,2024-01,Vulnerabilidad Moderada,1.0,1.0,1.0,1.0,1.776038647,2.823478261,2.580217391,1.0,sotap,2,low,jefatura_masculina,no,espanol_uno_mas_adultos,adultos_ninguno_analfabeta,0.0,0,0,0.0,32.12448674,2.896589272,31.09068863222006,medium,INCLUSION,0.14064000000000002
1822,#1102,2024-03,Vulnerabilidad Baja,1.0,1.0,1.0,1.0,1.0,1.498900966,1.790108696,1.0,pcr_cdmx,1,low,,,espanol_uno_mas_adultos,adultos_ninguno_analfabeta,,0,0,0.0,10.02735341,2.279861825,9.70466314991279,low,INCLUSION,0.11531999999999998
1823,#112,2023-09,Vulnerabilidad Severa,2.700708215,1.0,2.578385269,1.0,1.776038647,2.823478261,2.580217391,1.0,sotap,5,high,jefatura_masculina,no,espanol_uno_mas_adultos,adultos_ninguno_analfabeta,0.0,0,0,20.97871872,32.12448674,3.521039349,52.74452349934838,high,EXCLUSION,0.1383
1824,#1323,2023-07,Vulnerabilidad Severa,2.700708215,2.051104816,3.251728045,1.0,1.776038647,2.823478261,1.790108696,1.0,fupal,1,low,,,espanol_uno_mas_adultos,adultos_uno_mas_analfabeta,,0,0,35.61565687,26.18890898,3.791059708,62.10792802384809,high,EXCLUSION,0.18209999999999998
1825,#1323,2023-09,Vulnerabilidad Elevada,1.0,1.0,3.251728045,1.0,1.776038647,2.823478261,2.580217391,1.0,fupal,1,low,,,espanol_uno_mas_adultos,adultos_ninguno_analfabeta,,0,0,11.51832969,32.12448674,3.23944252,42.97968968997395,high,EXCLUSION,0.17135999999999998
1826,#1311,2023-11,Vulnerabilidad Elevada,1.0,1.0,2.578385269,1.0,1.776038647,2.823478261,1.790108696,1.043888889,sotap,2,average,jefatura_femenina,si,espanol_uno_mas_adultos,adultos_uno_mas_analfabeta,,0,0,8.975915299,26.85846924,3.016791609,35.25890607062468,high,EXCLUSION,0.21618
1827,#252,2023-08,Vulnerabilidad Moderada,1.0,1.0,2.578385269,1.0,1.776038647,1.498900966,1.790108696,1.0,sotap,1,low,,,espanol_ningun_adulto,adultos_uno_mas_analfabeta,,0,0,8.975915299,17.10850297,2.744671614,25.82270346515955,medium,EXCLUSION,0.18468
1828,#1223,2023-12,Vulnerabilidad Elevada,1.0,1.525552408,2.578385269,1.0,1.776038647,2.823478261,1.0,1.0,sotap,2,complete,jefatura_femenina,si,espanol_uno_mas_adultos,adultos_ninguno_analfabeta,0.0,0,0,13.7168894,17.78726377,2.904734997,31.37316445239903,medium,EXCLUSION,0.19337999999999997
1829,#1765,2024-02,Vulnerabilidad Baja,2.070141643,1.0,1.249197356,1.0,1.0,1.0,1.790108696,1.043888889,fupal,3,low,jefatura_masculina,no,espanol_ningun_adulto,adultos_ninguno_analfabeta,,0,0,9.00737574,6.061858428,2.437297985,15.164023860617473,low,INCLUSION,0.12222000000000001
1830,#1415,2024-03,Vulnerabilidad Baja,2.700708215,1.0,1.0,1.0,1.0,1.0,1.0,1.0,fomon,1,low,,,espanol_uno_mas_adultos,adultos_ninguno_analfabeta,,0,0,9.472088355,0.0,2.28194507,9.776909630352256,low,EXCLUSION,0.10943999999999998
1831,#252,2023-12,Vulnerabilidad Elevada,2.070141643,1.0,1.0,1.0,1.776038647,2.823478261,2.580217391,1.043888889,sotap,3,low,jefatura_femenina,si,espanol_uno_mas_adultos,adultos_uno_mas_analfabeta,0.0,0,0,6.702282231,32.85812825,3.116564434,38.71868920026256,high,INCLUSION,0.13404
1832,#555,2023-08,Vulnerabilidad Elevada,2.700708215,1.0,1.0,1.0,1.776038647,2.823478261,2.580217391,1.0,sotap,1,low,,,espanol_uno_mas_adultos,adultos_uno_mas_analfabeta,,0,0,9.472088355,32.12448674,3.178534341,40.86759826257232,high,EXCLUSION,0.14352
1833,,2024-04,Vulnerabilidad Moderada,1.0,1.0,3.251728045,1.0,1.776038647,1.0,2.580217391,1.0,,3,average,jefatura_masculina,si,espanol_uno_mas_adultos,adultos_uno_mas_analfabeta,0.0,-500,0,11.51832969,16.59309681,2.805963919,27.94811541931128,medium,EXCLUSION,0.16907999999999998
1834,#252,2024-04,Vulnerabilidad Baja,1.0,1.0,2.578385269,1.0,1.0,1.498900966,1.0,1.043888889,sotap,4,low,jefatura_masculina,no,espanol_uno_mas_adultos,adultos_ninguno_analfabeta,0.0,0,0,8.975915299,4.243121443,2.385600879,13.371342781079935,low,EXCLUSION,0.12083999999999999
1835,#692,2024-03,Vulnerabilidad Baja,1.0,1.0,1.0,1.0,1.0,1.0,1.790108696,1.0,pcr_cdmx,2,average,jefatura_masculina,si,espanol_uno_mas_adultos,adultos_ninguno_analfabeta,,0,0,0.0,5.614422911,2.156697643,5.433745167301109,low,INCLUSION,0.12822
1836,#041,2023-08,Vulnerabilidad Baja,1.0,1.0,1.0,1.0,1.776038647,1.498900966,2.580217391,1.0,fusal,2,average,jefatura_femenina,si,espanol_uno_mas_adultos,adultos_ninguno_analfabeta,-500.0,0,0,0.0,22.17502718,2.618901451,21.46141263032042,medium,INCLUSION,0.12527999999999997
1837,#527,2023-07,Vulnerabilidad Baja,1.0,1.0,1.0,1.0,1.776038647,1.498900966,2.580217391,1.043888889,sotap,2,low,jefatura_masculina,no,espanol_uno_mas_adultos,adultos_ninguno_analfabeta,0.0,0,0,0.0,22.80125306,2.636379315,22.06748593527614,medium,EXCLUSION,0.09426000000000001
1838,#676,2024-06,Vulnerabilidad Elevada,2.070141643,1.0,1.0,1.0,1.776038647,2.823478261,2.580217391,1.043888889,pcr_cdmx,4,average,jefatura_masculina,no,espanol_ningun_adulto,adultos_ninguno_analfabeta,,0,0,6.702282231,32.85812825,3.116564434,38.71868920026256,high,EXCLUSION,0.11184000000000001
1839,#1771,2023-06,Vulnerabilidad Baja,1.0,1.0,1.0,1.0,1.0,2.117608696,1.0,1.0,fupal,1,low,,,espanol_uno_mas_adultos,adultos_ninguno_analfabeta,0.0,0,0,0.0,7.392265486,2.206316944,7.154374990395034,low,EXCLUSION,0.10511999999999999
1840,#1583,2023-09,Vulnerabilidad Elevada,2.070141643,2.051104816,1.0,1.0,1.776038647,2.823478261,1.790108696,1.043888889,foten,1,low,,,espanol_uno_mas_adultos,adultos_ninguno_analfabeta,0.0,0,0,14.63015408,26.85846924,3.185095016,41.09510390983604,high,INCLUSION,0.1374
1841,#071,2024-06,Vulnerabilidad Baja,1.0,1.0,1.0,1.0,1.0,1.0,1.0,1.043888889,sotap,1,low,,,espanol_uno_mas_adultos,adultos_uno_mas_analfabeta,0.0,0,0,0.0,0.386821499,2.010796126,0.374373196340681,low,EXCLUSION,0.10704
1842,#1311,2024-05,Vulnerabilidad Elevada,1.0,1.0,3.251728045,1.0,1.776038647,2.117608696,2.580217391,1.043888889,sotap,2,low,jefatura_masculina,no,espanol_uno_mas_adultos,adultos_uno_mas_analfabeta,,0,0,11.51832969,28.09152966,3.126883335,39.07651720176543,high,INCLUSION,0.15918000000000002
1843,#1101,2023-08,Vulnerabilidad Moderada,1.0,1.0,1.0,1.564135978,1.776038647,2.823478261,2.580217391,1.0,sotap,3,average,jefatura_masculina,no,espanol_ningun_adulto,adultos_ninguno_analfabeta,,0,0,3.975239986,32.12448674,3.014915798,35.19385581620953,high,INCLUSION,0.19728
1844,#1311,2024-04,Vulnerabilidad Elevada,1.0,1.525552408,3.251728045,1.0,1.776038647,2.823478261,2.580217391,1.043888889,sotap,3,average,jefatura_masculina,no,espanol_ningun_adulto,adultos_ninguno_analfabeta,,0,0,16.54244021,32.85812825,3.409465421,48.87551330318476,high,EXCLUSION,0.14465999999999998
1845,#1323,2024-04,Vulnerabilidad Elevada,1.0,1.0,2.578385269,1.0,1.776038647,2.823478261,1.790108696,1.0,fupal,4,average,jefatura_masculina,no,espanol_uno_mas_adultos,adultos_ninguno_analfabeta,-500.0,0,0,8.975915299,26.18890898,2.998104289,34.61089292935174,high,EXCLUSION,0.12389999999999998
1846,#1101,2024-03,Vulnerabilidad Moderada,1.0,1.525552408,1.0,1.0,1.776038647,2.823478261,1.790108696,1.0,sotap,6,high,jefatura_femenina,si,espanol_uno_mas_adultos,adultos_ninguno_analfabeta,,0,0,3.741369748,26.18890898,2.842293421,29.20789446797501,medium,EXCLUSION,0.15672
1847,#1101,2023-11,Vulnerabilidad Moderada,1.0,1.0,1.0,1.0,1.776038647,2.823478261,1.790108696,1.0,sotap,1,low,,,espanol_uno_mas_adultos,adultos_uno_mas_analfabeta,0.0,0,0,0.0,26.18890898,2.730928248,25.34612370011462,medium,EXCLUSION,0.1701
1848,#672,2024-07,Vulnerabilidad Elevada,2.070141643,1.0,1.0,1.0,1.776038647,2.823478261,1.790108696,1.0,fupal,1,low,,,espanol_uno_mas_adultos,adultos_ninguno_analfabeta,0.0,0,0,6.702282231,26.18890898,2.930427594,32.26409207559043,medium,INCLUSION,0.12306
1849,#1223,2024-05,Vulnerabilidad Elevada,2.070141643,1.0,2.578385269,1.0,1.776038647,1.498900966,1.790108696,1.043888889,sotap,2,average,jefatura_masculina,si,espanol_uno_mas_adultos,adultos_ninguno_analfabeta,0.0,0,0,17.46888676,17.68003002,3.013423633,35.14212197874994,high,EXCLUSION,0.10842
1850,#458,2024-07,Vulnerabilidad Elevada,2.070141643,1.0,1.0,1.564135978,1.776038647,1.498900966,2.580217391,2.544987923,fupal,1,low,,,espanol_uno_mas_adultos,adultos_uno_mas_analfabeta,,0,0,11.47057999,37.43330939,3.386189597,48.0683827851786,high,EXCLUSION,0.1533
1851,#112,2023-09,Vulnerabilidad Moderada,1.0,1.0,1.0,1.0,1.776038647,2.823478261,2.580217391,1.0,sotap,5,average,jefatura_masculina,no,espanol_ningun_adulto,adultos_ninguno_analfabeta,0.0,0,0,0.0,32.12448674,2.896589272,31.09068863222006,medium,INCLUSION,0.14994
1852,#527,2024-03,Vulnerabilidad Elevada,1.0,2.051104816,3.251728045,1.0,1.776038647,1.0,1.790108696,1.0,sotap,2,average,jefatura_femenina,si,espanol_uno_mas_adultos,adultos_uno_mas_analfabeta,,0,0,20.39367297,12.01413641,2.942348294,32.67747124603736,medium,INCLUSION,0.1962
1853,#1054,2023-06,Vulnerabilidad Baja,2.070141643,1.0,1.0,1.0,1.776038647,1.0,2.580217391,1.0,futij,2,average,jefatura_femenina,si,espanol_uno_mas_adultos,adultos_ninguno_analfabeta,0.0,0,0,6.702282231,16.59309681,2.662610016,22.9770827370332,medium,EXCLUSION,0.1038
1854,#112,2024-01,Vulnerabilidad Elevada,1.0,1.525552408,2.578385269,1.0,1.776038647,2.823478261,1.790108696,1.0,sotap,6,average,jefatura_femenina,no,espanol_uno_mas_adultos,adultos_ninguno_analfabeta,0.0,0,0,13.7168894,26.18890898,3.139223567,39.50443631789602,high,EXCLUSION,0.18095999999999998
1855,#112,2023-08,Vulnerabilidad Elevada,1.0,2.051104816,1.0,1.0,1.776038647,2.823478261,1.790108696,1.0,sotap,4,average,jefatura_masculina,no,espanol_uno_mas_adultos,adultos_ninguno_analfabeta,,0,0,6.609317356,26.18890898,2.927660413,32.16813549794806,medium,EXCLUSION,0.14364
1856,#1860,2023-07,Vulnerabilidad Baja,1.0,1.0,1.0,1.564135978,1.0,2.117608696,1.0,1.0,pcr_cdmx,1,low,,,espanol_ningun_adulto,adultos_uno_mas_analfabeta,0.0,0,0,3.975239986,7.392265486,2.32464347,11.2575421743845,low,EXCLUSION,0.1584
1857,#1725,2024-01,Vulnerabilidad Elevada,1.0,1.525552408,1.0,1.0,1.776038647,2.823478261,2.580217391,1.0,foten,3,average,jefatura_femenina,no,espanol_uno_mas_adultos,adultos_ninguno_analfabeta,,0,0,3.741369748,32.12448674,3.007954444,34.95245940008045,high,EXCLUSION,0.20214
1858,#108,2023-11,Vulnerabilidad Elevada,1.0,1.0,2.578385269,1.0,1.776038647,2.823478261,2.580217391,1.043888889,futij,9,average,jefatura_femenina,no,espanol_uno_mas_adultos,adultos_ninguno_analfabeta,0.0,0,0,8.975915299,32.85812825,3.184241129,41.06549005402387,high,INCLUSION,0.15431999999999998
1859,#071,2023-08,Vulnerabilidad Baja,1.0,1.0,1.0,1.0,1.776038647,1.498900966,1.0,1.043888889,sotap,1,low,,,espanol_uno_mas_adultos,adultos_ninguno_analfabeta,,-500,0,0.0,10.43108127,2.291129805,10.09539864365013,low,EXCLUSION,0.17214
1860,#527,2024-01,Vulnerabilidad Elevada,2.070141643,1.0,1.0,1.0,1.776038647,1.0,2.580217391,2.544987923,sotap,5,average,jefatura_masculina,no,espanol_uno_mas_adultos,adultos_uno_mas_analfabeta,,0,0,6.702282231,30.38303782,3.047485057,36.32324965539039,high,EXCLUSION,0.1488
1861,#676,2023-08,Vulnerabilidad Moderada,1.0,1.0,1.0,1.0,1.776038647,2.823478261,2.580217391,1.0,pcr_cdmx,2,average,jefatura_femenina,no,espanol_ningun_adulto,adultos_ninguno_analfabeta,,0,0,0.0,32.12448674,2.896589272,31.09068863222006,medium,INCLUSION,0.17862
1862,#016,2024-06,Vulnerabilidad Moderada,1.0,1.0,1.0,1.0,1.776038647,2.823478261,1.790108696,1.0,futij,1,low,,,espanol_ningun_adulto,adultos_ninguno_analfabeta,,0,0,0.0,26.18890898,2.730928248,25.34612370011462,medium,EXCLUSION,0.11747999999999997
1863,#1101,2024-05,Vulnerabilidad Elevada,1.0,1.0,2.578385269,1.0,1.776038647,2.823478261,2.580217391,1.0,sotap,11,high,jefatura_femenina,no,espanol_uno_mas_adultos,adultos_ninguno_analfabeta,,0,0,8.975915299,32.12448674,3.163765312,40.35545786145718,high,EXCLUSION,0.12653999999999999
1864,#527,2023-11,Vulnerabilidad Elevada,1.0,1.0,2.578385269,1.0,1.776038647,2.823478261,2.580217391,1.0,sotap,1,low,,,espanol_ningun_adulto,adultos_ninguno_analfabeta,0.0,0,0,8.975915299,32.12448674,3.163765312,40.35545786145718,high,INCLUSION,0.17412
1865,#1167,2024-03,Vulnerabilidad Elevada,1.0,1.0,2.578385269,1.0,1.776038647,2.823478261,2.580217391,1.0,foten,1,low,,,espanol_uno_mas_adultos,adultos_ninguno_analfabeta,,0,0,8.975915299,32.12448674,3.163765312,40.35545786145718,high,EXCLUSION,0.1671
1866,#1311,2024-04,Vulnerabilidad Baja,1.0,1.0,1.0,1.0,1.0,1.0,1.790108696,1.0,sotap,1,low,,,espanol_uno_mas_adultos,adultos_ninguno_analfabeta,,0,0,0.0,5.614422911,2.156697643,5.433745167301109,low,EXCLUSION,0.09354
1867,#252,2024-03,Vulnerabilidad Baja,1.0,2.051104816,1.0,1.0,1.776038647,2.117608696,1.0,1.0,sotap,3,average,jefatura_femenina,no,espanol_uno_mas_adultos,adultos_ninguno_analfabeta,,0,0,6.609317356,14.06650994,2.5893262,20.43584738145429,low,EXCLUSION,0.14316
1868,#1407,2024-05,Vulnerabilidad Elevada,2.700708215,1.0,1.249197356,1.0,1.776038647,2.823478261,2.580217391,1.043888889,foten,4,average,jefatura_femenina,si,espanol_uno_mas_adultos,adultos_ninguno_analfabeta,,0,0,11.93561888,32.85812825,3.272339318,44.12043985596403,high,EXCLUSION,0.0963
1869,#1167,2024-04,Vulnerabilidad Elevada,1.0,1.525552408,2.578385269,1.0,1.776038647,2.823478261,1.790108696,1.0,foten,3,average,jefatura_masculina,no,espanol_uno_mas_adultos,adultos_ninguno_analfabeta,0.0,0,0,13.7168894,26.18890898,3.139223567,39.50443631789602,high,INCLUSION,0.16776
1870,,2023-08,Vulnerabilidad Moderada,1.0,1.0,1.0,1.0,1.776038647,2.823478261,1.790108696,1.0,,5,average,jefatura_masculina,no,espanol_ningun_adulto,adultos_ninguno_analfabeta,0.0,0,0,0.0,26.18890898,2.730928248,25.34612370011462,medium,EXCLUSION,0.17507999999999999
1871,#555,2024-02,Vulnerabilidad Severa,2.700708215,1.0,2.578385269,1.0,1.776038647,2.823478261,2.580217391,1.0,sotap,1,low,,,espanol_ningun_adulto,adultos_ninguno_analfabeta,0.0,0,0,20.97871872,32.12448674,3.521039349,52.74452349934838,high,INCLUSION,0.15186
1872,#071,2024-01,Vulnerabilidad Baja,1.0,1.0,3.251728045,1.0,1.0,1.498900966,1.0,1.043888889,sotap,3,low,jefatura_femenina,no,espanol_uno_mas_adultos,adultos_ninguno_analfabeta,0.0,-500,0,11.51832969,4.243121443,2.461278087,15.995574609596703,low,EXCLUSION,0.21444
1873,#527,2023-12,Vulnerabilidad Moderada,1.0,2.051104816,1.0,1.0,1.776038647,2.117608696,1.790108696,1.0,sotap,3,low,jefatura_masculina,no,espanol_uno_mas_adultos,adultos_ninguno_analfabeta,0.0,0,0,6.609317356,21.88512181,2.807542403,28.002848502865827,medium,INCLUSION,0.15414
1874,#071,2024-01,Vulnerabilidad Elevada,2.700708215,1.0,2.578385269,1.0,1.776038647,2.823478261,1.790108696,1.0,sotap,4,average,jefatura_masculina,no,espanol_uno_mas_adultos,adultos_ninguno_analfabeta,,0,0,20.97871872,26.18890898,3.355378326,46.99995856724294,high,INCLUSION,0.16439999999999996
1875,#1223,2024-06,Vulnerabilidad Moderada,1.0,1.0,1.0,1.0,1.776038647,2.823478261,2.580217391,1.0,sotap,6,average,jefatura_masculina,no,espanol_uno_mas_adultos,adultos_ninguno_analfabeta,,0,0,0.0,32.12448674,2.896589272,31.09068863222006,medium,EXCLUSION,0.10458
1876,#112,2024-03,Vulnerabilidad Baja,1.0,1.0,1.0,1.0,1.0,1.0,1.790108696,1.043888889,sotap,1,low,,,espanol_uno_mas_adultos,adultos_ninguno_analfabeta,,0,0,0.0,6.061858428,2.169185496,5.866781761928531,low,EXCLUSION,0.10242
1877,#1407,2024-01,Vulnerabilidad Moderada,2.700708215,1.525552408,1.249197356,1.0,1.776038647,1.0,1.790108696,1.0,foten,1,low,,,espanol_uno_mas_adultos,adultos_ninguno_analfabeta,,0,0,17.00620089,12.01413641,2.841517198,29.18098692703088,medium,EXCLUSION,0.13878
1878,#1101,2023-09,Vulnerabilidad Severa,2.700708215,2.051104816,3.251728045,1.0,1.776038647,2.823478261,1.790108696,1.0,sotap,4,complete,jefatura_femenina,si,espanol_uno_mas_adultos,adultos_ninguno_analfabeta,0.0,0,0,35.61565687,26.18890898,3.791059708,62.10792802384809,high,EXCLUSION,0.17292
1879,#1841,2023-11,Vulnerabilidad Elevada,2.700708215,1.0,3.251728045,1.0,1.776038647,1.0,1.790108696,1.0,foten,1,low,,,espanol_uno_mas_adultos,adultos_uno_mas_analfabeta,,0,0,24.2379543,12.01413641,3.056776721,36.645465393518094,high,EXCLUSION,0.17556000000000002
1880,#527,2023-10,Vulnerabilidad Elevada,1.0,1.0,2.578385269,1.0,1.776038647,1.498900966,2.580217391,1.043888889,sotap,4,average,jefatura_masculina,no,espanol_uno_mas_adultos,adultos_ninguno_analfabeta,-500.0,0,0,8.975915299,22.80125306,2.903555356,31.332255164513256,medium,INCLUSION,0.13242
1881,#071,2024-04,Vulnerabilidad Baja,1.0,1.0,1.0,1.0,1.776038647,1.498900966,1.0,1.0,sotap,1,low,,,espanol_ningun_adulto,adultos_ninguno_analfabeta,,0,0,0.0,9.93697889,2.277339487,9.61719697234091,low,EXCLUSION,0.11393999999999999
1882,#1407,2023-09,Vulnerabilidad Elevada,1.0,1.525552408,2.578385269,1.0,1.776038647,2.117608696,2.580217391,1.043888889,foten,1,low,,,espanol_uno_mas_adultos,adultos_ninguno_analfabeta,0.0,0,0,13.7168894,28.09152966,3.192325406,41.34582876179294,high,EXCLUSION,0.17448
1883,#1101,2024-05,Vulnerabilidad Baja,1.0,1.0,1.0,1.0,1.0,2.117608696,1.0,1.0,sotap,1,low,,,espanol_uno_mas_adultos,adultos_ninguno_analfabeta,0.0,0,0,0.0,7.392265486,2.206316944,7.154374990395034,low,EXCLUSION,0.11412
1884,#458,2024-05,Vulnerabilidad Baja,2.070141643,1.0,1.0,1.0,1.0,2.117608696,1.0,1.043888889,fupal,3,low,jefatura_femenina,no,espanol_uno_mas_adultos,adultos_ninguno_analfabeta,,0,0,6.702282231,7.858894815,2.418839839,14.523956096434295,low,EXCLUSION,0.10602000000000002
1885,#645,2024-03,Vulnerabilidad Moderada,1.0,1.0,2.578385269,1.0,1.0,2.117608696,2.580217391,1.043888889,fupal,1,low,,,espanol_uno_mas_adultos,adultos_ninguno_analfabeta,,0,0,8.975915299,19.54126117,2.812569505,28.177173073525346,medium,EXCLUSION,0.15311999999999998
1886,#1101,2024-05,Vulnerabilidad Baja,2.070141643,1.0,1.0,1.0,1.776038647,1.498900966,1.790108696,1.043888889,sotap,3,average,jefatura_femenina,si,espanol_uno_mas_adultos,adultos_ninguno_analfabeta,,0,0,6.702282231,17.68003002,2.692946147,24.029037349402188,medium,EXCLUSION,0.0957
1887,#1223,2023-12,Vulnerabilidad Severa,2.700708215,2.051104816,2.578385269,1.564135978,1.0,2.117608696,1.0,2.544987923,sotap,2,complete,jefatura_femenina,si,espanol_uno_mas_adultos,adultos_ninguno_analfabeta,0.0,0,0,39.44321718,18.76190405,3.697703903,58.87066656783652,high,EXCLUSION,0.13385999999999998
1888,#1101,2024-02,Vulnerabilidad Moderada,1.0,1.525552408,1.0,1.0,1.776038647,2.823478261,1.790108696,1.0,sotap,1,low,,,espanol_uno_mas_adultos,adultos_ninguno_analfabeta,0.0,0,0,3.741369748,26.18890898,2.842293421,29.20789446797501,medium,EXCLUSION,0.15941999999999998
1889,#1860,2024-06,Vulnerabilidad Baja,1.0,1.0,1.0,1.0,1.0,1.0,1.790108696,1.0,pcr_cdmx,1,low,,,espanol_ningun_adulto,adultos_uno_mas_analfabeta,,0,0,0.0,5.614422911,2.156697643,5.433745167301109,low,EXCLUSION,0.11027999999999999
1890,#112,2023-07,Vulnerabilidad Baja,1.0,1.0,2.578385269,1.0,1.776038647,1.498900966,1.0,1.0,sotap,4,average,jefatura_femenina,si,espanol_uno_mas_adultos,adultos_ninguno_analfabeta,0.0,0,0,8.975915299,9.93697889,2.544515527,18.88196620157803,low,EXCLUSION,0.11868
1891,#527,2023-07,Vulnerabilidad Elevada,1.0,1.0,3.251728045,1.0,1.776038647,2.823478261,2.580217391,1.0,sotap,5,average,jefatura_femenina,si,espanol_uno_mas_adultos,adultos_ninguno_analfabeta,0.0,0,0,11.51832969,32.12448674,3.23944252,42.97968968997395,high,EXCLUSION,0.13061999999999999
1892,#041,2023-09,Vulnerabilidad Baja,1.0,1.0,2.578385269,1.0,1.0,1.0,1.0,1.043888889,fusal,2,low,jefatura_masculina,no,espanol_uno_mas_adultos,adultos_ninguno_analfabeta,0.0,0,0,8.975915299,0.386821499,2.277972167,9.6391424255778,low,EXCLUSION,0.14712
1893,#1583,2023-08,Vulnerabilidad Baja,1.0,1.0,1.0,1.0,1.776038647,2.117608696,1.0,1.043888889,foten,2,average,jefatura_femenina,si,espanol_uno_mas_adultos,adultos_ninguno_analfabeta,,0,0,0.0,14.60519526,2.407628657,14.13518547133794,low,EXCLUSION,0.14688
1894,#112,2023-10,Vulnerabilidad Moderada,2.070141643,1.0,1.0,1.0,1.776038647,2.117608696,1.790108696,1.0,sotap,3,average,jefatura_masculina,no,espanol_uno_mas_adultos,adultos_ninguno_analfabeta,,0,0,6.702282231,21.88512181,2.810309585,28.0988050805082,medium,INCLUSION,0.12768000000000002
1895,#252,2024-06,Vulnerabilidad Moderada,1.0,1.525552408,1.0,1.0,1.776038647,2.117608696,1.790108696,1.0,sotap,1,low,,,espanol_ningun_adulto,adultos_uno_mas_analfabeta,,0,0,3.741369748,21.88512181,2.722175411,25.04260747289278,medium,INCLUSION,0.12276
1896,#1725,2023-07,Vulnerabilidad Baja,1.0,1.0,1.0,1.0,1.776038647,1.0,2.580217391,1.0,foten,3,average,jefatura_masculina,no,espanol_uno_mas_adultos,adultos_ninguno_analfabeta,,-500,0,0.0,16.59309681,2.46311067,16.059114361557388,low,EXCLUSION,0.11334
1897,#1407,2023-10,Vulnerabilidad Baja,1.0,1.0,1.0,1.0,1.0,2.117608696,2.580217391,1.0,foten,1,low,,,espanol_uno_mas_adultos,adultos_ninguno_analfabeta,0.0,0,0,0.0,18.94985465,2.528887403,18.340029377508348,low,EXCLUSION,0.12882
1898,#112,2024-01,Vulnerabilidad Elevada,1.0,2.051104816,1.0,1.0,1.776038647,2.117608696,2.580217391,1.0,sotap,3,average,jefatura_masculina,no,espanol_uno_mas_adultos,adultos_ninguno_analfabeta,0.0,0,0,6.609317356,27.40879931,2.961707356,33.34876853723833,medium,EXCLUSION,0.16914
1899,#252,2024-02,Vulnerabilidad Baja,1.0,1.0,1.0,1.0,1.776038647,2.117608696,1.790108696,1.0,sotap,1,low,,,espanol_ningun_adulto,adultos_ninguno_analfabeta,,0,0,0.0,21.88512181,2.610810239,21.18083670503239,low,INCLUSION,0.14604
1900,#1101,2024-04,Vulnerabilidad Elevada,2.070141643,1.0,2.578385269,1.0,1.776038647,2.823478261,2.580217391,1.043888889,sotap,1,low,,,espanol_uno_mas_adultos,adultos_uno_mas_analfabeta,,0,0,17.46888676,32.85812825,3.43704192,49.83177382961031,high,EXCLUSION,0.12689999999999999
