caseID,CaseworkerID,month,Elegibilidad,Vulnerability_Category,Demographics.HH.Head,Demographics.Language,Demographics.Profiles,Demographics.Documentation,Needs_and_Coping.BasicNeeds,Needs_and_Coping.Housing,Needs_and_Coping.Neg.mechanism,Needs_and_Coping.Dependency,OficinaACNUR,NumIntegrantes,dependencyCategory,FemaleHeadedHousehold,CuidadorSolo,HablaEspanol,Analfabeta_si,ScoreCOMAR_PIL,ScoreIntenciones,ScoreDuplicidad,Demographics_Score,NeedsandCoping_Score,Vulnerability_Score,FinalScore,EligibilityTarget,Uncertainty %,ai_recomandation
1,#1101,2024-06,No Elegible por Duplicidad,Vulnerabilidad Baja,1.0,2.051104816,1.0,1.0,1.776038647,2.823478261,1.0,1.0,sotap,1,low,,,espanol_uno_mas_adultos,adultos_ninguno_analfabeta,0.0,0,0,6.609317356,17.78726377,2.693171842,24.036863632451063,EXCLUSION,18.78,medium
2,#1841,2023-09,Lista de Reserva,Vulnerabilidad Moderada,2.700708215,1.0,1.249197356,1.0,1.0,2.117608696,2.580217391,1.0,foten,1,low,,,espanol_uno_mas_adultos,adultos_ninguno_analfabeta,,0,0,11.93561888,18.94985465,2.884161633,30.65974840868563,EXCLUSION,19.23,medium
3,#1860,2023-11,No Elegible,Vulnerabilidad Severa,1.599560907,2.051104816,3.251728045,1.0,1.776038647,2.823478261,2.580217391,1.043888889,pcr_cdmx,3,average,jefatura_femenina,no,espanol_ningun_adulto,adultos_ninguno_analfabeta,,0,0,27.121021,32.85812825,3.724346214,59.79452340158775,EXCLUSION,34.81,high
4,#1101,2023-07,No Elegible,Vulnerabilidad Baja,2.700708215,1.0,1.0,1.0,1.0,1.498900966,1.790108696,1.0,sotap,1,low,,,espanol_uno_mas_adultos,adultos_uno_mas_analfabeta,0.0,0,0,9.472088355,10.02735341,2.561806895,19.481572780265047,EXCLUSION,13.76,low
5,#1583,2023-10,Elegible,Vulnerabilidad Moderada,1.0,1.0,1.0,1.0,1.776038647,2.823478261,1.790108696,1.0,foten,1,low,,,espanol_uno_mas_adultos,adultos_ninguno_analfabeta,,0,0,0.0,26.18890898,2.730928248,25.34612370011462,INCLUSION,25.84,medium
6,#527,2023-11,Elegible,Vulnerabilidad Elevada,1.0,1.525552408,2.578385269,1.0,1.776038647,2.117608696,2.580217391,1.0,sotap,3,average,jefatura_femenina,si,espanol_uno_mas_adultos,adultos_uno_mas_analfabeta,,0,0,13.7168894,27.40879931,3.173270511,40.685069357186286,INCLUSION,26.93,high
7,#1223,2023-10,Elegible,Vulnerabilidad Elevada,1.0,1.0,2.578385269,1.0,1.776038647,2.823478261,1.790108696,1.0,sotap,4,average,jefatura_femenina,si,espanol_uno_mas_adultos,adultos_uno_mas_analfabeta,0.0,0,0,8.975915299,26.18890898,2.998104289,34.61089292935174,INCLUSION,30.02,high
8,#1223,2024-03,No Elegible,Vulnerabilidad Moderada,1.0,1.0,2.578385269,1.564135978,1.0,2.117608696,1.790108696,1.0,sotap,2,complete,jefatura_femenina,si,espanol_uno_mas_adultos,adultos_ninguno_analfabeta,,0,0,14.01324416,14.16503897,2.812460545,28.173398221219387,EXCLUSION,22.18,medium
9,#112,2023-11,No Elegible,Vulnerabilidad Baja,1.0,1.0,1.0,1.0,1.776038647,1.0,1.790108696,1.0,sotap,8,average,jefatura_masculina,no,espanol_uno_mas_adultos,adultos_ninguno_analfabeta,0.0,0,0,0.0,12.01413641,2.33531262,11.62750948618979,EXCLUSION,22.63,low
10,#071,2023-10,Elegible,Vulnerabilidad Elevada,1.0,1.0,2.578385269,1.0,1.776038647,2.117608696,2.580217391,1.043888889,sotap,4,average,jefatura_femenina,no,espanol_uno_mas_adultos,adultos_ninguno_analfabeta,0.0,0,0,8.975915299,28.09152966,3.051206127,36.45228537324866,INCLUSION,29.05,high
11,#1311,2024-06,No Elegible,Vulnerabilidad Elevada,2.070141643,1.0,1.0,1.0,1.776038647,2.823478261,1.790108696,1.043888889,sotap,4,low,jefatura_masculina,no,espanol_uno_mas_adultos,adultos_ninguno_analfabeta,,0,0,6.702282231,26.85846924,2.949114914,32.912105216863374,EXCLUSION,16.02,medium
12,#672,2023-06,Lista de Reserva,Vulnerabilidad Severa,2.700708215,1.0,3.251728045,1.0,1.776038647,2.117608696,2.580217391,1.043888889,fupal,1,low,,,espanol_uno_mas_adultos,adultos_uno_mas_analfabeta,0.0,0,0,24.2379543,28.09152966,3.505494188,52.20547205133984,EXCLUSION,23.19,high
13,#1311,2024-02,Lista de Reserva,Vulnerabilidad Baja,1.0,1.0,1.0,1.0,1.776038647,2.117608696,1.790108696,1.0,sotap,2,average,jefatura_femenina,si,espanol_uno_mas_adultos,adultos_ninguno_analfabeta,0.0,0,0,0.0,21.88512181,2.610810239,21.18083670503239,EXCLUSION,22.1,low
14,#1311,2024-06,No Elegible,Vulnerabilidad Baja,1.0,1.0,1.0,1.0,1.0,1.0,1.0,1.0,sotap,1,low,,,espanol_uno_mas_adultos,adultos_ninguno_analfabeta,0.0,0,0,0.0,0.0,2.0,0.0,EXCLUSION,13.79,low
15,#555,2024-04,No Elegible,Vulnerabilidad Moderada,1.0,1.525552408,1.0,1.0,1.776038647,2.117608696,1.790108696,1.043888889,sotap,3,average,jefatura_femenina,no,espanol_uno_mas_adultos,adultos_ninguno_analfabeta,,0,0,3.741369748,22.50821784,2.739565922,25.645651649551347,EXCLUSION,19.41,medium
16,#112,2024-05,No Elegible,Vulnerabilidad Elevada,2.070141643,1.0,1.0,1.0,1.776038647,2.117608696,2.580217391,2.544987923,sotap,1,low,,,espanol_uno_mas_adultos,adultos_ninguno_analfabeta,0.0,0,0,6.702282231,44.04383881,3.428755821,49.5444324087312,EXCLUSION,14.39,high
17,#252,2023-12,Elegible,Vulnerabilidad Moderada,1.0,2.051104816,3.251728045,1.0,1.0,1.0,1.790108696,1.043888889,sotap,1,low,,,espanol_uno_mas_adultos,adultos_ninguno_analfabeta,-500.0,0,0,20.39367297,6.061858428,2.776221171,26.9167435217761,INCLUSION,21.73,medium
18,#1101,2024-05,Lista de Reserva,Vulnerabilidad Baja,2.070141643,1.0,1.0,1.0,1.0,1.498900966,1.0,1.043888889,sotap,1,low,,,espanol_uno_mas_adultos,adultos_ninguno_analfabeta,0.0,0,0,6.702282231,4.243121443,2.317924185,11.024541927318626,EXCLUSION,13.87,low
19,#1101,2023-12,Elegible,Vulnerabilidad Baja,1.0,1.0,1.0,1.0,1.776038647,2.117608696,1.0,1.0,sotap,3,average,jefatura_masculina,no,espanol_uno_mas_adultos,adultos_ninguno_analfabeta,,0,0,0.0,14.06650994,2.392594036,13.61383558362086,INCLUSION,24.79,low
20,#1101,2023-08,Elegible,Vulnerabilidad Moderada,1.0,2.051104816,1.0,1.0,1.776038647,2.117608696,1.790108696,1.0,sotap,1,low,,,espanol_uno_mas_adultos,adultos_ninguno_analfabeta,,0,0,6.609317356,21.88512181,2.807542403,28.002848502865827,INCLUSION,21.76,medium
21,#1311,2023-09,Elegible,Vulnerabilidad Baja,1.0,1.0,1.0,1.0,1.0,2.117608696,1.790108696,1.0,sotap,1,low,,,espanol_uno_mas_adultos,adultos_ninguno_analfabeta,0.0,0,0,0.0,14.16503897,2.395343965,13.709193850906429,INCLUSION,17.38,low
22,#1771,2023-08,No Elegible por Intenciones,Vulnerabilidad Baja,1.0,2.051104816,1.0,1.0,1.0,1.498900966,1.0,1.0,fupal,1,low,,,espanol_uno_mas_adultos,adultos_ninguno_analfabeta,,0,0,6.609317356,3.815111519,2.303211315,10.514349213040497,EXCLUSION,18.49,low
23,#676,2023-10,No Elegible,Vulnerabilidad Severa,2.700708215,2.051104816,2.578385269,1.564135978,1.0,2.117608696,1.0,2.544987923,pcr_cdmx,3,average,jefatura_femenina,no,espanol_ningun_adulto,adultos_ninguno_analfabeta,,0,0,39.44321718,18.76190405,3.697703903,58.87066656783652,EXCLUSION,21.16,high
24,#252,2023-06,No Elegible,Vulnerabilidad Baja,1.0,1.0,1.0,1.0,1.0,2.117608696,1.790108696,1.0,sotap,1,low,,,espanol_uno_mas_adultos,adultos_ninguno_analfabeta,,0,0,0.0,14.16503897,2.395343965,13.709193850906429,EXCLUSION,17.52,low
25,#440,2024-02,No Elegible,Vulnerabilidad Baja,2.070141643,1.0,1.0,1.0,1.0,1.0,1.790108696,1.043888889,pcr_cdmx,5,low,jefatura_masculina,no,espanol_uno_mas_adultos,adultos_ninguno_analfabeta,-500.0,0,0,6.702282231,6.061858428,2.368684842,12.78475013740434,EXCLUSION,17.9,low
26,#645,2023-08,Elegible,Vulnerabilidad Severa,2.700708215,1.0,2.578385269,1.0,1.776038647,2.823478261,2.580217391,1.0,fupal,5,high,jefatura_femenina,si,espanol_uno_mas_adultos,adultos_uno_mas_analfabeta,,-500,0,20.97871872,32.12448674,3.521039349,52.74452349934838,INCLUSION,27.91,high
27,#440,2023-08,No Elegible,Vulnerabilidad Baja,1.0,1.0,1.0,1.0,1.0,2.117608696,1.790108696,1.0,pcr_cdmx,2,average,jefatura_masculina,si,espanol_uno_mas_adultos,adultos_ninguno_analfabeta,,0,0,0.0,14.16503897,2.395343965,13.709193850906429,EXCLUSION,23.16,low
28,#1725,2024-04,Lista de Reserva,Vulnerabilidad Moderada,1.0,1.0,2.578385269,1.0,1.776038647,2.117608696,1.790108696,1.0,foten,3,average,jefatura_masculina,no,espanol_uno_mas_adultos,adultos_ninguno_analfabeta,-500.0,0,0,8.975915299,21.88512181,2.877986279,30.44560593426951,EXCLUSION,23.01,medium
29,#1223,2023-07,No Elegible por Duplicidad,Vulnerabilidad Moderada,2.700708215,1.0,2.578385269,1.0,1.0,1.498900966,1.0,1.0,sotap,1,low,,,espanol_ningun_adulto,adultos_ninguno_analfabeta,0.0,0,0,20.97871872,3.815111519,2.730929228,25.34617228233538,EXCLUSION,14.73,medium
30,#1311,2024-02,No Elegible,Vulnerabilidad Baja,1.0,1.0,1.0,1.0,1.0,2.117608696,1.790108696,1.0,sotap,3,low,jefatura_masculina,no,espanol_uno_mas_adultos,adultos_ninguno_analfabeta,0.0,0,0,0.0,14.16503897,2.395343965,13.709193850906429,EXCLUSION,20.9,low
31,#1101,2024-06,No Elegible,Vulnerabilidad Moderada,1.0,1.0,1.0,1.0,1.776038647,2.117608696,2.580217391,1.0,sotap,2,low,jefatura_masculina,no,espanol_uno_mas_adultos,adultos_ninguno_analfabeta,,0,0,0.0,27.40879931,2.764975192,26.526756739404888,EXCLUSION,17.78,medium
32,#1223,2024-06,Lista de Reserva,Vulnerabilidad Elevada,2.070141643,1.0,1.0,1.0,1.776038647,1.498900966,2.580217391,2.544987923,sotap,1,low,,,espanol_uno_mas_adultos,adultos_ninguno_analfabeta,,0,0,6.702282231,37.43330939,3.244257006,43.14663643599621,EXCLUSION,11.38,high
33,#1311,2024-03,Elegible,Vulnerabilidad Baja,1.0,1.0,1.0,1.0,1.776038647,1.498900966,1.790108696,1.0,sotap,1,low,,,espanol_uno_mas_adultos,adultos_ninguno_analfabeta,0.0,0,0,0.0,17.10850297,2.477495573,16.55793423592243,INCLUSION,21.36,low
34,#527,2024-06,No Elegible,Vulnerabilidad Elevada,2.070141643,1.0,1.0,1.0,1.776038647,2.823478261,2.580217391,1.738466184,sotap,2,average,jefatura_masculina,no,espanol_ningun_adulto,adultos_uno_mas_analfabeta,0.0,0,0,6.702282231,42.19960637,3.37728359,47.75954921288284,EXCLUSION,22.19,high
35,#555,2024-01,No Elegible,Vulnerabilidad Moderada,1.0,2.051104816,1.0,1.0,1.0,2.117608696,2.580217391,1.0,sotap,3,average,jefatura_femenina,si,espanol_uno_mas_adultos,adultos_ninguno_analfabeta,,0,0,6.609317356,18.94985465,2.725619567,25.162041175341784,EXCLUSION,19.88,medium
36,#1359,2023-10,No Elegible,Vulnerabilidad Elevada,2.070141643,1.0,1.0,1.0,1.776038647,1.498900966,2.580217391,2.544987923,foten,1,low,,,espanol_uno_mas_adultos,adultos_ninguno_analfabeta,-500.0,0,0,6.702282231,37.43330939,3.244257006,43.14663643599621,EXCLUSION,21.86,high
37,#527,2023-12,Elegible,Vulnerabilidad Baja,1.0,1.0,1.0,1.0,1.0,2.117608696,1.790108696,1.0,sotap,3,average,jefatura_femenina,no,espanol_uno_mas_adultos,adultos_ninguno_analfabeta,0.0,0,0,0.0,14.16503897,2.395343965,13.709193850906429,INCLUSION,23.63,low
38,#672,2023-09,Elegible,Vulnerabilidad Severa,2.700708215,1.0,2.578385269,1.0,1.776038647,2.823478261,2.580217391,1.0,fupal,1,low,,,espanol_uno_mas_adultos,adultos_uno_mas_analfabeta,,0,0,20.97871872,32.12448674,3.521039349,52.74452349934838,INCLUSION,24.32,high
39,#112,2023-09,No Elegible,Vulnerabilidad Severa,2.700708215,1.0,2.578385269,1.0,1.776038647,2.117608696,1.790108696,2.544987923,sotap,4,complete,jefatura_femenina,si,espanol_uno_mas_adultos,adultos_ninguno_analfabeta,0.0,0,0,20.97871872,37.06714366,3.658988111,57.52812077700585,EXCLUSION,21.51,high
40,#527,2023-08,Elegible,Vulnerabilidad Elevada,1.0,1.0,2.578385269,1.0,1.776038647,2.823478261,2.580217391,1.043888889,sotap,4,average,jefatura_femenina,si,espanol_uno_mas_adultos,adultos_ninguno_analfabeta,,0,0,8.975915299,32.85812825,3.184241129,41.06549005402387,INCLUSION,24.5,high
41,#112,2024-04,Lista de Reserva,Vulnerabilidad Elevada,2.070141643,1.0,2.578385269,1.0,1.776038647,2.117608696,2.580217391,1.043888889,sotap,3,average,jefatura_masculina,no,espanol_uno_mas_adultos,adultos_ninguno_analfabeta,0.0,0,0,17.46888676,28.09152966,3.304006918,45.2185691488351,EXCLUSION,19.36,high
42,#1311,2024-04,No Elegible,Vulnerabilidad Severa,2.700708215,1.525552408,3.251728045,1.0,1.776038647,2.823478261,2.580217391,1.043888889,sotap,1,low,,,espanol_ningun_adulto,adultos_ninguno_analfabeta,0.0,0,0,30.67858802,32.85812825,3.830240336,63.46657648585837,EXCLUSION,21.61,high
43,#112,2024-06,No Elegible,Vulnerabilidad Moderada,1.0,1.0,1.0,1.0,1.776038647,2.823478261,1.790108696,1.0,sotap,3,low,jefatura_masculina,no,espanol_uno_mas_adultos,adultos_ninguno_analfabeta,0.0,0,0,0.0,26.18890898,2.730928248,25.34612370011462,EXCLUSION,20.57,medium
44,#527,2023-09,Elegible,Vulnerabilidad Baja,1.0,1.0,1.0,1.0,1.776038647,1.0,2.580217391,1.043888889,sotap,1,low,,,espanol_uno_mas_adultos,adultos_uno_mas_analfabeta,,0,0,0.0,17.15905947,2.478906597,16.60686377719593,INCLUSION,21.57,low
45,#071,2024-01,No Elegible,Vulnerabilidad Elevada,1.0,1.525552408,2.578385269,1.0,1.776038647,2.117608696,1.790108696,1.0,sotap,2,average,jefatura_masculina,no,espanol_uno_mas_adultos,adultos_ninguno_analfabeta,,0,0,13.7168894,21.88512181,3.019105558,35.33914932281379,EXCLUSION,31.64,high
46,#555,2023-07,Lista de Reserva,Vulnerabilidad Baja,1.0,1.0,1.0,1.0,1.0,2.117608696,1.0,1.0,sotap,4,average,jefatura_femenina,no,espanol_uno_mas_adultos,adultos_ninguno_analfabeta,,0,0,0.0,7.392265486,2.206316944,7.154374990395034,EXCLUSION,16.56,low
47,#1223,2023-09,Elegible,Vulnerabilidad Elevada,2.070141643,1.0,1.0,1.0,1.776038647,2.823478261,2.580217391,1.043888889,sotap,3,complete,jefatura_femenina,si,espanol_uno_mas_adultos,adultos_ninguno_analfabeta,0.0,0,0,6.702282231,32.85812825,3.116564434,38.71868920026256,INCLUSION,18.74,high
48,#1323,2023-10,No Elegible,Vulnerabilidad Moderada,1.0,1.0,1.0,1.564135978,1.776038647,2.823478261,2.580217391,1.0,fupal,1,low,,,espanol_uno_mas_adultos,adultos_ninguno_analfabeta,,0,0,3.975239986,32.12448674,3.014915798,35.19385581620953,EXCLUSION,31.31,high
49,#555,2024-04,No Elegible,Vulnerabilidad Severa,2.070141643,1.0,2.578385269,1.0,1.776038647,2.823478261,2.580217391,2.544987923,sotap,2,complete,jefatura_femenina,si,espanol_uno_mas_adultos,adultos_ninguno_analfabeta,,0,0,17.46888676,50.0,3.915468811,66.42200300482355,EXCLUSION,20.28,high
50,#458,2024-04,Elegible,Vulnerabilidad Elevada,2.070141643,1.525552408,1.0,1.0,1.776038647,2.823478261,1.790108696,1.043888889,fupal,1,low,,,espanol_ningun_adulto,adultos_ninguno_analfabeta,,0,0,11.1900528,26.85846924,3.082697365,37.54429673054436,INCLUSION,19.87,high
51,#1323,2024-06,No Elegible,Vulnerabilidad Moderada,1.0,1.0,1.0,1.0,1.776038647,1.498900966,2.580217391,1.738466184,fupal,1,low,,,espanol_ningun_adulto,adultos_ninguno_analfabeta,0.0,-500,0,0.0,30.77500505,2.858925454,29.78463461248595,EXCLUSION,22.63,medium
52,#252,2023-08,No Elegible,Vulnerabilidad Elevada,2.070141643,1.0,2.578385269,1.0,1.776038647,2.117608696,1.790108696,1.043888889,sotap,1,low,,,espanol_uno_mas_adultos,adultos_ninguno_analfabeta,,0,0,17.46888676,22.50821784,3.148177581,39.81493388651453,EXCLUSION,23.81,high
53,#1311,2024-04,Elegible,Vulnerabilidad Elevada,1.0,1.0,1.0,1.0,1.776038647,2.823478261,2.580217391,1.043888889,sotap,2,average,jefatura_femenina,si,espanol_uno_mas_adultos,adultos_ninguno_analfabeta,,0,0,0.0,32.85812825,2.917065088,31.80072082478675,INCLUSION,15.78,medium
54,#1101,2024-04,No Elegible,Vulnerabilidad Elevada,1.0,1.0,2.578385269,1.564135978,1.776038647,2.823478261,1.0,1.0,sotap,3,average,jefatura_femenina,no,espanol_uno_mas_adultos,adultos_uno_mas_analfabeta,0.0,0,0,14.01324416,17.78726377,2.913556258,31.67905620493059,EXCLUSION,26.31,medium
55,#1311,2024-03,No Elegible,Vulnerabilidad Moderada,1.0,1.0,1.0,1.0,1.776038647,2.823478261,1.790108696,1.0,sotap,1,low,,,espanol_uno_mas_adultos,adultos_ninguno_analfabeta,0.0,0,0,0.0,26.18890898,2.730928248,25.34612370011462,EXCLUSION,26.04,medium
56,#1102,2023-07,Lista de Reserva,Vulnerabilidad Baja,1.0,1.0,1.0,1.0,1.0,1.498900966,1.0,1.0,pcr_cdmx,1,low,,,espanol_uno_mas_adultos,adultos_ninguno_analfabeta,,0,0,0.0,3.815111519,2.10647915,3.692337415207061,EXCLUSION,17.95,low
57,#252,2023-09,Elegible,Vulnerabilidad Baja,1.0,1.0,1.0,1.0,1.0,2.117608696,1.790108696,1.0,sotap,1,low,,,espanol_uno_mas_adultos,adultos_ninguno_analfabeta,0.0,0,0,0.0,14.16503897,2.395343965,13.709193850906429,INCLUSION,20.04,low
58,#133,2023-12,Elegible,Vulnerabilidad Elevada,1.0,1.525552408,1.0,1.564135978,1.776038647,2.823478261,1.790108696,1.0,fupal,1,low,,,espanol_uno_mas_adultos,adultos_uno_mas_analfabeta,,0,0,8.159313021,26.18890898,2.973797402,33.768011573443424,INCLUSION,28.45,medium
59,#1101,2024-05,Lista de Reserva,Vulnerabilidad Baja,1.0,1.0,3.251728045,1.0,1.776038647,1.0,1.790108696,1.0,sotap,1,low,,,espanol_uno_mas_adultos,adultos_ninguno_analfabeta,0.0,0,0,11.51832969,12.01413641,2.678165869,23.51651054394368,EXCLUSION,20.38,medium
60,#1101,2023-08,No Elegible por Duplicidad,Vulnerabilidad Moderada,2.070141643,1.0,1.0,1.0,1.776038647,2.117608696,1.790108696,1.043888889,sotap,1,low,,,espanol_uno_mas_adultos,adultos_ninguno_analfabeta,0.0,0,0,6.702282231,22.50821784,2.827700095,28.70184925716677,EXCLUSION,21.89,medium
61,#252,2024-05,No Elegible,Vulnerabilidad Baja,1.0,1.0,1.0,1.564135978,1.776038647,1.0,2.580217391,1.043888889,sotap,1,low,,,espanol_uno_mas_adultos,adultos_ninguno_analfabeta,,0,0,3.975239986,17.15905947,2.597233124,20.7100309611854,EXCLUSION,21.5,low
62,#1725,2023-07,Elegible,Vulnerabilidad Elevada,1.0,2.051104816,2.578385269,1.0,1.776038647,2.823478261,1.790108696,1.0,foten,1,low,,,espanol_ningun_adulto,adultos_uno_mas_analfabeta,,0,0,17.3510839,26.18890898,3.247398574,43.25558283110052,INCLUSION,24.64,high
63,#1101,2024-03,No Elegible,Vulnerabilidad Moderada,1.0,1.0,1.0,1.0,1.776038647,2.823478261,1.790108696,1.0,sotap,1,low,,,espanol_uno_mas_adultos,adultos_uno_mas_analfabeta,,0,0,0.0,26.18890898,2.730928248,25.34612370011462,EXCLUSION,26.9,medium
64,#1101,2024-05,No Elegible,Vulnerabilidad Baja,2.070141643,1.0,1.0,1.0,1.0,1.498900966,1.0,1.043888889,sotap,5,average,jefatura_masculina,no,espanol_uno_mas_adultos,adultos_ninguno_analfabeta,0.0,0,0,6.702282231,4.243121443,2.317924185,11.024541927318626,EXCLUSION,16.56,low
65,#112,2024-01,Elegible por Proceso Acelerado,Vulnerabilidad Baja,1.0,1.0,2.578385269,1.0,1.776038647,1.0,1.790108696,1.0,sotap,1,low,,,espanol_uno_mas_adultos,adultos_ninguno_analfabeta,,0,0,8.975915299,12.01413641,2.602488661,20.89227871542691,INCLUSION,26.38,low
66,#071,2024-01,No Elegible,Vulnerabilidad Baja,1.0,1.0,2.578385269,1.0,1.0,1.0,1.790108696,1.043888889,sotap,1,low,,,espanol_ningun_adulto,adultos_ninguno_analfabeta,0.0,0,0,8.975915299,6.061858428,2.436361537,15.13155099116565,EXCLUSION,26.69,low
67,#1805,2024-05,No Elegible por Intenciones,Vulnerabilidad Moderada,1.0,1.0,1.0,1.0,1.776038647,2.117608696,2.580217391,1.043888889,fomon,1,low,,,espanol_uno_mas_adultos,adultos_ninguno_analfabeta,,0,0,0.0,28.09152966,2.784030087,27.18751614401154,EXCLUSION,20.75,medium
68,#252,2024-07,No Elegible,Vulnerabilidad Elevada,1.0,2.051104816,1.0,1.0,1.776038647,2.823478261,2.580217391,1.0,sotap,3,average,jefatura_femenina,si,espanol_uno_mas_adultos,adultos_uno_mas_analfabeta,0.0,0,0,6.609317356,32.12448674,3.093321436,37.9127004300535,EXCLUSION,20.55,high
69,,2023-12,No Elegible,Vulnerabilidad Baja,1.0,1.0,1.0,1.0,1.0,1.0,1.790108696,1.043888889,,1,low,,,espanol_uno_mas_adultos,adultos_uno_mas_analfabeta,0.0,0,0,0.0,6.061858428,2.169185496,5.866781761928531,EXCLUSION,24.97,low
70,#071,2024-04,No Elegible,Vulnerabilidad Severa,2.700708215,1.0,3.251728045,1.0,1.776038647,2.823478261,1.790108696,2.544987923,sotap,2,average,jefatura_femenina,si,espanol_uno_mas_adultos,adultos_uno_mas_analfabeta,,0,0,24.2379543,42.50305317,3.907717497,66.15321832326453,EXCLUSION,19.61,high
71,#1101,2024-01,No Elegible,Vulnerabilidad Elevada,1.0,1.0,2.578385269,1.0,1.776038647,2.823478261,1.790108696,1.043888889,sotap,3,complete,jefatura_femenina,si,espanol_uno_mas_adultos,adultos_ninguno_analfabeta,,-500,0,8.975915299,26.85846924,3.016791609,35.25890607062468,EXCLUSION,36.0,high
72,#527,2024-04,No Elegible,Vulnerabilidad Elevada,2.070141643,1.0,1.0,1.0,1.776038647,2.823478261,2.580217391,1.043888889,sotap,2,complete,jefatura_femenina,si,espanol_uno_mas_adultos,adultos_ninguno_analfabeta,0.0,0,0,6.702282231,32.85812825,3.116564434,38.71868920026256,EXCLUSION,16.21,high
73,#1311,2023-06,No Elegible,Vulnerabilidad Baja,1.0,1.0,1.0,1.0,1.0,1.498900966,1.790108696,1.0,sotap,2,low,jefatura_masculina,no,espanol_ningun_adulto,adultos_ninguno_analfabeta,,0,0,0.0,10.02735341,2.279861825,9.70466314991279,EXCLUSION,15.01,low
74,#071,2023-10,Elegible,Vulnerabilidad Moderada,2.070141643,1.0,1.0,1.0,1.776038647,1.498900966,2.580217391,1.043888889,sotap,2,low,jefatura_masculina,no,espanol_uno_mas_adultos,adultos_ninguno_analfabeta,0.0,0,0,6.702282231,22.80125306,2.835878661,28.985454310751948,INCLUSION,16.46,medium
75,#527,2023-06,No Elegible,Vulnerabilidad Moderada,1.0,1.525552408,2.578385269,1.0,1.776038647,1.498900966,1.790108696,1.0,sotap,1,low,,,espanol_uno_mas_adultos,adultos_ninguno_analfabeta,500.0,0,0,13.7168894,17.10850297,2.885790892,30.71624685370383,EXCLUSION,19.92,medium
76,#1223,2023-10,Elegible,Vulnerabilidad Baja,1.0,1.525552408,1.249197356,1.0,1.0,1.0,1.790108696,1.0,sotap,1,low,,,espanol_uno_mas_adultos,adultos_ninguno_analfabeta,-500.0,0,0,5.877094669,5.614422911,2.331634552,11.499970619844198,INCLUSION,17.82,low
77,#1497,2023-11,No Elegible,Vulnerabilidad Moderada,2.700708215,1.0,2.578385269,1.0,1.776038647,1.0,1.0,1.0,futij,3,low,jefatura_femenina,no,espanol_uno_mas_adultos,adultos_ninguno_analfabeta,0.0,0,0,20.97871872,5.532745347,2.778868113,27.00853093611651,EXCLUSION,24.04,medium
78,#112,2023-10,No Elegible,Vulnerabilidad Moderada,1.0,1.0,1.0,1.0,1.776038647,2.823478261,1.790108696,1.043888889,sotap,1,low,,,espanol_uno_mas_adultos,adultos_ninguno_analfabeta,0.0,0,0,0.0,26.85846924,2.749615568,25.99413684138756,EXCLUSION,25.51,medium
79,#645,2024-06,Lista de Reserva,Vulnerabilidad Elevada,2.070141643,1.0,2.578385269,1.0,1.776038647,2.823478261,2.580217391,1.043888889,fupal,4,average,jefatura_femenina,no,espanol_uno_mas_adultos,adultos_uno_mas_analfabeta,,0,0,17.46888676,32.85812825,3.43704192,49.83177382961031,EXCLUSION,21.85,high
80,#676,2024-01,No Elegible,Vulnerabilidad Baja,1.0,2.051104816,1.0,1.0,1.776038647,1.0,1.790108696,1.0,pcr_cdmx,1,low,,,espanol_uno_mas_adultos,adultos_ninguno_analfabeta,,0,0,6.609317356,12.01413641,2.532044784,18.449521284023227,EXCLUSION,25.21,low
81,#1476,2023-10,Lista de Reserva,Vulnerabilidad Baja,1.0,1.0,1.0,1.0,1.776038647,2.823478261,1.0,1.0,pcr_cdmx,4,average,jefatura_masculina,no,espanol_uno_mas_adultos,adultos_ninguno_analfabeta,0.0,0,0,0.0,17.78726377,2.496439678,17.21485183461763,EXCLUSION,31.44,low
82,#527,2023-08,No Elegible,Vulnerabilidad Moderada,1.0,1.0,1.0,1.0,1.776038647,2.823478261,2.580217391,1.0,sotap,1,low,,,espanol_ningun_adulto,adultos_ninguno_analfabeta,,0,0,0.0,32.12448674,2.896589272,31.09068863222006,EXCLUSION,23.47,medium
83,#1223,2023-11,Lista de Reserva,Vulnerabilidad Moderada,2.070141643,1.0,2.578385269,1.0,1.0,1.498900966,1.790108696,1.043888889,sotap,2,average,jefatura_masculina,no,espanol_uno_mas_adultos,adultos_ninguno_analfabeta,,0,0,17.46888676,10.52243148,2.813656206,28.214862117365684,EXCLUSION,21.19,medium
84,#133,2023-09,No Elegible,Vulnerabilidad Elevada,1.0,1.0,1.0,1.0,1.776038647,2.823478261,2.580217391,1.043888889,fupal,1,low,,,espanol_ningun_adulto,adultos_uno_mas_analfabeta,,0,0,0.0,32.85812825,2.917065088,31.80072082478675,EXCLUSION,28.15,medium
85,#252,2023-07,No Elegible,Vulnerabilidad Baja,1.0,1.0,1.0,1.0,1.776038647,1.0,2.580217391,1.0,sotap,4,low,jefatura_masculina,no,espanol_ningun_adulto,adultos_ninguno_analfabeta,,0,0,0.0,16.59309681,2.46311067,16.059114361557388,EXCLUSION,13.08,low
86,#513,2024-06,Lista de Reserva,Vulnerabilidad Baja,2.070141643,1.0,1.0,1.0,1.0,1.0,1.790108696,1.043888889,pcr_cdmx,1,low,,,espanol_uno_mas_adultos,adultos_ninguno_analfabeta,0.0,0,0,6.702282231,6.061858428,2.368684842,12.78475013740434,EXCLUSION,14.47,low
87,#458,2023-08,No Elegible,Vulnerabilidad Baja,1.0,1.0,1.0,1.0,1.0,1.0,1.790108696,1.0,fupal,3,low,jefatura_masculina,si,espanol_uno_mas_adultos,adultos_ninguno_analfabeta,,0,0,0.0,5.614422911,2.156697643,5.433745167301109,EXCLUSION,18.01,low
88,#1101,2024-03,Lista de Reserva,Vulnerabilidad Elevada,1.0,1.0,1.0,1.0,1.776038647,2.823478261,2.580217391,1.043888889,sotap,1,low,,,espanol_uno_mas_adultos,adultos_ninguno_analfabeta,0.0,0,0,0.0,32.85812825,2.917065088,31.80072082478675,EXCLUSION,23.75,medium
89,#252,2023-06,Lista de Reserva,Vulnerabilidad Moderada,1.0,1.0,2.578385269,1.0,1.776038647,1.498900966,1.790108696,1.0,sotap,1,low,,,espanol_uno_mas_adultos,adultos_ninguno_analfabeta,,0,0,8.975915299,17.10850297,2.744671614,25.82270346515955,EXCLUSION,19.84,medium
90,#1200,2024-05,No Elegible,Vulnerabilidad Baja,1.0,1.0,1.0,1.0,1.0,1.0,1.790108696,1.043888889,fupal,1,low,,,espanol_uno_mas_adultos,adultos_ninguno_analfabeta,,0,0,0.0,6.061858428,2.169185496,5.866781761928531,EXCLUSION,17.61,low
91,#252,2023-06,No Elegible,Vulnerabilidad Moderada,1.0,1.0,1.0,1.0,1.776038647,2.117608696,2.580217391,1.043888889,sotap,6,average,jefatura_femenina,no,espanol_uno_mas_adultos,adultos_ninguno_analfabeta,,0,0,0.0,28.09152966,2.784030087,27.18751614401154,EXCLUSION,17.37,medium
92,#527,2023-06,No Elegible,Vulnerabilidad Elevada,1.0,1.0,2.578385269,1.0,1.776038647,2.117608696,2.580217391,1.738466184,sotap,5,high,jefatura_masculina,no,espanol_uno_mas_adultos,adultos_ninguno_analfabeta,0.0,0,0,8.975915299,36.78475459,3.29383264,44.86575363177633,EXCLUSION,21.04,high
93,#1765,2023-08,Elegible,Vulnerabilidad Baja,1.0,1.0,1.0,1.0,1.0,1.0,1.0,1.0,fupal,1,low,,,espanol_uno_mas_adultos,adultos_ninguno_analfabeta,,-500,0,0.0,0.0,2.0,0.0,INCLUSION,22.4,low
94,#1102,2024-05,No Elegible por Intenciones,Vulnerabilidad Baja,1.0,1.0,1.0,1.0,1.776038647,1.0,1.790108696,1.0,pcr_cdmx,1,low,,,espanol_ningun_adulto,adultos_ninguno_analfabeta,,0,0,0.0,12.01413641,2.33531262,11.62750948618979,EXCLUSION,20.0,low
95,#645,2023-08,Lista de Reserva,Vulnerabilidad Elevada,1.0,1.0,2.578385269,1.0,1.776038647,2.117608696,2.580217391,1.0,fupal,4,average,jefatura_masculina,no,espanol_uno_mas_adultos,adultos_ninguno_analfabeta,0.0,0,0,8.975915299,27.40879931,3.032151233,35.791525968642006,EXCLUSION,28.28,high
96,#1223,2024-01,Lista de Reserva,Vulnerabilidad Baja,1.0,1.0,1.0,1.0,1.0,1.0,1.790108696,1.0,sotap,1,low,,,espanol_uno_mas_adultos,adultos_ninguno_analfabeta,,0,0,0.0,5.614422911,2.156697643,5.433745167301109,EXCLUSION,22.64,low
97,#071,2023-11,Lista de Reserva,Vulnerabilidad Elevada,1.0,2.051104816,2.578385269,1.0,1.776038647,2.117608696,1.790108696,1.0,sotap,2,complete,jefatura_femenina,si,espanol_uno_mas_adultos,adultos_ninguno_analfabeta,,0,0,17.3510839,21.88512181,3.127280564,39.090295836018285,EXCLUSION,29.9,high
98,#1311,2024-04,No Elegible,Vulnerabilidad Elevada,2.070141643,1.0,1.0,1.0,1.776038647,1.498900966,2.580217391,2.544987923,sotap,2,average,jefatura_femenina,si,espanol_uno_mas_adultos,adultos_uno_mas_analfabeta,,0,0,6.702282231,37.43330939,3.244257006,43.14663643599621,EXCLUSION,17.87,high
99,#555,2023-09,Lista de Reserva,Vulnerabilidad Moderada,1.0,1.0,1.0,1.0,1.776038647,2.823478261,1.790108696,1.0,sotap,4,average,jefatura_femenina,no,espanol_uno_mas_adultos,adultos_ninguno_analfabeta,0.0,0,0,0.0,26.18890898,2.730928248,25.34612370011462,EXCLUSION,25.69,medium
100,#1223,2024-03,No Elegible,Vulnerabilidad Moderada,2.700708215,1.525552408,1.0,1.0,1.776038647,1.0,2.580217391,1.0,sotap,1,low,,,espanol_uno_mas_adultos,adultos_ninguno_analfabeta,,0,0,14.26831886,16.59309681,2.887819773,30.78660199079105,EXCLUSION,18.47,medium
101,#1583,2024-02,No Elegible,Vulnerabilidad Moderada,1.0,1.0,1.0,1.0,1.776038647,2.823478261,2.580217391,1.0,foten,1,low,,,espanol_uno_mas_adultos,adultos_ninguno_analfabeta,,0,0,0.0,32.12448674,2.896589272,31.09068863222006,EXCLUSION,26.02,medium
102,#440,2024-06,No Elegible,Vulnerabilidad Elevada,1.0,1.0,2.578385269,1.0,1.0,2.117608696,2.580217391,1.738466184,pcr_cdmx,1,low,,,espanol_uno_mas_adultos,adultos_ninguno_analfabeta,0.0,0,0,8.975915299,27.07165714,3.022741649,35.46523337081478,EXCLUSION,15.42,high
103,,2023-06,Lista de Reserva,Vulnerabilidad Moderada,1.0,1.0,1.0,1.0,1.776038647,2.117608696,2.580217391,1.0,,2,average,jefatura_masculina,si,espanol_ningun_adulto,adultos_uno_mas_analfabeta,,0,0,0.0,27.40879931,2.764975192,26.526756739404888,EXCLUSION,23.9,medium
104,#1167,2023-12,No Elegible,Vulnerabilidad Moderada,1.0,1.0,1.0,1.0,1.776038647,2.823478261,1.790108696,1.0,foten,3,average,jefatura_masculina,no,espanol_ningun_adulto,adultos_uno_mas_analfabeta,,0,0,0.0,26.18890898,2.730928248,25.34612370011462,EXCLUSION,35.33,medium
105,#112,2024-04,Lista de Reserva,Vulnerabilidad Elevada,2.070141643,1.0,2.578385269,1.0,1.776038647,1.0,2.580217391,2.544987923,sotap,1,low,,,espanol_uno_mas_adultos,adultos_ninguno_analfabeta,0.0,0,0,17.46888676,30.38303782,3.367962543,47.43633428473814,EXCLUSION,15.4,high
106,#112,2024-02,Elegible,Vulnerabilidad Moderada,1.0,1.0,1.0,1.0,1.776038647,2.823478261,2.580217391,1.0,sotap,4,average,jefatura_masculina,no,espanol_uno_mas_adultos,adultos_ninguno_analfabeta,,0,0,0.0,32.12448674,2.896589272,31.09068863222006,INCLUSION,25.11,medium
107,#1311,2023-06,Lista de Reserva,Vulnerabilidad Baja,1.0,1.0,1.0,1.0,1.0,1.498900966,1.0,1.0,sotap,2,average,jefatura_femenina,no,espanol_uno_mas_adultos,adultos_ninguno_analfabeta,-500.0,0,0,0.0,3.815111519,2.10647915,3.692337415207061,EXCLUSION,17.2,low
108,#1841,2024-03,Elegible,Vulnerabilidad Moderada,1.0,1.525552408,1.0,1.0,1.776038647,2.823478261,2.580217391,1.0,foten,1,low,,,espanol_uno_mas_adultos,adultos_ninguno_analfabeta,,0,0,3.741369748,32.12448674,3.007954444,34.95245940008045,INCLUSION,25.91,high
109,#1223,2023-12,Elegible,Vulnerabilidad Baja,2.700708215,1.0,1.249197356,1.0,1.0,1.0,1.790108696,1.0,sotap,1,low,,,espanol_uno_mas_adultos,adultos_ninguno_analfabeta,0.0,0,0,11.93561888,5.614422911,2.511971873,17.75346419847839,INCLUSION,17.76,low
110,#1841,2023-08,Elegible,Vulnerabilidad Moderada,2.700708215,1.0,2.578385269,1.0,1.0,1.498900966,1.0,1.0,foten,1,low,,,espanol_uno_mas_adultos,adultos_ninguno_analfabeta,,0,0,20.97871872,3.815111519,2.730929228,25.34617228233538,INCLUSION,21.56,medium
111,#527,2023-10,No Elegible,Vulnerabilidad Baja,1.0,1.0,1.0,1.0,1.776038647,1.0,1.790108696,1.0,sotap,2,average,jefatura_femenina,si,espanol_uno_mas_adultos,adultos_ninguno_analfabeta,0.0,0,0,0.0,12.01413641,2.33531262,11.62750948618979,EXCLUSION,24.04,low
112,#112,2023-10,Lista de Reserva,Vulnerabilidad Baja,1.0,1.0,1.0,1.0,1.0,1.498900966,1.0,1.0,sotap,1,low,,,espanol_uno_mas_adultos,adultos_ninguno_analfabeta,-500.0,0,0,0.0,3.815111519,2.10647915,3.692337415207061,EXCLUSION,18.28,low
113,#527,2023-10,No Elegible,Vulnerabilidad Elevada,2.700708215,1.0,1.249197356,1.0,1.776038647,2.823478261,2.580217391,1.043888889,sotap,1,low,,,espanol_uno_mas_adultos,adultos_ninguno_analfabeta,0.0,0,0,11.93561888,32.85812825,3.272339318,44.12043985596403,EXCLUSION,19.83,high
114,#1223,2024-05,No Elegible,Vulnerabilidad Baja,1.0,1.0,1.0,1.0,1.776038647,1.498900966,1.790108696,1.0,sotap,2,average,jefatura_femenina,si,espanol_uno_mas_adultos,adultos_ninguno_analfabeta,-500.0,0,0,0.0,17.10850297,2.477495573,16.55793423592243,EXCLUSION,15.71,low
115,#1223,2023-12,Elegible,Vulnerabilidad Moderada,1.0,1.0,1.0,1.0,1.776038647,2.823478261,2.580217391,1.0,sotap,1,low,,,espanol_uno_mas_adultos,adultos_ninguno_analfabeta,0.0,0,0,0.0,32.12448674,2.896589272,31.09068863222006,INCLUSION,23.71,medium
116,#1476,2023-08,Lista de Reserva,Vulnerabilidad Baja,1.0,1.0,1.0,1.0,1.776038647,1.498900966,1.790108696,1.0,pcr_cdmx,1,low,,,espanol_uno_mas_adultos,adultos_ninguno_analfabeta,0.0,0,0,0.0,17.10850297,2.477495573,16.55793423592243,EXCLUSION,25.78,low
117,#555,2024-05,No Elegible,Vulnerabilidad Elevada,2.700708215,1.0,3.251728045,1.0,1.776038647,1.0,1.790108696,2.544987923,sotap,1,low,,,espanol_uno_mas_adultos,adultos_ninguno_analfabeta,,0,0,24.2379543,24.59957006,3.408034155,48.82588720322744,EXCLUSION,15.22,high
118,#1677,2024-05,Lista de Reserva,Vulnerabilidad Moderada,1.0,1.525552408,2.578385269,1.0,1.776038647,1.498900966,1.790108696,1.0,futij,1,low,,,espanol_ningun_adulto,adultos_ninguno_analfabeta,,0,0,13.7168894,17.10850297,2.885790892,30.71624685370383,EXCLUSION,20.99,medium
119,#1102,2024-05,Lista de Reserva,Vulnerabilidad Elevada,1.0,2.051104816,2.578385269,1.0,1.776038647,2.823478261,2.580217391,1.0,pcr_cdmx,2,average,jefatura_femenina,si,espanol_ningun_adulto,adultos_ninguno_analfabeta,0.0,0,0,17.3510839,32.12448674,3.413059597,49.00014776320596,EXCLUSION,23.61,high
120,#1311,2024-02,No Elegible,Vulnerabilidad Moderada,1.0,1.0,1.0,1.0,1.776038647,2.117608696,2.580217391,1.0,sotap,1,low,,,espanol_ningun_adulto,adultos_ninguno_analfabeta,0.0,0,0,0.0,27.40879931,2.764975192,26.526756739404888,EXCLUSION,21.53,medium
121,#1311,2024-01,Elegible,Vulnerabilidad Baja,2.700708215,1.0,1.0,1.0,1.776038647,1.0,1.790108696,1.0,sotap,3,average,jefatura_masculina,si,espanol_ningun_adulto,adultos_ninguno_analfabeta,0.0,0,0,9.472088355,12.01413641,2.61725769,21.404419116542044,INCLUSION,19.47,medium
122,#1311,2024-04,No Elegible,Vulnerabilidad Moderada,1.0,1.0,2.578385269,1.0,1.776038647,1.498900966,2.580217391,1.0,sotap,3,average,jefatura_femenina,no,espanol_ningun_adulto,adultos_ninguno_analfabeta,,0,0,8.975915299,22.17502718,2.886077492,30.726181859557546,EXCLUSION,20.13,medium
123,#440,2023-09,No Elegible,Vulnerabilidad Elevada,1.0,1.525552408,2.578385269,1.0,1.776038647,2.823478261,2.580217391,1.043888889,pcr_cdmx,2,average,jefatura_masculina,si,espanol_uno_mas_adultos,adultos_uno_mas_analfabeta,,0,0,13.7168894,32.85812825,3.325360407,45.95903344256815,EXCLUSION,28.83,high
124,#252,2024-05,No Elegible,Vulnerabilidad Elevada,2.700708215,1.0,3.251728045,1.0,1.776038647,1.0,2.580217391,1.0,sotap,1,low,,,espanol_uno_mas_adultos,adultos_ninguno_analfabeta,,0,0,24.2379543,16.59309681,3.184574771,41.07707026888569,EXCLUSION,16.65,high
125,#1101,2024-05,No Elegible,Vulnerabilidad Elevada,2.070141643,1.0,1.0,1.0,1.776038647,2.823478261,2.580217391,1.043888889,sotap,3,low,jefatura_masculina,no,espanol_uno_mas_adultos,adultos_ninguno_analfabeta,0.0,0,0,6.702282231,32.85812825,3.116564434,38.71868920026256,EXCLUSION,15.5,high
126,#1311,2023-10,Elegible,Vulnerabilidad Moderada,2.070141643,1.0,1.0,1.0,1.776038647,1.0,1.790108696,2.544987923,sotap,4,average,jefatura_masculina,no,espanol_uno_mas_adultos,adultos_ninguno_analfabeta,,-500,0,6.702282231,24.59957006,2.8860694,30.72589967137496,INCLUSION,22.43,medium
127,#252,2023-07,No Elegible,Vulnerabilidad Elevada,2.070141643,1.0,2.578385269,1.0,1.0,2.117608696,1.790108696,1.043888889,sotap,2,low,jefatura_femenina,no,espanol_uno_mas_adultos,adultos_ninguno_analfabeta,0.0,0,-500,17.46888676,14.70478802,2.930385106,32.26262624155194,EXCLUSION,18.65,medium
128,#513,2024-05,No Elegible,Vulnerabilidad Elevada,1.0,1.0,2.578385269,1.0,1.776038647,2.823478261,2.580217391,1.0,pcr_cdmx,1,low,,,espanol_uno_mas_adultos,adultos_ninguno_analfabeta,0.0,0,0,8.975915299,32.12448674,3.163765312,40.35545786145718,EXCLUSION,21.37,high
129,#1476,2023-07,No Elegible por Intenciones,Vulnerabilidad Baja,2.070141643,1.0,1.0,1.0,1.776038647,1.498900966,1.790108696,1.043888889,pcr_cdmx,1,low,,,espanol_uno_mas_adultos,adultos_ninguno_analfabeta,,0,0,6.702282231,17.68003002,2.692946147,24.029037349402188,EXCLUSION,15.08,medium
130,#1223,2023-07,Lista de Reserva,Vulnerabilidad Baja,1.0,2.051104816,1.0,1.0,1.0,1.498900966,1.0,1.043888889,sotap,1,low,,,espanol_uno_mas_adultos,adultos_uno_mas_analfabeta,,0,0,6.609317356,4.243121443,2.315157003,10.928585349676254,EXCLUSION,16.56,low
131,#440,2024-06,No Elegible,Vulnerabilidad Baja,1.599560907,1.0,2.578385269,1.0,1.0,2.117608696,1.0,1.043888889,pcr_cdmx,1,low,,,espanol_uno_mas_adultos,adultos_ninguno_analfabeta,0.0,0,0,14.28054816,7.858894815,2.644413613,22.346098201295447,EXCLUSION,22.68,medium
132,#1761,2024-05,Lista de Reserva,Vulnerabilidad Baja,1.0,1.0,1.0,1.0,1.776038647,1.0,1.0,1.0,fomon,2,average,jefatura_femenina,no,espanol_uno_mas_adultos,adultos_ninguno_analfabeta,,0,0,0.0,5.532745347,2.154418035,5.354696068988193,EXCLUSION,19.38,low
133,#1101,2023-10,Lista de Reserva,Vulnerabilidad Moderada,1.0,1.0,1.0,1.0,1.0,2.117608696,2.580217391,1.738466184,sotap,2,low,jefatura_femenina,no,espanol_uno_mas_adultos,adultos_ninguno_analfabeta,,0,0,0.0,27.07165714,2.755565608,26.20046414157766,EXCLUSION,19.56,medium
134,#555,2023-06,No Elegible,Vulnerabilidad Elevada,1.0,1.0,3.251728045,1.0,1.776038647,2.823478261,2.580217391,1.0,sotap,3,low,jefatura_masculina,si,espanol_uno_mas_adultos,adultos_ninguno_analfabeta,0.0,0,0,11.51832969,32.12448674,3.23944252,42.97968968997395,EXCLUSION,21.22,high
135,#513,2024-03,Elegible,Vulnerabilidad Moderada,1.0,1.525552408,1.0,1.0,1.776038647,2.117608696,1.790108696,1.0,pcr_cdmx,4,average,jefatura_femenina,no,espanol_ningun_adulto,adultos_ninguno_analfabeta,,0,0,3.741369748,21.88512181,2.722175411,25.04260747289278,INCLUSION,28.02,medium
136,#1311,2023-09,No Elegible,Vulnerabilidad Moderada,1.0,1.0,1.0,1.0,1.776038647,2.823478261,1.790108696,1.0,sotap,1,low,,,espanol_ningun_adulto,adultos_uno_mas_analfabeta,,0,0,0.0,26.18890898,2.730928248,25.34612370011462,EXCLUSION,27.18,medium
137,#252,2024-04,Lista de Reserva,Vulnerabilidad Baja,1.0,1.525552408,1.0,1.0,1.776038647,1.498900966,1.790108696,1.0,sotap,1,low,,,espanol_uno_mas_adultos,adultos_ninguno_analfabeta,0.0,0,0,3.741369748,17.10850297,2.588860746,20.41970500378282,EXCLUSION,18.97,low
138,#606,2024-04,Elegible,Vulnerabilidad Elevada,2.070141643,1.0,1.0,1.0,1.776038647,2.823478261,2.580217391,1.043888889,foten,2,average,jefatura_masculina,si,espanol_uno_mas_adultos,adultos_uno_mas_analfabeta,,0,0,6.702282231,32.85812825,3.116564434,38.71868920026256,INCLUSION,18.23,high
139,#555,2024-01,Elegible por Proceso Acelerado,Vulnerabilidad Baja,1.0,1.0,1.0,1.0,1.0,1.0,1.0,1.0,sotap,1,low,,,espanol_ningun_adulto,adultos_ninguno_analfabeta,,0,0,0.0,0.0,2.0,0.0,INCLUSION,21.05,low
140,#1223,2024-05,No Elegible,Vulnerabilidad Elevada,2.070141643,1.0,1.0,1.0,1.776038647,2.823478261,1.790108696,1.043888889,sotap,3,low,jefatura_masculina,no,espanol_ningun_adulto,adultos_ninguno_analfabeta,0.0,0,0,6.702282231,26.85846924,2.949114914,32.912105216863374,EXCLUSION,17.96,medium
141,#1223,2024-01,Elegible por Proceso Acelerado,Vulnerabilidad Moderada,1.0,1.0,1.0,1.0,1.776038647,2.823478261,1.790108696,1.043888889,sotap,1,low,,,espanol_uno_mas_adultos,adultos_ninguno_analfabeta,0.0,0,0,0.0,26.85846924,2.749615568,25.99413684138756,INCLUSION,26.51,medium
142,#112,2024-02,No Elegible,Vulnerabilidad Moderada,1.0,1.0,1.0,1.0,1.776038647,2.823478261,1.790108696,1.0,sotap,6,average,jefatura_femenina,no,espanol_uno_mas_adultos,adultos_ninguno_analfabeta,0.0,0,0,0.0,26.18890898,2.730928248,25.34612370011462,EXCLUSION,25.96,medium
143,#1311,2023-09,No Elegible,Vulnerabilidad Moderada,2.700708215,1.0,2.578385269,1.0,1.0,1.498900966,1.0,1.0,sotap,1,low,,,espanol_uno_mas_adultos,adultos_ninguno_analfabeta,-500.0,0,0,20.97871872,3.815111519,2.730929228,25.34617228233538,EXCLUSION,16.52,medium
144,#016,2023-10,Elegible,Vulnerabilidad Baja,1.0,1.0,1.0,1.0,1.0,1.498900966,1.0,1.0,futij,3,average,jefatura_femenina,no,espanol_uno_mas_adultos,adultos_ninguno_analfabeta,,-500,0,0.0,3.815111519,2.10647915,3.692337415207061,INCLUSION,26.07,low
145,#071,2024-02,No Elegible,Vulnerabilidad Elevada,1.0,2.051104816,1.0,1.0,1.776038647,2.823478261,1.790108696,1.0,sotap,4,average,jefatura_masculina,no,espanol_uno_mas_adultos,adultos_ninguno_analfabeta,0.0,0,0,6.609317356,26.18890898,2.927660413,32.16813549794806,EXCLUSION,24.97,medium
146,#555,2023-10,Elegible,Vulnerabilidad Baja,1.0,1.0,1.0,1.0,1.0,2.117608696,1.790108696,1.043888889,sotap,1,low,,,espanol_uno_mas_adultos,adultos_ninguno_analfabeta,0.0,0,0,0.0,14.70478802,2.410408275,14.23157323672838,INCLUSION,22.08,low
147,#672,2024-02,No Elegible,Vulnerabilidad Moderada,1.0,1.0,1.0,1.0,1.776038647,2.823478261,1.790108696,1.0,fupal,1,low,,,espanol_uno_mas_adultos,adultos_ninguno_analfabeta,,0,0,0.0,26.18890898,2.730928248,25.34612370011462,EXCLUSION,25.83,medium
148,#527,2024-02,Elegible,Vulnerabilidad Moderada,1.0,1.525552408,2.578385269,1.0,1.776038647,1.0,1.790108696,1.043888889,sotap,1,low,,,espanol_uno_mas_adultos,adultos_ninguno_analfabeta,0.0,0,0,13.7168894,12.53066404,2.758024142,26.28572735831016,INCLUSION,23.71,medium
149,#1167,2024-02,Elegible,Vulnerabilidad Elevada,2.700708215,1.0,2.578385269,1.0,1.776038647,2.117608696,1.790108696,1.043888889,foten,1,low,,,espanol_uno_mas_adultos,adultos_ninguno_analfabeta,,0,0,20.97871872,22.50821784,3.252650827,43.43771574881928,INCLUSION,25.54,high
150,#1583,2023-08,Lista de Reserva,Vulnerabilidad Severa,2.700708215,2.051104816,3.251728045,1.0,1.776038647,2.823478261,1.790108696,1.0,foten,4,average,jefatura_masculina,no,espanol_uno_mas_adultos,adultos_ninguno_analfabeta,,0,0,35.61565687,26.18890898,3.791059708,62.10792802384809,EXCLUSION,26.05,high
151,#1311,2023-11,Lista de Reserva,Vulnerabilidad Baja,1.0,1.0,1.0,1.564135978,1.0,2.117608696,1.790108696,1.043888889,sotap,1,low,,,espanol_uno_mas_adultos,adultos_uno_mas_analfabeta,,0,0,3.975239986,14.70478802,2.528734801,18.334740420717846,EXCLUSION,22.29,low
152,#252,2024-06,No Elegible,Vulnerabilidad Elevada,1.0,1.525552408,1.0,1.0,1.776038647,2.823478261,2.580217391,1.0,sotap,3,average,jefatura_masculina,no,espanol_uno_mas_adultos,adultos_ninguno_analfabeta,,0,-500,3.741369748,32.12448674,3.007954444,34.95245940008045,EXCLUSION,21.79,high
153,#555,2024-01,Elegible,Vulnerabilidad Baja,1.0,1.0,1.0,1.0,1.0,1.0,1.790108696,1.0,sotap,1,low,,,espanol_uno_mas_adultos,adultos_ninguno_analfabeta,500.0,0,0,0.0,5.614422911,2.156697643,5.433745167301109,INCLUSION,20.17,low
154,#1101,2023-10,Elegible,Vulnerabilidad Elevada,2.700708215,2.051104816,3.251728045,1.0,1.0,2.117608696,1.790108696,1.0,sotap,1,low,,,espanol_uno_mas_adultos,adultos_ninguno_analfabeta,,0,0,35.61565687,14.16503897,3.455475425,50.4709981746399,INCLUSION,18.22,high
155,#071,2023-10,No Elegible,Vulnerabilidad Moderada,1.0,1.0,2.578385269,1.0,1.776038647,1.0,2.580217391,1.043888889,sotap,2,low,jefatura_masculina,si,espanol_uno_mas_adultos,adultos_ninguno_analfabeta,0.0,-500,0,8.975915299,17.15905947,2.746082638,25.87163300643305,EXCLUSION,26.5,medium
156,#1771,2024-02,Lista de Reserva,Vulnerabilidad Moderada,1.0,1.0,1.0,1.0,1.776038647,2.823478261,1.790108696,1.0,fupal,1,low,,,espanol_uno_mas_adultos,adultos_ninguno_analfabeta,,0,0,0.0,26.18890898,2.730928248,25.34612370011462,EXCLUSION,26.71,medium
157,#1223,2024-02,Elegible,Vulnerabilidad Baja,1.0,1.0,1.0,1.0,1.0,1.0,1.0,1.0,sotap,1,low,,,espanol_uno_mas_adultos,adultos_ninguno_analfabeta,,0,0,0.0,0.0,2.0,0.0,INCLUSION,20.28,low
158,#1101,2024-01,Elegible por Proceso Acelerado,Vulnerabilidad Baja,2.700708215,1.0,1.0,1.0,1.0,2.117608696,1.790108696,1.043888889,sotap,4,average,jefatura_femenina,si,espanol_uno_mas_adultos,adultos_ninguno_analfabeta,,0,0,9.472088355,14.70478802,2.692353344,24.00848286708064,INCLUSION,18.81,medium
159,#071,2023-08,Elegible,Vulnerabilidad Elevada,1.0,1.0,1.0,1.0,1.776038647,2.823478261,2.580217391,1.043888889,sotap,3,low,jefatura_masculina,si,espanol_uno_mas_adultos,adultos_ninguno_analfabeta,0.0,0,0,0.0,32.85812825,2.917065088,31.80072082478675,INCLUSION,22.1,medium
160,#527,2024-06,No Elegible,Vulnerabilidad Baja,1.0,1.0,1.0,1.0,1.0,2.117608696,1.790108696,1.0,sotap,1,low,,,espanol_uno_mas_adultos,adultos_ninguno_analfabeta,,0,0,0.0,14.16503897,2.395343965,13.709193850906429,EXCLUSION,16.05,low
161,#252,2024-02,No Elegible por Duplicidad,Vulnerabilidad Baja,1.0,1.0,1.0,1.0,1.0,2.117608696,1.0,1.0,sotap,1,low,,,espanol_uno_mas_adultos,adultos_ninguno_analfabeta,,0,0,0.0,7.392265486,2.206316944,7.154374990395034,EXCLUSION,21.29,low
162,#1311,2023-10,Lista de Reserva,Vulnerabilidad Elevada,1.0,1.525552408,2.578385269,1.0,1.776038647,2.823478261,1.790108696,1.043888889,sotap,1,low,,,espanol_uno_mas_adultos,adultos_uno_mas_analfabeta,0.0,0,0,13.7168894,26.85846924,3.157910887,40.15244945916896,EXCLUSION,31.66,high
163,#1725,2023-06,Lista de Reserva,Vulnerabilidad Moderada,2.070141643,1.0,1.0,1.0,1.776038647,1.498900966,2.580217391,1.043888889,foten,1,low,,,espanol_uno_mas_adultos,adultos_ninguno_analfabeta,0.0,0,0,6.702282231,22.80125306,2.835878661,28.985454310751948,EXCLUSION,17.08,medium
164,#527,2024-07,No Elegible,Vulnerabilidad Moderada,1.0,2.051104816,1.0,1.0,1.776038647,2.117608696,1.790108696,1.0,sotap,3,low,jefatura_masculina,no,espanol_uno_mas_adultos,adultos_ninguno_analfabeta,,0,0,6.609317356,21.88512181,2.807542403,28.002848502865827,EXCLUSION,20.59,medium
165,#071,2023-07,Lista de Reserva,Vulnerabilidad Baja,1.0,1.0,1.0,1.0,1.776038647,1.0,2.580217391,1.043888889,sotap,1,low,,,espanol_ningun_adulto,adultos_uno_mas_analfabeta,0.0,0,0,0.0,17.15905947,2.478906597,16.60686377719593,EXCLUSION,20.09,low
166,#527,2024-02,No Elegible,Vulnerabilidad Elevada,2.070141643,1.0,2.578385269,1.0,1.776038647,2.823478261,2.580217391,1.043888889,sotap,1,low,,,espanol_uno_mas_adultos,adultos_ninguno_analfabeta,0.0,0,0,17.46888676,32.85812825,3.43704192,49.83177382961031,EXCLUSION,25.03,high
167,#252,2024-05,No Elegible,Vulnerabilidad Severa,2.700708215,1.0,3.251728045,1.0,1.776038647,2.117608696,2.580217391,1.043888889,sotap,4,complete,jefatura_femenina,si,espanol_uno_mas_adultos,adultos_ninguno_analfabeta,,0,0,24.2379543,28.09152966,3.505494188,52.20547205133984,EXCLUSION,18.56,high
168,#606,2024-03,Lista de Reserva,Vulnerabilidad Elevada,1.0,1.0,2.578385269,1.0,1.776038647,2.823478261,2.580217391,1.0,foten,1,low,,,espanol_uno_mas_adultos,adultos_ninguno_analfabeta,0.0,0,0,8.975915299,32.12448674,3.163765312,40.35545786145718,EXCLUSION,28.8,high
169,#1311,2024-04,No Elegible por Duplicidad,Vulnerabilidad Elevada,2.700708215,1.0,3.251728045,1.0,1.776038647,2.117608696,2.580217391,1.0,sotap,1,low,,,espanol_uno_mas_adultos,adultos_ninguno_analfabeta,0.0,0,0,24.2379543,27.40879931,3.486439293,51.54471264673319,EXCLUSION,17.65,high
170,#676,2023-06,No Elegible,Vulnerabilidad Moderada,1.0,1.0,1.0,1.0,1.776038647,2.823478261,2.580217391,1.0,pcr_cdmx,4,average,jefatura_masculina,no,espanol_uno_mas_adultos,adultos_ninguno_analfabeta,,0,0,0.0,32.12448674,2.896589272,31.09068863222006,EXCLUSION,20.54,medium
171,#1101,2024-04,Lista de Reserva,Vulnerabilidad Severa,2.070141643,1.0,2.578385269,1.0,1.776038647,1.498900966,2.580217391,2.544987923,sotap,3,complete,jefatura_femenina,si,espanol_ningun_adulto,adultos_uno_mas_analfabeta,0.0,0,0,17.46888676,37.43330939,3.564734492,54.25972106534397,EXCLUSION,21.44,high
172,#1841,2023-08,No Elegible,Vulnerabilidad Elevada,1.0,1.0,2.578385269,1.0,1.776038647,2.823478261,2.580217391,1.043888889,foten,2,average,jefatura_femenina,si,espanol_uno_mas_adultos,adultos_ninguno_analfabeta,,0,0,8.975915299,32.85812825,3.184241129,41.06549005402387,EXCLUSION,29.17,high
173,#937,2024-06,No Elegible,Vulnerabilidad Baja,1.0,1.0,1.0,1.0,1.776038647,2.117608696,1.790108696,1.0,futij,1,low,,,espanol_uno_mas_adultos,adultos_ninguno_analfabeta,,-500,0,0.0,21.88512181,2.610810239,21.18083670503239,EXCLUSION,21.83,low
174,#1101,2024-06,No Elegible,Vulnerabilidad Elevada,2.700708215,1.0,1.249197356,1.0,1.776038647,2.117608696,1.790108696,1.043888889,sotap,3,average,jefatura_femenina,si,espanol_uno_mas_adultos,adultos_ninguno_analfabeta,,0,0,11.93561888,22.50821784,2.983474979,34.10359991286824,EXCLUSION,12.86,high
175,#676,2023-11,Lista de Reserva,Vulnerabilidad Baja,1.0,1.0,1.0,1.0,1.776038647,1.498900966,1.790108696,1.0,pcr_cdmx,1,low,,,espanol_uno_mas_adultos,adultos_ninguno_analfabeta,,0,0,0.0,17.10850297,2.477495573,16.55793423592243,EXCLUSION,24.47,low
176,#1223,2023-09,Elegible,Vulnerabilidad Baja,1.0,1.0,1.0,1.0,1.776038647,1.0,2.580217391,1.043888889,sotap,1,low,,,espanol_uno_mas_adultos,adultos_ninguno_analfabeta,,0,0,0.0,17.15905947,2.478906597,16.60686377719593,INCLUSION,19.3,low
177,#071,2024-04,Elegible,Vulnerabilidad Elevada,1.0,1.0,2.578385269,1.0,1.776038647,2.117608696,2.580217391,1.043888889,sotap,2,average,jefatura_femenina,si,espanol_ningun_adulto,adultos_uno_mas_analfabeta,,0,0,8.975915299,28.09152966,3.051206127,36.45228537324866,INCLUSION,21.98,high
178,#1101,2023-06,Elegible,Vulnerabilidad Baja,1.0,1.0,1.0,1.0,1.0,1.0,1.790108696,1.0,sotap,1,low,,,espanol_ningun_adulto,adultos_uno_mas_analfabeta,,0,0,0.0,5.614422911,2.156697643,5.433745167301109,INCLUSION,17.53,low
179,#645,2023-08,No Elegible,Vulnerabilidad Elevada,2.070141643,1.0,1.0,1.0,1.776038647,2.117608696,2.580217391,1.043888889,fupal,2,low,jefatura_masculina,no,espanol_uno_mas_adultos,adultos_ninguno_analfabeta,,0,0,6.702282231,28.09152966,2.983529432,34.10548451948735,EXCLUSION,23.22,high
180,#555,2024-03,No Elegible,Vulnerabilidad Severa,2.700708215,1.0,2.578385269,1.0,1.776038647,2.823478261,2.580217391,1.0,sotap,2,average,jefatura_masculina,no,espanol_uno_mas_adultos,adultos_ninguno_analfabeta,0.0,0,0,20.97871872,32.12448674,3.521039349,52.74452349934838,EXCLUSION,26.14,high
181,#071,2023-08,Elegible,Vulnerabilidad Moderada,1.0,1.525552408,1.0,1.0,1.776038647,2.117608696,1.790108696,1.0,sotap,1,low,,,espanol_uno_mas_adultos,adultos_ninguno_analfabeta,,0,0,3.741369748,21.88512181,2.722175411,25.04260747289278,INCLUSION,21.69,medium
182,#1805,2024-04,Lista de Reserva,Vulnerabilidad Baja,1.0,1.0,2.578385269,1.0,1.776038647,1.0,1.790108696,1.0,fomon,1,low,,,espanol_uno_mas_adultos,adultos_ninguno_analfabeta,0.0,0,0,8.975915299,12.01413641,2.602488661,20.89227871542691,EXCLUSION,22.3,low
183,#1311,2024-04,No Elegible,Vulnerabilidad Elevada,2.070141643,1.0,3.251728045,1.0,1.0,2.117608696,2.580217391,1.043888889,sotap,4,average,jefatura_femenina,no,espanol_uno_mas_adultos,adultos_ninguno_analfabeta,0.0,0,0,20.51851115,19.54126117,3.156145058,40.09122120160637,EXCLUSION,15.85,high
184,#252,2024-06,Lista de Reserva,Vulnerabilidad Severa,2.070141643,2.051104816,2.578385269,1.0,1.776038647,2.823478261,2.580217391,2.544987923,sotap,3,complete,jefatura_masculina,si,espanol_ningun_adulto,adultos_uno_mas_analfabeta,0.0,0,0,27.51489601,50.0,4.214497142,76.79130287849782,EXCLUSION,21.47,high
185,#1311,2023-11,Elegible,Vulnerabilidad Baja,1.0,2.051104816,1.249197356,1.0,1.776038647,1.0,1.790108696,1.043888889,sotap,1,low,,,espanol_uno_mas_adultos,adultos_ninguno_analfabeta,0.0,0,0,8.909093135,12.53066404,2.614915843,21.3232114017062,INCLUSION,22.09,medium
186,#1859,2023-09,No Elegible,Vulnerabilidad Baja,1.0,1.0,1.0,1.0,1.0,2.117608696,1.0,1.0,pcr_cdmx,1,low,,,espanol_uno_mas_adultos,adultos_ninguno_analfabeta,0.0,0,0,0.0,7.392265486,2.206316944,7.154374990395034,EXCLUSION,24.06,low
187,#645,2023-12,No Elegible,Vulnerabilidad Elevada,1.0,1.0,2.578385269,1.0,1.776038647,2.823478261,2.580217391,1.043888889,fupal,1,low,,,espanol_uno_mas_adultos,adultos_ninguno_analfabeta,,0,0,8.975915299,32.85812825,3.184241129,41.06549005402387,EXCLUSION,27.79,high
188,#1101,2024-01,Lista de Reserva,Vulnerabilidad Baja,1.0,1.0,2.578385269,1.0,1.776038647,1.0,1.790108696,1.043888889,sotap,1,low,,,espanol_uno_mas_adultos,adultos_ninguno_analfabeta,,0,0,8.975915299,12.53066404,2.616904864,21.39218396976588,EXCLUSION,26.36,medium
189,#252,2024-06,No Elegible,Vulnerabilidad Moderada,1.0,1.0,1.249197356,1.0,1.776038647,2.117608696,2.580217391,1.043888889,sotap,1,low,,,espanol_uno_mas_adultos,adultos_ninguno_analfabeta,0.0,0,0,1.921713018,28.09152966,2.841231571,29.1710718086438,EXCLUSION,17.86,medium
190,#1101,2023-07,Lista de Reserva,Vulnerabilidad Elevada,2.700708215,1.0,3.251728045,1.0,1.776038647,2.823478261,1.0,1.0,sotap,3,low,jefatura_masculina,no,espanol_ningun_adulto,adultos_ninguno_analfabeta,0.0,0,0,24.2379543,17.78726377,3.21790378,42.23280774194593,EXCLUSION,20.83,high
191,#1624,2023-12,Elegible,Vulnerabilidad Baja,1.0,1.0,1.0,1.0,1.776038647,1.498900966,1.790108696,1.0,fusal,1,low,,,espanol_uno_mas_adultos,adultos_ninguno_analfabeta,,0,0,0.0,17.10850297,2.477495573,16.55793423592243,INCLUSION,25.88,low
192,#1223,2024-05,No Elegible por Duplicidad,Vulnerabilidad Elevada,2.070141643,1.0,1.0,1.0,1.776038647,2.823478261,2.580217391,1.043888889,sotap,2,complete,jefatura_femenina,si,espanol_uno_mas_adultos,adultos_ninguno_analfabeta,-500.0,0,0,6.702282231,32.85812825,3.116564434,38.71868920026256,EXCLUSION,17.39,high
193,#1311,2024-05,No Elegible,Vulnerabilidad Baja,1.0,1.0,1.0,1.0,1.776038647,1.0,1.790108696,1.0,sotap,1,low,,,espanol_uno_mas_adultos,adultos_uno_mas_analfabeta,,0,0,0.0,12.01413641,2.33531262,11.62750948618979,EXCLUSION,19.96,low
194,#1407,2024-04,No Elegible,Vulnerabilidad Elevada,1.0,1.0,1.0,1.0,1.776038647,2.823478261,2.580217391,1.043888889,foten,1,low,,,espanol_uno_mas_adultos,adultos_ninguno_analfabeta,,0,0,0.0,32.85812825,2.917065088,31.80072082478675,EXCLUSION,20.07,medium
195,#1101,2024-01,Elegible,Vulnerabilidad Baja,2.070141643,1.0,1.0,1.564135978,1.0,1.0,1.790108696,1.043888889,sotap,2,low,jefatura_masculina,no,espanol_uno_mas_adultos,adultos_ninguno_analfabeta,,0,0,11.47057999,6.061858428,2.510617433,17.706496486586722,INCLUSION,15.0,low
196,#071,2023-08,No Elegible,Vulnerabilidad Elevada,1.0,1.0,2.578385269,1.0,1.776038647,2.823478261,1.790108696,1.043888889,sotap,3,average,jefatura_femenina,si,espanol_uno_mas_adultos,adultos_ninguno_analfabeta,-500.0,0,0,8.975915299,26.85846924,3.016791609,35.25890607062468,EXCLUSION,27.13,high
197,#071,2023-10,No Elegible,Vulnerabilidad Elevada,2.700708215,1.525552408,2.578385269,1.0,1.776038647,2.117608696,1.790108696,1.0,sotap,1,low,,,espanol_uno_mas_adultos,adultos_ninguno_analfabeta,0.0,0,0,27.05638709,21.88512181,3.416167479,49.10792538797568,EXCLUSION,22.51,high
198,#1101,2024-01,No Elegible por Intenciones,Vulnerabilidad Elevada,1.599560907,2.051104816,1.0,1.0,1.776038647,2.117608696,1.790108696,1.0,sotap,1,low,,,espanol_ningun_adulto,adultos_ninguno_analfabeta,0.0,0,0,11.61905914,21.88512181,2.956661789,33.17380878721673,EXCLUSION,26.91,medium
199,#112,2024-01,Elegible,Vulnerabilidad Elevada,1.0,1.0,2.578385269,1.0,1.776038647,2.117608696,1.790108696,1.738466184,sotap,4,average,jefatura_masculina,no,espanol_uno_mas_adultos,adultos_ninguno_analfabeta,0.0,0,0,8.975915299,30.44211729,3.116810651,38.727228742727625,INCLUSION,30.1,high
200,#1223,2023-09,Elegible,Vulnerabilidad Moderada,1.0,1.0,1.0,1.0,1.776038647,1.498900966,2.580217391,1.738466184,sotap,1,low,,,espanol_uno_mas_adultos,adultos_uno_mas_analfabeta,,0,0,0.0,30.77500505,2.858925454,29.78463461248595,INCLUSION,21.64,medium
201,#1101,2023-09,Elegible,Vulnerabilidad Baja,1.0,1.0,1.0,1.0,1.776038647,1.498900966,1.0,1.0,sotap,4,low,jefatura_femenina,no,espanol_uno_mas_adultos,adultos_ninguno_analfabeta,0.0,0,0,0.0,9.93697889,2.277339487,9.61719697234091,INCLUSION,22.59,low
202,#555,2024-02,No Elegible,Vulnerabilidad Elevada,2.070141643,1.0,1.0,1.0,1.776038647,2.823478261,1.790108696,1.043888889,sotap,2,average,jefatura_femenina,si,espanol_uno_mas_adultos,adultos_ninguno_analfabeta,,0,0,6.702282231,26.85846924,2.949114914,32.912105216863374,EXCLUSION,24.98,medium
203,#1359,2024-01,Elegible,Vulnerabilidad Baja,1.0,1.0,1.0,1.0,1.0,1.498900966,1.0,1.0,foten,2,average,jefatura_masculina,no,espanol_uno_mas_adultos,adultos_ninguno_analfabeta,0.0,0,0,0.0,3.815111519,2.10647915,3.692337415207061,INCLUSION,27.4,low
204,#133,2024-05,No Elegible,Vulnerabilidad Moderada,1.0,1.0,1.0,1.0,1.776038647,2.823478261,2.580217391,1.0,fupal,3,low,jefatura_femenina,no,espanol_ningun_adulto,adultos_uno_mas_analfabeta,,0,0,0.0,32.12448674,2.896589272,31.09068863222006,EXCLUSION,25.62,medium
205,#1771,2023-10,Lista de Reserva,Vulnerabilidad Baja,1.0,1.0,1.0,1.0,1.0,2.823478261,1.0,1.0,fupal,1,low,,,espanol_uno_mas_adultos,adultos_ninguno_analfabeta,,0,0,0.0,10.61532135,2.296271916,10.27370969363565,EXCLUSION,27.19,low
206,#555,2024-01,Elegible,Vulnerabilidad Elevada,2.070141643,1.525552408,1.0,1.0,1.776038647,2.117608696,1.790108696,1.043888889,sotap,2,average,jefatura_femenina,si,espanol_uno_mas_adultos,adultos_uno_mas_analfabeta,,0,0,11.1900528,22.50821784,2.961282546,33.33404077084776,INCLUSION,25.82,medium
207,#1311,2024-02,No Elegible,Vulnerabilidad Baja,1.0,1.0,1.0,1.0,1.776038647,1.498900966,1.790108696,1.0,sotap,4,average,jefatura_masculina,no,espanol_uno_mas_adultos,adultos_ninguno_analfabeta,,0,0,0.0,17.10850297,2.477495573,16.55793423592243,EXCLUSION,25.18,low
208,#672,2024-03,No Elegible por Intenciones,Vulnerabilidad Elevada,1.0,2.051104816,1.0,1.0,1.776038647,2.823478261,1.790108696,1.0,fupal,4,average,jefatura_masculina,no,espanol_uno_mas_adultos,adultos_ninguno_analfabeta,,0,0,6.609317356,26.18890898,2.927660413,32.16813549794806,EXCLUSION,28.15,medium
209,#071,2023-12,Lista de Reserva,Vulnerabilidad Elevada,2.070141643,1.0,1.0,1.0,1.776038647,2.117608696,2.580217391,2.544987923,sotap,1,low,,,espanol_uno_mas_adultos,adultos_ninguno_analfabeta,,0,0,6.702282231,44.04383881,3.428755821,49.5444324087312,EXCLUSION,18.96,high
210,#112,2023-08,No Elegible,Vulnerabilidad Baja,2.070141643,1.0,1.0,1.0,1.0,1.498900966,1.790108696,1.043888889,sotap,1,low,,,espanol_uno_mas_adultos,adultos_ninguno_analfabeta,0.0,0,0,6.702282231,10.52243148,2.49317872,17.10177748801793,EXCLUSION,18.26,low
211,#071,2023-08,No Elegible,Vulnerabilidad Elevada,2.070141643,1.0,1.0,1.0,1.776038647,2.117608696,2.580217391,1.043888889,sotap,2,complete,jefatura_femenina,si,espanol_uno_mas_adultos,adultos_ninguno_analfabeta,,0,0,6.702282231,28.09152966,2.983529432,34.10548451948735,EXCLUSION,17.81,high
212,#1223,2024-02,Elegible,Vulnerabilidad Moderada,1.0,1.0,2.578385269,1.0,1.776038647,2.117608696,1.790108696,1.043888889,sotap,1,low,,,espanol_uno_mas_adultos,adultos_ninguno_analfabeta,,0,0,8.975915299,22.50821784,2.89537679,31.04865011092808,INCLUSION,26.38,medium
213,#1223,2023-12,No Elegible,Vulnerabilidad Elevada,1.0,1.0,2.578385269,1.0,1.776038647,2.823478261,2.580217391,1.043888889,sotap,4,average,jefatura_femenina,no,espanol_uno_mas_adultos,adultos_ninguno_analfabeta,0.0,0,0,8.975915299,32.85812825,3.184241129,41.06549005402387,EXCLUSION,30.13,high
214,#1311,2024-04,No Elegible,Vulnerabilidad Baja,1.0,1.0,1.0,1.0,1.776038647,1.0,1.0,1.0,sotap,1,low,,,espanol_uno_mas_adultos,adultos_ninguno_analfabeta,0.0,0,-500,0.0,5.532745347,2.154418035,5.354696068988193,EXCLUSION,22.63,low
215,#555,2023-07,No Elegible,Vulnerabilidad Elevada,2.070141643,2.051104816,2.578385269,1.0,1.0,1.0,1.790108696,1.043888889,sotap,2,average,jefatura_femenina,si,espanol_uno_mas_adultos,adultos_ninguno_analfabeta,-500.0,0,0,27.51489601,6.061858428,2.98819066,34.26713464042634,EXCLUSION,16.69,high
216,#527,2024-04,Elegible,Vulnerabilidad Elevada,1.0,2.051104816,2.578385269,1.0,1.776038647,2.117608696,1.790108696,1.0,sotap,1,low,,,espanol_uno_mas_adultos,adultos_ninguno_analfabeta,,0,0,17.3510839,21.88512181,3.127280564,39.090295836018285,INCLUSION,22.55,high
217,#112,2024-05,No Elegible,Vulnerabilidad Baja,1.0,1.525552408,1.0,1.0,1.0,2.117608696,1.790108696,1.0,sotap,4,average,jefatura_masculina,no,espanol_uno_mas_adultos,adultos_ninguno_analfabeta,,0,0,3.741369748,14.16503897,2.506709138,17.570964618766816,EXCLUSION,19.4,low
218,#1311,2023-10,Elegible,Vulnerabilidad Elevada,2.700708215,1.0,1.0,1.0,1.776038647,2.823478261,1.790108696,1.0,sotap,3,average,jefatura_femenina,no,espanol_uno_mas_adultos,adultos_ninguno_analfabeta,0.0,0,0,9.472088355,26.18890898,3.012873318,35.123033330466875,INCLUSION,24.59,high
219,#252,2023-12,Elegible,Vulnerabilidad Elevada,1.0,1.0,2.578385269,1.0,1.776038647,2.823478261,1.790108696,1.0,sotap,2,low,jefatura_masculina,no,espanol_uno_mas_adultos,adultos_ninguno_analfabeta,-500.0,0,0,8.975915299,26.18890898,2.998104289,34.61089292935174,INCLUSION,26.51,high
220,#1167,2023-08,Elegible,Vulnerabilidad Elevada,2.070141643,1.0,1.0,1.0,1.776038647,2.823478261,1.790108696,1.043888889,foten,4,average,jefatura_femenina,si,espanol_uno_mas_adultos,adultos_ninguno_analfabeta,0.0,0,0,6.702282231,26.85846924,2.949114914,32.912105216863374,INCLUSION,22.58,medium
221,#1223,2024-04,Lista de Reserva,Vulnerabilidad Moderada,1.0,1.0,1.0,1.0,1.776038647,2.823478261,1.790108696,1.043888889,sotap,1,low,,,espanol_uno_mas_adultos,adultos_ninguno_analfabeta,0.0,0,0,0.0,26.85846924,2.749615568,25.99413684138756,EXCLUSION,20.57,medium
222,#1101,2023-08,Elegible,Vulnerabilidad Baja,1.0,1.0,2.578385269,1.0,1.776038647,1.0,1.790108696,1.0,sotap,4,average,jefatura_femenina,no,espanol_uno_mas_adultos,adultos_ninguno_analfabeta,0.0,0,0,8.975915299,12.01413641,2.602488661,20.89227871542691,INCLUSION,26.07,low
223,#1101,2024-04,No Elegible,Vulnerabilidad Moderada,1.0,1.0,2.578385269,1.0,1.776038647,1.0,2.580217391,1.043888889,sotap,3,average,jefatura_femenina,no,espanol_uno_mas_adultos,adultos_ninguno_analfabeta,-500.0,0,0,8.975915299,17.15905947,2.746082638,25.87163300643305,EXCLUSION,19.28,medium
224,#238,2023-11,No Elegible,Vulnerabilidad Elevada,2.700708215,1.0,3.251728045,1.0,1.776038647,2.823478261,1.790108696,1.0,futij,2,low,jefatura_masculina,no,espanol_uno_mas_adultos,adultos_ninguno_analfabeta,0.0,0,0,24.2379543,26.18890898,3.45239235,50.36407960744292,EXCLUSION,27.77,high
225,#645,2024-05,Lista de Reserva,Vulnerabilidad Baja,1.0,1.0,1.0,1.0,1.0,1.0,1.0,1.0,fupal,1,low,,,espanol_uno_mas_adultos,adultos_ninguno_analfabeta,,0,0,0.0,0.0,2.0,0.0,EXCLUSION,18.42,low
226,#1311,2023-07,Lista de Reserva,Vulnerabilidad Moderada,1.0,1.0,1.0,1.0,1.776038647,2.117608696,2.580217391,1.043888889,sotap,1,low,,,espanol_uno_mas_adultos,adultos_ninguno_analfabeta,0.0,0,0,0.0,28.09152966,2.784030087,27.18751614401154,EXCLUSION,17.51,medium
227,#527,2023-12,Elegible,Vulnerabilidad Baja,1.0,1.0,1.0,1.0,1.0,1.0,1.0,1.0,sotap,4,average,jefatura_femenina,si,espanol_uno_mas_adultos,adultos_ninguno_analfabeta,0.0,-500,0,0.0,0.0,2.0,0.0,INCLUSION,25.39,low
228,#071,2024-04,No Elegible,Vulnerabilidad Baja,2.070141643,1.525552408,1.0,1.0,1.0,1.0,1.790108696,1.043888889,sotap,1,low,,,espanol_uno_mas_adultos,adultos_uno_mas_analfabeta,,0,0,11.1900528,6.061858428,2.502267294,17.41694165108533,EXCLUSION,14.29,low
229,#071,2024-04,No Elegible,Vulnerabilidad Elevada,1.0,1.0,3.251728045,1.0,1.776038647,2.823478261,2.580217391,1.043888889,sotap,1,low,,,espanol_uno_mas_adultos,adultos_uno_mas_analfabeta,,0,0,11.51832969,32.85812825,3.259918337,43.68972188254064,EXCLUSION,27.79,high
230,#1725,2023-11,No Elegible,Vulnerabilidad Elevada,2.070141643,1.0,1.0,1.0,1.776038647,2.823478261,2.580217391,1.043888889,foten,1,low,,,espanol_uno_mas_adultos,adultos_uno_mas_analfabeta,,0,0,6.702282231,32.85812825,3.116564434,38.71868920026256,EXCLUSION,27.86,high
231,#1200,2023-11,Elegible,Vulnerabilidad Elevada,1.0,1.0,1.0,1.0,1.776038647,2.823478261,2.580217391,1.043888889,fupal,1,low,,,espanol_uno_mas_adultos,adultos_ninguno_analfabeta,,0,0,0.0,32.85812825,2.917065088,31.80072082478675,INCLUSION,27.24,medium
232,#1101,2024-04,No Elegible,Vulnerabilidad Elevada,2.070141643,1.0,1.0,1.0,1.776038647,2.117608696,2.580217391,1.043888889,sotap,2,average,jefatura_femenina,no,espanol_uno_mas_adultos,adultos_ninguno_analfabeta,,0,0,6.702282231,28.09152966,2.983529432,34.10548451948735,EXCLUSION,14.26,high
233,#1311,2024-05,No Elegible,Vulnerabilidad Moderada,1.0,1.0,1.0,1.0,1.776038647,2.823478261,1.790108696,1.0,sotap,1,low,,,espanol_uno_mas_adultos,adultos_ninguno_analfabeta,,0,0,0.0,26.18890898,2.730928248,25.34612370011462,EXCLUSION,20.81,medium
234,#1167,2024-01,No Elegible,Vulnerabilidad Severa,2.700708215,1.0,2.578385269,1.0,1.776038647,2.823478261,2.580217391,1.0,foten,5,high,jefatura_femenina,si,espanol_uno_mas_adultos,adultos_ninguno_analfabeta,,0,0,20.97871872,32.12448674,3.521039349,52.74452349934838,EXCLUSION,31.99,high
235,#527,2024-05,No Elegible por Intenciones,Vulnerabilidad Elevada,1.0,1.525552408,2.578385269,1.0,1.776038647,2.823478261,1.790108696,1.0,sotap,2,average,jefatura_femenina,si,espanol_uno_mas_adultos,adultos_uno_mas_analfabeta,,0,0,13.7168894,26.18890898,3.139223567,39.50443631789602,EXCLUSION,27.85,high
236,#1765,2024-01,Elegible,Vulnerabilidad Baja,1.0,1.0,1.0,1.0,1.776038647,2.823478261,1.0,1.0,fupal,1,low,,,espanol_uno_mas_adultos,adultos_uno_mas_analfabeta,0.0,0,0,0.0,17.78726377,2.496439678,17.21485183461763,INCLUSION,35.98,low
237,#527,2024-02,No Elegible,Vulnerabilidad Baja,1.0,1.0,1.0,1.0,1.0,1.0,1.0,1.043888889,sotap,3,low,jefatura_masculina,no,espanol_uno_mas_adultos,adultos_ninguno_analfabeta,0.0,0,0,0.0,0.386821499,2.010796126,0.374373196340681,EXCLUSION,21.53,low
238,#527,2024-01,Elegible por Proceso Acelerado,Vulnerabilidad Baja,1.0,2.051104816,1.0,1.0,1.776038647,2.117608696,1.0,1.0,sotap,1,low,,,espanol_uno_mas_adultos,adultos_ninguno_analfabeta,,0,0,6.609317356,14.06650994,2.5893262,20.43584738145429,INCLUSION,26.93,low
239,#527,2023-12,Elegible,Vulnerabilidad Baja,1.0,1.0,1.0,1.0,1.776038647,2.117608696,1.790108696,1.0,sotap,2,average,jefatura_femenina,si,espanol_uno_mas_adultos,adultos_ninguno_analfabeta,0.0,0,0,0.0,21.88512181,2.610810239,21.18083670503239,INCLUSION,21.76,low
240,#112,2024-04,Elegible,Vulnerabilidad Elevada,2.700708215,1.0,3.251728045,1.0,1.776038647,2.823478261,1.790108696,1.043888889,sotap,3,low,jefatura_masculina,no,espanol_uno_mas_adultos,adultos_ninguno_analfabeta,0.0,0,0,24.2379543,26.85846924,3.471079669,51.01209274871586,INCLUSION,20.34,high
241,#1765,2023-11,No Elegible,Vulnerabilidad Elevada,2.700708215,1.525552408,1.249197356,1.0,1.776038647,2.823478261,1.790108696,1.0,fupal,5,low,jefatura_femenina,no,espanol_uno_mas_adultos,adultos_ninguno_analfabeta,,0,0,17.00620089,26.18890898,3.237132827,42.89960114095571,EXCLUSION,22.89,high
242,#1223,2024-01,No Elegible,Vulnerabilidad Baja,1.0,2.051104816,1.0,1.0,1.776038647,1.0,2.580217391,1.0,sotap,3,low,jefatura_masculina,no,espanol_uno_mas_adultos,adultos_ninguno_analfabeta,0.0,0,0,6.609317356,16.59309681,2.659842834,22.881126159390824,EXCLUSION,23.23,medium
243,#1583,2023-08,No Elegible,Vulnerabilidad Elevada,1.0,1.0,1.249197356,1.564135978,1.776038647,2.823478261,1.790108696,1.043888889,foten,4,average,jefatura_femenina,si,espanol_uno_mas_adultos,adultos_ninguno_analfabeta,0.0,0,0,6.124342631,26.85846924,2.931912031,32.31556694259577,EXCLUSION,31.72,medium
244,#112,2024-02,No Elegible,Vulnerabilidad Moderada,2.700708215,1.0,1.0,1.0,1.776038647,2.823478261,1.0,1.0,sotap,1,low,,,espanol_uno_mas_adultos,adultos_ninguno_analfabeta,,0,0,9.472088355,17.78726377,2.778384748,26.991761464969883,EXCLUSION,21.53,medium
245,#440,2024-03,No Elegible,Vulnerabilidad Elevada,1.0,2.051104816,2.578385269,1.0,1.776038647,2.823478261,2.580217391,1.043888889,pcr_cdmx,3,average,jefatura_femenina,si,espanol_ningun_adulto,adultos_ninguno_analfabeta,0.0,0,0,17.3510839,32.85812825,3.433535414,49.710179955772645,EXCLUSION,35.17,high
246,#112,2023-12,Elegible,Vulnerabilidad Elevada,2.070141643,1.0,1.0,1.0,1.776038647,1.0,2.580217391,2.544987923,sotap,5,high,jefatura_femenina,no,espanol_uno_mas_adultos,adultos_ninguno_analfabeta,-500.0,0,0,6.702282231,30.38303782,3.047485057,36.32324965539039,INCLUSION,20.4,high
247,#1101,2023-08,Elegible,Vulnerabilidad Elevada,2.700708215,1.0,3.251728045,1.0,1.776038647,2.117608696,2.580217391,1.0,sotap,6,high,jefatura_masculina,no,espanol_uno_mas_adultos,adultos_ninguno_analfabeta,0.0,0,0,24.2379543,27.40879931,3.486439293,51.54471264673319,INCLUSION,22.78,high
248,#1102,2023-07,No Elegible,Vulnerabilidad Baja,1.0,2.051104816,1.0,1.0,1.0,1.0,1.0,1.0,pcr_cdmx,1,low,,,espanol_ningun_adulto,adultos_ninguno_analfabeta,,0,0,6.609317356,0.0,2.196732164,6.8220117978334365,EXCLUSION,15.22,low
249,#1311,2023-07,No Elegible,Vulnerabilidad Moderada,1.0,1.525552408,1.0,1.0,1.776038647,2.117608696,1.790108696,1.0,sotap,1,low,,,espanol_uno_mas_adultos,adultos_ninguno_analfabeta,0.0,0,0,3.741369748,21.88512181,2.722175411,25.04260747289278,EXCLUSION,17.71,medium
250,#1311,2024-06,Lista de Reserva,Vulnerabilidad Elevada,2.070141643,1.0,2.578385269,1.0,1.776038647,1.0,2.580217391,2.544987923,sotap,3,average,jefatura_femenina,si,espanol_uno_mas_adultos,adultos_ninguno_analfabeta,0.0,0,0,17.46888676,30.38303782,3.367962543,47.43633428473814,EXCLUSION,15.93,high
251,#555,2024-05,No Elegible,Vulnerabilidad Baja,1.0,1.0,1.0,1.0,1.0,1.498900966,1.790108696,1.0,sotap,1,low,,,espanol_uno_mas_adultos,adultos_ninguno_analfabeta,0.0,0,0,0.0,10.02735341,2.279861825,9.70466314991279,EXCLUSION,17.3,low
252,#555,2023-11,No Elegible,Vulnerabilidad Elevada,2.700708215,1.0,2.578385269,1.0,1.776038647,2.117608696,2.580217391,1.0,sotap,4,average,jefatura_femenina,no,espanol_uno_mas_adultos,adultos_ninguno_analfabeta,,0,0,20.97871872,27.40879931,3.389425269,48.18059160653321,EXCLUSION,26.25,high
253,#252,2023-09,No Elegible,Vulnerabilidad Baja,1.0,1.0,1.0,1.0,1.0,2.117608696,1.790108696,1.0,sotap,4,average,jefatura_masculina,no,espanol_uno_mas_adultos,adultos_ninguno_analfabeta,0.0,0,0,0.0,14.16503897,2.395343965,13.709193850906429,EXCLUSION,21.97,low
254,#1860,2023-07,Lista de Reserva,Vulnerabilidad Moderada,1.0,1.0,1.0,1.0,1.776038647,2.823478261,2.580217391,1.0,pcr_cdmx,1,low,,,espanol_ningun_adulto,adultos_ninguno_analfabeta,0.0,0,0,0.0,32.12448674,2.896589272,31.09068863222006,EXCLUSION,20.76,medium
255,#555,2024-04,Elegible,Vulnerabilidad Baja,2.070141643,1.0,1.0,1.0,1.776038647,1.498900966,1.790108696,1.043888889,sotap,1,low,,,espanol_uno_mas_adultos,adultos_ninguno_analfabeta,,0,0,6.702282231,17.68003002,2.692946147,24.029037349402188,INCLUSION,13.96,medium
256,#555,2023-10,Lista de Reserva,Vulnerabilidad Moderada,1.0,1.0,1.0,1.0,1.776038647,2.823478261,1.790108696,1.0,sotap,1,low,,,espanol_uno_mas_adultos,adultos_ninguno_analfabeta,,0,0,0.0,26.18890898,2.730928248,25.34612370011462,EXCLUSION,24.28,medium
257,#1323,2023-12,Elegible,Vulnerabilidad Moderada,1.0,2.051104816,2.578385269,1.0,1.776038647,1.0,1.790108696,1.0,fupal,1,low,,,espanol_uno_mas_adultos,adultos_ninguno_analfabeta,0.0,0,0,17.3510839,12.01413641,2.851782945,29.536968617175688,INCLUSION,27.35,medium
258,#1101,2023-06,No Elegible,Vulnerabilidad Baja,1.0,1.0,1.0,1.0,1.776038647,2.117608696,1.790108696,1.0,sotap,1,low,,,espanol_uno_mas_adultos,adultos_ninguno_analfabeta,,0,0,0.0,21.88512181,2.610810239,21.18083670503239,EXCLUSION,18.58,low
259,#1282,2024-04,No Elegible por Intenciones,Vulnerabilidad Baja,2.700708215,1.0,2.578385269,1.0,1.0,1.0,1.0,1.0,fomon,2,low,jefatura_femenina,no,espanol_uno_mas_adultos,adultos_ninguno_analfabeta,0.0,0,0,20.97871872,0.0,2.624450078,21.65383486712832,EXCLUSION,17.67,medium
260,#1223,2024-04,No Elegible,Vulnerabilidad Moderada,1.0,1.525552408,1.0,1.0,1.776038647,2.823478261,1.790108696,1.0,sotap,1,low,,,espanol_uno_mas_adultos,adultos_ninguno_analfabeta,,0,0,3.741369748,26.18890898,2.842293421,29.20789446797501,EXCLUSION,20.29,medium
261,#1054,2024-03,Elegible,Vulnerabilidad Elevada,1.0,1.0,1.0,1.0,1.776038647,2.823478261,2.580217391,1.043888889,futij,2,complete,jefatura_femenina,no,espanol_uno_mas_adultos,adultos_ninguno_analfabeta,0.0,0,0,0.0,32.85812825,2.917065088,31.80072082478675,INCLUSION,24.92,medium
262,#252,2023-10,Elegible,Vulnerabilidad Baja,1.0,1.0,1.0,1.0,1.776038647,2.117608696,1.790108696,1.0,sotap,1,low,,,espanol_uno_mas_adultos,adultos_uno_mas_analfabeta,0.0,0,0,0.0,21.88512181,2.610810239,21.18083670503239,INCLUSION,24.84,low
263,#555,2024-02,No Elegible,Vulnerabilidad Baja,1.0,1.525552408,2.578385269,1.0,1.0,1.498900966,1.0,1.0,sotap,6,average,jefatura_femenina,no,espanol_uno_mas_adultos,adultos_ninguno_analfabeta,,0,0,13.7168894,3.815111519,2.51477447,17.85065003298846,EXCLUSION,30.86,low
264,#1765,2024-01,Lista de Reserva,Vulnerabilidad Moderada,2.700708215,1.0,3.251728045,1.0,1.0,1.0,1.790108696,1.0,fupal,1,low,,,espanol_uno_mas_adultos,adultos_ninguno_analfabeta,,0,0,24.2379543,5.614422911,2.878161744,30.45170107462941,EXCLUSION,21.18,medium
265,#555,2023-12,Elegible,Vulnerabilidad Elevada,1.0,1.0,2.578385269,1.0,1.776038647,2.823478261,2.580217391,1.043888889,sotap,1,low,,,espanol_ningun_adulto,adultos_uno_mas_analfabeta,,0,0,8.975915299,32.85812825,3.184241129,41.06549005402387,INCLUSION,35.62,high
266,#238,2023-11,No Elegible,Vulnerabilidad Baja,2.070141643,1.0,1.0,1.0,1.0,2.117608696,1.0,1.043888889,futij,1,low,,,espanol_uno_mas_adultos,adultos_ninguno_analfabeta,,-500,0,6.702282231,7.858894815,2.418839839,14.523956096434295,EXCLUSION,24.27,low
267,#252,2023-10,Elegible,Vulnerabilidad Elevada,1.0,1.0,2.578385269,1.0,1.776038647,2.117608696,2.580217391,1.043888889,sotap,1,low,,,espanol_uno_mas_adultos,adultos_ninguno_analfabeta,-500.0,0,0,8.975915299,28.09152966,3.051206127,36.45228537324866,INCLUSION,23.87,high
268,#1054,2023-11,No Elegible por Intenciones,Vulnerabilidad Elevada,2.070141643,2.051104816,1.0,1.0,1.776038647,2.823478261,1.790108696,1.043888889,futij,1,low,,,espanol_uno_mas_adultos,adultos_ninguno_analfabeta,-500.0,0,0,14.63015408,26.85846924,3.185095016,41.09510390983604,EXCLUSION,22.47,high
269,#071,2023-09,Elegible,Vulnerabilidad Elevada,2.070141643,1.0,3.251728045,1.0,1.0,1.498900966,1.790108696,1.043888889,sotap,1,low,,,espanol_ningun_adulto,adultos_uno_mas_analfabeta,0.0,0,0,20.51851115,10.52243148,2.904430968,31.362626469860267,INCLUSION,24.87,medium
270,#527,2023-11,Lista de Reserva,Vulnerabilidad Moderada,1.0,1.525552408,1.0,1.0,1.776038647,2.117608696,1.790108696,1.0,sotap,1,low,,,espanol_ningun_adulto,adultos_ninguno_analfabeta,,0,0,3.741369748,21.88512181,2.722175411,25.04260747289278,EXCLUSION,25.92,medium
271,#527,2023-12,Elegible,Vulnerabilidad Elevada,1.0,1.0,2.578385269,1.0,1.776038647,2.823478261,2.580217391,1.043888889,sotap,3,average,jefatura_femenina,si,espanol_uno_mas_adultos,adultos_ninguno_analfabeta,0.0,-500,0,8.975915299,32.85812825,3.184241129,41.06549005402387,INCLUSION,33.07,high
272,#458,2023-08,Elegible,Vulnerabilidad Baja,2.700708215,1.0,1.249197356,1.0,1.776038647,1.0,1.790108696,1.0,fupal,1,low,,,espanol_uno_mas_adultos,adultos_ninguno_analfabeta,,0,0,11.93561888,12.01413641,2.69058685,23.94722851736708,INCLUSION,18.98,medium
273,#112,2024-04,No Elegible por Intenciones,Vulnerabilidad Baja,1.0,1.525552408,1.0,1.0,1.0,1.498900966,1.0,1.0,sotap,3,low,jefatura_masculina,no,espanol_uno_mas_adultos,adultos_ninguno_analfabeta,0.0,0,0,3.741369748,3.815111519,2.217844323,7.554108183067449,EXCLUSION,16.8,low
274,#527,2024-03,No Elegible,Vulnerabilidad Elevada,1.0,1.0,2.578385269,1.0,1.776038647,2.823478261,1.790108696,1.0,sotap,5,high,jefatura_femenina,no,espanol_uno_mas_adultos,adultos_ninguno_analfabeta,0.0,0,0,8.975915299,26.18890898,2.998104289,34.61089292935174,EXCLUSION,28.21,high
275,#071,2024-01,Elegible,Vulnerabilidad Moderada,1.0,1.0,2.578385269,1.0,1.776038647,2.117608696,1.790108696,1.0,sotap,3,average,jefatura_masculina,no,espanol_uno_mas_adultos,adultos_ninguno_analfabeta,0.0,0,0,8.975915299,21.88512181,2.877986279,30.44560593426951,INCLUSION,33.23,medium
276,#1765,2023-08,Lista de Reserva,Vulnerabilidad Baja,1.0,1.525552408,1.0,1.0,1.776038647,1.498900966,1.790108696,1.0,fupal,2,low,jefatura_masculina,no,espanol_uno_mas_adultos,adultos_ninguno_analfabeta,,-500,0,3.741369748,17.10850297,2.588860746,20.41970500378282,EXCLUSION,30.21,low
277,#071,2023-08,Elegible,Vulnerabilidad Elevada,1.0,2.051104816,1.0,1.0,1.776038647,2.823478261,1.790108696,1.0,sotap,2,low,jefatura_masculina,no,espanol_uno_mas_adultos,adultos_ninguno_analfabeta,,0,0,6.609317356,26.18890898,2.927660413,32.16813549794806,INCLUSION,23.06,medium
278,#071,2023-08,Lista de Reserva,Vulnerabilidad Baja,1.0,1.0,1.0,1.0,1.0,2.117608696,1.790108696,1.0,sotap,4,average,jefatura_masculina,no,espanol_uno_mas_adultos,adultos_ninguno_analfabeta,,0,-500,0.0,14.16503897,2.395343965,13.709193850906429,EXCLUSION,28.17,low
279,#1407,2024-02,Elegible,Vulnerabilidad Moderada,1.0,1.0,1.0,1.0,1.776038647,2.823478261,2.580217391,1.0,foten,1,low,,,espanol_uno_mas_adultos,adultos_ninguno_analfabeta,0.0,0,0,0.0,32.12448674,2.896589272,31.09068863222006,INCLUSION,25.6,medium
280,#112,2023-11,No Elegible,Vulnerabilidad Elevada,2.070141643,1.0,1.0,1.0,1.776038647,2.117608696,2.580217391,1.043888889,sotap,3,complete,jefatura_femenina,si,espanol_uno_mas_adultos,adultos_ninguno_analfabeta,,0,0,6.702282231,28.09152966,2.983529432,34.10548451948735,EXCLUSION,18.58,high
281,#645,2024-01,No Elegible,Vulnerabilidad Moderada,1.0,1.0,1.0,1.0,1.776038647,2.823478261,1.790108696,1.0,fupal,1,low,,,espanol_uno_mas_adultos,adultos_ninguno_analfabeta,,0,0,0.0,26.18890898,2.730928248,25.34612370011462,EXCLUSION,28.14,medium
282,#527,2024-03,Lista de Reserva,Vulnerabilidad Baja,1.0,1.0,1.0,1.0,1.776038647,1.0,1.790108696,1.0,sotap,4,low,jefatura_femenina,no,espanol_uno_mas_adultos,adultos_ninguno_analfabeta,-500.0,0,0,0.0,12.01413641,2.33531262,11.62750948618979,EXCLUSION,17.32,low
283,#1725,2024-06,No Elegible,Vulnerabilidad Elevada,2.700708215,1.0,3.251728045,1.0,1.776038647,2.823478261,1.790108696,1.0,foten,2,average,jefatura_femenina,si,espanol_uno_mas_adultos,adultos_ninguno_analfabeta,,0,0,24.2379543,26.18890898,3.45239235,50.36407960744292,EXCLUSION,18.54,high
284,#1200,2024-03,Elegible,Vulnerabilidad Elevada,1.0,1.0,2.578385269,1.0,1.776038647,2.823478261,2.580217391,1.043888889,fupal,3,average,jefatura_femenina,si,espanol_uno_mas_adultos,adultos_ninguno_analfabeta,0.0,0,0,8.975915299,32.85812825,3.184241129,41.06549005402387,INCLUSION,29.95,high
285,#606,2024-01,No Elegible,Vulnerabilidad Moderada,2.070141643,1.0,2.578385269,1.0,1.0,1.498900966,1.790108696,1.043888889,foten,3,low,jefatura_masculina,no,espanol_uno_mas_adultos,adultos_ninguno_analfabeta,0.0,0,0,17.46888676,10.52243148,2.813656206,28.214862117365684,EXCLUSION,27.79,medium
286,#1583,2023-06,No Elegible,Vulnerabilidad Elevada,1.0,2.051104816,2.578385269,1.0,1.776038647,2.823478261,1.790108696,1.0,foten,1,low,,,espanol_uno_mas_adultos,adultos_ninguno_analfabeta,0.0,0,0,17.3510839,26.18890898,3.247398574,43.25558283110052,EXCLUSION,32.55,high
287,#555,2024-04,Elegible,Vulnerabilidad Baja,1.0,1.0,1.0,1.0,1.0,1.498900966,1.0,1.0,sotap,1,low,,,espanol_uno_mas_adultos,adultos_ninguno_analfabeta,0.0,0,0,0.0,3.815111519,2.10647915,3.692337415207061,INCLUSION,15.19,low
288,#555,2024-01,Elegible,Vulnerabilidad Moderada,2.070141643,1.0,1.0,1.0,1.776038647,2.117608696,1.790108696,1.043888889,sotap,4,low,jefatura_masculina,no,espanol_uno_mas_adultos,adultos_ninguno_analfabeta,0.0,0,-500,6.702282231,22.50821784,2.827700095,28.70184925716677,INCLUSION,24.92,medium
289,#1167,2024-06,No Elegible,Vulnerabilidad Moderada,1.0,1.525552408,1.0,1.0,1.776038647,2.823478261,1.790108696,1.0,foten,1,low,,,espanol_uno_mas_adultos,adultos_ninguno_analfabeta,,0,0,3.741369748,26.18890898,2.842293421,29.20789446797501,EXCLUSION,19.03,medium
290,#645,2024-06,No Elegible,Vulnerabilidad Baja,1.0,1.0,1.0,1.0,1.0,2.117608696,1.790108696,1.0,fupal,1,low,,,espanol_uno_mas_adultos,adultos_ninguno_analfabeta,0.0,0,0,0.0,14.16503897,2.395343965,13.709193850906429,EXCLUSION,14.61,low
291,#458,2024-01,No Elegible por Duplicidad,Vulnerabilidad Baja,1.0,1.0,1.0,1.0,1.0,1.0,1.0,1.0,fupal,1,low,,,espanol_uno_mas_adultos,adultos_ninguno_analfabeta,-500.0,0,0,0.0,0.0,2.0,0.0,EXCLUSION,23.26,low
292,#1101,2023-06,No Elegible,Vulnerabilidad Elevada,1.0,2.051104816,1.249197356,1.0,1.776038647,2.823478261,2.580217391,1.043888889,sotap,2,complete,jefatura_femenina,si,espanol_uno_mas_adultos,adultos_ninguno_analfabeta,,0,0,8.909093135,32.85812825,3.182252108,40.99651748596419,EXCLUSION,21.03,high
293,#112,2024-03,Elegible,Vulnerabilidad Baja,1.0,1.0,1.0,1.0,1.776038647,2.117608696,1.790108696,1.0,sotap,1,low,,,espanol_uno_mas_adultos,adultos_ninguno_analfabeta,-500.0,0,0,0.0,21.88512181,2.610810239,21.18083670503239,INCLUSION,22.37,low
294,#1311,2023-10,Lista de Reserva,Vulnerabilidad Severa,2.070141643,1.0,1.0,1.0,1.776038647,2.823478261,2.580217391,2.544987923,sotap,4,average,jefatura_femenina,no,espanol_uno_mas_adultos,adultos_ninguno_analfabeta,0.0,0,0,6.702282231,50.0,3.594991325,55.308918375475805,EXCLUSION,21.62,high
295,#1765,2023-08,Lista de Reserva,Vulnerabilidad Moderada,1.0,1.0,1.0,1.0,1.776038647,2.823478261,1.790108696,1.0,fupal,1,low,,,espanol_uno_mas_adultos,adultos_uno_mas_analfabeta,-500.0,0,0,0.0,26.18890898,2.730928248,25.34612370011462,EXCLUSION,29.35,medium
296,#1223,2023-10,Lista de Reserva,Vulnerabilidad Baja,1.0,1.0,1.0,1.0,1.776038647,1.498900966,1.790108696,1.0,sotap,1,low,,,espanol_uno_mas_adultos,adultos_ninguno_analfabeta,,0,0,0.0,17.10850297,2.477495573,16.55793423592243,EXCLUSION,20.42,low
297,#112,2024-01,Elegible,Vulnerabilidad Elevada,1.0,1.0,1.249197356,1.0,1.776038647,2.117608696,2.580217391,1.738466184,sotap,2,low,jefatura_femenina,no,espanol_ningun_adulto,adultos_ninguno_analfabeta,0.0,0,0,1.921713018,36.78475459,3.083858084,37.58454006717147,INCLUSION,23.94,high
298,#527,2024-05,No Elegible,Vulnerabilidad Moderada,1.0,1.0,2.578385269,1.0,1.776038647,2.117608696,1.790108696,1.0,sotap,1,low,,,espanol_uno_mas_adultos,adultos_ninguno_analfabeta,,0,0,8.975915299,21.88512181,2.877986279,30.44560593426951,EXCLUSION,22.2,medium
299,#1407,2024-06,Lista de Reserva,Vulnerabilidad Moderada,1.0,1.0,1.0,1.0,1.776038647,2.823478261,2.580217391,1.0,foten,2,average,jefatura_masculina,no,espanol_uno_mas_adultos,adultos_ninguno_analfabeta,,0,0,0.0,32.12448674,2.896589272,31.09068863222006,EXCLUSION,20.57,medium
300,#112,2023-09,No Elegible,Vulnerabilidad Moderada,2.070141643,1.0,1.249197356,1.0,1.776038647,1.498900966,1.790108696,1.043888889,sotap,2,average,jefatura_masculina,si,espanol_uno_mas_adultos,adultos_ninguno_analfabeta,-500.0,0,0,9.00737574,17.68003002,2.76155929,26.40831107261532,EXCLUSION,18.09,medium
301,#1677,2023-10,Elegible,Vulnerabilidad Baja,1.0,1.0,1.0,1.0,1.0,1.0,1.0,1.0,futij,1,low,,,espanol_uno_mas_adultos,adultos_ninguno_analfabeta,,-500,0,0.0,0.0,2.0,0.0,INCLUSION,22.98,low
302,#112,2024-04,No Elegible,Vulnerabilidad Baja,1.0,1.525552408,1.0,1.0,1.776038647,1.498900966,1.790108696,1.0,sotap,4,average,jefatura_masculina,no,espanol_ningun_adulto,adultos_ninguno_analfabeta,,0,0,3.741369748,17.10850297,2.588860746,20.41970500378282,EXCLUSION,20.77,low
303,#1311,2024-01,No Elegible,Vulnerabilidad Baja,1.0,1.0,1.0,1.0,1.776038647,1.498900966,1.790108696,1.0,sotap,3,low,jefatura_femenina,no,espanol_uno_mas_adultos,adultos_ninguno_analfabeta,,0,0,0.0,17.10850297,2.477495573,16.55793423592243,EXCLUSION,26.09,low
304,#112,2024-01,No Elegible,Vulnerabilidad Elevada,2.070141643,1.0,3.251728045,1.0,1.776038647,2.117608696,1.790108696,1.043888889,sotap,3,average,jefatura_femenina,si,espanol_uno_mas_adultos,adultos_uno_mas_analfabeta,500.0,0,0,20.51851115,22.50821784,3.238952342,42.96269823900911,EXCLUSION,36.07,high
305,#606,2023-12,No Elegible,Vulnerabilidad Elevada,1.0,1.0,3.251728045,1.0,1.776038647,2.823478261,2.580217391,1.0,foten,3,low,jefatura_masculina,si,espanol_uno_mas_adultos,adultos_ninguno_analfabeta,-500.0,0,0,11.51832969,32.12448674,3.23944252,42.97968968997395,EXCLUSION,28.04,high
306,#527,2024-04,No Elegible,Vulnerabilidad Elevada,2.700708215,1.0,2.578385269,1.0,1.776038647,2.823478261,1.790108696,1.0,sotap,1,low,,,espanol_uno_mas_adultos,adultos_ninguno_analfabeta,0.0,0,0,20.97871872,26.18890898,3.355378326,46.99995856724294,EXCLUSION,20.69,high
307,#252,2023-12,No Elegible,Vulnerabilidad Elevada,1.0,1.0,3.251728045,1.0,1.776038647,2.823478261,1.790108696,1.043888889,sotap,2,average,jefatura_femenina,si,espanol_uno_mas_adultos,adultos_ninguno_analfabeta,0.0,0,0,11.51832969,26.85846924,3.092468817,37.88313789914145,EXCLUSION,32.83,high
308,#1223,2024-06,No Elegible,Vulnerabilidad Baja,1.0,1.0,3.251728045,1.0,1.0,1.498900966,1.0,1.043888889,sotap,2,average,jefatura_masculina,no,espanol_uno_mas_adultos,adultos_ninguno_analfabeta,,0,0,11.51832969,4.243121443,2.461278087,15.995574609596703,EXCLUSION,17.67,low
309,#440,2024-02,No Elegible,Vulnerabilidad Moderada,2.700708215,1.0,1.0,1.0,1.776038647,2.117608696,1.790108696,1.0,pcr_cdmx,1,low,,,espanol_uno_mas_adultos,adultos_ninguno_analfabeta,,0,0,9.472088355,21.88512181,2.892755308,30.95774633538465,EXCLUSION,20.9,medium
310,#527,2024-06,No Elegible por Duplicidad,Vulnerabilidad Elevada,1.599560907,1.0,2.578385269,1.0,1.776038647,2.823478261,2.580217391,1.043888889,sotap,1,low,,,espanol_uno_mas_adultos,adultos_ninguno_analfabeta,0.0,0,0,14.28054816,32.85812825,3.342138208,46.54083130512371,EXCLUSION,19.06,high
311,#1765,2023-10,No Elegible,Vulnerabilidad Baja,1.0,2.051104816,1.0,1.0,1.776038647,2.823478261,1.0,1.0,fupal,1,low,,,espanol_uno_mas_adultos,adultos_ninguno_analfabeta,,-500,0,6.609317356,17.78726377,2.693171842,24.036863632451063,EXCLUSION,32.4,medium
312,#458,2024-04,No Elegible,Vulnerabilidad Baja,1.0,1.0,1.0,1.0,1.776038647,1.498900966,1.790108696,1.0,fupal,2,low,jefatura_masculina,no,espanol_uno_mas_adultos,adultos_ninguno_analfabeta,,-500,0,0.0,17.10850297,2.477495573,16.55793423592243,EXCLUSION,20.1,low
313,#1101,2023-07,No Elegible,Vulnerabilidad Elevada,1.0,2.051104816,1.0,1.0,1.776038647,2.823478261,1.790108696,1.043888889,sotap,4,average,jefatura_femenina,si,espanol_uno_mas_adultos,adultos_ninguno_analfabeta,,0,0,6.609317356,26.85846924,2.946347732,32.816148639221,EXCLUSION,19.34,medium
314,#555,2024-01,No Elegible,Vulnerabilidad Baja,1.0,1.0,1.0,1.0,1.776038647,1.498900966,1.790108696,1.043888889,sotap,1,low,,,espanol_uno_mas_adultos,adultos_ninguno_analfabeta,0.0,0,0,0.0,17.68003002,2.493446802,17.11106897392638,EXCLUSION,25.73,low
315,#1841,2023-11,Elegible,Vulnerabilidad Elevada,1.0,1.0,3.251728045,1.0,1.776038647,2.823478261,1.790108696,1.0,foten,1,low,,,espanol_ningun_adulto,adultos_uno_mas_analfabeta,,0,0,11.51832969,26.18890898,3.073781497,37.23512475786851,INCLUSION,39.4,high
316,#112,2024-05,Elegible,Vulnerabilidad Baja,2.070141643,1.0,1.0,1.0,1.776038647,1.498900966,1.790108696,1.0,sotap,4,average,jefatura_femenina,si,espanol_uno_mas_adultos,adultos_ninguno_analfabeta,0.0,0,0,6.702282231,17.10850297,2.676994919,23.47590261139824,INCLUSION,16.62,medium
317,#1223,2024-05,No Elegible,Vulnerabilidad Severa,1.0,2.051104816,2.578385269,1.0,1.776038647,2.823478261,2.580217391,1.738466184,sotap,2,complete,jefatura_femenina,si,espanol_ningun_adulto,adultos_uno_mas_analfabeta,0.0,0,0,17.3510839,42.19960637,3.69425457,58.75103996839293,EXCLUSION,27.38,high
318,#1167,2023-08,No Elegible,Vulnerabilidad Elevada,1.0,1.0,1.0,1.0,1.776038647,2.823478261,2.580217391,1.043888889,foten,3,low,jefatura_femenina,no,espanol_uno_mas_adultos,adultos_ninguno_analfabeta,-500.0,0,0,0.0,32.85812825,2.917065088,31.80072082478675,EXCLUSION,24.6,medium
319,#112,2023-07,Lista de Reserva,Vulnerabilidad Severa,2.700708215,1.0,2.578385269,1.0,1.776038647,2.823478261,2.580217391,1.0,sotap,2,average,jefatura_masculina,no,espanol_uno_mas_adultos,adultos_ninguno_analfabeta,,0,0,20.97871872,32.12448674,3.521039349,52.74452349934838,EXCLUSION,16.88,high
320,#527,2023-09,No Elegible,Vulnerabilidad Moderada,1.0,1.0,1.0,1.0,1.776038647,2.823478261,2.580217391,1.0,sotap,2,low,jefatura_masculina,no,espanol_uno_mas_adultos,adultos_ninguno_analfabeta,,-500,0,0.0,32.12448674,2.896589272,31.09068863222006,EXCLUSION,28.85,medium
321,#252,2023-08,No Elegible por Intenciones,Vulnerabilidad Baja,1.0,1.0,1.0,1.0,1.776038647,1.498900966,1.790108696,1.0,sotap,1,low,,,espanol_uno_mas_adultos,adultos_ninguno_analfabeta,0.0,0,0,0.0,17.10850297,2.477495573,16.55793423592243,EXCLUSION,23.21,low
322,#1323,2024-04,No Elegible,Vulnerabilidad Elevada,1.0,1.0,2.578385269,1.0,1.776038647,2.823478261,2.580217391,1.043888889,fupal,2,average,jefatura_femenina,si,espanol_uno_mas_adultos,adultos_ninguno_analfabeta,,0,0,8.975915299,32.85812825,3.184241129,41.06549005402387,EXCLUSION,22.98,high
323,#555,2024-01,Elegible,Vulnerabilidad Severa,2.070141643,2.051104816,1.0,1.0,1.776038647,2.823478261,1.790108696,2.544987923,sotap,2,average,jefatura_femenina,si,espanol_uno_mas_adultos,adultos_ninguno_analfabeta,,0,0,14.63015408,42.50305317,3.621732844,56.23622948438472,INCLUSION,25.38,high
324,#071,2023-09,No Elegible por Intenciones,Vulnerabilidad Severa,2.700708215,1.0,3.251728045,1.0,1.776038647,2.117608696,2.580217391,2.544987923,sotap,2,average,jefatura_masculina,no,espanol_uno_mas_adultos,adultos_ninguno_analfabeta,0.0,0,0,24.2379543,44.04383881,3.950720577,67.64441994058369,EXCLUSION,21.79,high
325,#1167,2023-07,No Elegible,Vulnerabilidad Baja,1.0,1.0,1.0,1.0,1.0,1.0,1.790108696,1.043888889,foten,4,average,jefatura_masculina,no,espanol_ningun_adulto,adultos_uno_mas_analfabeta,,0,0,0.0,6.061858428,2.169185496,5.866781761928531,EXCLUSION,18.25,low
326,#1223,2024-06,Lista de Reserva,Vulnerabilidad Moderada,2.700708215,1.0,2.578385269,1.0,1.0,1.0,1.790108696,1.0,sotap,5,high,jefatura_masculina,no,espanol_uno_mas_adultos,adultos_ninguno_analfabeta,0.0,0,0,20.97871872,5.614422911,2.78114772,27.08758003442943,EXCLUSION,13.67,medium
327,#1200,2024-06,No Elegible,Vulnerabilidad Moderada,1.0,1.0,1.0,1.0,1.776038647,2.117608696,2.580217391,1.0,fupal,2,average,jefatura_femenina,no,espanol_uno_mas_adultos,adultos_ninguno_analfabeta,,0,0,0.0,27.40879931,2.764975192,26.526756739404888,EXCLUSION,18.74,medium
328,#071,2023-10,Lista de Reserva,Vulnerabilidad Baja,1.0,1.0,1.0,1.0,1.0,1.498900966,1.0,1.0,sotap,2,low,jefatura_masculina,no,espanol_uno_mas_adultos,adultos_ninguno_analfabeta,0.0,0,0,0.0,3.815111519,2.10647915,3.692337415207061,EXCLUSION,22.44,low
329,#112,2024-02,Lista de Reserva,Vulnerabilidad Baja,1.0,1.0,1.0,1.0,1.0,2.823478261,1.0,1.0,sotap,1,low,,,espanol_uno_mas_adultos,adultos_ninguno_analfabeta,0.0,0,0,0.0,10.61532135,2.296271916,10.27370969363565,EXCLUSION,25.39,low
330,#1223,2023-08,Lista de Reserva,Vulnerabilidad Moderada,2.070141643,1.0,1.0,1.0,1.776038647,1.498900966,2.580217391,1.043888889,sotap,3,average,jefatura_femenina,si,espanol_uno_mas_adultos,adultos_ninguno_analfabeta,,0,0,6.702282231,22.80125306,2.835878661,28.985454310751948,EXCLUSION,16.28,medium
331,#1492,2024-02,Elegible,Vulnerabilidad Baja,1.0,1.0,1.0,1.0,1.0,1.0,1.790108696,1.0,fusal,1,low,,,espanol_ningun_adulto,adultos_ninguno_analfabeta,,0,0,0.0,5.614422911,2.156697643,5.433745167301109,INCLUSION,21.46,low
332,#1841,2023-08,Elegible,Vulnerabilidad Baja,2.700708215,1.0,1.0,1.0,1.0,1.0,1.0,1.0,foten,1,low,,,espanol_uno_mas_adultos,adultos_ninguno_analfabeta,,0,0,9.472088355,0.0,2.28194507,9.776909630352256,INCLUSION,16.36,low
333,#513,2023-12,Elegible,Vulnerabilidad Baja,1.0,1.0,1.0,1.0,1.0,1.498900966,1.0,1.0,pcr_cdmx,3,average,jefatura_femenina,no,espanol_uno_mas_adultos,adultos_ninguno_analfabeta,0.0,0,0,0.0,3.815111519,2.10647915,3.692337415207061,INCLUSION,25.43,low
334,#1101,2024-07,No Elegible,Vulnerabilidad Baja,1.0,1.0,1.0,1.0,1.0,1.0,1.0,1.0,sotap,1,low,,,espanol_uno_mas_adultos,adultos_ninguno_analfabeta,0.0,0,0,0.0,0.0,2.0,0.0,EXCLUSION,16.56,low
335,#1101,2023-08,No Elegible,Vulnerabilidad Elevada,2.070141643,1.0,1.0,1.0,1.776038647,1.0,2.580217391,2.544987923,sotap,1,low,,,espanol_ningun_adulto,adultos_ninguno_analfabeta,0.0,0,-500,6.702282231,30.38303782,3.047485057,36.32324965539039,EXCLUSION,23.73,high
336,#112,2024-01,Lista de Reserva,Vulnerabilidad Elevada,1.0,1.0,2.578385269,1.0,1.776038647,2.117608696,2.580217391,1.0,sotap,3,average,jefatura_femenina,si,espanol_uno_mas_adultos,adultos_ninguno_analfabeta,,0,0,8.975915299,27.40879931,3.032151233,35.791525968642006,EXCLUSION,31.1,high
337,#870,2024-01,Elegible,Vulnerabilidad Baja,2.700708215,1.0,1.249197356,1.564135978,1.0,1.0,1.790108696,1.043888889,fomon,1,low,,,espanol_uno_mas_adultos,adultos_ninguno_analfabeta,0.0,0,0,17.32315919,6.061858428,2.684824618,23.74741753782192,INCLUSION,17.26,medium
338,#071,2024-02,No Elegible,Vulnerabilidad Elevada,2.070141643,1.0,2.578385269,1.0,1.0,1.498900966,2.580217391,2.544987923,sotap,1,low,,,espanol_uno_mas_adultos,adultos_ninguno_analfabeta,0.0,0,0,17.46888676,27.63345952,3.291222254,44.77524016401044,EXCLUSION,21.91,high
339,#1583,2023-08,Elegible,Vulnerabilidad Moderada,1.0,1.0,3.251728045,1.0,1.776038647,1.498900966,1.790108696,1.0,foten,1,low,,,espanol_uno_mas_adultos,adultos_ninguno_analfabeta,0.0,0,0,11.51832969,17.10850297,2.820348822,28.44693529367632,INCLUSION,28.3,medium
340,#458,2024-05,Lista de Reserva,Vulnerabilidad Elevada,2.070141643,1.0,2.578385269,1.0,1.776038647,2.823478261,2.580217391,1.043888889,fupal,1,low,,,espanol_ningun_adulto,adultos_uno_mas_analfabeta,,0,0,17.46888676,32.85812825,3.43704192,49.83177382961031,EXCLUSION,24.44,high
341,#645,2023-12,No Elegible,Vulnerabilidad Baja,2.070141643,1.0,1.0,1.0,1.776038647,1.0,2.580217391,1.043888889,fupal,1,low,,,espanol_uno_mas_adultos,adultos_ninguno_analfabeta,-500.0,0,0,6.702282231,17.15905947,2.678405943,23.524832152671745,EXCLUSION,17.59,medium
342,#1859,2023-07,No Elegible,Vulnerabilidad Baja,1.0,1.0,1.0,1.0,1.0,1.498900966,1.790108696,1.0,pcr_cdmx,1,low,,,espanol_uno_mas_adultos,adultos_ninguno_analfabeta,,0,0,0.0,10.02735341,2.279861825,9.70466314991279,EXCLUSION,13.81,low
343,#112,2023-07,No Elegible,Vulnerabilidad Baja,1.0,1.525552408,1.0,1.0,1.0,2.117608696,1.790108696,1.0,sotap,1,low,,,espanol_uno_mas_adultos,adultos_ninguno_analfabeta,0.0,0,0,3.741369748,14.16503897,2.506709138,17.570964618766816,EXCLUSION,17.76,low
344,#1101,2024-04,No Elegible,Vulnerabilidad Severa,2.700708215,2.051104816,2.578385269,1.0,1.776038647,2.117608696,2.580217391,1.0,sotap,2,average,jefatura_femenina,si,espanol_uno_mas_adultos,adultos_uno_mas_analfabeta,0.0,0,0,31.71522481,27.40879931,3.709006849,59.2626091990155,EXCLUSION,24.78,high
345,#1311,2023-08,No Elegible por Duplicidad,Vulnerabilidad Elevada,1.0,1.0,3.251728045,1.0,1.776038647,1.498900966,2.580217391,1.043888889,sotap,1,low,,,espanol_uno_mas_adultos,adultos_ninguno_analfabeta,0.0,0,-500,11.51832969,22.80125306,2.979232564,33.956486993030026,EXCLUSION,30.57,high
346,#252,2024-06,Lista de Reserva,Vulnerabilidad Baja,1.0,1.0,1.0,1.0,1.0,1.0,1.0,1.0,sotap,1,low,,,espanol_uno_mas_adultos,adultos_ninguno_analfabeta,,0,0,0.0,0.0,2.0,0.0,EXCLUSION,14.91,low
347,#458,2024-04,No Elegible,Vulnerabilidad Baja,2.700708215,1.0,1.0,1.0,1.0,1.0,1.790108696,1.0,fupal,1,low,,,espanol_uno_mas_adultos,adultos_ninguno_analfabeta,0.0,0,0,9.472088355,5.614422911,2.438642712,15.210654797653364,EXCLUSION,13.55,low
348,#555,2024-03,No Elegible,Vulnerabilidad Severa,2.700708215,1.525552408,3.251728045,1.0,1.776038647,2.823478261,1.790108696,1.0,sotap,4,average,jefatura_femenina,si,espanol_ningun_adulto,adultos_ninguno_analfabeta,-500.0,0,0,30.67858802,26.18890898,3.644103496,57.01197936118624,EXCLUSION,25.97,high
349,#1860,2023-07,No Elegible,Vulnerabilidad Elevada,2.070141643,1.0,1.0,1.0,1.776038647,1.498900966,2.580217391,2.544987923,pcr_cdmx,2,average,jefatura_masculina,no,espanol_uno_mas_adultos,adultos_ninguno_analfabeta,-500.0,0,0,6.702282231,37.43330939,3.244257006,43.14663643599621,EXCLUSION,17.76,high
350,#1200,2024-05,No Elegible,Vulnerabilidad Baja,1.0,1.0,2.578385269,1.0,1.0,1.498900966,1.0,1.0,fupal,1,low,,,espanol_uno_mas_adultos,adultos_uno_mas_analfabeta,0.0,0,0,8.975915299,3.815111519,2.373655191,12.95710664444418,EXCLUSION,24.88,low
351,#1311,2024-01,Lista de Reserva,Vulnerabilidad Baja,1.0,1.0,1.0,1.0,1.0,1.498900966,1.0,1.0,sotap,1,low,,,espanol_uno_mas_adultos,adultos_ninguno_analfabeta,,0,0,0.0,3.815111519,2.10647915,3.692337415207061,EXCLUSION,22.74,low
352,#111,2024-02,No Elegible,Vulnerabilidad Baja,1.0,1.0,1.0,1.0,1.0,1.0,1.790108696,1.0,fomon,1,low,,,espanol_uno_mas_adultos,adultos_ninguno_analfabeta,0.0,0,0,0.0,5.614422911,2.156697643,5.433745167301109,EXCLUSION,20.4,low
353,#112,2023-06,No Elegible,Vulnerabilidad Baja,1.0,2.051104816,1.0,1.0,1.776038647,1.498900966,1.790108696,1.0,sotap,3,low,jefatura_masculina,si,espanol_uno_mas_adultos,adultos_ninguno_analfabeta,,0,0,6.609317356,17.10850297,2.674227738,23.379946033755868,EXCLUSION,15.43,medium
354,#112,2024-03,Elegible,Vulnerabilidad Severa,1.0,2.051104816,2.578385269,1.0,1.776038647,2.823478261,2.580217391,1.738466184,sotap,3,average,jefatura_femenina,si,espanol_uno_mas_adultos,adultos_ninguno_analfabeta,0.0,0,0,17.3510839,42.19960637,3.69425457,58.75103996839293,INCLUSION,25.07,high
355,#1101,2024-04,No Elegible,Vulnerabilidad Baja,1.0,1.0,1.0,1.0,1.0,1.0,1.790108696,1.0,sotap,1,low,,,espanol_ningun_adulto,adultos_ninguno_analfabeta,,0,0,0.0,5.614422911,2.156697643,5.433745167301109,EXCLUSION,15.66,low
356,#527,2024-04,No Elegible,Vulnerabilidad Baja,1.0,1.0,1.0,1.0,1.0,2.117608696,1.790108696,1.0,sotap,1,low,,,espanol_uno_mas_adultos,adultos_ninguno_analfabeta,,0,0,0.0,14.16503897,2.395343965,13.709193850906429,EXCLUSION,15.53,low
357,#252,2024-06,No Elegible,Vulnerabilidad Elevada,1.0,2.051104816,2.578385269,1.0,1.776038647,1.0,2.580217391,1.738466184,sotap,3,average,jefatura_femenina,si,espanol_uno_mas_adultos,adultos_ninguno_analfabeta,,0,0,17.3510839,24.36547812,3.196506911,41.49083179960618,EXCLUSION,15.46,high
358,#1859,2023-11,Lista de Reserva,Vulnerabilidad Baja,2.700708215,1.0,1.249197356,1.0,1.0,1.0,1.0,1.0,pcr_cdmx,5,average,jefatura_masculina,no,espanol_uno_mas_adultos,adultos_ninguno_analfabeta,0.0,0,0,11.93561888,0.0,2.35527423,12.31971903117728,EXCLUSION,20.65,low
359,#1407,2024-05,Lista de Reserva,Vulnerabilidad Elevada,2.070141643,1.0,2.578385269,1.0,1.776038647,2.117608696,2.580217391,1.043888889,foten,4,average,jefatura_femenina,no,espanol_uno_mas_adultos,adultos_ninguno_analfabeta,,0,0,17.46888676,28.09152966,3.304006918,45.2185691488351,EXCLUSION,20.86,high
360,#1624,2024-07,No Elegible,Vulnerabilidad Baja,1.0,1.0,1.0,1.0,1.776038647,1.0,1.790108696,1.0,fusal,1,low,,,espanol_ningun_adulto,adultos_ninguno_analfabeta,,0,0,0.0,12.01413641,2.33531262,11.62750948618979,EXCLUSION,20.73,low
361,,2023-09,Elegible,Vulnerabilidad Moderada,1.0,1.0,2.578385269,1.0,1.776038647,2.117608696,1.790108696,1.0,,2,average,jefatura_masculina,si,espanol_ningun_adulto,adultos_uno_mas_analfabeta,,0,0,8.975915299,21.88512181,2.877986279,30.44560593426951,INCLUSION,28.78,medium
362,#458,2023-06,No Elegible,Vulnerabilidad Baja,1.0,1.0,1.0,1.0,1.0,1.0,1.790108696,1.0,fupal,1,low,,,espanol_uno_mas_adultos,adultos_ninguno_analfabeta,,0,0,0.0,5.614422911,2.156697643,5.433745167301109,EXCLUSION,15.47,low
363,#252,2024-01,Lista de Reserva,Vulnerabilidad Elevada,2.070141643,1.0,2.578385269,1.0,1.776038647,2.117608696,2.580217391,1.043888889,sotap,1,low,,,espanol_ningun_adulto,adultos_uno_mas_analfabeta,0.0,0,0,17.46888676,28.09152966,3.304006918,45.2185691488351,EXCLUSION,31.94,high
364,#252,2024-02,No Elegible,Vulnerabilidad Baja,1.0,1.525552408,1.0,1.0,1.776038647,1.0,1.0,1.0,sotap,1,low,,,espanol_uno_mas_adultos,adultos_ninguno_analfabeta,,0,0,3.741369748,5.532745347,2.265783208,9.21646683684858,EXCLUSION,21.48,low
365,#1311,2024-07,Lista de Reserva,Vulnerabilidad Elevada,2.700708215,1.0,3.251728045,1.0,1.776038647,2.117608696,2.580217391,1.0,sotap,2,average,jefatura_femenina,si,espanol_uno_mas_adultos,adultos_ninguno_analfabeta,,0,0,24.2379543,27.40879931,3.486439293,51.54471264673319,EXCLUSION,22.52,high
366,#112,2023-08,Elegible,Vulnerabilidad Elevada,2.070141643,1.0,2.578385269,1.0,1.776038647,1.0,2.580217391,2.544987923,sotap,2,low,jefatura_femenina,no,espanol_uno_mas_adultos,adultos_uno_mas_analfabeta,-500.0,0,0,17.46888676,30.38303782,3.367962543,47.43633428473814,INCLUSION,22.6,high
367,#112,2023-08,Elegible,Vulnerabilidad Moderada,1.0,1.0,1.0,1.0,1.776038647,2.823478261,1.790108696,1.0,sotap,1,low,,,espanol_uno_mas_adultos,adultos_ninguno_analfabeta,0.0,0,0,0.0,26.18890898,2.730928248,25.34612370011462,INCLUSION,24.12,medium
368,#252,2023-09,Lista de Reserva,Vulnerabilidad Baja,1.0,1.0,1.0,1.564135978,1.0,2.117608696,1.0,1.0,sotap,1,low,,,espanol_uno_mas_adultos,adultos_ninguno_analfabeta,,0,0,3.975239986,7.392265486,2.32464347,11.2575421743845,EXCLUSION,17.5,low
369,#458,2023-07,Lista de Reserva,Vulnerabilidad Elevada,2.700708215,2.051104816,2.578385269,1.0,1.0,1.0,1.0,1.0,fupal,2,average,jefatura_masculina,si,espanol_uno_mas_adultos,adultos_uno_mas_analfabeta,,0,0,31.71522481,0.0,2.944031657,32.73585245961061,EXCLUSION,21.4,medium
370,#252,2024-05,No Elegible,Vulnerabilidad Baja,1.0,1.0,2.578385269,1.0,1.0,1.498900966,1.0,1.0,sotap,7,high,jefatura_masculina,no,espanol_uno_mas_adultos,adultos_ninguno_analfabeta,,0,0,8.975915299,3.815111519,2.373655191,12.95710664444418,EXCLUSION,15.67,low
371,#112,2024-01,Elegible,Vulnerabilidad Baja,1.0,1.525552408,1.0,1.0,1.776038647,1.498900966,1.0,1.0,sotap,2,low,jefatura_masculina,no,espanol_uno_mas_adultos,adultos_ninguno_analfabeta,,0,-500,3.741369748,9.93697889,2.388704659,13.478967740201298,INCLUSION,29.2,low
372,#1223,2024-03,Elegible,Vulnerabilidad Baja,2.700708215,1.0,1.0,1.0,1.776038647,1.0,1.790108696,1.0,sotap,1,low,,,espanol_uno_mas_adultos,adultos_ninguno_analfabeta,0.0,0,0,9.472088355,12.01413641,2.61725769,21.404419116542044,INCLUSION,20.99,medium
373,#1805,2023-12,No Elegible,Vulnerabilidad Baja,1.0,1.0,1.0,1.0,1.776038647,1.498900966,1.790108696,1.0,fomon,1,low,,,espanol_uno_mas_adultos,adultos_ninguno_analfabeta,,0,0,0.0,17.10850297,2.477495573,16.55793423592243,EXCLUSION,25.17,low
374,#676,2024-01,Elegible,Vulnerabilidad Baja,1.0,1.0,1.0,1.0,1.776038647,1.498900966,1.790108696,1.0,pcr_cdmx,3,low,jefatura_masculina,no,espanol_ningun_adulto,adultos_uno_mas_analfabeta,,0,0,0.0,17.10850297,2.477495573,16.55793423592243,INCLUSION,33.02,low
375,#1054,2023-11,Lista de Reserva,Vulnerabilidad Severa,2.700708215,2.051104816,3.251728045,1.0,1.776038647,2.823478261,1.790108696,1.0,futij,2,complete,jefatura_femenina,si,espanol_uno_mas_adultos,adultos_ninguno_analfabeta,0.0,0,0,35.61565687,26.18890898,3.791059708,62.10792802384809,EXCLUSION,30.28,high
376,#1101,2023-07,No Elegible,Vulnerabilidad Elevada,1.0,1.525552408,2.578385269,1.0,1.776038647,1.498900966,1.790108696,1.043888889,sotap,3,low,jefatura_femenina,no,espanol_uno_mas_adultos,adultos_uno_mas_analfabeta,,0,-500,13.7168894,17.68003002,2.901742121,31.269381591707777,EXCLUSION,28.11,medium
377,#458,2024-03,Elegible,Vulnerabilidad Elevada,1.0,1.0,3.251728045,1.0,1.776038647,2.823478261,1.790108696,1.0,fupal,4,average,jefatura_masculina,no,espanol_uno_mas_adultos,adultos_ninguno_analfabeta,-500.0,0,0,11.51832969,26.18890898,3.073781497,37.23512475786851,INCLUSION,33.22,high
378,#692,2024-01,No Elegible,Vulnerabilidad Baja,2.070141643,1.0,1.0,1.0,1.776038647,1.498900966,1.790108696,1.043888889,pcr_cdmx,1,low,,,espanol_uno_mas_adultos,adultos_ninguno_analfabeta,0.0,0,0,6.702282231,17.68003002,2.692946147,24.029037349402188,EXCLUSION,23.92,medium
379,#1311,2023-08,No Elegible,Vulnerabilidad Moderada,1.0,1.525552408,1.0,1.0,1.776038647,2.117608696,2.580217391,1.043888889,sotap,1,low,,,espanol_uno_mas_adultos,adultos_ninguno_analfabeta,0.0,0,0,3.741369748,28.09152966,2.895395259,31.049286911871928,EXCLUSION,22.87,medium
380,#1101,2024-03,Elegible,Vulnerabilidad Elevada,2.700708215,2.051104816,2.578385269,1.0,1.0,1.0,1.0,1.0,sotap,2,complete,jefatura_femenina,si,espanol_uno_mas_adultos,adultos_ninguno_analfabeta,,0,0,31.71522481,0.0,2.944031657,32.73585245961061,INCLUSION,15.76,medium
381,#016,2023-08,Elegible,Vulnerabilidad Baja,1.0,1.525552408,1.0,1.0,1.0,2.117608696,1.0,1.0,futij,1,low,,,espanol_uno_mas_adultos,adultos_ninguno_analfabeta,,0,0,3.741369748,7.392265486,2.317682116,11.016145758255425,INCLUSION,18.47,low
382,#672,2024-02,Elegible,Vulnerabilidad Elevada,1.0,1.525552408,1.0,1.564135978,1.776038647,2.823478261,2.580217391,1.0,fupal,3,low,jefatura_masculina,no,espanol_uno_mas_adultos,adultos_ninguno_analfabeta,,0,-500,8.159313021,32.12448674,3.139458425,39.512576505548864,INCLUSION,25.6,high
383,#1200,2024-06,No Elegible,Vulnerabilidad Elevada,2.700708215,1.0,2.578385269,1.0,1.776038647,1.498900966,1.790108696,2.544987923,fupal,1,low,,,espanol_uno_mas_adultos,adultos_ninguno_analfabeta,,0,0,20.97871872,31.0340229,3.490604678,51.689151876183416,EXCLUSION,15.35,high
384,#1311,2024-06,No Elegible,Vulnerabilidad Moderada,1.0,1.0,1.0,1.0,1.776038647,2.823478261,1.790108696,1.0,sotap,1,low,,,espanol_uno_mas_adultos,adultos_ninguno_analfabeta,,0,0,0.0,26.18890898,2.730928248,25.34612370011462,EXCLUSION,17.05,medium
385,#527,2023-10,No Elegible,Vulnerabilidad Baja,1.0,1.0,2.578385269,1.0,1.0,1.498900966,1.0,1.0,sotap,2,low,jefatura_femenina,no,espanol_uno_mas_adultos,adultos_ninguno_analfabeta,,0,0,8.975915299,3.815111519,2.373655191,12.95710664444418,EXCLUSION,21.83,low
386,#1223,2023-09,Lista de Reserva,Vulnerabilidad Baja,1.0,1.0,1.0,1.0,1.776038647,1.498900966,2.580217391,1.0,sotap,4,average,jefatura_masculina,no,espanol_uno_mas_adultos,adultos_ninguno_analfabeta,,0,0,0.0,22.17502718,2.618901451,21.46141263032042,EXCLUSION,20.91,medium
387,#527,2024-07,Lista de Reserva,Vulnerabilidad Baja,1.0,1.525552408,1.0,1.0,1.776038647,1.0,1.0,1.0,sotap,1,low,,,espanol_uno_mas_adultos,adultos_ninguno_analfabeta,,0,0,3.741369748,5.532745347,2.265783208,9.21646683684858,EXCLUSION,20.14,low
388,#1771,2024-06,No Elegible,Vulnerabilidad Baja,1.0,1.0,1.0,1.0,1.776038647,1.498900966,1.790108696,1.0,fupal,1,low,,,espanol_uno_mas_adultos,adultos_ninguno_analfabeta,,0,0,0.0,17.10850297,2.477495573,16.55793423592243,EXCLUSION,16.4,low
389,#513,2023-08,Lista de Reserva,Vulnerabilidad Moderada,2.700708215,1.0,2.578385269,1.0,1.0,2.117608696,1.0,1.0,pcr_cdmx,2,average,jefatura_femenina,si,espanol_ningun_adulto,adultos_ninguno_analfabeta,,0,0,20.97871872,7.392265486,2.830767021,28.808209857523355,EXCLUSION,26.08,medium
390,#1311,2023-09,No Elegible,Vulnerabilidad Elevada,2.700708215,2.051104816,1.249197356,1.0,1.776038647,1.0,1.790108696,1.0,sotap,4,average,jefatura_masculina,no,espanol_uno_mas_adultos,adultos_ninguno_analfabeta,,0,0,20.89305637,12.01413641,2.957212882,33.19292530323276,EXCLUSION,20.03,medium
391,#458,2024-02,No Elegible,Vulnerabilidad Baja,1.0,1.0,2.578385269,1.0,1.0,1.498900966,1.0,1.0,fupal,1,low,,,espanol_uno_mas_adultos,adultos_ninguno_analfabeta,0.0,0,0,8.975915299,3.815111519,2.373655191,12.95710664444418,EXCLUSION,28.81,low
392,#692,2024-02,Elegible,Vulnerabilidad Baja,1.0,1.0,2.578385269,1.0,1.0,1.498900966,1.790108696,1.043888889,pcr_cdmx,1,low,,,espanol_uno_mas_adultos,adultos_ninguno_analfabeta,0.0,0,0,8.975915299,10.52243148,2.560855415,19.44857834177924,INCLUSION,23.09,low
393,#1282,2024-01,Lista de Reserva,Vulnerabilidad Baja,2.700708215,1.0,1.249197356,1.0,1.0,1.0,1.790108696,1.0,fomon,2,average,jefatura_femenina,si,espanol_uno_mas_adultos,adultos_ninguno_analfabeta,0.0,0,0,11.93561888,5.614422911,2.511971873,17.75346419847839,EXCLUSION,20.17,low
394,#1311,2024-05,Lista de Reserva,Vulnerabilidad Elevada,1.0,1.0,3.251728045,1.0,1.776038647,2.823478261,1.790108696,1.738466184,sotap,5,high,jefatura_femenina,no,espanol_uno_mas_adultos,adultos_ninguno_analfabeta,,0,0,11.51832969,35.38399904,3.330414986,46.13430762464765,EXCLUSION,27.75,high
395,#1223,2024-05,Elegible,Vulnerabilidad Baja,1.0,1.0,1.0,1.0,1.776038647,1.498900966,1.790108696,1.0,sotap,1,low,,,espanol_uno_mas_adultos,adultos_ninguno_analfabeta,0.0,0,0,0.0,17.10850297,2.477495573,16.55793423592243,INCLUSION,18.7,low
396,#1311,2024-04,Lista de Reserva,Vulnerabilidad Baja,1.0,1.0,2.578385269,1.0,1.776038647,1.0,1.790108696,1.043888889,sotap,3,average,jefatura_masculina,no,espanol_uno_mas_adultos,adultos_ninguno_analfabeta,0.0,0,0,8.975915299,12.53066404,2.616904864,21.39218396976588,EXCLUSION,23.37,medium
397,#071,2024-02,No Elegible,Vulnerabilidad Baja,1.0,1.0,1.0,1.0,1.0,1.498900966,1.0,1.0,sotap,3,low,jefatura_masculina,no,espanol_uno_mas_adultos,adultos_ninguno_analfabeta,0.0,0,0,0.0,3.815111519,2.10647915,3.692337415207061,EXCLUSION,21.95,low
398,#112,2024-05,No Elegible,Vulnerabilidad Moderada,1.0,1.0,1.0,1.0,1.776038647,2.823478261,1.790108696,1.0,sotap,1,low,,,espanol_uno_mas_adultos,adultos_ninguno_analfabeta,,0,0,0.0,26.18890898,2.730928248,25.34612370011462,EXCLUSION,19.51,medium
399,#527,2023-10,Lista de Reserva,Vulnerabilidad Baja,1.0,1.0,1.0,1.0,1.0,1.0,1.0,1.0,sotap,2,average,jefatura_femenina,si,espanol_uno_mas_adultos,adultos_ninguno_analfabeta,-500.0,0,0,0.0,0.0,2.0,0.0,EXCLUSION,17.61,low
400,#555,2023-09,No Elegible,Vulnerabilidad Elevada,1.0,1.0,2.578385269,1.0,1.776038647,2.117608696,2.580217391,1.043888889,sotap,1,low,,,espanol_uno_mas_adultos,adultos_uno_mas_analfabeta,0.0,0,0,8.975915299,28.09152966,3.051206127,36.45228537324866,EXCLUSION,26.62,high
401,#133,2023-12,Lista de Reserva,Vulnerabilidad Baja,2.700708215,1.0,1.0,1.0,1.776038647,1.0,1.790108696,1.0,fupal,1,low,,,espanol_uno_mas_adultos,adultos_ninguno_analfabeta,,0,0,9.472088355,12.01413641,2.61725769,21.404419116542044,EXCLUSION,20.57,medium
402,#1167,2024-02,Elegible,Vulnerabilidad Elevada,2.700708215,1.0,1.249197356,1.0,1.776038647,2.823478261,1.790108696,1.043888889,foten,4,low,jefatura_masculina,no,espanol_uno_mas_adultos,adultos_ninguno_analfabeta,,0,0,11.93561888,26.85846924,3.104889798,38.31385587256485,INCLUSION,22.86,high
403,#071,2023-10,Elegible,Vulnerabilidad Severa,2.070141643,2.051104816,2.578385269,1.0,1.776038647,2.823478261,2.580217391,2.544987923,sotap,3,complete,jefatura_masculina,no,espanol_uno_mas_adultos,adultos_uno_mas_analfabeta,0.0,0,0,27.51489601,50.0,4.214497142,76.79130287849782,INCLUSION,33.54,high
404,,2023-09,Lista de Reserva,Vulnerabilidad Severa,2.700708215,1.0,1.249197356,1.0,1.776038647,2.117608696,2.580217391,2.544987923,,3,low,jefatura_femenina,si,espanol_uno_mas_adultos,adultos_ninguno_analfabeta,0.0,0,0,11.93561888,44.04383881,3.584530706,54.94618306443267,EXCLUSION,17.28,high
405,#1167,2024-02,Elegible,Vulnerabilidad Moderada,1.0,1.0,2.578385269,1.564135978,1.776038647,1.0,1.790108696,1.0,foten,1,low,,,espanol_uno_mas_adultos,adultos_ninguno_analfabeta,0.0,0,0,14.01324416,12.01413641,2.7524292,26.09171385650275,INCLUSION,24.45,medium
406,#252,2023-08,No Elegible,Vulnerabilidad Baja,1.0,1.0,1.0,1.0,1.776038647,1.498900966,1.790108696,1.0,sotap,1,low,,,espanol_uno_mas_adultos,adultos_ninguno_analfabeta,,0,0,0.0,17.10850297,2.477495573,16.55793423592243,EXCLUSION,21.58,low
407,#1223,2024-05,No Elegible,Vulnerabilidad Baja,1.0,1.0,1.249197356,1.0,1.776038647,1.0,2.580217391,1.0,sotap,3,average,jefatura_femenina,no,espanol_uno_mas_adultos,adultos_ninguno_analfabeta,0.0,0,0,1.921713018,16.59309681,2.520312154,18.042670026189647,EXCLUSION,17.4,low
408,#111,2023-12,Elegible,Vulnerabilidad Baja,1.0,1.0,1.0,1.0,1.0,1.0,1.0,1.0,fomon,1,low,,,espanol_uno_mas_adultos,adultos_ninguno_analfabeta,0.0,0,0,0.0,0.0,2.0,0.0,INCLUSION,22.83,low
409,#1415,2024-03,No Elegible,Vulnerabilidad Baja,2.070141643,1.0,1.0,1.0,1.776038647,1.0,1.790108696,1.0,fomon,2,average,jefatura_femenina,si,espanol_uno_mas_adultos,adultos_ninguno_analfabeta,,0,0,6.702282231,12.01413641,2.534811966,18.545477861665603,EXCLUSION,21.79,low
410,#676,2024-01,No Elegible por Duplicidad,Vulnerabilidad Baja,1.0,1.0,1.0,1.0,1.776038647,1.0,1.0,1.0,pcr_cdmx,1,low,,,espanol_uno_mas_adultos,adultos_ninguno_analfabeta,0.0,0,0,0.0,5.532745347,2.154418035,5.354696068988193,EXCLUSION,30.74,low
411,#527,2024-05,Elegible,Vulnerabilidad Elevada,2.070141643,1.0,1.0,1.0,1.776038647,2.823478261,1.790108696,1.043888889,sotap,3,average,jefatura_femenina,no,espanol_uno_mas_adultos,adultos_ninguno_analfabeta,,0,0,6.702282231,26.85846924,2.949114914,32.912105216863374,INCLUSION,18.2,medium
412,#071,2023-06,No Elegible,Vulnerabilidad Elevada,2.070141643,1.0,2.578385269,1.0,1.776038647,2.823478261,2.580217391,1.043888889,sotap,3,average,jefatura_masculina,no,espanol_uno_mas_adultos,adultos_ninguno_analfabeta,0.0,0,0,17.46888676,32.85812825,3.43704192,49.83177382961031,EXCLUSION,22.69,high
413,#555,2024-01,No Elegible,Vulnerabilidad Baja,1.0,1.0,1.0,1.0,1.776038647,1.498900966,2.580217391,1.0,sotap,4,average,jefatura_masculina,no,espanol_uno_mas_adultos,adultos_ninguno_analfabeta,0.0,0,0,0.0,22.17502718,2.618901451,21.46141263032042,EXCLUSION,25.71,medium
414,#555,2023-10,Lista de Reserva,Vulnerabilidad Elevada,2.070141643,1.0,1.0,1.564135978,1.776038647,1.498900966,2.580217391,1.0,sotap,2,average,jefatura_femenina,si,espanol_uno_mas_adultos,adultos_ninguno_analfabeta,0.0,0,0,11.47057999,22.17502718,2.960333388,33.30112735497861,EXCLUSION,27.82,medium
415,#1223,2024-05,No Elegible,Vulnerabilidad Moderada,1.0,1.0,1.0,1.0,1.776038647,2.823478261,1.790108696,1.0,sotap,1,low,,,espanol_uno_mas_adultos,adultos_ninguno_analfabeta,0.0,0,0,0.0,26.18890898,2.730928248,25.34612370011462,EXCLUSION,21.39,medium
416,#645,2024-02,No Elegible,Vulnerabilidad Severa,2.070141643,1.0,1.0,1.0,1.776038647,2.823478261,2.580217391,2.544987923,fupal,3,average,jefatura_masculina,no,espanol_ningun_adulto,adultos_ninguno_analfabeta,,0,0,6.702282231,50.0,3.594991325,55.308918375475805,EXCLUSION,24.65,high
417,#1223,2024-01,Elegible,Vulnerabilidad Elevada,2.070141643,1.0,2.578385269,1.0,1.776038647,1.0,2.580217391,2.544987923,sotap,2,average,jefatura_femenina,si,espanol_ningun_adulto,adultos_ninguno_analfabeta,,0,0,17.46888676,30.38303782,3.367962543,47.43633428473814,INCLUSION,28.1,high
418,#1311,2023-09,Lista de Reserva,Vulnerabilidad Elevada,1.0,2.051104816,1.0,1.0,1.776038647,2.823478261,1.790108696,1.0,sotap,1,low,,,espanol_uno_mas_adultos,adultos_ninguno_analfabeta,0.0,0,0,6.609317356,26.18890898,2.927660413,32.16813549794806,EXCLUSION,22.24,medium
419,#458,2024-02,No Elegible,Vulnerabilidad Baja,2.700708215,1.0,1.0,1.0,1.0,1.498900966,1.0,1.0,fupal,1,low,,,espanol_uno_mas_adultos,adultos_ninguno_analfabeta,,0,0,9.472088355,3.815111519,2.38842422,13.469247045559316,EXCLUSION,18.15,low
420,#1407,2024-01,Elegible,Vulnerabilidad Elevada,2.700708215,1.0,3.251728045,1.564135978,1.0,1.498900966,2.580217391,1.0,foten,1,low,,,espanol_ningun_adulto,adultos_uno_mas_analfabeta,,0,0,31.08118723,14.41616583,3.327511845,46.0336501136734,INCLUSION,32.25,high
421,#1101,2023-12,Lista de Reserva,Vulnerabilidad Elevada,2.700708215,1.0,1.249197356,1.0,1.0,2.117608696,1.790108696,1.738466184,sotap,2,average,jefatura_femenina,si,espanol_uno_mas_adultos,adultos_ninguno_analfabeta,,0,0,11.93561888,21.57742793,2.957496782,33.20276375296195,EXCLUSION,18.51,medium
422,#692,2024-01,No Elegible,Vulnerabilidad Baja,1.0,1.0,1.0,1.0,1.776038647,2.117608696,1.790108696,1.0,pcr_cdmx,1,low,,,espanol_ningun_adulto,adultos_ninguno_analfabeta,,0,0,0.0,21.88512181,2.610810239,21.18083670503239,EXCLUSION,30.06,low
423,#1223,2023-12,No Elegible,Vulnerabilidad Moderada,1.0,1.0,1.0,1.0,1.776038647,2.823478261,1.790108696,1.0,sotap,2,average,jefatura_femenina,no,espanol_uno_mas_adultos,adultos_ninguno_analfabeta,0.0,0,0,0.0,26.18890898,2.730928248,25.34612370011462,EXCLUSION,29.94,medium
424,#252,2024-04,No Elegible,Vulnerabilidad Elevada,2.070141643,1.0,1.0,1.564135978,1.776038647,2.117608696,2.580217391,1.043888889,sotap,2,complete,jefatura_femenina,si,espanol_uno_mas_adultos,adultos_ninguno_analfabeta,,0,0,11.47057999,28.09152966,3.125462023,39.02723086866973,EXCLUSION,10.96,high
425,#071,2023-08,Elegible,Vulnerabilidad Moderada,1.0,1.0,1.0,1.0,1.776038647,2.823478261,2.580217391,1.0,sotap,7,average,jefatura_masculina,no,espanol_ningun_adulto,adultos_ninguno_analfabeta,,0,0,0.0,32.12448674,2.896589272,31.09068863222006,INCLUSION,24.5,medium
426,#527,2023-11,No Elegible,Vulnerabilidad Baja,1.0,1.0,1.0,1.0,1.776038647,2.117608696,1.790108696,1.0,sotap,1,low,,,espanol_uno_mas_adultos,adultos_ninguno_analfabeta,,0,0,0.0,21.88512181,2.610810239,21.18083670503239,EXCLUSION,23.5,low
427,#1311,2023-07,Lista de Reserva,Vulnerabilidad Baja,1.0,1.0,1.0,1.0,1.0,1.0,1.790108696,1.0,sotap,3,average,jefatura_femenina,si,espanol_uno_mas_adultos,adultos_ninguno_analfabeta,0.0,0,0,0.0,5.614422911,2.156697643,5.433745167301109,EXCLUSION,15.16,low
428,#1101,2024-01,Elegible,Vulnerabilidad Baja,1.0,1.0,1.0,1.0,1.0,1.0,1.0,1.0,sotap,1,low,,,espanol_uno_mas_adultos,adultos_ninguno_analfabeta,0.0,0,0,0.0,0.0,2.0,0.0,INCLUSION,20.66,low
429,#071,2024-03,No Elegible,Vulnerabilidad Elevada,1.0,1.0,2.578385269,1.0,1.776038647,2.823478261,2.580217391,1.0,sotap,1,low,,,espanol_uno_mas_adultos,adultos_ninguno_analfabeta,0.0,0,0,8.975915299,32.12448674,3.163765312,40.35545786145718,EXCLUSION,27.95,high
430,#555,2024-05,Lista de Reserva,Vulnerabilidad Moderada,1.0,1.0,2.578385269,1.0,1.776038647,1.498900966,1.790108696,1.0,sotap,3,complete,jefatura_femenina,si,espanol_uno_mas_adultos,adultos_ninguno_analfabeta,,0,0,8.975915299,17.10850297,2.744671614,25.82270346515955,EXCLUSION,19.81,medium
431,#1725,2024-04,No Elegible,Vulnerabilidad Elevada,1.0,2.051104816,1.0,1.0,1.776038647,2.823478261,2.580217391,1.0,foten,1,low,,,espanol_uno_mas_adultos,adultos_ninguno_analfabeta,,0,0,6.609317356,32.12448674,3.093321436,37.9127004300535,EXCLUSION,19.99,high
432,#1223,2024-05,No Elegible,Vulnerabilidad Elevada,1.0,2.051104816,1.0,1.0,1.776038647,2.823478261,2.580217391,1.0,sotap,2,average,jefatura_masculina,si,espanol_uno_mas_adultos,adultos_uno_mas_analfabeta,0.0,0,0,6.609317356,32.12448674,3.093321436,37.9127004300535,EXCLUSION,23.16,high
433,#1311,2023-07,No Elegible,Vulnerabilidad Elevada,1.0,2.051104816,1.0,1.0,1.776038647,2.823478261,2.580217391,1.0,sotap,6,high,jefatura_femenina,no,espanol_uno_mas_adultos,adultos_ninguno_analfabeta,0.0,0,0,6.609317356,32.12448674,3.093321436,37.9127004300535,EXCLUSION,22.11,high
434,#1311,2024-01,Lista de Reserva,Vulnerabilidad Baja,2.700708215,1.0,1.249197356,1.0,1.776038647,1.498900966,1.0,1.0,sotap,1,low,,,espanol_uno_mas_adultos,adultos_ninguno_analfabeta,0.0,0,0,11.93561888,9.93697889,2.632613717,21.936916003518192,EXCLUSION,25.56,medium
435,#1200,2024-02,Elegible,Vulnerabilidad Severa,2.700708215,1.0,3.251728045,1.0,1.776038647,2.823478261,2.580217391,1.0,fupal,2,average,jefatura_femenina,si,espanol_ningun_adulto,adultos_uno_mas_analfabeta,,0,0,24.2379543,32.12448674,3.618053373,56.108644539548365,INCLUSION,24.94,high
436,#252,2023-10,Lista de Reserva,Vulnerabilidad Elevada,2.700708215,1.0,2.578385269,1.0,1.776038647,2.823478261,1.790108696,1.0,sotap,1,low,,,espanol_uno_mas_adultos,adultos_ninguno_analfabeta,-500.0,0,0,20.97871872,26.18890898,3.355378326,46.99995856724294,EXCLUSION,24.29,high
437,#555,2024-01,Elegible por Proceso Acelerado,Vulnerabilidad Moderada,2.700708215,1.0,2.578385269,1.0,1.0,1.498900966,1.0,1.0,sotap,1,low,,,espanol_uno_mas_adultos,adultos_ninguno_analfabeta,,0,0,20.97871872,3.815111519,2.730929228,25.34617228233538,INCLUSION,22.24,medium
438,#937,2023-08,No Elegible,Vulnerabilidad Elevada,1.0,1.525552408,2.578385269,1.0,1.776038647,2.117608696,1.790108696,1.0,futij,3,average,jefatura_femenina,si,espanol_uno_mas_adultos,adultos_ninguno_analfabeta,,0,0,13.7168894,21.88512181,3.019105558,35.33914932281379,EXCLUSION,27.68,high
439,#1101,2024-05,No Elegible,Vulnerabilidad Elevada,1.0,1.525552408,2.578385269,1.0,1.776038647,2.823478261,1.790108696,1.0,sotap,3,average,jefatura_masculina,no,espanol_uno_mas_adultos,adultos_ninguno_analfabeta,,0,0,13.7168894,26.18890898,3.139223567,39.50443631789602,EXCLUSION,26.28,high
440,#1497,2023-09,No Elegible,Vulnerabilidad Severa,2.700708215,1.0,3.251728045,1.0,1.776038647,1.0,2.580217391,2.544987923,futij,2,complete,jefatura_femenina,si,espanol_ningun_adulto,adultos_ninguno_analfabeta,,0,0,24.2379543,30.38303782,3.569449813,54.42323718724288,EXCLUSION,24.03,high
441,#1101,2024-01,Elegible,Vulnerabilidad Moderada,1.0,1.0,2.578385269,1.0,1.776038647,2.823478261,1.0,1.0,sotap,1,low,,,espanol_uno_mas_adultos,adultos_uno_mas_analfabeta,,0,0,8.975915299,17.78726377,2.763615719,26.47962106385475,INCLUSION,36.39,medium
442,#1860,2024-01,No Elegible,Vulnerabilidad Baja,1.599560907,1.0,1.0,1.0,1.776038647,1.498900966,1.790108696,1.0,pcr_cdmx,4,low,jefatura_masculina,no,espanol_uno_mas_adultos,adultos_ninguno_analfabeta,0.0,0,0,4.186184624,17.10850297,2.602101053,20.87883446730737,EXCLUSION,30.44,low
443,#555,2024-07,No Elegible,Vulnerabilidad Severa,2.700708215,1.525552408,3.251728045,1.0,1.776038647,2.823478261,1.790108696,1.0,sotap,1,low,,,espanol_uno_mas_adultos,adultos_uno_mas_analfabeta,0.0,0,0,30.67858802,26.18890898,3.644103496,57.01197936118624,EXCLUSION,30.71,high
444,#527,2024-03,Lista de Reserva,Vulnerabilidad Moderada,1.0,1.0,2.578385269,1.0,1.0,2.117608696,2.580217391,1.043888889,sotap,2,low,jefatura_masculina,no,espanol_uno_mas_adultos,adultos_ninguno_analfabeta,0.0,0,0,8.975915299,19.54126117,2.812569505,28.177173073525346,EXCLUSION,25.81,medium
445,#1311,2024-05,No Elegible,Vulnerabilidad Baja,1.0,1.0,1.0,1.0,1.0,1.0,1.790108696,1.0,sotap,2,average,jefatura_femenina,si,espanol_uno_mas_adultos,adultos_ninguno_analfabeta,0.0,0,0,0.0,5.614422911,2.156697643,5.433745167301109,EXCLUSION,13.71,low
446,#1725,2024-01,Lista de Reserva,Vulnerabilidad Elevada,1.0,1.0,2.578385269,1.0,1.776038647,2.117608696,2.580217391,1.043888889,foten,5,high,jefatura_masculina,no,espanol_uno_mas_adultos,adultos_ninguno_analfabeta,,0,0,8.975915299,28.09152966,3.051206127,36.45228537324866,EXCLUSION,32.11,high
447,#555,2023-08,No Elegible,Vulnerabilidad Moderada,2.070141643,1.0,3.251728045,1.0,1.0,1.498900966,1.790108696,1.0,sotap,1,low,,,espanol_ningun_adulto,adultos_ninguno_analfabeta,-500.0,0,0,20.51851115,10.02735341,2.890613418,30.88348050723094,EXCLUSION,19.06,medium
448,#252,2024-05,No Elegible,Vulnerabilidad Baja,1.0,1.0,1.0,1.0,1.776038647,1.498900966,2.580217391,1.043888889,sotap,1,low,,,espanol_uno_mas_adultos,adultos_ninguno_analfabeta,0.0,0,0,0.0,22.80125306,2.636379315,22.06748593527614,EXCLUSION,16.34,medium
449,#676,2024-04,Lista de Reserva,Vulnerabilidad Baja,2.070141643,1.0,1.0,1.0,1.776038647,1.0,2.580217391,1.043888889,pcr_cdmx,2,average,jefatura_masculina,no,espanol_uno_mas_adultos,adultos_ninguno_analfabeta,0.0,0,0,6.702282231,17.15905947,2.678405943,23.524832152671745,EXCLUSION,17.91,medium
450,#112,2024-02,Elegible,Vulnerabilidad Baja,1.599560907,1.0,1.0,1.0,1.0,2.823478261,1.790108696,1.043888889,sotap,5,average,jefatura_masculina,no,espanol_uno_mas_adultos,adultos_ninguno_analfabeta,0.0,0,0,4.186184624,18.47313819,2.640187803,22.199554361292552,INCLUSION,21.55,medium
451,#071,2024-01,Lista de Reserva,Vulnerabilidad Baja,1.0,1.0,1.0,1.0,1.776038647,2.117608696,1.790108696,1.0,sotap,5,average,jefatura_masculina,no,espanol_uno_mas_adultos,adultos_ninguno_analfabeta,,0,0,0.0,21.88512181,2.610810239,21.18083670503239,EXCLUSION,28.46,low
452,#112,2024-03,Elegible,Vulnerabilidad Baja,2.700708215,1.525552408,1.0,1.0,1.0,1.498900966,1.0,1.0,sotap,1,low,,,espanol_uno_mas_adultos,adultos_ninguno_analfabeta,,-500,0,14.26831886,3.815111519,2.531188254,18.41982504444072,INCLUSION,20.31,low
453,#555,2023-11,Lista de Reserva,Vulnerabilidad Baja,1.0,1.0,1.0,1.0,1.776038647,2.117608696,1.790108696,1.043888889,sotap,1,low,,,espanol_uno_mas_adultos,adultos_ninguno_analfabeta,-500.0,0,0,0.0,22.50821784,2.628200749,21.78388088169096,EXCLUSION,21.43,medium
454,#1765,2024-04,No Elegible,Vulnerabilidad Severa,2.700708215,1.0,3.251728045,1.0,1.776038647,2.117608696,2.580217391,2.544987923,fupal,2,average,jefatura_femenina,si,espanol_ningun_adulto,adultos_uno_mas_analfabeta,,0,0,24.2379543,44.04383881,3.950720577,67.64441994058369,EXCLUSION,21.76,high
455,#071,2024-06,No Elegible,Vulnerabilidad Baja,1.0,1.0,1.0,1.0,1.0,1.0,1.0,1.0,sotap,1,low,,,espanol_uno_mas_adultos,adultos_ninguno_analfabeta,0.0,0,0,0.0,0.0,2.0,0.0,EXCLUSION,15.74,low
456,#112,2023-11,Lista de Reserva,Vulnerabilidad Moderada,1.0,1.0,2.578385269,1.0,1.776038647,1.498900966,1.790108696,1.043888889,sotap,2,low,jefatura_femenina,no,espanol_uno_mas_adultos,adultos_ninguno_analfabeta,,0,0,8.975915299,17.68003002,2.760622842,26.375838203163497,EXCLUSION,27.2,medium
457,#555,2024-04,Lista de Reserva,Vulnerabilidad Elevada,1.0,1.525552408,2.578385269,1.0,1.776038647,2.823478261,1.0,1.0,sotap,1,low,,,espanol_uno_mas_adultos,adultos_uno_mas_analfabeta,0.0,0,0,13.7168894,17.78726377,2.904734997,31.37316445239903,EXCLUSION,29.97,medium
458,#1311,2024-05,Elegible,Vulnerabilidad Baja,1.0,2.051104816,1.0,1.0,1.0,1.0,1.0,1.0,sotap,4,average,jefatura_masculina,no,espanol_uno_mas_adultos,adultos_ninguno_analfabeta,,0,0,6.609317356,0.0,2.196732164,6.8220117978334365,INCLUSION,15.1,low
459,#555,2023-07,Lista de Reserva,Vulnerabilidad Baja,1.0,1.0,2.578385269,1.0,1.0,1.0,1.0,1.0,sotap,1,low,,,espanol_ningun_adulto,adultos_ninguno_analfabeta,,0,0,8.975915299,0.0,2.267176041,9.26476922923712,EXCLUSION,15.03,low
460,#1101,2024-01,No Elegible,Vulnerabilidad Moderada,1.0,1.0,1.0,1.0,1.776038647,2.823478261,1.790108696,1.0,sotap,1,low,,,espanol_uno_mas_adultos,adultos_ninguno_analfabeta,0.0,0,0,0.0,26.18890898,2.730928248,25.34612370011462,EXCLUSION,27.75,medium
461,#1311,2024-02,Elegible,Vulnerabilidad Moderada,1.0,1.0,1.0,1.0,1.776038647,2.823478261,2.580217391,1.0,sotap,4,average,jefatura_femenina,si,espanol_uno_mas_adultos,adultos_ninguno_analfabeta,0.0,0,0,0.0,32.12448674,2.896589272,31.09068863222006,INCLUSION,22.86,medium
462,#112,2023-08,No Elegible,Vulnerabilidad Baja,1.0,1.0,1.0,1.0,1.0,2.117608696,2.580217391,1.0,sotap,1,low,,,espanol_uno_mas_adultos,adultos_ninguno_analfabeta,0.0,0,0,0.0,18.94985465,2.528887403,18.340029377508348,EXCLUSION,20.74,low
463,#555,2023-09,No Elegible,Vulnerabilidad Moderada,1.0,1.0,1.0,1.0,1.776038647,2.823478261,1.790108696,1.0,sotap,1,low,,,espanol_ningun_adulto,adultos_ninguno_analfabeta,0.0,0,0,0.0,26.18890898,2.730928248,25.34612370011462,EXCLUSION,22.95,medium
464,#672,2023-12,Lista de Reserva,Vulnerabilidad Baja,1.0,1.0,1.0,1.0,1.0,1.0,2.580217391,1.043888889,fupal,1,low,,,espanol_uno_mas_adultos,adultos_ninguno_analfabeta,,0,0,0.0,10.07114734,2.281084107,9.74704774745146,EXCLUSION,22.35,low
465,#645,2024-01,No Elegible,Vulnerabilidad Baja,1.0,1.0,1.0,1.564135978,1.776038647,1.498900966,1.790108696,1.0,fupal,1,low,,,espanol_uno_mas_adultos,adultos_ninguno_analfabeta,0.0,0,0,3.975239986,17.10850297,2.5958221,20.661101419911898,EXCLUSION,36.1,low
466,#555,2023-08,Lista de Reserva,Vulnerabilidad Baja,2.070141643,1.0,1.249197356,1.0,1.0,1.0,1.0,1.043888889,sotap,1,low,,,espanol_uno_mas_adultos,adultos_ninguno_analfabeta,-500.0,0,0,9.00737574,0.386821499,2.278908614,9.67161529502962,EXCLUSION,16.36,low
467,#1725,2024-04,No Elegible por Duplicidad,Vulnerabilidad Elevada,2.700708215,1.0,1.0,1.0,1.776038647,2.823478261,2.580217391,1.0,foten,4,average,jefatura_femenina,si,espanol_uno_mas_adultos,adultos_ninguno_analfabeta,,0,0,9.472088355,32.12448674,3.178534341,40.86759826257232,EXCLUSION,18.49,high
468,#252,2023-11,Lista de Reserva,Vulnerabilidad Baja,1.0,1.0,1.0,1.0,1.776038647,1.0,1.790108696,1.0,sotap,2,average,jefatura_femenina,si,espanol_uno_mas_adultos,adultos_ninguno_analfabeta,,0,0,0.0,12.01413641,2.33531262,11.62750948618979,EXCLUSION,20.92,low
469,#1223,2024-02,No Elegible,Vulnerabilidad Baja,1.0,1.0,1.0,1.0,1.0,1.498900966,1.0,1.0,sotap,1,low,,,espanol_uno_mas_adultos,adultos_ninguno_analfabeta,,0,0,0.0,3.815111519,2.10647915,3.692337415207061,EXCLUSION,20.19,low
470,#513,2024-02,Elegible,Vulnerabilidad Baja,2.070141643,1.0,1.0,1.0,1.776038647,1.0,1.790108696,1.043888889,pcr_cdmx,1,low,,,espanol_uno_mas_adultos,adultos_ninguno_analfabeta,0.0,0,0,6.702282231,12.53066404,2.549228169,19.04538311600457,INCLUSION,22.33,low
471,#112,2024-05,Lista de Reserva,Vulnerabilidad Elevada,1.0,1.525552408,2.578385269,1.0,1.776038647,2.823478261,2.580217391,1.0,sotap,3,average,jefatura_masculina,no,espanol_uno_mas_adultos,adultos_ninguno_analfabeta,0.0,0,0,13.7168894,32.12448674,3.304884591,45.24900125000146,EXCLUSION,23.94,high
472,#112,2024-03,Elegible,Vulnerabilidad Moderada,1.0,1.0,3.251728045,1.0,1.776038647,2.823478261,1.0,1.0,sotap,1,low,,,espanol_uno_mas_adultos,adultos_ninguno_analfabeta,,0,0,11.51832969,17.78726377,2.839292927,29.10385289237152,INCLUSION,26.13,medium
473,#527,2024-02,No Elegible,Vulnerabilidad Baja,1.0,1.0,1.0,1.0,1.0,1.498900966,1.790108696,1.043888889,sotap,5,average,jefatura_masculina,no,espanol_uno_mas_adultos,adultos_ninguno_analfabeta,,0,0,0.0,10.52243148,2.293679375,10.18380911254212,EXCLUSION,19.15,low
474,#071,2024-05,No Elegible,Vulnerabilidad Baja,1.599560907,1.0,1.0,1.0,1.0,2.823478261,1.790108696,1.043888889,sotap,3,average,jefatura_femenina,si,espanol_uno_mas_adultos,adultos_ninguno_analfabeta,0.0,0,0,4.186184624,18.47313819,2.640187803,22.199554361292552,EXCLUSION,16.18,medium
475,#1101,2024-07,Lista de Reserva,Vulnerabilidad Elevada,1.0,1.0,2.578385269,1.0,1.776038647,2.117608696,2.580217391,1.043888889,sotap,5,high,jefatura_femenina,no,espanol_uno_mas_adultos,adultos_ninguno_analfabeta,,0,0,8.975915299,28.09152966,3.051206127,36.45228537324866,EXCLUSION,23.07,high
476,#645,2023-07,Lista de Reserva,Vulnerabilidad Moderada,1.0,1.0,1.0,1.0,1.776038647,2.823478261,2.580217391,1.0,fupal,1,low,,,espanol_uno_mas_adultos,adultos_ninguno_analfabeta,,0,0,0.0,32.12448674,2.896589272,31.09068863222006,EXCLUSION,17.86,medium
477,#1677,2024-02,No Elegible,Vulnerabilidad Moderada,1.0,1.0,1.0,1.0,1.776038647,2.823478261,1.790108696,1.043888889,futij,1,low,,,espanol_uno_mas_adultos,adultos_uno_mas_analfabeta,,0,0,0.0,26.85846924,2.749615568,25.99413684138756,EXCLUSION,31.88,medium
478,#071,2023-07,Elegible,Vulnerabilidad Baja,1.0,1.0,3.251728045,1.0,1.776038647,1.0,1.790108696,1.043888889,sotap,1,low,,,espanol_ningun_adulto,adultos_ninguno_analfabeta,,0,0,11.51832969,12.53066404,2.692582072,24.01641579828265,INCLUSION,19.52,medium
479,#252,2023-11,No Elegible,Vulnerabilidad Moderada,2.700708215,1.0,1.0,1.0,1.776038647,1.0,2.580217391,1.0,sotap,2,complete,jefatura_femenina,si,espanol_uno_mas_adultos,adultos_ninguno_analfabeta,0.0,0,0,9.472088355,16.59309681,2.74505574,25.83602399190964,EXCLUSION,16.75,medium
480,#1200,2023-09,No Elegible por Intenciones,Vulnerabilidad Baja,2.070141643,1.0,1.0,1.0,1.0,1.498900966,2.580217391,1.043888889,fupal,1,low,,,espanol_uno_mas_adultos,adultos_ninguno_analfabeta,,0,0,6.702282231,14.95862607,2.6169922,21.39521089991714,EXCLUSION,14.81,medium
481,#1223,2023-08,Elegible,Vulnerabilidad Baja,1.0,1.0,1.0,1.0,1.776038647,2.117608696,1.790108696,1.0,sotap,1,low,,,espanol_uno_mas_adultos,adultos_ninguno_analfabeta,,0,0,0.0,21.88512181,2.610810239,21.18083670503239,INCLUSION,22.03,low
482,#1311,2024-01,No Elegible,Vulnerabilidad Baja,1.0,1.0,1.0,1.0,1.776038647,1.0,1.790108696,1.0,sotap,1,low,,,espanol_uno_mas_adultos,adultos_ninguno_analfabeta,,0,0,0.0,12.01413641,2.33531262,11.62750948618979,EXCLUSION,24.88,low
483,#071,2023-08,Lista de Reserva,Vulnerabilidad Moderada,1.0,1.0,1.0,1.0,1.776038647,2.823478261,1.790108696,1.0,sotap,1,low,,,espanol_uno_mas_adultos,adultos_ninguno_analfabeta,,0,0,0.0,26.18890898,2.730928248,25.34612370011462,EXCLUSION,25.12,medium
484,#1311,2024-03,No Elegible,Vulnerabilidad Baja,1.0,1.0,1.0,1.0,1.0,1.0,1.790108696,1.0,sotap,3,low,jefatura_masculina,no,espanol_uno_mas_adultos,adultos_ninguno_analfabeta,0.0,0,0,0.0,5.614422911,2.156697643,5.433745167301109,EXCLUSION,17.26,low
485,#1765,2023-10,Elegible,Vulnerabilidad Severa,2.700708215,1.525552408,3.251728045,1.0,1.776038647,2.823478261,1.790108696,1.0,fupal,2,average,jefatura_femenina,si,espanol_ningun_adulto,adultos_uno_mas_analfabeta,,0,0,30.67858802,26.18890898,3.644103496,57.01197936118624,INCLUSION,25.55,high
486,#1311,2024-06,No Elegible,Vulnerabilidad Baja,1.0,1.0,1.0,1.0,1.776038647,1.498900966,1.0,1.0,sotap,1,low,,,espanol_uno_mas_adultos,adultos_ninguno_analfabeta,0.0,0,0,0.0,9.93697889,2.277339487,9.61719697234091,EXCLUSION,18.22,low
487,#071,2023-07,No Elegible,Vulnerabilidad Elevada,1.0,1.0,1.0,1.564135978,1.776038647,2.823478261,2.580217391,1.043888889,sotap,1,low,,,espanol_uno_mas_adultos,adultos_ninguno_analfabeta,0.0,0,0,3.975239986,32.85812825,3.035391615,35.90388800877622,EXCLUSION,14.26,high
488,#1223,2024-02,No Elegible,Vulnerabilidad Elevada,2.700708215,1.0,1.0,1.0,1.776038647,2.823478261,1.790108696,1.0,sotap,5,average,jefatura_masculina,no,espanol_uno_mas_adultos,adultos_uno_mas_analfabeta,,-500,0,9.472088355,26.18890898,3.012873318,35.123033330466875,EXCLUSION,28.05,high
489,#252,2024-06,Lista de Reserva,Vulnerabilidad Baja,1.0,1.0,1.0,1.0,1.0,1.0,1.0,1.0,sotap,1,low,,,espanol_uno_mas_adultos,adultos_ninguno_analfabeta,,0,0,0.0,0.0,2.0,0.0,EXCLUSION,13.46,low
490,#1841,2024-04,No Elegible,Vulnerabilidad Moderada,1.0,2.051104816,1.0,1.0,1.776038647,2.117608696,1.790108696,1.0,foten,1,low,,,espanol_uno_mas_adultos,adultos_ninguno_analfabeta,,0,0,6.609317356,21.88512181,2.807542403,28.002848502865827,EXCLUSION,19.47,medium
491,#458,2024-01,No Elegible por Duplicidad,Vulnerabilidad Elevada,2.070141643,1.0,1.0,1.0,1.776038647,2.823478261,1.790108696,1.043888889,fupal,5,high,jefatura_masculina,no,espanol_ningun_adulto,adultos_ninguno_analfabeta,,0,0,6.702282231,26.85846924,2.949114914,32.912105216863374,EXCLUSION,29.98,medium
492,#513,2023-12,No Elegible,Vulnerabilidad Baja,2.070141643,1.0,1.0,1.0,1.0,1.0,1.0,1.043888889,pcr_cdmx,1,low,,,espanol_uno_mas_adultos,adultos_ninguno_analfabeta,,0,0,6.702282231,0.386821499,2.210295472,7.2923415718164915,EXCLUSION,20.92,low
493,#112,2023-06,Lista de Reserva,Vulnerabilidad Baja,1.0,1.0,1.0,1.0,1.0,1.0,1.0,1.0,sotap,2,average,jefatura_femenina,si,espanol_uno_mas_adultos,adultos_ninguno_analfabeta,,0,0,0.0,0.0,2.0,0.0,EXCLUSION,15.63,low
494,#071,2024-04,Lista de Reserva,Vulnerabilidad Elevada,2.070141643,2.051104816,1.0,1.0,1.776038647,2.823478261,1.790108696,1.043888889,sotap,1,low,,,espanol_uno_mas_adultos,adultos_uno_mas_analfabeta,,0,0,14.63015408,26.85846924,3.185095016,41.09510390983604,EXCLUSION,22.59,high
495,#1311,2023-10,Lista de Reserva,Vulnerabilidad Elevada,2.070141643,2.051104816,1.0,1.0,1.776038647,2.823478261,2.580217391,1.043888889,sotap,4,average,jefatura_masculina,no,espanol_uno_mas_adultos,adultos_ninguno_analfabeta,-500.0,0,0,14.63015408,32.85812825,3.352544536,46.901687893235234,EXCLUSION,19.04,high
496,,2023-10,Lista de Reserva,Vulnerabilidad Elevada,1.0,2.051104816,1.0,1.0,1.776038647,2.823478261,2.580217391,1.0,,4,average,jefatura_masculina,no,espanol_uno_mas_adultos,adultos_ninguno_analfabeta,,0,0,6.609317356,32.12448674,3.093321436,37.9127004300535,EXCLUSION,29.38,high
497,#252,2024-07,No Elegible,Vulnerabilidad Severa,2.700708215,2.051104816,3.251728045,1.0,1.776038647,2.823478261,1.790108696,1.0,sotap,1,low,,,espanol_ningun_adulto,adultos_uno_mas_analfabeta,0.0,0,0,35.61565687,26.18890898,3.791059708,62.10792802384809,EXCLUSION,22.5,high
498,#112,2024-05,No Elegible,Vulnerabilidad Baja,1.0,1.0,1.0,1.0,1.0,1.0,1.0,1.0,sotap,1,low,,,espanol_uno_mas_adultos,adultos_ninguno_analfabeta,,-500,0,0.0,0.0,2.0,0.0,EXCLUSION,17.6,low
499,#071,2023-10,Lista de Reserva,Vulnerabilidad Moderada,2.700708215,1.0,1.0,1.0,1.776038647,2.117608696,1.790108696,1.0,sotap,4,average,jefatura_masculina,no,espanol_uno_mas_adultos,adultos_ninguno_analfabeta,-500.0,0,0,9.472088355,21.88512181,2.892755308,30.95774633538465,EXCLUSION,22.65,medium
500,#112,2024-01,Lista de Reserva,Vulnerabilidad Moderada,1.0,1.0,1.0,1.0,1.776038647,2.823478261,1.790108696,1.0,sotap,4,low,jefatura_femenina,no,espanol_ningun_adulto,adultos_uno_mas_analfabeta,0.0,0,0,0.0,26.18890898,2.730928248,25.34612370011462,EXCLUSION,36.81,medium
501,#1311,2024-02,No Elegible,Vulnerabilidad Elevada,1.0,1.0,3.251728045,1.0,1.776038647,2.117608696,2.580217391,1.043888889,sotap,1,low,,,espanol_ningun_adulto,adultos_uno_mas_analfabeta,0.0,0,0,11.51832969,28.09152966,3.126883335,39.07651720176543,EXCLUSION,35.85,high
502,#527,2024-06,No Elegible,Vulnerabilidad Elevada,1.0,1.525552408,2.578385269,1.0,1.776038647,2.823478261,1.790108696,1.0,sotap,1,low,,,espanol_uno_mas_adultos,adultos_ninguno_analfabeta,,0,0,13.7168894,26.18890898,3.139223567,39.50443631789602,EXCLUSION,20.57,high
503,#071,2023-08,No Elegible por Intenciones,Vulnerabilidad Baja,1.0,1.0,1.0,1.0,1.0,1.498900966,1.790108696,1.0,sotap,1,low,,,espanol_uno_mas_adultos,adultos_uno_mas_analfabeta,,0,0,0.0,10.02735341,2.279861825,9.70466314991279,EXCLUSION,21.65,low
504,#645,2024-04,No Elegible por Duplicidad,Vulnerabilidad Moderada,1.0,1.0,1.0,1.0,1.776038647,2.823478261,1.790108696,1.0,fupal,1,low,,,espanol_uno_mas_adultos,adultos_uno_mas_analfabeta,-500.0,0,0,0.0,26.18890898,2.730928248,25.34612370011462,EXCLUSION,22.65,medium
505,#555,2023-07,Lista de Reserva,Vulnerabilidad Baja,1.0,1.0,1.0,1.0,1.776038647,2.117608696,1.790108696,1.0,sotap,5,average,jefatura_masculina,no,espanol_uno_mas_adultos,adultos_ninguno_analfabeta,,0,0,0.0,21.88512181,2.610810239,21.18083670503239,EXCLUSION,16.67,low
506,#112,2023-07,Lista de Reserva,Vulnerabilidad Baja,1.0,1.0,1.249197356,1.0,1.0,1.498900966,1.790108696,1.043888889,sotap,1,low,,,espanol_uno_mas_adultos,adultos_ninguno_analfabeta,,0,0,1.921713018,10.52243148,2.350880859,12.167364777174376,EXCLUSION,15.25,low
507,#1101,2024-05,No Elegible,Vulnerabilidad Elevada,2.070141643,1.0,3.251728045,1.0,1.776038647,2.117608696,2.580217391,1.043888889,sotap,1,low,,,espanol_uno_mas_adultos,adultos_ninguno_analfabeta,0.0,0,0,20.51851115,28.09152966,3.39478168,48.36633350132969,EXCLUSION,19.93,high
508,#1311,2024-03,Elegible,Vulnerabilidad Baja,2.700708215,1.525552408,1.0,1.0,1.0,1.498900966,1.0,1.0,sotap,1,low,,,espanol_uno_mas_adultos,adultos_ninguno_analfabeta,,0,0,14.26831886,3.815111519,2.531188254,18.41982504444072,INCLUSION,16.44,low
509,#1860,2024-04,Lista de Reserva,Vulnerabilidad Baja,1.0,1.0,1.0,1.0,1.0,1.0,1.0,1.0,pcr_cdmx,4,low,jefatura_masculina,no,espanol_uno_mas_adultos,adultos_ninguno_analfabeta,0.0,0,0,0.0,0.0,2.0,0.0,EXCLUSION,15.84,low
510,#112,2023-08,No Elegible,Vulnerabilidad Severa,2.700708215,1.0,3.251728045,1.0,1.776038647,2.117608696,2.580217391,1.043888889,sotap,4,complete,jefatura_femenina,si,espanol_ningun_adulto,adultos_uno_mas_analfabeta,,0,0,24.2379543,28.09152966,3.505494188,52.20547205133984,EXCLUSION,22.45,high
511,#527,2024-05,No Elegible,Vulnerabilidad Baja,2.700708215,1.0,1.0,1.0,1.0,1.498900966,1.790108696,1.0,sotap,1,low,,,espanol_uno_mas_adultos,adultos_ninguno_analfabeta,,0,0,9.472088355,10.02735341,2.561806895,19.481572780265047,EXCLUSION,11.62,low
512,#1859,2024-04,No Elegible,Vulnerabilidad Baja,1.0,1.0,1.0,1.0,1.776038647,1.498900966,1.790108696,1.0,pcr_cdmx,1,low,,,espanol_uno_mas_adultos,adultos_ninguno_analfabeta,0.0,0,0,0.0,17.10850297,2.477495573,16.55793423592243,EXCLUSION,18.1,low
513,#555,2023-08,No Elegible,Vulnerabilidad Baja,1.0,1.0,1.0,1.0,1.0,1.0,1.0,1.0,sotap,1,low,,,espanol_uno_mas_adultos,adultos_ninguno_analfabeta,-500.0,0,0,0.0,0.0,2.0,0.0,EXCLUSION,17.01,low
514,#1223,2023-07,No Elegible,Vulnerabilidad Elevada,2.070141643,1.0,2.578385269,1.0,1.776038647,2.823478261,2.580217391,1.043888889,sotap,2,average,jefatura_femenina,si,espanol_uno_mas_adultos,adultos_uno_mas_analfabeta,0.0,0,-500,17.46888676,32.85812825,3.43704192,49.83177382961031,EXCLUSION,23.69,high
515,#1725,2024-02,Elegible,Vulnerabilidad Baja,1.0,1.0,1.0,1.0,1.0,2.117608696,1.790108696,1.0,foten,1,low,,,espanol_uno_mas_adultos,adultos_ninguno_analfabeta,,0,0,0.0,14.16503897,2.395343965,13.709193850906429,INCLUSION,21.99,low
516,#458,2023-08,No Elegible,Vulnerabilidad Elevada,2.700708215,1.0,3.251728045,1.0,1.0,2.117608696,2.580217391,1.738466184,fupal,1,low,,,espanol_ningun_adulto,adultos_uno_mas_analfabeta,,0,0,24.2379543,27.07165714,3.477029709,51.21842004890596,EXCLUSION,23.9,high
517,#1223,2023-10,Lista de Reserva,Vulnerabilidad Elevada,1.0,1.525552408,1.0,1.0,1.776038647,2.823478261,2.580217391,1.0,sotap,1,low,,,espanol_uno_mas_adultos,adultos_ninguno_analfabeta,,0,0,3.741369748,32.12448674,3.007954444,34.95245940008045,EXCLUSION,22.66,high
518,#458,2024-01,Elegible,Vulnerabilidad Severa,2.700708215,1.0,2.578385269,1.0,1.776038647,2.823478261,2.580217391,1.738466184,fupal,1,low,,,espanol_uno_mas_adultos,adultos_ninguno_analfabeta,0.0,0,0,20.97871872,42.19960637,3.802234322,62.49541570453535,INCLUSION,26.58,high
519,#112,2023-07,No Elegible,Vulnerabilidad Baja,2.070141643,1.0,1.0,1.0,1.0,1.0,1.790108696,1.043888889,sotap,4,average,jefatura_masculina,no,espanol_uno_mas_adultos,adultos_ninguno_analfabeta,,0,-500,6.702282231,6.061858428,2.368684842,12.78475013740434,EXCLUSION,15.75,low
520,#676,2024-04,No Elegible,Vulnerabilidad Baja,1.0,1.0,1.0,1.564135978,1.0,1.0,1.790108696,1.0,pcr_cdmx,4,low,jefatura_femenina,si,espanol_uno_mas_adultos,adultos_ninguno_analfabeta,0.0,0,0,3.975239986,5.614422911,2.275024169,9.536912351290574,EXCLUSION,12.68,low
521,#527,2023-08,Elegible,Vulnerabilidad Elevada,1.0,1.0,1.0,1.0,1.776038647,2.117608696,2.580217391,1.738466184,sotap,4,average,jefatura_femenina,no,espanol_uno_mas_adultos,adultos_uno_mas_analfabeta,,0,0,0.0,36.78475459,3.0266566,35.60098440253921,INCLUSION,26.01,high
522,#555,2024-06,No Elegible,Vulnerabilidad Baja,1.0,1.0,2.578385269,1.0,1.776038647,1.0,1.790108696,1.0,sotap,2,average,jefatura_femenina,si,espanol_uno_mas_adultos,adultos_ninguno_analfabeta,0.0,0,-500,8.975915299,12.01413641,2.602488661,20.89227871542691,EXCLUSION,23.68,low
523,#1223,2024-06,No Elegible,Vulnerabilidad Baja,1.0,1.0,1.0,1.0,1.776038647,1.0,2.580217391,1.043888889,sotap,3,low,jefatura_masculina,no,espanol_uno_mas_adultos,adultos_ninguno_analfabeta,-500.0,0,0,0.0,17.15905947,2.478906597,16.60686377719593,EXCLUSION,13.96,low
524,#527,2023-12,No Elegible,Vulnerabilidad Elevada,1.599560907,1.0,1.0,1.0,1.776038647,2.117608696,2.580217391,1.043888889,sotap,1,low,,,espanol_uno_mas_adultos,adultos_ninguno_analfabeta,-500.0,0,0,4.186184624,28.09152966,2.908635566,31.50841637539648,EXCLUSION,19.57,medium
525,#1805,2024-06,Lista de Reserva,Vulnerabilidad Baja,1.0,2.051104816,1.0,1.0,1.776038647,2.117608696,1.0,1.0,fomon,1,low,,,espanol_uno_mas_adultos,adultos_ninguno_analfabeta,0.0,0,0,6.609317356,14.06650994,2.5893262,20.43584738145429,EXCLUSION,20.05,low
526,#1311,2024-01,No Elegible,Vulnerabilidad Baja,1.0,1.0,1.0,1.0,1.776038647,1.0,1.790108696,1.0,sotap,5,average,jefatura_masculina,no,espanol_uno_mas_adultos,adultos_ninguno_analfabeta,0.0,0,0,0.0,12.01413641,2.33531262,11.62750948618979,EXCLUSION,25.66,low
527,#555,2023-06,No Elegible,Vulnerabilidad Elevada,2.070141643,1.0,1.0,1.0,1.776038647,2.823478261,1.790108696,1.043888889,sotap,1,low,,,espanol_ningun_adulto,adultos_uno_mas_analfabeta,,0,0,6.702282231,26.85846924,2.949114914,32.912105216863374,EXCLUSION,22.82,medium
528,#555,2023-11,Elegible,Vulnerabilidad Baja,1.0,1.0,1.0,1.0,1.776038647,1.0,2.580217391,1.043888889,sotap,1,low,,,espanol_uno_mas_adultos,adultos_uno_mas_analfabeta,,0,0,0.0,17.15905947,2.478906597,16.60686377719593,INCLUSION,25.08,low
529,#1101,2024-06,Lista de Reserva,Vulnerabilidad Baja,1.0,1.0,1.0,1.0,1.0,1.498900966,1.0,1.0,sotap,1,low,,,espanol_uno_mas_adultos,adultos_ninguno_analfabeta,0.0,0,0,0.0,3.815111519,2.10647915,3.692337415207061,EXCLUSION,16.45,low
530,#1311,2024-06,No Elegible por Intenciones,Vulnerabilidad Moderada,2.070141643,1.0,1.0,1.0,1.0,2.117608696,2.580217391,1.043888889,sotap,6,average,jefatura_masculina,no,espanol_uno_mas_adultos,adultos_ninguno_analfabeta,,0,0,6.702282231,19.54126117,2.74489281,25.83037221976404,EXCLUSION,11.59,medium
531,#555,2024-05,Lista de Reserva,Vulnerabilidad Elevada,2.070141643,1.0,2.578385269,1.0,1.776038647,2.823478261,2.580217391,1.043888889,sotap,3,average,jefatura_masculina,no,espanol_uno_mas_adultos,adultos_ninguno_analfabeta,,0,0,17.46888676,32.85812825,3.43704192,49.83177382961031,EXCLUSION,20.1,high
532,#676,2024-01,No Elegible por Duplicidad,Vulnerabilidad Baja,1.0,1.0,1.0,1.0,1.776038647,1.0,1.790108696,1.0,pcr_cdmx,3,low,jefatura_masculina,no,espanol_uno_mas_adultos,adultos_ninguno_analfabeta,0.0,0,0,0.0,12.01413641,2.33531262,11.62750948618979,EXCLUSION,31.78,low
533,#937,2023-09,No Elegible,Vulnerabilidad Baja,1.0,1.0,1.0,1.0,1.776038647,1.498900966,1.0,1.0,futij,1,low,,,espanol_uno_mas_adultos,adultos_ninguno_analfabeta,,0,0,0.0,9.93697889,2.277339487,9.61719697234091,EXCLUSION,23.85,low
534,#112,2024-03,Elegible,Vulnerabilidad Elevada,2.070141643,1.0,2.578385269,1.0,1.776038647,2.823478261,2.580217391,1.043888889,sotap,2,low,jefatura_masculina,no,espanol_uno_mas_adultos,adultos_ninguno_analfabeta,-500.0,0,0,17.46888676,32.85812825,3.43704192,49.83177382961031,INCLUSION,22.68,high
535,#1101,2023-07,Lista de Reserva,Vulnerabilidad Elevada,2.700708215,1.0,1.0,1.0,1.776038647,2.823478261,1.790108696,1.0,sotap,2,complete,jefatura_femenina,si,espanol_uno_mas_adultos,adultos_ninguno_analfabeta,0.0,0,-500,9.472088355,26.18890898,3.012873318,35.123033330466875,EXCLUSION,20.3,high
536,#1311,2024-05,No Elegible,Vulnerabilidad Elevada,1.0,1.0,2.578385269,1.0,1.776038647,2.823478261,2.580217391,1.0,sotap,5,high,jefatura_femenina,no,espanol_uno_mas_adultos,adultos_ninguno_analfabeta,,-500,0,8.975915299,32.12448674,3.163765312,40.35545786145718,EXCLUSION,29.6,high
537,#133,2023-11,Elegible,Vulnerabilidad Moderada,1.0,1.0,2.578385269,1.0,1.776038647,2.117608696,1.790108696,1.0,fupal,1,low,,,espanol_uno_mas_adultos,adultos_ninguno_analfabeta,,0,0,8.975915299,21.88512181,2.877986279,30.44560593426951,INCLUSION,26.29,medium
538,#1725,2024-02,No Elegible por Intenciones,Vulnerabilidad Moderada,1.0,1.0,2.578385269,1.0,1.776038647,1.498900966,1.790108696,1.0,foten,1,low,,,espanol_uno_mas_adultos,adultos_ninguno_analfabeta,,0,0,8.975915299,17.10850297,2.744671614,25.82270346515955,EXCLUSION,26.14,medium
539,#112,2024-02,No Elegible,Vulnerabilidad Elevada,1.0,2.051104816,1.0,1.0,1.776038647,2.823478261,1.790108696,1.0,sotap,2,low,jefatura_masculina,no,espanol_uno_mas_adultos,adultos_ninguno_analfabeta,0.0,0,0,6.609317356,26.18890898,2.927660413,32.16813549794806,EXCLUSION,25.05,medium
540,#071,2024-04,Lista de Reserva,Vulnerabilidad Baja,1.0,1.0,2.578385269,1.0,1.0,1.0,1.790108696,1.043888889,sotap,2,average,jefatura_femenina,si,espanol_uno_mas_adultos,adultos_ninguno_analfabeta,,0,0,8.975915299,6.061858428,2.436361537,15.13155099116565,EXCLUSION,17.63,low
541,#527,2024-06,No Elegible,Vulnerabilidad Elevada,2.700708215,1.0,3.251728045,1.0,1.776038647,2.117608696,2.580217391,1.0,sotap,1,low,,,espanol_ningun_adulto,adultos_ninguno_analfabeta,,0,0,24.2379543,27.40879931,3.486439293,51.54471264673319,EXCLUSION,17.84,high
542,#458,2024-04,Elegible,Vulnerabilidad Baja,1.0,1.0,1.0,1.0,1.0,1.0,1.0,1.0,fupal,1,low,,,espanol_ningun_adulto,adultos_ninguno_analfabeta,,0,0,0.0,0.0,2.0,0.0,INCLUSION,16.0,low
543,#555,2024-05,No Elegible,Vulnerabilidad Baja,1.0,1.0,1.0,1.0,1.776038647,2.117608696,1.0,1.0,sotap,2,low,jefatura_femenina,no,espanol_uno_mas_adultos,adultos_ninguno_analfabeta,0.0,0,0,0.0,14.06650994,2.392594036,13.61383558362086,EXCLUSION,19.67,low
544,#071,2023-08,No Elegible por Intenciones,Vulnerabilidad Baja,1.0,1.0,1.0,1.0,1.776038647,2.117608696,1.790108696,1.0,sotap,2,low,jefatura_femenina,no,espanol_uno_mas_adultos,adultos_ninguno_analfabeta,0.0,0,0,0.0,21.88512181,2.610810239,21.18083670503239,EXCLUSION,25.0,low
545,#527,2023-08,Lista de Reserva,Vulnerabilidad Baja,1.0,2.051104816,1.0,1.0,1.0,1.498900966,1.0,1.0,sotap,1,low,,,espanol_uno_mas_adultos,adultos_ninguno_analfabeta,,0,0,6.609317356,3.815111519,2.303211315,10.514349213040497,EXCLUSION,19.54,low
546,#1167,2023-11,Elegible,Vulnerabilidad Moderada,1.0,1.0,2.578385269,1.0,1.776038647,1.498900966,2.580217391,1.043888889,foten,1,low,,,espanol_uno_mas_adultos,adultos_ninguno_analfabeta,,0,0,8.975915299,22.80125306,2.903555356,31.332255164513256,INCLUSION,26.58,medium
547,#606,2024-02,No Elegible,Vulnerabilidad Elevada,1.0,1.525552408,2.578385269,1.0,1.776038647,2.117608696,2.580217391,1.043888889,foten,2,average,jefatura_femenina,si,espanol_uno_mas_adultos,adultos_ninguno_analfabeta,,0,0,13.7168894,28.09152966,3.192325406,41.34582876179294,EXCLUSION,24.87,high
548,#1054,2024-01,Elegible,Vulnerabilidad Elevada,1.0,1.525552408,2.578385269,1.0,1.776038647,2.823478261,2.580217391,1.0,futij,3,low,jefatura_masculina,no,espanol_uno_mas_adultos,adultos_ninguno_analfabeta,0.0,0,0,13.7168894,32.12448674,3.304884591,45.24900125000146,INCLUSION,31.29,high
549,#1311,2024-02,Elegible,Vulnerabilidad Baja,2.700708215,1.0,1.0,1.0,1.776038647,1.0,1.0,1.0,sotap,4,average,jefatura_masculina,no,espanol_ningun_adulto,adultos_uno_mas_analfabeta,,0,0,9.472088355,5.532745347,2.436363105,15.131605699340447,INCLUSION,28.46,low
550,#1860,2023-09,No Elegible,Vulnerabilidad Baja,1.0,1.0,1.0,1.0,1.0,2.117608696,1.790108696,1.0,pcr_cdmx,3,average,jefatura_femenina,no,espanol_uno_mas_adultos,adultos_ninguno_analfabeta,0.0,0,0,0.0,14.16503897,2.395343965,13.709193850906429,EXCLUSION,21.17,low
551,#527,2024-05,Elegible,Vulnerabilidad Baja,1.0,1.0,2.578385269,1.0,1.0,1.0,1.0,1.043888889,sotap,1,low,,,espanol_uno_mas_adultos,adultos_ninguno_analfabeta,,0,-500,8.975915299,0.386821499,2.277972167,9.6391424255778,INCLUSION,19.4,low
552,#1583,2024-03,No Elegible,Vulnerabilidad Moderada,1.0,1.525552408,1.0,1.0,1.776038647,2.823478261,2.580217391,1.0,foten,1,low,,,espanol_uno_mas_adultos,adultos_ninguno_analfabeta,,0,0,3.741369748,32.12448674,3.007954444,34.95245940008045,EXCLUSION,27.78,high
553,#458,2023-10,No Elegible,Vulnerabilidad Baja,1.0,1.0,1.0,1.0,1.0,1.0,1.0,1.0,fupal,1,low,,,espanol_uno_mas_adultos,adultos_ninguno_analfabeta,0.0,0,0,0.0,0.0,2.0,0.0,EXCLUSION,23.03,low
554,#527,2023-08,No Elegible,Vulnerabilidad Baja,1.599560907,1.525552408,1.0,1.0,1.776038647,1.498900966,1.0,1.043888889,sotap,1,low,,,espanol_uno_mas_adultos,adultos_ninguno_analfabeta,-500.0,-500,0,8.393749546,10.43108127,2.540977168,18.75926744378996,EXCLUSION,27.64,low
555,#527,2023-12,Lista de Reserva,Vulnerabilidad Baja,1.0,1.0,1.0,1.0,1.0,1.0,1.0,1.0,sotap,1,low,,,espanol_uno_mas_adultos,adultos_ninguno_analfabeta,0.0,0,0,0.0,0.0,2.0,0.0,EXCLUSION,20.72,low
556,#1311,2023-10,Elegible,Vulnerabilidad Baja,1.0,1.0,1.0,1.0,1.0,2.117608696,1.790108696,1.0,sotap,1,low,,,espanol_uno_mas_adultos,adultos_ninguno_analfabeta,,0,0,0.0,14.16503897,2.395343965,13.709193850906429,INCLUSION,18.09,low
557,#555,2024-04,No Elegible,Vulnerabilidad Moderada,1.0,1.0,1.0,1.0,1.776038647,2.823478261,1.790108696,1.0,sotap,1,low,,,espanol_uno_mas_adultos,adultos_ninguno_analfabeta,0.0,0,0,0.0,26.18890898,2.730928248,25.34612370011462,EXCLUSION,18.71,medium
558,#112,2024-05,No Elegible,Vulnerabilidad Moderada,1.0,1.0,2.578385269,1.0,1.776038647,2.117608696,1.790108696,1.0,sotap,1,low,,,espanol_uno_mas_adultos,adultos_uno_mas_analfabeta,,0,0,8.975915299,21.88512181,2.877986279,30.44560593426951,EXCLUSION,24.7,medium
559,#692,2023-10,Lista de Reserva,Vulnerabilidad Baja,1.0,1.0,2.578385269,1.0,1.0,1.0,1.0,1.0,pcr_cdmx,1,low,,,espanol_uno_mas_adultos,adultos_ninguno_analfabeta,0.0,0,0,8.975915299,0.0,2.267176041,9.26476922923712,EXCLUSION,21.82,low
560,#112,2023-11,No Elegible,Vulnerabilidad Moderada,2.700708215,1.0,2.578385269,1.0,1.0,1.0,1.790108696,1.043888889,sotap,1,low,,,espanol_uno_mas_adultos,adultos_ninguno_analfabeta,0.0,0,0,20.97871872,6.061858428,2.793635574,27.520616629056853,EXCLUSION,19.04,medium
561,#513,2024-01,Elegible,Vulnerabilidad Baja,1.0,1.0,1.0,1.0,1.776038647,2.117608696,1.790108696,1.0,pcr_cdmx,2,low,jefatura_femenina,no,espanol_uno_mas_adultos,adultos_ninguno_analfabeta,0.0,0,0,0.0,21.88512181,2.610810239,21.18083670503239,INCLUSION,26.84,low
562,#1101,2024-03,Elegible,Vulnerabilidad Elevada,1.0,1.0,2.578385269,1.0,1.776038647,2.117608696,2.580217391,1.738466184,sotap,2,complete,jefatura_femenina,si,espanol_uno_mas_adultos,adultos_ninguno_analfabeta,0.0,0,0,8.975915299,36.78475459,3.29383264,44.86575363177633,INCLUSION,25.72,high
563,#071,2024-02,No Elegible,Vulnerabilidad Elevada,1.0,1.0,2.578385269,1.0,1.776038647,2.117608696,2.580217391,1.738466184,sotap,4,average,jefatura_masculina,no,espanol_ningun_adulto,adultos_ninguno_analfabeta,,0,0,8.975915299,36.78475459,3.29383264,44.86575363177633,EXCLUSION,28.74,high
564,#555,2024-02,Lista de Reserva,Vulnerabilidad Baja,1.0,1.0,2.578385269,1.0,1.0,1.498900966,1.0,1.0,sotap,1,low,,,espanol_ningun_adulto,adultos_ninguno_analfabeta,,0,0,8.975915299,3.815111519,2.373655191,12.95710664444418,EXCLUSION,27.35,low
565,#1223,2023-12,Elegible,Vulnerabilidad Baja,1.0,1.0,1.0,1.0,1.0,1.498900966,1.790108696,1.0,sotap,4,average,jefatura_femenina,si,espanol_uno_mas_adultos,adultos_ninguno_analfabeta,0.0,0,-500,0.0,10.02735341,2.279861825,9.70466314991279,INCLUSION,23.26,low
566,#112,2024-02,Elegible,Vulnerabilidad Moderada,1.0,1.0,1.0,1.0,1.776038647,2.823478261,1.790108696,1.0,sotap,4,average,jefatura_masculina,no,espanol_uno_mas_adultos,adultos_ninguno_analfabeta,0.0,0,0,0.0,26.18890898,2.730928248,25.34612370011462,INCLUSION,24.89,medium
567,#1725,2024-05,No Elegible,Vulnerabilidad Moderada,1.0,1.525552408,1.0,1.0,1.776038647,2.117608696,1.790108696,1.043888889,foten,1,low,,,espanol_uno_mas_adultos,adultos_ninguno_analfabeta,0.0,0,0,3.741369748,22.50821784,2.739565922,25.645651649551347,EXCLUSION,21.69,medium
568,#1583,2024-07,No Elegible,Vulnerabilidad Moderada,1.0,1.0,2.578385269,1.0,1.776038647,2.823478261,1.790108696,1.0,foten,2,average,jefatura_femenina,si,espanol_uno_mas_adultos,adultos_ninguno_analfabeta,,0,0,8.975915299,26.18890898,2.998104289,34.61089292935174,EXCLUSION,27.73,high
569,#555,2023-12,No Elegible,Vulnerabilidad Baja,1.0,1.0,2.578385269,1.0,1.0,1.0,1.0,1.0,sotap,1,low,,,espanol_ningun_adulto,adultos_ninguno_analfabeta,,0,0,8.975915299,0.0,2.267176041,9.26476922923712,EXCLUSION,25.44,low
570,#458,2024-04,No Elegible,Vulnerabilidad Baja,1.0,1.0,2.578385269,1.0,1.776038647,1.498900966,1.0,1.0,fupal,1,low,,,espanol_uno_mas_adultos,adultos_ninguno_analfabeta,0.0,0,0,8.975915299,9.93697889,2.544515527,18.88196620157803,EXCLUSION,20.11,low
571,#555,2024-05,No Elegible,Vulnerabilidad Baja,1.0,1.0,1.0,1.0,1.0,2.117608696,1.0,1.0,sotap,1,low,,,espanol_uno_mas_adultos,adultos_ninguno_analfabeta,,0,0,0.0,7.392265486,2.206316944,7.154374990395034,EXCLUSION,15.19,low
572,#1311,2024-02,Elegible,Vulnerabilidad Elevada,1.599560907,1.0,2.578385269,1.0,1.776038647,2.823478261,2.580217391,1.043888889,sotap,3,low,jefatura_masculina,no,espanol_ningun_adulto,adultos_ninguno_analfabeta,0.0,0,0,14.28054816,32.85812825,3.342138208,46.54083130512371,INCLUSION,29.35,high
573,#071,2023-10,No Elegible,Vulnerabilidad Moderada,1.0,1.0,1.0,1.0,1.776038647,2.823478261,1.790108696,1.0,sotap,3,average,jefatura_masculina,no,espanol_uno_mas_adultos,adultos_ninguno_analfabeta,,0,0,0.0,26.18890898,2.730928248,25.34612370011462,EXCLUSION,26.98,medium
574,#112,2023-06,No Elegible,Vulnerabilidad Baja,1.0,1.0,1.0,1.0,1.776038647,2.117608696,1.790108696,1.0,sotap,2,average,jefatura_femenina,si,espanol_uno_mas_adultos,adultos_ninguno_analfabeta,0.0,0,0,0.0,21.88512181,2.610810239,21.18083670503239,EXCLUSION,20.61,low
575,#1476,2024-04,Lista de Reserva,Vulnerabilidad Elevada,2.700708215,1.525552408,2.578385269,1.0,1.0,2.117608696,1.790108696,1.043888889,pcr_cdmx,4,average,jefatura_masculina,no,espanol_uno_mas_adultos,adultos_ninguno_analfabeta,0.0,0,0,27.05638709,14.70478802,3.215765515,42.15866191967167,EXCLUSION,18.15,high
576,#1311,2023-07,Lista de Reserva,Vulnerabilidad Elevada,1.0,1.0,1.0,1.0,1.776038647,2.823478261,2.580217391,1.043888889,sotap,4,average,jefatura_femenina,si,espanol_uno_mas_adultos,adultos_ninguno_analfabeta,0.0,0,0,0.0,32.85812825,2.917065088,31.80072082478675,EXCLUSION,16.06,medium
577,#645,2023-12,Lista de Reserva,Vulnerabilidad Baja,1.0,1.0,1.0,1.0,1.776038647,1.0,1.790108696,1.0,fupal,1,low,,,espanol_uno_mas_adultos,adultos_ninguno_analfabeta,,0,0,0.0,12.01413641,2.33531262,11.62750948618979,EXCLUSION,23.74,low
578,#555,2024-07,No Elegible,Vulnerabilidad Elevada,2.070141643,1.0,1.0,1.0,1.776038647,2.117608696,2.580217391,1.043888889,sotap,2,average,jefatura_femenina,si,espanol_uno_mas_adultos,adultos_ninguno_analfabeta,-500.0,0,0,6.702282231,28.09152966,2.983529432,34.10548451948735,EXCLUSION,18.74,high
579,#555,2024-01,Elegible,Vulnerabilidad Elevada,2.070141643,1.0,2.578385269,1.0,1.776038647,2.117608696,1.790108696,1.043888889,sotap,8,average,jefatura_masculina,no,espanol_uno_mas_adultos,adultos_ninguno_analfabeta,,0,0,17.46888676,22.50821784,3.148177581,39.81493388651453,INCLUSION,28.22,high
580,#252,2023-12,No Elegible,Vulnerabilidad Moderada,1.0,2.051104816,2.578385269,1.0,1.776038647,1.0,1.790108696,1.0,sotap,2,average,jefatura_masculina,no,espanol_uno_mas_adultos,adultos_uno_mas_analfabeta,0.0,0,0,17.3510839,12.01413641,2.851782945,29.536968617175688,EXCLUSION,35.59,medium
581,#527,2023-11,Elegible,Vulnerabilidad Baja,1.0,1.0,1.0,1.0,1.776038647,2.117608696,1.790108696,1.0,sotap,2,average,jefatura_femenina,si,espanol_uno_mas_adultos,adultos_ninguno_analfabeta,0.0,0,0,0.0,21.88512181,2.610810239,21.18083670503239,INCLUSION,23.55,low
582,#527,2024-01,No Elegible,Vulnerabilidad Moderada,2.070141643,1.0,1.0,1.0,1.776038647,2.117608696,1.790108696,1.0,sotap,1,low,,,espanol_uno_mas_adultos,adultos_ninguno_analfabeta,0.0,0,0,6.702282231,21.88512181,2.810309585,28.0988050805082,EXCLUSION,24.3,medium
583,#1859,2024-04,Elegible,Vulnerabilidad Moderada,1.0,1.525552408,1.0,1.0,1.776038647,2.823478261,1.790108696,1.0,pcr_cdmx,2,average,jefatura_femenina,no,espanol_ningun_adulto,adultos_ninguno_analfabeta,,0,0,3.741369748,26.18890898,2.842293421,29.20789446797501,INCLUSION,22.53,medium
584,#555,2024-04,No Elegible,Vulnerabilidad Baja,1.0,1.0,1.0,1.0,1.0,2.117608696,1.0,1.0,sotap,1,low,,,espanol_uno_mas_adultos,adultos_uno_mas_analfabeta,0.0,0,0,0.0,7.392265486,2.206316944,7.154374990395034,EXCLUSION,21.21,low
585,#1223,2023-12,No Elegible,Vulnerabilidad Severa,2.700708215,1.0,3.251728045,1.0,1.776038647,1.498900966,1.790108696,2.544987923,sotap,4,average,jefatura_femenina,si,espanol_uno_mas_adultos,adultos_uno_mas_analfabeta,0.0,0,0,24.2379543,31.0340229,3.587618702,55.0532729163834,EXCLUSION,25.75,high
586,#1725,2023-07,No Elegible,Vulnerabilidad Moderada,1.0,1.0,1.0,1.0,1.776038647,2.823478261,2.580217391,1.0,foten,1,low,,,espanol_uno_mas_adultos,adultos_ninguno_analfabeta,0.0,0,-500,0.0,32.12448674,2.896589272,31.09068863222006,EXCLUSION,23.09,medium
587,#071,2024-03,No Elegible,Vulnerabilidad Elevada,1.0,1.0,2.578385269,1.0,1.776038647,2.823478261,1.790108696,1.0,sotap,3,complete,jefatura_femenina,si,espanol_uno_mas_adultos,adultos_ninguno_analfabeta,,0,0,8.975915299,26.18890898,2.998104289,34.61089292935174,EXCLUSION,26.87,high
588,#1223,2024-01,Lista de Reserva,Vulnerabilidad Elevada,2.700708215,2.051104816,3.251728045,1.0,1.0,1.498900966,1.0,1.0,sotap,3,average,jefatura_femenina,no,espanol_uno_mas_adultos,adultos_uno_mas_analfabeta,0.0,0,0,35.61565687,3.815111519,3.16661061,40.454141738940535,EXCLUSION,30.3,high
589,#071,2023-10,Lista de Reserva,Vulnerabilidad Baja,1.0,1.0,1.0,1.564135978,1.0,1.0,1.0,1.0,sotap,1,low,,,espanol_uno_mas_adultos,adultos_ninguno_analfabeta,,0,0,3.975239986,0.0,2.118326527,4.103167183989466,EXCLUSION,24.17,low
590,#1311,2024-03,No Elegible,Vulnerabilidad Baja,1.0,1.0,1.0,1.0,1.0,1.0,1.0,1.0,sotap,1,low,,,espanol_uno_mas_adultos,adultos_ninguno_analfabeta,0.0,0,0,0.0,0.0,2.0,0.0,EXCLUSION,19.16,low
591,#527,2023-10,Elegible,Vulnerabilidad Moderada,1.0,1.0,1.0,1.0,1.776038647,2.823478261,1.790108696,1.0,sotap,1,low,,,espanol_uno_mas_adultos,adultos_ninguno_analfabeta,0.0,0,0,0.0,26.18890898,2.730928248,25.34612370011462,INCLUSION,25.83,medium
592,#1102,2023-12,Lista de Reserva,Vulnerabilidad Baja,1.0,1.0,1.0,1.0,1.776038647,1.498900966,1.790108696,1.0,pcr_cdmx,2,average,jefatura_masculina,si,espanol_uno_mas_adultos,adultos_ninguno_analfabeta,,0,0,0.0,17.10850297,2.477495573,16.55793423592243,EXCLUSION,25.52,low
593,#252,2023-10,No Elegible,Vulnerabilidad Elevada,2.700708215,1.0,1.249197356,1.0,1.776038647,2.823478261,1.790108696,1.043888889,sotap,3,average,jefatura_femenina,si,espanol_uno_mas_adultos,adultos_ninguno_analfabeta,0.0,0,0,11.93561888,26.85846924,3.104889798,38.31385587256485,EXCLUSION,19.95,high
594,#555,2023-06,No Elegible,Vulnerabilidad Elevada,2.700708215,2.051104816,1.0,1.0,1.776038647,2.823478261,1.790108696,1.0,sotap,1,low,,,espanol_ningun_adulto,adultos_ninguno_analfabeta,0.0,0,0,17.94487015,26.18890898,3.265073146,43.868477716411775,EXCLUSION,18.82,high
595,#555,2023-12,Lista de Reserva,Vulnerabilidad Severa,2.700708215,1.0,2.578385269,1.0,1.776038647,2.823478261,2.580217391,1.043888889,sotap,2,average,jefatura_femenina,si,espanol_uno_mas_adultos,adultos_ninguno_analfabeta,0.0,0,0,20.97871872,32.85812825,3.541515166,53.45455569191508,EXCLUSION,29.15,high
596,#1311,2023-07,Lista de Reserva,Vulnerabilidad Moderada,2.700708215,1.0,1.0,1.0,1.0,1.0,1.790108696,2.544987923,sotap,1,low,,,espanol_ningun_adulto,adultos_ninguno_analfabeta,-500.0,0,0,9.472088355,16.51639539,2.742915015,25.761790900306664,EXCLUSION,10.82,medium
597,#1101,2023-08,Elegible,Vulnerabilidad Elevada,2.070141643,1.0,3.251728045,1.0,1.776038647,1.498900966,1.0,1.043888889,sotap,3,average,jefatura_masculina,no,espanol_uno_mas_adultos,adultos_uno_mas_analfabeta,0.0,0,0,20.51851115,10.43108127,2.901881398,31.27421600096828,INCLUSION,28.27,medium
598,#1805,2023-08,Elegible,Vulnerabilidad Moderada,1.0,1.0,1.249197356,1.0,1.776038647,2.117608696,2.580217391,1.043888889,fomon,4,average,jefatura_masculina,no,espanol_ningun_adulto,adultos_ninguno_analfabeta,,0,0,1.921713018,28.09152966,2.841231571,29.1710718086438,INCLUSION,26.79,medium
599,#252,2023-07,No Elegible,Vulnerabilidad Moderada,2.700708215,1.0,1.249197356,1.0,1.776038647,1.0,2.580217391,1.0,sotap,1,low,,,espanol_uno_mas_adultos,adultos_ninguno_analfabeta,-500.0,0,0,11.93561888,16.59309681,2.8183849,28.37883339273467,EXCLUSION,13.24,medium
600,#1101,2024-02,No Elegible por Intenciones,Vulnerabilidad Elevada,1.0,1.0,2.578385269,1.0,1.776038647,2.823478261,2.580217391,1.0,sotap,1,low,,,espanol_uno_mas_adultos,adultos_ninguno_analfabeta,0.0,0,0,8.975915299,32.12448674,3.163765312,40.35545786145718,EXCLUSION,29.26,high
601,#238,2024-06,Lista de Reserva,Vulnerabilidad Baja,1.0,1.525552408,1.0,1.0,1.776038647,1.0,2.580217391,1.043888889,futij,1,low,,,espanol_uno_mas_adultos,adultos_ninguno_analfabeta,,0,0,3.741369748,17.15905947,2.59027177,20.46863454505632,EXCLUSION,15.61,low
602,#1223,2023-07,No Elegible,Vulnerabilidad Baja,1.0,1.0,1.0,1.0,1.776038647,1.0,2.580217391,1.043888889,sotap,1,low,,,espanol_uno_mas_adultos,adultos_ninguno_analfabeta,0.0,0,0,0.0,17.15905947,2.478906597,16.60686377719593,EXCLUSION,15.88,low
603,#1101,2024-04,No Elegible,Vulnerabilidad Baja,1.0,1.0,2.578385269,1.0,1.776038647,1.498900966,1.0,1.0,sotap,3,average,jefatura_femenina,si,espanol_uno_mas_adultos,adultos_ninguno_analfabeta,0.0,0,0,8.975915299,9.93697889,2.544515527,18.88196620157803,EXCLUSION,21.14,low
604,#1167,2024-04,No Elegible por Duplicidad,Vulnerabilidad Elevada,1.0,2.051104816,2.578385269,1.0,1.776038647,2.823478261,1.790108696,1.0,foten,1,low,,,espanol_uno_mas_adultos,adultos_ninguno_analfabeta,,0,0,17.3510839,26.18890898,3.247398574,43.25558283110052,EXCLUSION,30.73,high
605,#672,2024-03,No Elegible,Vulnerabilidad Moderada,1.599560907,1.0,1.0,1.0,1.776038647,2.823478261,2.580217391,1.043888889,fupal,1,low,,,espanol_uno_mas_adultos,adultos_ninguno_analfabeta,0.0,0,0,4.186184624,32.85812825,3.041670568,36.1216210561717,EXCLUSION,23.51,high
606,#1311,2023-11,No Elegible,Vulnerabilidad Baja,1.0,1.0,1.0,1.0,1.776038647,1.498900966,1.790108696,1.0,sotap,1,low,,,espanol_uno_mas_adultos,adultos_ninguno_analfabeta,0.0,0,0,0.0,17.10850297,2.477495573,16.55793423592243,EXCLUSION,21.04,low
607,#1101,2023-08,No Elegible,Vulnerabilidad Baja,1.0,1.0,1.0,1.0,1.776038647,1.498900966,2.580217391,1.0,sotap,1,low,,,espanol_uno_mas_adultos,adultos_ninguno_analfabeta,0.0,0,0,0.0,22.17502718,2.618901451,21.46141263032042,EXCLUSION,22.17,medium
608,#645,2023-07,Lista de Reserva,Vulnerabilidad Elevada,1.0,1.0,3.251728045,1.0,1.776038647,2.117608696,1.790108696,1.0,fupal,1,low,,,espanol_uno_mas_adultos,adultos_ninguno_analfabeta,,0,0,11.51832969,21.88512181,2.953663487,33.06983776278628,EXCLUSION,21.26,medium
609,#1101,2023-08,No Elegible,Vulnerabilidad Elevada,1.0,1.0,2.578385269,1.0,1.776038647,2.823478261,2.580217391,1.043888889,sotap,1,low,,,espanol_uno_mas_adultos,adultos_ninguno_analfabeta,0.0,0,0,8.975915299,32.85812825,3.184241129,41.06549005402387,EXCLUSION,27.77,high
610,#1223,2024-02,Elegible,Vulnerabilidad Elevada,1.0,2.051104816,1.0,1.0,1.776038647,2.823478261,1.790108696,1.0,sotap,2,average,jefatura_femenina,si,espanol_uno_mas_adultos,adultos_ninguno_analfabeta,0.0,0,0,6.609317356,26.18890898,2.927660413,32.16813549794806,INCLUSION,26.75,medium
611,#1223,2023-08,Lista de Reserva,Vulnerabilidad Baja,1.0,1.0,1.0,1.0,1.0,1.0,1.0,1.0,sotap,1,low,,,espanol_uno_mas_adultos,adultos_ninguno_analfabeta,0.0,0,0,0.0,0.0,2.0,0.0,EXCLUSION,21.2,low
612,#1101,2023-09,No Elegible,Vulnerabilidad Baja,1.0,1.0,1.0,1.0,1.776038647,2.117608696,1.0,1.0,sotap,1,low,,,espanol_ningun_adulto,adultos_ninguno_analfabeta,,0,0,0.0,14.06650994,2.392594036,13.61383558362086,EXCLUSION,23.21,low
613,#252,2024-05,No Elegible,Vulnerabilidad Baja,1.0,1.0,1.0,1.0,1.0,1.498900966,1.0,1.0,sotap,4,average,jefatura_masculina,no,espanol_uno_mas_adultos,adultos_ninguno_analfabeta,0.0,0,0,0.0,3.815111519,2.10647915,3.692337415207061,EXCLUSION,17.81,low
614,#252,2024-05,No Elegible,Vulnerabilidad Baja,2.070141643,1.0,1.0,1.0,1.0,1.0,2.580217391,1.0,sotap,3,low,jefatura_masculina,no,espanol_uno_mas_adultos,adultos_ninguno_analfabeta,0.0,0,0,6.702282231,9.580889352,2.466900431,16.190535127239098,EXCLUSION,13.48,low
615,#112,2024-05,No Elegible,Vulnerabilidad Baja,1.0,1.0,1.0,1.0,1.0,1.498900966,1.790108696,1.0,sotap,3,low,jefatura_femenina,no,espanol_uno_mas_adultos,adultos_ninguno_analfabeta,0.0,0,0,0.0,10.02735341,2.279861825,9.70466314991279,EXCLUSION,14.82,low
616,#1311,2023-11,Elegible,Vulnerabilidad Elevada,1.0,1.0,2.578385269,1.0,1.776038647,2.823478261,2.580217391,1.0,sotap,1,low,,,espanol_uno_mas_adultos,adultos_ninguno_analfabeta,0.0,0,0,8.975915299,32.12448674,3.163765312,40.35545786145718,INCLUSION,29.08,high
617,#1167,2024-01,Lista de Reserva,Vulnerabilidad Elevada,2.070141643,1.0,1.0,1.0,1.776038647,2.117608696,2.580217391,1.043888889,foten,3,average,jefatura_femenina,si,espanol_uno_mas_adultos,adultos_ninguno_analfabeta,,0,0,6.702282231,28.09152966,2.983529432,34.10548451948735,EXCLUSION,29.79,high
618,#1311,2024-05,No Elegible,Vulnerabilidad Baja,1.0,1.0,1.0,1.0,1.0,1.0,1.0,1.0,sotap,3,low,jefatura_masculina,no,espanol_uno_mas_adultos,adultos_ninguno_analfabeta,0.0,0,0,0.0,0.0,2.0,0.0,EXCLUSION,15.83,low
619,#1101,2024-03,Lista de Reserva,Vulnerabilidad Baja,1.0,1.0,1.0,1.0,1.776038647,2.117608696,1.790108696,1.0,sotap,1,low,,,espanol_uno_mas_adultos,adultos_ninguno_analfabeta,0.0,0,0,0.0,21.88512181,2.610810239,21.18083670503239,EXCLUSION,23.44,low
620,#1311,2023-09,No Elegible,Vulnerabilidad Baja,1.0,1.0,2.578385269,1.0,1.0,1.498900966,1.0,1.0,sotap,1,low,,,espanol_uno_mas_adultos,adultos_ninguno_analfabeta,0.0,0,0,8.975915299,3.815111519,2.373655191,12.95710664444418,EXCLUSION,21.2,low
621,#555,2023-10,No Elegible por Intenciones,Vulnerabilidad Elevada,1.0,1.0,1.0,1.0,1.776038647,2.117608696,2.580217391,1.738466184,sotap,2,average,jefatura_femenina,si,espanol_uno_mas_adultos,adultos_ninguno_analfabeta,0.0,0,0,0.0,36.78475459,3.0266566,35.60098440253921,EXCLUSION,22.97,high
622,#527,2023-12,Elegible,Vulnerabilidad Severa,2.700708215,1.525552408,3.251728045,1.0,1.776038647,2.117608696,1.790108696,1.0,sotap,4,average,jefatura_femenina,no,espanol_uno_mas_adultos,adultos_ninguno_analfabeta,0.0,0,0,30.67858802,21.88512181,3.523985487,52.84669236610401,INCLUSION,27.79,high
623,#440,2024-04,No Elegible,Vulnerabilidad Elevada,1.0,1.0,1.0,1.0,1.776038647,2.117608696,2.580217391,1.738466184,pcr_cdmx,1,low,,,espanol_ningun_adulto,adultos_ninguno_analfabeta,,0,0,0.0,36.78475459,3.0266566,35.60098440253921,EXCLUSION,18.01,high
624,#1102,2023-11,No Elegible por Intenciones,Vulnerabilidad Baja,1.0,1.0,2.578385269,1.0,1.776038647,1.0,1.790108696,1.043888889,pcr_cdmx,1,low,,,espanol_uno_mas_adultos,adultos_ninguno_analfabeta,0.0,0,0,8.975915299,12.53066404,2.616904864,21.39218396976588,EXCLUSION,27.81,medium
625,#1860,2024-03,Lista de Reserva,Vulnerabilidad Baja,1.0,1.0,1.0,1.0,1.776038647,1.0,2.580217391,1.043888889,pcr_cdmx,1,low,,,espanol_uno_mas_adultos,adultos_ninguno_analfabeta,0.0,0,0,0.0,17.15905947,2.478906597,16.60686377719593,EXCLUSION,24.03,low
626,#555,2024-02,No Elegible,Vulnerabilidad Elevada,2.070141643,1.0,1.0,1.0,1.776038647,2.823478261,2.580217391,1.043888889,sotap,7,average,jefatura_femenina,no,espanol_uno_mas_adultos,adultos_ninguno_analfabeta,,-500,0,6.702282231,32.85812825,3.116564434,38.71868920026256,EXCLUSION,26.82,high
627,#527,2023-06,No Elegible,Vulnerabilidad Moderada,1.0,1.0,1.0,1.0,1.776038647,2.117608696,2.580217391,1.043888889,sotap,2,average,jefatura_femenina,no,espanol_uno_mas_adultos,adultos_ninguno_analfabeta,,0,0,0.0,28.09152966,2.784030087,27.18751614401154,EXCLUSION,17.04,medium
628,#1407,2023-11,Elegible,Vulnerabilidad Moderada,2.070141643,1.0,1.0,1.0,1.776038647,2.117608696,1.790108696,1.043888889,foten,1,low,,,espanol_uno_mas_adultos,adultos_ninguno_analfabeta,0.0,0,0,6.702282231,22.50821784,2.827700095,28.70184925716677,INCLUSION,22.88,medium
629,#1311,2024-02,No Elegible,Vulnerabilidad Elevada,1.0,1.0,2.578385269,1.0,1.776038647,2.823478261,1.790108696,1.043888889,sotap,1,low,,,espanol_ningun_adulto,adultos_ninguno_analfabeta,0.0,0,0,8.975915299,26.85846924,3.016791609,35.25890607062468,EXCLUSION,28.6,high
630,#1311,2023-08,Elegible,Vulnerabilidad Elevada,2.700708215,1.0,2.578385269,1.0,1.776038647,2.823478261,1.790108696,1.0,sotap,4,average,jefatura_masculina,no,espanol_uno_mas_adultos,adultos_ninguno_analfabeta,0.0,0,-500,20.97871872,26.18890898,3.355378326,46.99995856724294,INCLUSION,29.8,high
631,#112,2024-06,Lista de Reserva,Vulnerabilidad Moderada,2.700708215,1.0,2.578385269,1.0,1.0,2.117608696,1.0,1.043888889,sotap,1,low,,,espanol_uno_mas_adultos,adultos_ninguno_analfabeta,,0,0,20.97871872,7.858894815,2.843790571,29.25982258808681,EXCLUSION,14.14,medium
632,#692,2023-11,Elegible,Vulnerabilidad Baja,1.0,1.525552408,1.0,1.0,1.776038647,1.0,1.0,1.0,pcr_cdmx,1,low,,,espanol_uno_mas_adultos,adultos_ninguno_analfabeta,0.0,0,0,3.741369748,5.532745347,2.265783208,9.21646683684858,INCLUSION,23.73,low
633,#252,2024-02,No Elegible,Vulnerabilidad Elevada,1.0,1.0,3.251728045,1.0,1.776038647,2.823478261,2.580217391,1.0,sotap,3,average,jefatura_femenina,no,espanol_uno_mas_adultos,adultos_ninguno_analfabeta,0.0,0,-500,11.51832969,32.12448674,3.23944252,42.97968968997395,EXCLUSION,38.97,high
634,#1311,2024-04,No Elegible,Vulnerabilidad Baja,1.599560907,1.0,1.0,1.0,1.0,1.0,1.790108696,1.043888889,sotap,1,low,,,espanol_uno_mas_adultos,adultos_ninguno_analfabeta,,0,0,4.186184624,6.061858428,2.293790976,10.187681993313475,EXCLUSION,13.44,low
635,#252,2024-05,Lista de Reserva,Vulnerabilidad Elevada,1.0,1.0,1.0,1.0,1.776038647,2.823478261,2.580217391,1.043888889,sotap,4,complete,jefatura_femenina,si,espanol_uno_mas_adultos,adultos_ninguno_analfabeta,,0,0,0.0,32.85812825,2.917065088,31.80072082478675,EXCLUSION,17.24,medium
636,#1476,2023-09,No Elegible,Vulnerabilidad Baja,1.0,1.0,2.578385269,1.0,1.0,1.498900966,1.0,1.0,pcr_cdmx,1,low,,,espanol_ningun_adulto,adultos_ninguno_analfabeta,0.0,0,0,8.975915299,3.815111519,2.373655191,12.95710664444418,EXCLUSION,23.53,low
637,#1311,2023-08,No Elegible,Vulnerabilidad Moderada,1.0,1.0,1.0,1.0,1.776038647,2.823478261,1.790108696,1.043888889,sotap,1,low,,,espanol_uno_mas_adultos,adultos_ninguno_analfabeta,,0,0,0.0,26.85846924,2.749615568,25.99413684138756,EXCLUSION,22.49,medium
638,#112,2023-09,No Elegible,Vulnerabilidad Moderada,2.700708215,1.0,1.249197356,1.0,1.0,2.117608696,2.580217391,1.0,sotap,1,low,,,espanol_uno_mas_adultos,adultos_ninguno_analfabeta,-500.0,0,0,11.93561888,18.94985465,2.884161633,30.65974840868563,EXCLUSION,13.43,medium
639,#527,2024-05,No Elegible,Vulnerabilidad Severa,2.700708215,2.051104816,3.251728045,1.0,1.776038647,2.823478261,2.580217391,1.043888889,sotap,4,complete,jefatura_masculina,si,espanol_uno_mas_adultos,adultos_uno_mas_analfabeta,,0,0,35.61565687,32.85812825,3.977196548,68.56252514852022,EXCLUSION,25.02,high
640,#252,2024-06,No Elegible,Vulnerabilidad Elevada,1.0,1.0,2.578385269,1.564135978,1.776038647,2.117608696,1.790108696,1.043888889,sotap,1,low,,,espanol_uno_mas_adultos,adultos_ninguno_analfabeta,-500.0,0,0,14.01324416,22.50821784,3.045317329,36.24808525200392,EXCLUSION,15.6,high
641,#513,2023-10,Elegible,Vulnerabilidad Elevada,1.0,1.0,1.0,1.0,1.776038647,2.823478261,2.580217391,1.043888889,pcr_cdmx,2,average,jefatura_masculina,no,espanol_uno_mas_adultos,adultos_ninguno_analfabeta,-500.0,0,0,0.0,32.85812825,2.917065088,31.80072082478675,INCLUSION,24.01,medium
642,#1223,2024-03,No Elegible,Vulnerabilidad Moderada,2.700708215,1.0,2.578385269,1.0,1.0,1.0,1.790108696,1.0,sotap,2,average,jefatura_femenina,no,espanol_ningun_adulto,adultos_uno_mas_analfabeta,0.0,0,0,20.97871872,5.614422911,2.78114772,27.08758003442943,EXCLUSION,24.19,medium
643,#112,2023-11,Elegible,Vulnerabilidad Moderada,1.0,1.0,1.0,1.0,1.776038647,2.823478261,1.790108696,1.0,sotap,1,low,,,espanol_uno_mas_adultos,adultos_ninguno_analfabeta,0.0,0,0,0.0,26.18890898,2.730928248,25.34612370011462,INCLUSION,24.43,medium
644,#1101,2023-06,No Elegible,Vulnerabilidad Severa,2.700708215,1.0,2.578385269,1.0,1.776038647,2.823478261,2.580217391,1.0,sotap,2,low,jefatura_masculina,no,espanol_ningun_adulto,adultos_uno_mas_analfabeta,0.0,0,0,20.97871872,32.12448674,3.521039349,52.74452349934838,EXCLUSION,24.58,high
645,#252,2023-11,Elegible,Vulnerabilidad Moderada,1.0,1.525552408,1.0,1.0,1.776038647,2.823478261,1.790108696,1.0,sotap,5,low,jefatura_masculina,no,espanol_uno_mas_adultos,adultos_ninguno_analfabeta,,0,0,3.741369748,26.18890898,2.842293421,29.20789446797501,INCLUSION,25.88,medium
646,#527,2024-02,No Elegible,Vulnerabilidad Severa,2.700708215,1.0,2.578385269,1.0,1.776038647,2.823478261,2.580217391,1.738466184,sotap,3,complete,jefatura_femenina,si,espanol_uno_mas_adultos,adultos_ninguno_analfabeta,-500.0,0,0,20.97871872,42.19960637,3.802234322,62.49541570453535,EXCLUSION,19.63,high
647,#527,2024-03,No Elegible,Vulnerabilidad Moderada,1.0,1.0,1.0,1.0,1.776038647,2.823478261,2.580217391,1.0,sotap,7,low,jefatura_masculina,no,espanol_ningun_adulto,adultos_ninguno_analfabeta,,0,0,0.0,32.12448674,2.896589272,31.09068863222006,EXCLUSION,24.61,medium
648,#527,2023-10,No Elegible,Vulnerabilidad Elevada,1.0,1.0,2.578385269,1.0,1.776038647,2.117608696,2.580217391,1.043888889,sotap,5,high,jefatura_masculina,no,espanol_uno_mas_adultos,adultos_ninguno_analfabeta,,0,0,8.975915299,28.09152966,3.051206127,36.45228537324866,EXCLUSION,25.85,high
649,#1200,2024-05,Lista de Reserva,Vulnerabilidad Baja,1.599560907,1.0,1.0,1.0,1.0,1.0,1.790108696,1.043888889,fupal,1,low,,,espanol_uno_mas_adultos,adultos_ninguno_analfabeta,0.0,0,0,4.186184624,6.061858428,2.293790976,10.187681993313475,EXCLUSION,15.6,low
650,#555,2023-06,No Elegible,Vulnerabilidad Moderada,1.599560907,1.0,1.0,1.0,1.776038647,2.823478261,1.790108696,1.043888889,sotap,1,low,,,espanol_uno_mas_adultos,adultos_ninguno_analfabeta,0.0,0,0,4.186184624,26.85846924,2.874221048,30.315037072772505,EXCLUSION,19.36,medium
651,#071,2023-12,Lista de Reserva,Vulnerabilidad Baja,1.0,1.0,1.0,1.0,1.776038647,2.117608696,1.790108696,1.043888889,sotap,1,low,,,espanol_uno_mas_adultos,adultos_ninguno_analfabeta,,0,0,0.0,22.50821784,2.628200749,21.78388088169096,EXCLUSION,25.95,medium
652,#527,2023-11,No Elegible,Vulnerabilidad Moderada,2.700708215,1.0,2.578385269,1.0,1.776038647,1.0,1.0,1.0,sotap,1,low,,,espanol_uno_mas_adultos,adultos_ninguno_analfabeta,-500.0,0,0,20.97871872,5.532745347,2.778868113,27.00853093611651,EXCLUSION,20.65,medium
653,#252,2023-07,No Elegible,Vulnerabilidad Elevada,2.700708215,2.051104816,1.249197356,1.0,1.776038647,2.117608696,1.0,1.043888889,sotap,2,complete,jefatura_femenina,si,espanol_uno_mas_adultos,adultos_ninguno_analfabeta,-500.0,0,0,20.89305637,14.60519526,3.029528919,35.70060128838091,EXCLUSION,11.95,high
654,#1407,2023-08,No Elegible,Vulnerabilidad Elevada,2.070141643,1.0,1.0,1.0,1.776038647,2.823478261,2.580217391,1.043888889,foten,2,average,jefatura_masculina,no,espanol_uno_mas_adultos,adultos_ninguno_analfabeta,0.0,0,0,6.702282231,32.85812825,3.116564434,38.71868920026256,EXCLUSION,25.2,high
655,#1311,2024-06,No Elegible,Vulnerabilidad Baja,2.070141643,1.0,2.578385269,1.0,1.0,1.0,1.0,1.043888889,sotap,1,low,,,espanol_uno_mas_adultos,adultos_ninguno_analfabeta,,0,0,17.46888676,0.386821499,2.530772958,18.405426201164243,EXCLUSION,13.51,low
656,#1805,2023-09,No Elegible,Vulnerabilidad Baja,1.0,1.0,1.0,1.0,1.0,2.117608696,1.790108696,1.0,fomon,1,low,,,espanol_uno_mas_adultos,adultos_uno_mas_analfabeta,0.0,0,0,0.0,14.16503897,2.395343965,13.709193850906429,EXCLUSION,25.68,low
657,#1373,2023-09,Lista de Reserva,Vulnerabilidad Baja,1.0,1.0,1.0,1.0,1.776038647,1.0,1.790108696,1.0,fomon,1,low,,,espanol_ningun_adulto,adultos_ninguno_analfabeta,,0,0,0.0,12.01413641,2.33531262,11.62750948618979,EXCLUSION,20.22,low
658,#112,2024-05,No Elegible,Vulnerabilidad Severa,2.700708215,2.051104816,2.578385269,1.0,1.776038647,2.823478261,2.580217391,1.0,sotap,2,complete,jefatura_femenina,si,espanol_uno_mas_adultos,adultos_ninguno_analfabeta,,0,0,31.71522481,32.12448674,3.840620929,63.82654109183068,EXCLUSION,21.22,high
659,#252,2024-05,No Elegible,Vulnerabilidad Elevada,2.700708215,1.0,2.578385269,1.0,1.776038647,2.823478261,1.790108696,1.0,sotap,1,low,,,espanol_uno_mas_adultos,adultos_ninguno_analfabeta,,0,0,20.97871872,26.18890898,3.355378326,46.99995856724294,EXCLUSION,18.68,high
660,#071,2023-08,No Elegible,Vulnerabilidad Elevada,1.0,1.0,2.578385269,1.0,1.776038647,2.117608696,2.580217391,1.043888889,sotap,3,average,jefatura_masculina,no,espanol_uno_mas_adultos,adultos_ninguno_analfabeta,,0,0,8.975915299,28.09152966,3.051206127,36.45228537324866,EXCLUSION,27.47,high
661,#555,2024-03,No Elegible,Vulnerabilidad Baja,1.0,1.0,1.0,1.0,1.0,1.498900966,1.790108696,1.0,sotap,4,average,jefatura_masculina,no,espanol_uno_mas_adultos,adultos_ninguno_analfabeta,,0,0,0.0,10.02735341,2.279861825,9.70466314991279,EXCLUSION,22.08,low
662,#676,2023-10,Elegible,Vulnerabilidad Baja,1.0,1.0,1.0,1.0,1.776038647,1.0,2.580217391,1.0,pcr_cdmx,2,average,jefatura_masculina,no,espanol_uno_mas_adultos,adultos_ninguno_analfabeta,0.0,0,0,0.0,16.59309681,2.46311067,16.059114361557388,INCLUSION,22.81,low
663,#1223,2024-04,No Elegible,Vulnerabilidad Baja,2.070141643,1.0,1.0,1.0,1.0,1.498900966,1.790108696,1.043888889,sotap,1,low,,,espanol_uno_mas_adultos,adultos_ninguno_analfabeta,0.0,0,0,6.702282231,10.52243148,2.49317872,17.10177748801793,EXCLUSION,14.43,low
664,#071,2023-11,Elegible,Vulnerabilidad Moderada,1.0,1.0,2.578385269,1.0,1.776038647,2.117608696,1.790108696,1.043888889,sotap,6,average,jefatura_masculina,no,espanol_uno_mas_adultos,adultos_ninguno_analfabeta,0.0,0,-500,8.975915299,22.50821784,2.89537679,31.04865011092808,INCLUSION,32.82,medium
665,#555,2024-02,Elegible,Vulnerabilidad Baja,1.0,1.525552408,2.578385269,1.0,1.776038647,1.0,1.0,1.043888889,sotap,1,low,,,espanol_uno_mas_adultos,adultos_ninguno_analfabeta,,0,0,13.7168894,5.979299062,2.575176597,19.94519185666718,INCLUSION,23.3,low
666,#1101,2023-08,No Elegible,Vulnerabilidad Elevada,2.070141643,1.0,1.0,1.0,1.776038647,2.117608696,2.580217391,1.043888889,sotap,1,low,,,espanol_uno_mas_adultos,adultos_ninguno_analfabeta,,0,0,6.702282231,28.09152966,2.983529432,34.10548451948735,EXCLUSION,20.16,high
667,#071,2024-03,No Elegible,Vulnerabilidad Elevada,1.599560907,1.0,1.0,1.0,1.776038647,2.823478261,2.580217391,1.0,sotap,2,complete,jefatura_femenina,si,espanol_uno_mas_adultos,adultos_ninguno_analfabeta,,0,0,4.186184624,32.12448674,3.021194752,35.411588863605004,EXCLUSION,24.03,high
668,#252,2023-07,Lista de Reserva,Vulnerabilidad Baja,2.700708215,1.0,1.0,1.0,1.0,1.498900966,1.790108696,1.0,sotap,5,average,jefatura_masculina,no,espanol_uno_mas_adultos,adultos_ninguno_analfabeta,,0,0,9.472088355,10.02735341,2.561806895,19.481572780265047,EXCLUSION,13.0,low
669,#1101,2023-08,No Elegible,Vulnerabilidad Severa,2.070141643,2.051104816,1.0,1.0,1.776038647,2.117608696,2.580217391,2.544987923,sotap,3,average,jefatura_femenina,si,espanol_ningun_adulto,adultos_ninguno_analfabeta,0.0,0,0,14.63015408,44.04383881,3.664735924,57.72743110170387,EXCLUSION,19.19,high
670,#527,2024-02,No Elegible,Vulnerabilidad Elevada,2.700708215,1.0,2.578385269,1.0,1.776038647,2.823478261,1.0,1.0,sotap,1,low,,,espanol_ningun_adulto,adultos_ninguno_analfabeta,0.0,0,0,20.97871872,17.78726377,3.120889756,38.86868670174595,EXCLUSION,24.03,high
671,#527,2023-06,Lista de Reserva,Vulnerabilidad Baja,1.599560907,1.0,1.0,1.0,1.0,1.0,2.580217391,1.043888889,sotap,2,low,jefatura_femenina,no,espanol_uno_mas_adultos,adultos_ninguno_analfabeta,-500.0,0,0,4.186184624,10.07114734,2.405689587,14.067947978836404,EXCLUSION,12.35,low
672,#527,2024-06,No Elegible,Vulnerabilidad Baja,1.0,2.051104816,1.0,1.0,1.0,1.498900966,1.0,1.0,sotap,1,low,,,espanol_uno_mas_adultos,adultos_ninguno_analfabeta,0.0,0,0,6.609317356,3.815111519,2.303211315,10.514349213040497,EXCLUSION,13.86,low
673,#071,2024-02,Elegible,Vulnerabilidad Baja,1.0,1.0,1.0,1.0,1.0,1.498900966,1.0,1.0,sotap,1,low,,,espanol_uno_mas_adultos,adultos_ninguno_analfabeta,0.0,0,0,0.0,3.815111519,2.10647915,3.692337415207061,INCLUSION,20.96,low
674,#1223,2024-07,Lista de Reserva,Vulnerabilidad Baja,1.0,1.525552408,1.0,1.0,1.0,1.498900966,1.790108696,1.0,sotap,2,average,jefatura_masculina,no,espanol_uno_mas_adultos,adultos_ninguno_analfabeta,0.0,0,0,3.741369748,10.02735341,2.391226998,13.566433917773178,EXCLUSION,18.02,low
675,#1311,2023-10,Elegible,Vulnerabilidad Baja,1.0,1.0,3.251728045,1.0,1.0,1.498900966,1.790108696,1.0,sotap,3,average,jefatura_masculina,no,espanol_ningun_adulto,adultos_uno_mas_analfabeta,0.0,0,0,11.51832969,10.02735341,2.622715074,21.59366420766668,INCLUSION,28.6,medium
676,#252,2023-12,No Elegible,Vulnerabilidad Baja,1.0,1.0,2.578385269,1.0,1.0,1.0,1.0,1.0,sotap,1,low,,,espanol_uno_mas_adultos,adultos_ninguno_analfabeta,0.0,0,0,8.975915299,0.0,2.267176041,9.26476922923712,EXCLUSION,26.62,low
677,#1054,2023-07,Lista de Reserva,Vulnerabilidad Baja,1.0,1.525552408,1.0,1.0,1.776038647,1.0,1.0,1.0,futij,1,low,,,espanol_uno_mas_adultos,adultos_ninguno_analfabeta,,0,0,3.741369748,5.532745347,2.265783208,9.21646683684858,EXCLUSION,17.72,low
678,#645,2023-07,Lista de Reserva,Vulnerabilidad Baja,1.0,1.0,3.251728045,1.0,1.776038647,1.0,1.790108696,1.043888889,fupal,1,low,,,espanol_uno_mas_adultos,adultos_ninguno_analfabeta,0.0,-500,0,11.51832969,12.53066404,2.692582072,24.01641579828265,EXCLUSION,26.42,medium
679,#252,2024-01,No Elegible,Vulnerabilidad Moderada,1.0,1.525552408,2.578385269,1.0,1.776038647,1.0,1.790108696,1.0,sotap,1,low,,,espanol_uno_mas_adultos,adultos_ninguno_analfabeta,0.0,0,0,13.7168894,12.01413641,2.743607939,25.785822103971192,EXCLUSION,28.61,medium
680,#1476,2023-12,Elegible,Vulnerabilidad Elevada,1.0,1.0,2.578385269,1.0,1.776038647,2.823478261,1.790108696,1.0,pcr_cdmx,4,average,jefatura_masculina,no,espanol_ningun_adulto,adultos_ninguno_analfabeta,,0,0,8.975915299,26.18890898,2.998104289,34.61089292935174,INCLUSION,36.27,high
681,#1407,2024-05,No Elegible por Intenciones,Vulnerabilidad Baja,1.0,1.0,1.0,1.0,1.0,2.117608696,1.790108696,1.0,foten,2,average,jefatura_masculina,no,espanol_uno_mas_adultos,adultos_ninguno_analfabeta,0.0,0,0,0.0,14.16503897,2.395343965,13.709193850906429,EXCLUSION,18.45,low
682,#1771,2024-03,No Elegible,Vulnerabilidad Elevada,1.0,2.051104816,2.578385269,1.0,1.776038647,2.823478261,1.790108696,1.0,fupal,1,low,,,espanol_ningun_adulto,adultos_uno_mas_analfabeta,,0,0,17.3510839,26.18890898,3.247398574,43.25558283110052,EXCLUSION,32.3,high
683,#071,2024-03,No Elegible,Vulnerabilidad Moderada,1.0,1.0,2.578385269,1.0,1.776038647,1.498900966,1.790108696,1.0,sotap,2,average,jefatura_femenina,si,espanol_ningun_adulto,adultos_ninguno_analfabeta,0.0,0,0,8.975915299,17.10850297,2.744671614,25.82270346515955,EXCLUSION,24.41,medium
684,#1311,2023-08,No Elegible,Vulnerabilidad Baja,1.0,1.0,1.0,1.564135978,1.776038647,2.823478261,1.0,1.043888889,sotap,1,low,,,espanol_uno_mas_adultos,adultos_ninguno_analfabeta,0.0,0,0,3.975239986,18.36611881,2.630921956,21.87824592456485,EXCLUSION,32.42,medium
685,#1223,2023-08,Lista de Reserva,Vulnerabilidad Moderada,1.0,1.0,1.0,1.0,1.776038647,2.823478261,1.790108696,1.0,sotap,1,low,,,espanol_ningun_adulto,adultos_ninguno_analfabeta,0.0,0,0,0.0,26.18890898,2.730928248,25.34612370011462,EXCLUSION,25.47,medium
686,#071,2023-12,Lista de Reserva,Vulnerabilidad Elevada,1.0,1.0,2.578385269,1.0,1.776038647,2.823478261,2.580217391,1.043888889,sotap,1,low,,,espanol_uno_mas_adultos,adultos_uno_mas_analfabeta,0.0,0,0,8.975915299,32.85812825,3.184241129,41.06549005402387,EXCLUSION,31.89,high
687,#527,2024-02,Elegible,Vulnerabilidad Baja,1.0,1.525552408,1.0,1.0,1.776038647,1.498900966,1.790108696,1.0,sotap,1,low,,,espanol_uno_mas_adultos,adultos_ninguno_analfabeta,,0,0,3.741369748,17.10850297,2.588860746,20.41970500378282,INCLUSION,21.36,low
688,#676,2023-06,No Elegible,Vulnerabilidad Baja,1.0,1.0,1.0,1.0,1.776038647,2.117608696,1.790108696,1.0,pcr_cdmx,1,low,,,espanol_uno_mas_adultos,adultos_ninguno_analfabeta,0.0,0,0,0.0,21.88512181,2.610810239,21.18083670503239,EXCLUSION,19.5,low
689,#112,2024-04,No Elegible,Vulnerabilidad Moderada,1.0,1.0,1.0,1.0,1.776038647,2.117608696,2.580217391,1.0,sotap,1,low,,,espanol_uno_mas_adultos,adultos_ninguno_analfabeta,,0,0,0.0,27.40879931,2.764975192,26.526756739404888,EXCLUSION,18.13,medium
690,#527,2023-10,Elegible,Vulnerabilidad Baja,1.0,1.0,1.0,1.0,1.776038647,1.498900966,1.790108696,1.0,sotap,1,low,,,espanol_uno_mas_adultos,adultos_ninguno_analfabeta,,0,0,0.0,17.10850297,2.477495573,16.55793423592243,INCLUSION,20.42,low
691,#112,2024-05,No Elegible,Vulnerabilidad Severa,2.070141643,1.0,1.0,1.0,1.776038647,2.823478261,2.580217391,2.544987923,sotap,2,complete,jefatura_femenina,si,espanol_uno_mas_adultos,adultos_ninguno_analfabeta,,0,0,6.702282231,50.0,3.594991325,55.308918375475805,EXCLUSION,14.52,high
692,#555,2023-11,Elegible,Vulnerabilidad Elevada,2.700708215,1.0,3.251728045,1.0,1.776038647,2.117608696,1.790108696,1.0,sotap,3,complete,jefatura_femenina,si,espanol_uno_mas_adultos,adultos_ninguno_analfabeta,0.0,0,0,24.2379543,21.88512181,3.33227434,46.19879261236069,INCLUSION,23.05,high
693,#692,2023-12,No Elegible,Vulnerabilidad Baja,1.0,1.0,1.0,1.0,1.776038647,1.498900966,1.790108696,1.0,pcr_cdmx,1,low,,,espanol_uno_mas_adultos,adultos_ninguno_analfabeta,0.0,0,0,0.0,17.10850297,2.477495573,16.55793423592243,EXCLUSION,28.72,low
694,#527,2024-05,No Elegible,Vulnerabilidad Elevada,2.700708215,2.051104816,3.251728045,1.0,1.0,2.117608696,1.0,1.0,sotap,2,complete,jefatura_femenina,si,espanol_uno_mas_adultos,adultos_ninguno_analfabeta,,0,-500,35.61565687,7.392265486,3.266448403,43.916179314128506,EXCLUSION,19.21,high
695,#937,2023-11,No Elegible,Vulnerabilidad Baja,1.0,1.0,1.0,1.0,1.0,1.0,1.790108696,1.0,futij,1,low,,,espanol_uno_mas_adultos,adultos_ninguno_analfabeta,,0,0,0.0,5.614422911,2.156697643,5.433745167301109,EXCLUSION,20.45,low
696,#1841,2024-05,No Elegible,Vulnerabilidad Baja,1.0,1.525552408,1.0,1.0,1.0,1.498900966,1.0,1.0,foten,1,low,,,espanol_ningun_adulto,adultos_uno_mas_analfabeta,,0,0,3.741369748,3.815111519,2.217844323,7.554108183067449,EXCLUSION,19.92,low
697,#1101,2023-07,Lista de Reserva,Vulnerabilidad Baja,1.599560907,1.0,1.0,1.0,1.0,2.823478261,1.790108696,1.043888889,sotap,1,low,,,espanol_uno_mas_adultos,adultos_ninguno_analfabeta,,0,0,4.186184624,18.47313819,2.640187803,22.199554361292552,EXCLUSION,14.21,medium
698,#527,2024-03,Elegible,Vulnerabilidad Elevada,1.0,2.051104816,1.0,1.0,1.776038647,2.823478261,2.580217391,1.0,sotap,1,low,,,espanol_uno_mas_adultos,adultos_uno_mas_analfabeta,,0,0,6.609317356,32.12448674,3.093321436,37.9127004300535,INCLUSION,24.97,high
699,#555,2023-09,No Elegible,Vulnerabilidad Baja,2.070141643,1.0,1.0,1.0,1.776038647,1.0,1.790108696,1.043888889,sotap,1,low,,,espanol_uno_mas_adultos,adultos_ninguno_analfabeta,,0,0,6.702282231,12.53066404,2.549228169,19.04538311600457,EXCLUSION,17.5,low
700,#112,2024-05,No Elegible,Vulnerabilidad Elevada,2.070141643,1.0,1.0,1.0,1.776038647,2.117608696,2.580217391,1.043888889,sotap,1,low,,,espanol_ningun_adulto,adultos_ninguno_analfabeta,0.0,0,0,6.702282231,28.09152966,2.983529432,34.10548451948735,EXCLUSION,16.64,high
701,#458,2024-03,Lista de Reserva,Vulnerabilidad Baja,1.0,1.0,2.578385269,1.0,1.776038647,1.0,1.790108696,1.043888889,fupal,1,low,,,espanol_uno_mas_adultos,adultos_ninguno_analfabeta,,0,0,8.975915299,12.53066404,2.616904864,21.39218396976588,EXCLUSION,25.59,medium
702,#1223,2024-03,No Elegible,Vulnerabilidad Baja,1.0,1.0,1.0,1.0,1.776038647,2.117608696,1.790108696,1.0,sotap,3,low,jefatura_femenina,no,espanol_uno_mas_adultos,adultos_ninguno_analfabeta,0.0,0,0,0.0,21.88512181,2.610810239,21.18083670503239,EXCLUSION,25.23,low
703,#1223,2024-03,No Elegible,Vulnerabilidad Elevada,2.070141643,1.0,2.578385269,1.0,1.776038647,2.823478261,2.580217391,1.043888889,sotap,2,average,jefatura_masculina,si,espanol_uno_mas_adultos,adultos_uno_mas_analfabeta,0.0,0,0,17.46888676,32.85812825,3.43704192,49.83177382961031,EXCLUSION,26.24,high
704,#252,2023-06,No Elegible,Vulnerabilidad Severa,2.700708215,2.051104816,3.251728045,1.0,1.776038647,1.0,2.580217391,1.043888889,sotap,2,complete,jefatura_masculina,si,espanol_uno_mas_adultos,adultos_ninguno_analfabeta,0.0,0,0,35.61565687,17.15905947,3.539038057,53.3686681009294,EXCLUSION,18.67,high
705,#1323,2024-02,Lista de Reserva,Vulnerabilidad Severa,2.070141643,1.0,1.0,1.0,1.776038647,2.823478261,2.580217391,2.544987923,fupal,1,low,,,espanol_uno_mas_adultos,adultos_ninguno_analfabeta,,0,0,6.702282231,50.0,3.594991325,55.308918375475805,EXCLUSION,20.65,high
706,#1223,2024-02,Lista de Reserva,Vulnerabilidad Baja,1.0,1.0,2.578385269,1.0,1.0,1.0,1.0,1.0,sotap,1,low,,,espanol_uno_mas_adultos,adultos_ninguno_analfabeta,0.0,0,0,8.975915299,0.0,2.267176041,9.26476922923712,EXCLUSION,23.22,low
707,#1311,2024-04,No Elegible,Vulnerabilidad Baja,1.0,2.051104816,1.0,1.0,1.0,1.498900966,1.0,1.043888889,sotap,1,low,,,espanol_uno_mas_adultos,adultos_ninguno_analfabeta,0.0,0,0,6.609317356,4.243121443,2.315157003,10.928585349676254,EXCLUSION,15.41,low
708,#1223,2024-05,No Elegible,Vulnerabilidad Baja,1.0,1.0,1.0,1.0,1.0,1.0,1.790108696,1.0,sotap,3,average,jefatura_femenina,no,espanol_uno_mas_adultos,adultos_ninguno_analfabeta,-500.0,0,0,0.0,5.614422911,2.156697643,5.433745167301109,EXCLUSION,15.25,low
709,#555,2024-05,No Elegible,Vulnerabilidad Severa,2.700708215,1.525552408,3.251728045,1.0,1.776038647,1.498900966,2.580217391,1.043888889,sotap,2,complete,jefatura_femenina,si,espanol_uno_mas_adultos,adultos_ninguno_analfabeta,,0,0,30.67858802,22.80125306,3.549554563,53.73334159634776,EXCLUSION,19.46,high
710,#071,2023-07,Lista de Reserva,Vulnerabilidad Elevada,1.0,1.0,2.578385269,1.0,1.776038647,2.117608696,2.580217391,1.738466184,sotap,1,low,,,espanol_uno_mas_adultos,adultos_ninguno_analfabeta,,0,0,8.975915299,36.78475459,3.29383264,44.86575363177633,EXCLUSION,20.46,high
711,#1223,2024-03,Lista de Reserva,Vulnerabilidad Moderada,1.0,2.051104816,1.249197356,1.0,1.776038647,2.117608696,1.790108696,1.0,sotap,1,low,,,espanol_uno_mas_adultos,adultos_ninguno_analfabeta,,0,0,8.909093135,21.88512181,2.875997259,30.376633366209827,EXCLUSION,22.22,medium
712,#527,2024-02,Lista de Reserva,Vulnerabilidad Severa,2.700708215,2.051104816,3.251728045,1.564135978,1.776038647,2.117608696,1.790108696,1.043888889,sotap,1,low,,,espanol_uno_mas_adultos,adultos_ninguno_analfabeta,,0,0,43.80517382,22.50821784,3.932100408,66.99874900039238,EXCLUSION,22.32,high
713,#071,2024-01,Lista de Reserva,Vulnerabilidad Moderada,1.0,1.0,2.578385269,1.0,1.776038647,2.117608696,1.790108696,1.043888889,sotap,4,average,jefatura_masculina,no,espanol_uno_mas_adultos,adultos_ninguno_analfabeta,0.0,0,0,8.975915299,22.50821784,2.89537679,31.04865011092808,EXCLUSION,30.61,medium
714,#1323,2024-01,No Elegible,Vulnerabilidad Baja,1.0,1.525552408,1.0,1.0,1.776038647,2.117608696,1.0,1.0,fupal,4,average,jefatura_femenina,no,espanol_uno_mas_adultos,adultos_ninguno_analfabeta,0.0,0,0,3.741369748,14.06650994,2.503959209,17.475606351481247,EXCLUSION,30.57,low
715,#071,2023-06,No Elegible,Vulnerabilidad Elevada,1.0,1.0,2.578385269,1.0,1.776038647,2.823478261,1.790108696,1.0,sotap,4,average,jefatura_femenina,si,espanol_uno_mas_adultos,adultos_uno_mas_analfabeta,,0,0,8.975915299,26.18890898,2.998104289,34.61089292935174,EXCLUSION,25.87,high
716,#112,2024-01,Elegible,Vulnerabilidad Elevada,2.070141643,1.0,2.578385269,1.0,1.0,2.117608696,2.580217391,1.043888889,sotap,2,average,jefatura_femenina,si,espanol_uno_mas_adultos,adultos_ninguno_analfabeta,0.0,0,0,17.46888676,19.54126117,3.065370296,36.94345684911179,INCLUSION,20.3,high
717,#555,2024-04,No Elegible,Vulnerabilidad Baja,2.070141643,1.0,1.0,1.0,1.0,1.498900966,1.790108696,1.043888889,sotap,1,low,,,espanol_uno_mas_adultos,adultos_ninguno_analfabeta,,0,0,6.702282231,10.52243148,2.49317872,17.10177748801793,EXCLUSION,13.23,low
718,#1373,2023-11,Lista de Reserva,Vulnerabilidad Baja,1.0,1.0,1.0,1.0,1.776038647,2.117608696,1.790108696,1.0,fomon,5,average,jefatura_masculina,no,espanol_uno_mas_adultos,adultos_ninguno_analfabeta,-500.0,0,0,0.0,21.88512181,2.610810239,21.18083670503239,EXCLUSION,26.85,low
719,#252,2024-05,Lista de Reserva,Vulnerabilidad Moderada,1.0,1.525552408,1.0,1.0,1.776038647,2.823478261,1.790108696,1.0,sotap,5,high,jefatura_masculina,no,espanol_uno_mas_adultos,adultos_ninguno_analfabeta,,-500,0,3.741369748,26.18890898,2.842293421,29.20789446797501,EXCLUSION,22.35,medium
720,#071,2024-05,No Elegible,Vulnerabilidad Elevada,1.0,1.0,2.578385269,1.0,1.776038647,2.117608696,2.580217391,1.0,sotap,6,high,jefatura_femenina,no,espanol_uno_mas_adultos,adultos_ninguno_analfabeta,,0,0,8.975915299,27.40879931,3.032151233,35.791525968642006,EXCLUSION,20.72,high
721,#672,2024-05,No Elegible,Vulnerabilidad Elevada,2.700708215,1.0,2.578385269,1.0,1.776038647,2.823478261,1.790108696,1.0,fupal,1,low,,,espanol_uno_mas_adultos,adultos_ninguno_analfabeta,,0,0,20.97871872,26.18890898,3.355378326,46.99995856724294,EXCLUSION,20.3,high
722,#1101,2023-06,No Elegible,Vulnerabilidad Moderada,1.0,2.051104816,2.578385269,1.0,1.776038647,1.498900966,1.0,1.0,sotap,1,low,,,espanol_uno_mas_adultos,adultos_ninguno_analfabeta,-500.0,0,0,17.3510839,9.93697889,2.793809812,27.526656103326808,EXCLUSION,20.22,medium
723,#1311,2023-07,No Elegible,Vulnerabilidad Severa,2.700708215,1.525552408,3.251728045,1.0,1.776038647,2.117608696,1.790108696,1.0,sotap,2,complete,jefatura_masculina,si,espanol_uno_mas_adultos,adultos_ninguno_analfabeta,0.0,0,0,30.67858802,21.88512181,3.523985487,52.84669236610401,EXCLUSION,19.92,high
724,#527,2024-03,Lista de Reserva,Vulnerabilidad Moderada,1.0,1.0,1.0,1.0,1.776038647,1.498900966,2.580217391,1.738466184,sotap,2,low,jefatura_masculina,no,espanol_ningun_adulto,adultos_ninguno_analfabeta,,0,0,0.0,30.77500505,2.858925454,29.78463461248595,EXCLUSION,18.44,medium
725,#071,2024-04,Lista de Reserva,Vulnerabilidad Baja,1.0,2.051104816,1.0,1.0,1.776038647,1.0,1.790108696,1.0,sotap,2,average,jefatura_femenina,si,espanol_uno_mas_adultos,adultos_ninguno_analfabeta,0.0,0,0,6.609317356,12.01413641,2.532044784,18.449521284023227,EXCLUSION,18.73,low
726,#555,2024-03,No Elegible,Vulnerabilidad Moderada,1.0,1.0,1.0,1.0,1.776038647,2.823478261,1.790108696,1.0,sotap,1,low,,,espanol_ningun_adulto,adultos_uno_mas_analfabeta,,0,0,0.0,26.18890898,2.730928248,25.34612370011462,EXCLUSION,28.81,medium
727,#252,2024-05,No Elegible,Vulnerabilidad Moderada,1.0,1.0,1.0,1.0,1.776038647,2.823478261,1.790108696,1.0,sotap,1,low,,,espanol_uno_mas_adultos,adultos_ninguno_analfabeta,0.0,0,0,0.0,26.18890898,2.730928248,25.34612370011462,EXCLUSION,19.57,medium
728,#112,2024-06,Elegible,Vulnerabilidad Moderada,1.0,1.0,1.0,1.0,1.776038647,2.823478261,1.790108696,1.0,sotap,1,low,,,espanol_uno_mas_adultos,adultos_ninguno_analfabeta,,0,0,0.0,26.18890898,2.730928248,25.34612370011462,INCLUSION,17.05,medium
729,#1223,2024-01,No Elegible,Vulnerabilidad Moderada,1.0,1.0,1.0,1.0,1.776038647,2.823478261,1.790108696,1.0,sotap,1,low,,,espanol_ningun_adulto,adultos_ninguno_analfabeta,0.0,0,0,0.0,26.18890898,2.730928248,25.34612370011462,EXCLUSION,29.4,medium
730,#555,2023-12,Lista de Reserva,Vulnerabilidad Baja,1.599560907,1.0,1.0,1.0,1.0,1.498900966,1.790108696,1.0,sotap,1,low,,,espanol_uno_mas_adultos,adultos_ninguno_analfabeta,0.0,0,0,4.186184624,10.02735341,2.404467305,14.025563381297731,EXCLUSION,21.26,low
731,#1167,2024-06,No Elegible,Vulnerabilidad Baja,1.0,1.0,1.249197356,1.0,1.0,1.498900966,1.790108696,1.0,foten,4,average,jefatura_masculina,no,espanol_uno_mas_adultos,adultos_ninguno_analfabeta,,0,0,1.921713018,10.02735341,2.337063309,11.688218814545047,EXCLUSION,16.57,low
732,#1223,2023-11,Lista de Reserva,Vulnerabilidad Baja,1.0,1.0,2.578385269,1.0,1.0,1.0,1.790108696,1.0,sotap,1,low,,,espanol_uno_mas_adultos,adultos_ninguno_analfabeta,,0,0,8.975915299,5.614422911,2.423873683,14.69851439653823,EXCLUSION,21.01,low
733,#1311,2023-09,No Elegible,Vulnerabilidad Elevada,1.0,1.525552408,3.251728045,1.0,1.776038647,2.823478261,2.580217391,1.043888889,sotap,2,average,jefatura_masculina,si,espanol_uno_mas_adultos,adultos_ninguno_analfabeta,-500.0,0,0,16.54244021,32.85812825,3.409465421,48.87551330318476,EXCLUSION,23.97,high
734,#555,2023-12,No Elegible,Vulnerabilidad Elevada,2.070141643,2.051104816,1.0,1.0,1.776038647,2.823478261,1.790108696,1.043888889,sotap,3,low,jefatura_femenina,si,espanol_uno_mas_adultos,adultos_ninguno_analfabeta,,0,0,14.63015408,26.85846924,3.185095016,41.09510390983604,EXCLUSION,25.98,high
735,#1415,2024-05,No Elegible,Vulnerabilidad Elevada,2.070141643,1.525552408,1.0,1.0,1.776038647,1.498900966,2.580217391,1.043888889,fomon,3,complete,jefatura_femenina,si,espanol_uno_mas_adultos,adultos_ninguno_analfabeta,-500.0,-500,0,11.1900528,22.80125306,2.969461113,33.61764582443294,EXCLUSION,18.97,medium
736,#555,2024-05,Elegible,Vulnerabilidad Severa,2.700708215,2.051104816,3.251728045,1.0,1.776038647,2.823478261,1.790108696,1.0,sotap,2,complete,jefatura_masculina,si,espanol_uno_mas_adultos,adultos_ninguno_analfabeta,0.0,0,0,35.61565687,26.18890898,3.791059708,62.10792802384809,INCLUSION,22.83,high
737,#071,2023-09,Lista de Reserva,Vulnerabilidad Elevada,2.700708215,2.051104816,3.251728045,1.0,1.776038647,1.0,1.790108696,1.043888889,sotap,6,average,jefatura_femenina,no,espanol_uno_mas_adultos,adultos_ninguno_analfabeta,0.0,0,0,35.61565687,12.53066404,3.409860283,48.88921906426224,EXCLUSION,18.05,high
738,#071,2023-07,No Elegible,Vulnerabilidad Elevada,2.700708215,1.0,3.251728045,1.0,1.776038647,2.823478261,1.790108696,1.0,sotap,5,high,jefatura_femenina,no,espanol_uno_mas_adultos,adultos_ninguno_analfabeta,,0,0,24.2379543,26.18890898,3.45239235,50.36407960744292,EXCLUSION,17.78,high
739,#112,2024-02,Elegible,Vulnerabilidad Moderada,1.0,1.0,2.578385269,1.0,1.776038647,2.117608696,1.790108696,1.0,sotap,2,average,jefatura_masculina,no,espanol_uno_mas_adultos,adultos_ninguno_analfabeta,,0,0,8.975915299,21.88512181,2.877986279,30.44560593426951,INCLUSION,30.35,medium
740,#672,2024-06,No Elegible,Vulnerabilidad Severa,2.070141643,1.0,2.578385269,1.0,1.776038647,2.823478261,2.580217391,1.738466184,fupal,2,complete,jefatura_femenina,si,espanol_uno_mas_adultos,adultos_uno_mas_analfabeta,,0,0,17.46888676,42.19960637,3.697761076,58.87263384223059,EXCLUSION,21.59,high
741,#1101,2023-08,No Elegible,Vulnerabilidad Moderada,1.0,1.0,2.578385269,1.0,1.776038647,2.117608696,1.790108696,1.0,sotap,1,low,,,espanol_uno_mas_adultos,adultos_ninguno_analfabeta,,0,0,8.975915299,21.88512181,2.877986279,30.44560593426951,EXCLUSION,26.07,medium
742,#071,2023-07,Lista de Reserva,Vulnerabilidad Elevada,2.070141643,1.0,1.0,1.0,1.776038647,2.823478261,1.790108696,1.043888889,sotap,2,complete,jefatura_femenina,si,espanol_uno_mas_adultos,adultos_ninguno_analfabeta,0.0,0,-500,6.702282231,26.85846924,2.949114914,32.912105216863374,EXCLUSION,21.34,medium
743,#133,2023-07,No Elegible,Vulnerabilidad Elevada,2.700708215,1.0,1.249197356,1.0,1.776038647,2.823478261,2.580217391,1.0,fupal,3,complete,jefatura_femenina,si,espanol_uno_mas_adultos,adultos_ninguno_analfabeta,,0,0,11.93561888,32.12448674,3.251863502,43.41040766339734,EXCLUSION,18.1,high
744,#1311,2024-03,Lista de Reserva,Vulnerabilidad Baja,1.0,1.0,2.578385269,1.0,1.0,1.0,1.790108696,1.043888889,sotap,1,low,,,espanol_uno_mas_adultos,adultos_ninguno_analfabeta,,0,0,8.975915299,6.061858428,2.436361537,15.13155099116565,EXCLUSION,19.87,low
745,#1841,2024-02,Lista de Reserva,Vulnerabilidad Elevada,1.0,1.525552408,2.578385269,1.0,1.776038647,2.823478261,1.790108696,1.0,foten,2,average,jefatura_femenina,si,espanol_uno_mas_adultos,adultos_ninguno_analfabeta,,0,0,13.7168894,26.18890898,3.139223567,39.50443631789602,EXCLUSION,31.27,high
746,#555,2024-04,Elegible,Vulnerabilidad Elevada,2.070141643,1.0,2.578385269,1.0,1.776038647,2.823478261,1.790108696,1.043888889,sotap,1,low,,,espanol_uno_mas_adultos,adultos_ninguno_analfabeta,0.0,0,0,17.46888676,26.85846924,3.2695924,44.02518984621112,INCLUSION,20.76,high
747,,2024-05,No Elegible,Vulnerabilidad Elevada,1.0,2.051104816,1.0,1.0,1.776038647,2.823478261,1.790108696,1.0,,4,average,jefatura_masculina,no,espanol_uno_mas_adultos,adultos_ninguno_analfabeta,,0,0,6.609317356,26.18890898,2.927660413,32.16813549794806,EXCLUSION,22.38,medium
748,#527,2023-07,Lista de Reserva,Vulnerabilidad Elevada,2.070141643,1.0,1.0,1.0,1.776038647,2.823478261,2.580217391,1.043888889,sotap,2,average,jefatura_masculina,si,espanol_ningun_adulto,adultos_ninguno_analfabeta,-500.0,0,0,6.702282231,32.85812825,3.116564434,38.71868920026256,EXCLUSION,16.45,high
749,#1223,2024-02,No Elegible,Vulnerabilidad Elevada,2.700708215,1.0,3.251728045,1.0,1.0,2.117608696,2.580217391,1.0,sotap,2,low,jefatura_femenina,no,espanol_uno_mas_adultos,adultos_ninguno_analfabeta,0.0,0,0,24.2379543,18.94985465,3.250351505,43.35798528483664,EXCLUSION,23.8,high
750,#1311,2023-07,Lista de Reserva,Vulnerabilidad Moderada,1.0,1.0,1.0,1.0,1.776038647,2.823478261,1.790108696,1.0,sotap,3,average,jefatura_femenina,si,espanol_uno_mas_adultos,adultos_ninguno_analfabeta,,0,0,0.0,26.18890898,2.730928248,25.34612370011462,EXCLUSION,16.21,medium
751,#527,2023-11,Elegible,Vulnerabilidad Baja,1.0,1.525552408,1.0,1.0,1.0,1.0,1.0,1.0,sotap,1,low,,,espanol_uno_mas_adultos,adultos_ninguno_analfabeta,0.0,0,0,3.741369748,0.0,2.111365173,3.861770767860388,INCLUSION,22.82,low
752,#1223,2024-06,No Elegible,Vulnerabilidad Baja,1.0,1.525552408,1.0,1.0,1.776038647,1.0,1.0,1.0,sotap,4,average,jefatura_femenina,si,espanol_uno_mas_adultos,adultos_ninguno_analfabeta,,0,0,3.741369748,5.532745347,2.265783208,9.21646683684858,EXCLUSION,14.5,low
753,#645,2024-02,No Elegible,Vulnerabilidad Moderada,1.0,2.051104816,1.0,1.0,1.776038647,2.117608696,1.790108696,1.0,fupal,1,low,,,espanol_uno_mas_adultos,adultos_ninguno_analfabeta,,0,0,6.609317356,21.88512181,2.807542403,28.002848502865827,EXCLUSION,28.51,medium
754,#527,2024-02,No Elegible,Vulnerabilidad Elevada,1.0,1.0,2.578385269,1.0,1.776038647,2.823478261,1.790108696,1.043888889,sotap,2,low,jefatura_masculina,no,espanol_uno_mas_adultos,adultos_ninguno_analfabeta,-500.0,0,0,8.975915299,26.85846924,3.016791609,35.25890607062468,EXCLUSION,25.65,high
755,#1359,2023-08,No Elegible por Intenciones,Vulnerabilidad Baja,1.0,1.0,1.0,1.0,1.776038647,1.498900966,2.580217391,1.043888889,foten,2,average,jefatura_masculina,no,espanol_ningun_adulto,adultos_ninguno_analfabeta,,0,0,0.0,22.80125306,2.636379315,22.06748593527614,EXCLUSION,26.45,medium
756,#1223,2024-02,No Elegible,Vulnerabilidad Baja,1.0,2.051104816,1.0,1.0,1.776038647,1.498900966,1.790108696,1.0,sotap,3,low,jefatura_masculina,no,espanol_uno_mas_adultos,adultos_ninguno_analfabeta,-500.0,0,-500,6.609317356,17.10850297,2.674227738,23.379946033755868,EXCLUSION,24.83,medium
757,#1841,2024-05,No Elegible,Vulnerabilidad Moderada,1.0,1.0,1.0,1.0,1.776038647,2.117608696,2.580217391,1.0,foten,1,low,,,espanol_uno_mas_adultos,adultos_ninguno_analfabeta,,0,0,0.0,27.40879931,2.764975192,26.526756739404888,EXCLUSION,18.97,medium
758,#112,2023-07,Lista de Reserva,Vulnerabilidad Baja,1.0,1.0,1.0,1.0,1.776038647,1.0,1.0,1.043888889,sotap,1,low,,,espanol_uno_mas_adultos,adultos_ninguno_analfabeta,0.0,0,0,0.0,5.979299062,2.166881278,5.786879238885778,EXCLUSION,17.53,low
759,#527,2023-07,Lista de Reserva,Vulnerabilidad Moderada,2.700708215,1.0,2.578385269,1.0,1.0,1.0,2.580217391,1.0,sotap,1,low,,,espanol_uno_mas_adultos,adultos_uno_mas_analfabeta,500.0,0,0,20.97871872,9.580889352,2.891851162,30.92640161889161,EXCLUSION,14.35,medium
760,#1223,2024-03,No Elegible,Vulnerabilidad Baja,1.0,1.0,2.578385269,1.0,1.0,1.0,1.0,1.0,sotap,5,low,jefatura_masculina,no,espanol_uno_mas_adultos,adultos_ninguno_analfabeta,,0,0,8.975915299,0.0,2.267176041,9.26476922923712,EXCLUSION,24.33,low
761,#527,2023-07,No Elegible,Vulnerabilidad Elevada,1.0,1.0,2.578385269,1.0,1.776038647,2.823478261,1.790108696,1.0,sotap,2,complete,jefatura_femenina,si,espanol_uno_mas_adultos,adultos_ninguno_analfabeta,0.0,0,0,8.975915299,26.18890898,2.998104289,34.61089292935174,EXCLUSION,20.85,high
762,#111,2024-01,No Elegible,Vulnerabilidad Baja,1.0,1.0,1.0,1.0,1.776038647,1.498900966,2.580217391,1.0,fomon,1,low,,,espanol_uno_mas_adultos,adultos_ninguno_analfabeta,0.0,0,0,0.0,22.17502718,2.618901451,21.46141263032042,EXCLUSION,27.22,medium
763,#555,2024-04,No Elegible,Vulnerabilidad Baja,1.0,1.0,1.0,1.0,1.776038647,1.498900966,1.0,1.0,sotap,1,low,,,espanol_uno_mas_adultos,adultos_ninguno_analfabeta,0.0,0,0,0.0,9.93697889,2.277339487,9.61719697234091,EXCLUSION,20.1,low
764,#252,2023-10,Elegible,Vulnerabilidad Elevada,1.0,1.0,2.578385269,1.564135978,1.776038647,1.498900966,2.580217391,1.738466184,sotap,2,average,jefatura_masculina,no,espanol_uno_mas_adultos,adultos_ninguno_analfabeta,,0,0,14.01324416,30.77500505,3.276042034,44.24883898279891,INCLUSION,20.14,high
765,#252,2024-01,Lista de Reserva,Vulnerabilidad Baja,1.0,1.0,1.0,1.0,1.776038647,1.498900966,1.790108696,1.0,sotap,3,average,jefatura_femenina,no,espanol_uno_mas_adultos,adultos_ninguno_analfabeta,0.0,0,0,0.0,17.10850297,2.477495573,16.55793423592243,EXCLUSION,29.49,low
766,#1223,2024-02,No Elegible,Vulnerabilidad Elevada,1.0,1.0,2.578385269,1.0,1.776038647,2.823478261,1.790108696,1.043888889,sotap,2,low,jefatura_masculina,no,espanol_uno_mas_adultos,adultos_ninguno_analfabeta,,0,0,8.975915299,26.85846924,3.016791609,35.25890607062468,EXCLUSION,29.09,high
767,#1323,2023-06,No Elegible por Duplicidad,Vulnerabilidad Baja,1.0,1.0,1.0,1.0,1.776038647,2.823478261,1.0,1.043888889,fupal,1,low,,,espanol_uno_mas_adultos,adultos_ninguno_analfabeta,,0,0,0.0,18.36611881,2.51259543,17.77507874057539,EXCLUSION,23.0,low
768,#1583,2024-05,No Elegible,Vulnerabilidad Elevada,1.0,1.0,1.0,1.0,1.776038647,2.823478261,2.580217391,1.738466184,foten,4,average,jefatura_masculina,no,espanol_uno_mas_adultos,adultos_ninguno_analfabeta,,0,0,0.0,42.19960637,3.177784244,40.84158083740703,EXCLUSION,19.87,high
769,#1223,2024-02,No Elegible,Vulnerabilidad Severa,2.700708215,2.051104816,2.578385269,1.0,1.776038647,2.823478261,1.790108696,1.0,sotap,1,low,,,espanol_uno_mas_adultos,adultos_ninguno_analfabeta,,0,0,31.71522481,26.18890898,3.674959905,58.08197615972523,EXCLUSION,26.71,high
770,#1841,2024-05,No Elegible,Vulnerabilidad Elevada,1.0,1.0,2.578385269,1.0,1.776038647,2.823478261,2.580217391,1.738466184,foten,7,high,jefatura_masculina,no,espanol_uno_mas_adultos,adultos_ninguno_analfabeta,0.0,0,0,8.975915299,42.19960637,3.444960285,50.10635006664415,EXCLUSION,27.54,high
771,#1311,2023-10,No Elegible,Vulnerabilidad Baja,1.0,1.0,1.0,1.0,1.776038647,1.0,1.790108696,1.0,sotap,1,low,,,espanol_uno_mas_adultos,adultos_ninguno_analfabeta,,0,0,0.0,12.01413641,2.33531262,11.62750948618979,EXCLUSION,19.73,low
772,#672,2023-07,No Elegible,Vulnerabilidad Elevada,2.700708215,1.0,3.251728045,1.0,1.776038647,1.498900966,1.790108696,1.043888889,fupal,7,average,jefatura_femenina,no,espanol_uno_mas_adultos,adultos_ninguno_analfabeta,,0,0,24.2379543,17.68003002,3.214910903,42.12902488125468,EXCLUSION,17.17,high
773,#645,2023-12,Lista de Reserva,Vulnerabilidad Elevada,1.0,1.0,2.578385269,1.0,1.776038647,2.823478261,2.580217391,1.0,fupal,3,low,jefatura_masculina,no,espanol_ningun_adulto,adultos_uno_mas_analfabeta,,0,0,8.975915299,32.12448674,3.163765312,40.35545786145718,EXCLUSION,36.04,high
774,#1725,2024-03,No Elegible,Vulnerabilidad Elevada,1.0,1.0,2.578385269,1.0,1.776038647,2.823478261,2.580217391,1.043888889,foten,5,high,jefatura_masculina,no,espanol_uno_mas_adultos,adultos_ninguno_analfabeta,,0,0,8.975915299,32.85812825,3.184241129,41.06549005402387,EXCLUSION,31.29,high
775,#1359,2023-10,No Elegible,Vulnerabilidad Baja,1.0,1.0,1.0,1.0,1.0,2.117608696,1.790108696,1.0,foten,1,low,,,espanol_uno_mas_adultos,adultos_ninguno_analfabeta,,0,0,0.0,14.16503897,2.395343965,13.709193850906429,EXCLUSION,21.22,low
776,#1323,2023-12,No Elegible,Vulnerabilidad Moderada,1.0,1.0,1.0,1.0,1.776038647,2.117608696,2.580217391,1.0,fupal,1,low,,,espanol_uno_mas_adultos,adultos_ninguno_analfabeta,,0,0,0.0,27.40879931,2.764975192,26.526756739404888,EXCLUSION,26.72,medium
777,#1101,2023-08,Elegible,Vulnerabilidad Severa,2.700708215,1.0,1.249197356,1.0,1.776038647,2.823478261,2.580217391,2.544987923,sotap,2,complete,jefatura_femenina,si,espanol_uno_mas_adultos,adultos_ninguno_analfabeta,,0,0,11.93561888,50.0,3.750766209,60.71066903117728,INCLUSION,16.02,high
778,#527,2024-05,No Elegible,Vulnerabilidad Baja,1.0,1.0,3.251728045,1.0,1.776038647,1.0,1.790108696,1.043888889,sotap,1,low,,,espanol_uno_mas_adultos,adultos_ninguno_analfabeta,0.0,0,0,11.51832969,12.53066404,2.692582072,24.01641579828265,EXCLUSION,18.93,medium
779,#1476,2024-05,No Elegible,Vulnerabilidad Baja,1.0,1.525552408,1.0,1.0,1.0,1.498900966,1.0,1.0,pcr_cdmx,1,low,,,espanol_uno_mas_adultos,adultos_ninguno_analfabeta,,0,0,3.741369748,3.815111519,2.217844323,7.554108183067449,EXCLUSION,15.78,low
780,#527,2024-01,Elegible,Vulnerabilidad Elevada,1.0,1.0,2.578385269,1.0,1.776038647,2.823478261,2.580217391,1.043888889,sotap,5,average,jefatura_femenina,no,espanol_uno_mas_adultos,adultos_ninguno_analfabeta,,0,0,8.975915299,32.85812825,3.184241129,41.06549005402387,INCLUSION,27.79,high
781,#1223,2023-06,Lista de Reserva,Vulnerabilidad Baja,2.700708215,1.0,1.0,1.0,1.776038647,1.498900966,1.0,1.0,sotap,1,low,,,espanol_uno_mas_adultos,adultos_ninguno_analfabeta,,0,0,9.472088355,9.93697889,2.559284556,19.394106602693164,EXCLUSION,14.93,low
782,#527,2024-01,No Elegible,Vulnerabilidad Elevada,1.0,1.0,2.578385269,1.0,1.0,2.117608696,2.580217391,1.738466184,sotap,4,average,jefatura_masculina,si,espanol_uno_mas_adultos,adultos_ninguno_analfabeta,,0,0,8.975915299,27.07165714,3.022741649,35.46523337081478,EXCLUSION,24.54,high
783,#1223,2024-01,Elegible,Vulnerabilidad Elevada,2.700708215,1.0,1.249197356,1.0,1.776038647,2.117608696,2.580217391,1.043888889,sotap,5,average,jefatura_masculina,no,espanol_uno_mas_adultos,adultos_uno_mas_analfabeta,,0,0,11.93561888,28.09152966,3.139304316,39.50723517518882,INCLUSION,28.52,high
784,#676,2024-05,Elegible,Vulnerabilidad Baja,1.0,1.0,1.0,1.0,1.776038647,1.0,2.580217391,1.0,pcr_cdmx,1,low,,,espanol_uno_mas_adultos,adultos_ninguno_analfabeta,,0,0,0.0,16.59309681,2.46311067,16.059114361557388,INCLUSION,16.41,low
785,#071,2024-04,Lista de Reserva,Vulnerabilidad Moderada,2.070141643,2.051104816,1.0,1.0,1.776038647,1.0,1.790108696,1.0,sotap,1,low,,,espanol_uno_mas_adultos,adultos_ninguno_analfabeta,-500.0,0,0,14.63015408,12.01413641,2.770792068,26.72847655463827,EXCLUSION,14.33,medium
786,#555,2023-11,No Elegible,Vulnerabilidad Moderada,2.700708215,1.0,2.578385269,1.0,1.0,1.498900966,1.0,1.0,sotap,1,low,,,espanol_ningun_adulto,adultos_uno_mas_analfabeta,0.0,0,0,20.97871872,3.815111519,2.730929228,25.34617228233538,EXCLUSION,24.17,medium
787,#527,2023-10,No Elegible,Vulnerabilidad Moderada,1.0,1.525552408,1.0,1.0,1.776038647,2.117608696,1.790108696,1.0,sotap,1,low,,,espanol_ningun_adulto,adultos_uno_mas_analfabeta,,0,0,3.741369748,21.88512181,2.722175411,25.04260747289278,EXCLUSION,29.27,medium
788,#1223,2024-02,Elegible,Vulnerabilidad Baja,2.700708215,1.0,1.0,1.0,1.0,1.498900966,1.0,1.0,sotap,7,low,jefatura_masculina,no,espanol_uno_mas_adultos,adultos_ninguno_analfabeta,0.0,0,0,9.472088355,3.815111519,2.38842422,13.469247045559316,INCLUSION,17.4,low
789,#1101,2024-05,No Elegible,Vulnerabilidad Moderada,1.0,2.051104816,1.0,1.0,1.776038647,1.498900966,2.580217391,1.0,sotap,4,average,jefatura_masculina,no,espanol_uno_mas_adultos,adultos_ninguno_analfabeta,0.0,0,0,6.609317356,22.17502718,2.815633615,28.283424428153857,EXCLUSION,19.17,medium
790,#1223,2024-01,Lista de Reserva,Vulnerabilidad Baja,1.0,1.0,1.0,1.0,1.776038647,1.498900966,2.580217391,1.043888889,sotap,4,average,jefatura_femenina,si,espanol_uno_mas_adultos,adultos_ninguno_analfabeta,0.0,0,0,0.0,22.80125306,2.636379315,22.06748593527614,EXCLUSION,23.85,medium
791,#1101,2024-06,No Elegible,Vulnerabilidad Baja,1.0,1.0,1.0,1.0,1.776038647,1.498900966,1.0,1.0,sotap,4,average,jefatura_masculina,no,espanol_uno_mas_adultos,adultos_ninguno_analfabeta,0.0,0,0,0.0,9.93697889,2.277339487,9.61719697234091,EXCLUSION,18.53,low
792,#252,2024-05,No Elegible,Vulnerabilidad Baja,1.0,1.0,1.0,1.0,1.776038647,1.498900966,2.580217391,1.0,sotap,1,low,,,espanol_uno_mas_adultos,adultos_ninguno_analfabeta,0.0,0,-500,0.0,22.17502718,2.618901451,21.46141263032042,EXCLUSION,22.68,medium
793,#527,2024-04,No Elegible,Vulnerabilidad Elevada,1.0,1.0,2.578385269,1.0,1.776038647,2.823478261,2.580217391,1.0,sotap,1,low,,,espanol_uno_mas_adultos,adultos_ninguno_analfabeta,0.0,0,0,8.975915299,32.12448674,3.163765312,40.35545786145718,EXCLUSION,22.41,high
794,#645,2024-01,Lista de Reserva,Vulnerabilidad Baja,1.0,1.0,1.0,1.0,1.776038647,1.498900966,1.790108696,1.0,fupal,2,average,jefatura_femenina,si,espanol_uno_mas_adultos,adultos_ninguno_analfabeta,,0,0,0.0,17.10850297,2.477495573,16.55793423592243,EXCLUSION,26.22,low
795,#1101,2024-02,Elegible,Vulnerabilidad Elevada,2.700708215,1.0,2.578385269,1.0,1.776038647,2.117608696,1.790108696,1.0,sotap,1,low,,,espanol_uno_mas_adultos,adultos_ninguno_analfabeta,0.0,0,0,20.97871872,21.88512181,3.235260316,42.83467157216072,INCLUSION,21.63,high
796,#1223,2023-12,Lista de Reserva,Vulnerabilidad Elevada,2.070141643,1.0,1.0,1.0,1.776038647,2.117608696,2.580217391,1.043888889,sotap,3,average,jefatura_femenina,si,espanol_uno_mas_adultos,adultos_ninguno_analfabeta,0.0,0,0,6.702282231,28.09152966,2.983529432,34.10548451948735,EXCLUSION,24.11,high
797,#527,2023-09,No Elegible,Vulnerabilidad Elevada,1.0,1.0,1.0,1.0,1.776038647,2.823478261,2.580217391,1.043888889,sotap,2,average,jefatura_femenina,si,espanol_ningun_adulto,adultos_uno_mas_analfabeta,0.0,0,0,0.0,32.85812825,2.917065088,31.80072082478675,EXCLUSION,26.24,medium
798,#1223,2023-09,No Elegible,Vulnerabilidad Baja,2.700708215,1.0,1.0,1.0,1.0,1.498900966,1.0,1.0,sotap,1,low,,,espanol_uno_mas_adultos,adultos_ninguno_analfabeta,0.0,0,0,9.472088355,3.815111519,2.38842422,13.469247045559316,EXCLUSION,16.19,low
799,#1167,2023-10,No Elegible,Vulnerabilidad Elevada,2.700708215,1.0,1.249197356,1.0,1.776038647,2.117608696,1.790108696,1.043888889,foten,2,average,jefatura_masculina,no,espanol_uno_mas_adultos,adultos_ninguno_analfabeta,0.0,0,0,11.93561888,22.50821784,2.983474979,34.10359991286824,EXCLUSION,24.15,high
800,#555,2024-02,Lista de Reserva,Vulnerabilidad Severa,2.070141643,1.0,2.578385269,1.0,1.776038647,2.117608696,2.580217391,2.544987923,sotap,3,complete,jefatura_femenina,si,espanol_uno_mas_adultos,adultos_ninguno_analfabeta,,0,0,17.46888676,44.04383881,3.749233307,60.65751703807895,EXCLUSION,23.22,high
801,#440,2023-09,Lista de Reserva,Vulnerabilidad Baja,1.0,1.0,1.0,1.0,1.776038647,1.0,1.790108696,1.0,pcr_cdmx,3,low,jefatura_masculina,no,espanol_uno_mas_adultos,adultos_ninguno_analfabeta,-500.0,0,0,0.0,12.01413641,2.33531262,11.62750948618979,EXCLUSION,22.02,low
802,#606,2024-01,Elegible,Vulnerabilidad Elevada,1.0,1.525552408,2.578385269,1.0,1.776038647,2.117608696,1.790108696,1.0,foten,2,average,jefatura_masculina,no,espanol_uno_mas_adultos,adultos_ninguno_analfabeta,,0,0,13.7168894,21.88512181,3.019105558,35.33914932281379,INCLUSION,34.07,high
803,#112,2023-12,Elegible,Vulnerabilidad Elevada,2.700708215,1.0,3.251728045,1.0,1.776038647,2.117608696,1.790108696,1.0,sotap,4,average,jefatura_masculina,no,espanol_uno_mas_adultos,adultos_ninguno_analfabeta,,0,0,24.2379543,21.88512181,3.33227434,46.19879261236069,INCLUSION,26.48,high
804,#1311,2023-12,Elegible,Vulnerabilidad Elevada,2.070141643,2.051104816,1.0,1.0,1.776038647,1.498900966,2.580217391,1.043888889,sotap,2,low,jefatura_masculina,no,espanol_uno_mas_adultos,adultos_ninguno_analfabeta,0.0,0,0,14.63015408,22.80125306,3.071858763,37.16845300372462,INCLUSION,21.76,high
805,#1624,2024-06,No Elegible,Vulnerabilidad Elevada,2.700708215,1.0,3.251728045,1.0,1.776038647,2.823478261,1.790108696,1.0,fusal,5,high,jefatura_masculina,no,espanol_uno_mas_adultos,adultos_ninguno_analfabeta,0.0,0,0,24.2379543,26.18890898,3.45239235,50.36407960744292,EXCLUSION,23.63,high
806,#112,2024-01,Elegible,Vulnerabilidad Elevada,1.0,1.0,1.0,1.0,1.776038647,2.823478261,2.580217391,1.043888889,sotap,4,average,jefatura_masculina,no,espanol_ningun_adulto,adultos_uno_mas_analfabeta,0.0,0,0,0.0,32.85812825,2.917065088,31.80072082478675,INCLUSION,32.92,medium
807,#555,2023-12,No Elegible,Vulnerabilidad Baja,1.0,1.0,1.0,1.0,1.776038647,2.117608696,1.790108696,1.0,sotap,1,low,,,espanol_uno_mas_adultos,adultos_ninguno_analfabeta,0.0,0,-500,0.0,21.88512181,2.610810239,21.18083670503239,EXCLUSION,31.19,low
808,#132,2023-10,Lista de Reserva,Vulnerabilidad Baja,1.0,1.0,1.0,1.0,1.0,1.0,1.790108696,1.0,fomon,1,low,,,espanol_uno_mas_adultos,adultos_ninguno_analfabeta,,0,0,0.0,5.614422911,2.156697643,5.433745167301109,EXCLUSION,21.77,low
809,#527,2024-06,No Elegible por Duplicidad,Vulnerabilidad Elevada,2.700708215,1.0,2.578385269,1.0,1.776038647,2.823478261,1.790108696,1.0,sotap,2,complete,jefatura_femenina,si,espanol_uno_mas_adultos,adultos_ninguno_analfabeta,0.0,0,0,20.97871872,26.18890898,3.355378326,46.99995856724294,EXCLUSION,16.43,high
810,#672,2023-11,No Elegible,Vulnerabilidad Moderada,1.0,1.0,1.0,1.0,1.776038647,2.117608696,2.580217391,1.043888889,fupal,3,low,jefatura_masculina,no,espanol_uno_mas_adultos,adultos_ninguno_analfabeta,,0,0,0.0,28.09152966,2.784030087,27.18751614401154,EXCLUSION,23.28,medium
811,#1101,2024-03,No Elegible,Vulnerabilidad Baja,1.0,1.0,1.0,1.0,1.776038647,2.117608696,1.790108696,1.0,sotap,1,low,,,espanol_uno_mas_adultos,adultos_ninguno_analfabeta,0.0,0,0,0.0,21.88512181,2.610810239,21.18083670503239,EXCLUSION,24.64,low
812,#112,2024-02,No Elegible por Duplicidad,Vulnerabilidad Baja,1.0,1.0,1.0,1.0,1.0,1.0,1.0,1.0,sotap,1,low,,,espanol_uno_mas_adultos,adultos_ninguno_analfabeta,0.0,0,0,0.0,0.0,2.0,0.0,EXCLUSION,20.68,low
813,#252,2023-07,Lista de Reserva,Vulnerabilidad Baja,2.070141643,2.051104816,1.0,1.0,1.0,1.0,1.790108696,1.043888889,sotap,4,average,jefatura_femenina,no,espanol_uno_mas_adultos,adultos_ninguno_analfabeta,0.0,0,0,14.63015408,6.061858428,2.604664944,20.96774883037701,EXCLUSION,15.12,low
814,#252,2024-04,No Elegible,Vulnerabilidad Moderada,1.0,1.0,1.0,1.0,1.776038647,2.823478261,1.790108696,1.0,sotap,1,low,,,espanol_uno_mas_adultos,adultos_ninguno_analfabeta,0.0,0,0,0.0,26.18890898,2.730928248,25.34612370011462,EXCLUSION,19.98,medium
815,#555,2024-04,No Elegible,Vulnerabilidad Moderada,1.0,1.0,1.0,1.0,1.776038647,2.823478261,2.580217391,1.0,sotap,3,average,jefatura_masculina,no,espanol_uno_mas_adultos,adultos_ninguno_analfabeta,0.0,0,0,0.0,32.12448674,2.896589272,31.09068863222006,EXCLUSION,21.34,medium
816,#252,2024-06,Elegible,Vulnerabilidad Baja,1.0,1.0,1.0,1.0,1.776038647,2.117608696,1.790108696,1.0,sotap,1,low,,,espanol_ningun_adulto,adultos_uno_mas_analfabeta,,0,0,0.0,21.88512181,2.610810239,21.18083670503239,INCLUSION,20.59,low
817,#112,2024-06,Lista de Reserva,Vulnerabilidad Elevada,1.0,1.0,2.578385269,1.0,1.776038647,2.823478261,2.580217391,1.738466184,sotap,4,average,jefatura_masculina,si,espanol_uno_mas_adultos,adultos_ninguno_analfabeta,,0,0,8.975915299,42.19960637,3.444960285,50.10635006664415,EXCLUSION,16.7,high
818,#1311,2023-10,No Elegible,Vulnerabilidad Severa,2.700708215,2.051104816,3.251728045,1.0,1.776038647,2.823478261,2.580217391,1.043888889,sotap,2,complete,jefatura_femenina,si,espanol_uno_mas_adultos,adultos_uno_mas_analfabeta,,0,0,35.61565687,32.85812825,3.977196548,68.56252514852022,EXCLUSION,32.75,high
819,#440,2023-10,No Elegible,Vulnerabilidad Baja,1.0,1.0,1.0,1.0,1.776038647,2.117608696,1.790108696,1.0,pcr_cdmx,1,low,,,espanol_uno_mas_adultos,adultos_ninguno_analfabeta,0.0,0,0,0.0,21.88512181,2.610810239,21.18083670503239,EXCLUSION,27.09,low
820,#071,2024-07,No Elegible,Vulnerabilidad Baja,1.0,1.0,1.0,1.564135978,1.0,2.117608696,1.0,1.0,sotap,3,low,jefatura_masculina,no,espanol_uno_mas_adultos,adultos_ninguno_analfabeta,,0,0,3.975239986,7.392265486,2.32464347,11.2575421743845,EXCLUSION,16.75,low
821,#133,2024-07,Lista de Reserva,Vulnerabilidad Elevada,2.070141643,1.0,1.0,1.0,1.776038647,1.498900966,2.580217391,2.544987923,fupal,4,low,jefatura_masculina,no,espanol_uno_mas_adultos,adultos_ninguno_analfabeta,,0,0,6.702282231,37.43330939,3.244257006,43.14663643599621,EXCLUSION,17.8,high
822,#1223,2023-09,No Elegible,Vulnerabilidad Moderada,1.0,1.0,1.0,1.0,1.776038647,2.117608696,2.580217391,1.0,sotap,1,low,,,espanol_uno_mas_adultos,adultos_ninguno_analfabeta,0.0,0,0,0.0,27.40879931,2.764975192,26.526756739404888,EXCLUSION,21.45,medium
823,#264,2023-10,Lista de Reserva,Vulnerabilidad Severa,2.700708215,2.051104816,2.578385269,1.0,1.776038647,2.823478261,2.580217391,2.544987923,foten,2,average,jefatura_femenina,si,espanol_uno_mas_adultos,adultos_uno_mas_analfabeta,,0,0,31.71522481,50.0,4.339523636,81.12680245961062,EXCLUSION,25.77,high
824,#112,2023-08,Lista de Reserva,Vulnerabilidad Elevada,1.0,2.051104816,1.0,1.0,1.776038647,2.823478261,2.580217391,1.0,sotap,4,complete,jefatura_femenina,si,espanol_uno_mas_adultos,adultos_ninguno_analfabeta,,-500,-500,6.609317356,32.12448674,3.093321436,37.9127004300535,EXCLUSION,30.67,high
825,#133,2023-06,Elegible,Vulnerabilidad Moderada,1.0,1.525552408,1.0,1.0,1.776038647,2.117608696,1.790108696,1.0,fupal,2,average,jefatura_masculina,si,espanol_uno_mas_adultos,adultos_ninguno_analfabeta,,0,0,3.741369748,21.88512181,2.722175411,25.04260747289278,INCLUSION,19.08,medium
826,#112,2024-05,No Elegible,Vulnerabilidad Moderada,1.0,1.0,1.0,1.0,1.776038647,2.823478261,2.580217391,1.0,sotap,1,low,,,espanol_uno_mas_adultos,adultos_ninguno_analfabeta,0.0,0,0,0.0,32.12448674,2.896589272,31.09068863222006,EXCLUSION,18.47,medium
827,#1841,2024-04,Lista de Reserva,Vulnerabilidad Baja,1.0,1.525552408,1.0,1.0,1.776038647,1.0,1.790108696,1.043888889,foten,3,average,jefatura_masculina,no,espanol_uno_mas_adultos,adultos_ninguno_analfabeta,,0,0,3.741369748,12.53066404,2.461093996,15.989185508389149,EXCLUSION,18.94,low
828,#440,2024-05,No Elegible por Intenciones,Vulnerabilidad Baja,1.0,1.0,1.0,1.0,1.776038647,1.0,1.0,1.043888889,pcr_cdmx,1,low,,,espanol_uno_mas_adultos,adultos_ninguno_analfabeta,0.0,0,0,0.0,5.979299062,2.166881278,5.786879238885778,EXCLUSION,17.58,low
829,#252,2024-07,No Elegible,Vulnerabilidad Baja,1.0,1.0,3.251728045,1.0,1.0,1.0,1.790108696,1.043888889,sotap,1,low,,,espanol_uno_mas_adultos,adultos_ninguno_analfabeta,,0,0,11.51832969,6.061858428,2.512038745,17.75578281968242,EXCLUSION,22.69,low
830,#1311,2024-02,No Elegible,Vulnerabilidad Baja,1.0,1.0,1.0,1.0,1.776038647,1.0,2.580217391,1.043888889,sotap,1,low,,,espanol_uno_mas_adultos,adultos_ninguno_analfabeta,0.0,0,0,0.0,17.15905947,2.478906597,16.60686377719593,EXCLUSION,22.99,low
831,#1167,2023-11,Lista de Reserva,Vulnerabilidad Moderada,1.0,1.0,1.0,1.0,1.776038647,2.823478261,1.790108696,1.0,foten,1,low,,,espanol_uno_mas_adultos,adultos_ninguno_analfabeta,,0,0,0.0,26.18890898,2.730928248,25.34612370011462,EXCLUSION,27.21,medium
832,#676,2024-05,Lista de Reserva,Vulnerabilidad Moderada,2.700708215,1.0,1.249197356,1.0,1.776038647,1.0,2.580217391,1.043888889,pcr_cdmx,1,low,,,espanol_ningun_adulto,adultos_ninguno_analfabeta,0.0,0,0,11.93561888,17.15905947,2.834180827,28.92658280837321,EXCLUSION,15.81,medium
833,#1101,2024-02,No Elegible,Vulnerabilidad Elevada,1.0,1.0,2.578385269,1.0,1.776038647,2.117608696,2.580217391,1.043888889,sotap,2,average,jefatura_femenina,si,espanol_ningun_adulto,adultos_uno_mas_analfabeta,,0,0,8.975915299,28.09152966,3.051206127,36.45228537324866,EXCLUSION,25.91,high
834,#1101,2023-07,Lista de Reserva,Vulnerabilidad Baja,1.0,1.0,1.0,1.0,1.776038647,1.498900966,1.790108696,1.0,sotap,4,average,jefatura_masculina,no,espanol_uno_mas_adultos,adultos_ninguno_analfabeta,0.0,0,0,0.0,17.10850297,2.477495573,16.55793423592243,EXCLUSION,17.79,low
835,#672,2023-06,No Elegible,Vulnerabilidad Elevada,2.070141643,1.0,1.0,1.0,1.776038647,2.823478261,1.790108696,1.043888889,fupal,3,average,jefatura_femenina,no,espanol_uno_mas_adultos,adultos_ninguno_analfabeta,-500.0,0,0,6.702282231,26.85846924,2.949114914,32.912105216863374,EXCLUSION,18.03,medium
836,#071,2023-10,Elegible,Vulnerabilidad Elevada,1.0,1.0,2.578385269,1.0,1.776038647,2.823478261,1.790108696,1.043888889,sotap,2,average,jefatura_femenina,si,espanol_uno_mas_adultos,adultos_ninguno_analfabeta,-500.0,0,0,8.975915299,26.85846924,3.016791609,35.25890607062468,INCLUSION,24.35,high
837,#555,2024-01,No Elegible,Vulnerabilidad Baja,1.0,1.0,1.0,1.0,1.776038647,1.0,1.790108696,1.0,sotap,6,average,jefatura_masculina,no,espanol_uno_mas_adultos,adultos_ninguno_analfabeta,,0,0,0.0,12.01413641,2.33531262,11.62750948618979,EXCLUSION,24.73,low
838,#1311,2024-06,No Elegible,Vulnerabilidad Severa,2.070141643,2.051104816,2.578385269,1.0,1.776038647,2.823478261,2.580217391,2.544987923,sotap,2,complete,jefatura_femenina,si,espanol_uno_mas_adultos,adultos_ninguno_analfabeta,,0,0,27.51489601,50.0,4.214497142,76.79130287849782,EXCLUSION,16.59,high
839,#238,2024-02,No Elegible,Vulnerabilidad Moderada,1.0,1.0,1.0,1.0,1.776038647,2.823478261,2.580217391,1.0,futij,1,low,,,espanol_ningun_adulto,adultos_ninguno_analfabeta,0.0,0,0,0.0,32.12448674,2.896589272,31.09068863222006,EXCLUSION,26.74,medium
840,#1200,2024-03,No Elegible,Vulnerabilidad Elevada,1.0,1.0,3.251728045,1.0,1.776038647,1.498900966,2.580217391,1.043888889,fupal,4,average,jefatura_femenina,si,espanol_uno_mas_adultos,adultos_ninguno_analfabeta,,0,0,11.51832969,22.80125306,2.979232564,33.956486993030026,EXCLUSION,25.35,high
841,#1167,2024-01,No Elegible,Vulnerabilidad Baja,1.0,1.0,1.0,1.0,1.0,1.0,1.790108696,1.043888889,foten,1,low,,,espanol_uno_mas_adultos,adultos_ninguno_analfabeta,0.0,0,0,0.0,6.061858428,2.169185496,5.866781761928531,EXCLUSION,20.84,low
842,#112,2023-10,No Elegible,Vulnerabilidad Baja,1.0,1.0,1.0,1.0,1.776038647,2.117608696,1.790108696,1.043888889,sotap,1,low,,,espanol_uno_mas_adultos,adultos_ninguno_analfabeta,,0,-500,0.0,22.50821784,2.628200749,21.78388088169096,EXCLUSION,29.21,medium
843,#527,2024-03,Elegible,Vulnerabilidad Elevada,2.700708215,1.0,3.251728045,1.0,1.776038647,2.117608696,2.580217391,1.0,sotap,1,low,,,espanol_uno_mas_adultos,adultos_ninguno_analfabeta,,0,0,24.2379543,27.40879931,3.486439293,51.54471264673319,INCLUSION,22.73,high
844,#1323,2024-04,No Elegible,Vulnerabilidad Moderada,2.070141643,1.0,1.0,1.0,1.776038647,2.117608696,1.790108696,1.043888889,fupal,2,average,jefatura_masculina,si,espanol_uno_mas_adultos,adultos_ninguno_analfabeta,,0,0,6.702282231,22.50821784,2.827700095,28.70184925716677,EXCLUSION,17.21,medium
845,#252,2024-02,Lista de Reserva,Vulnerabilidad Baja,1.599560907,1.0,1.0,1.0,1.0,2.117608696,1.790108696,1.0,sotap,1,low,,,espanol_uno_mas_adultos,adultos_ninguno_analfabeta,0.0,0,0,4.186184624,14.16503897,2.519949445,18.03009408229137,EXCLUSION,20.11,low
846,#1223,2024-04,No Elegible,Vulnerabilidad Baja,1.0,1.0,1.0,1.0,1.0,1.498900966,1.0,1.0,sotap,3,low,jefatura_masculina,no,espanol_uno_mas_adultos,adultos_ninguno_analfabeta,,0,0,0.0,3.815111519,2.10647915,3.692337415207061,EXCLUSION,14.87,low
847,#252,2024-02,No Elegible,Vulnerabilidad Elevada,1.0,1.0,1.0,1.0,1.776038647,2.823478261,2.580217391,1.043888889,sotap,1,low,,,espanol_uno_mas_adultos,adultos_uno_mas_analfabeta,,0,0,0.0,32.85812825,2.917065088,31.80072082478675,EXCLUSION,26.32,medium
848,#112,2023-11,No Elegible,Vulnerabilidad Baja,1.0,1.0,1.0,1.0,1.776038647,2.117608696,1.790108696,1.0,sotap,4,average,jefatura_masculina,no,espanol_uno_mas_adultos,adultos_ninguno_analfabeta,,0,0,0.0,21.88512181,2.610810239,21.18083670503239,EXCLUSION,22.5,low
849,#252,2023-09,No Elegible,Vulnerabilidad Baja,2.700708215,1.0,1.249197356,1.0,1.0,1.498900966,1.790108696,1.0,sotap,1,low,,,espanol_uno_mas_adultos,adultos_ninguno_analfabeta,-500.0,0,0,11.93561888,10.02735341,2.635136055,22.02438218109007,EXCLUSION,13.88,medium
850,#071,2024-02,Lista de Reserva,Vulnerabilidad Baja,2.700708215,1.0,1.0,1.0,1.776038647,1.0,1.790108696,1.0,sotap,3,low,jefatura_femenina,si,espanol_uno_mas_adultos,adultos_ninguno_analfabeta,,0,0,9.472088355,12.01413641,2.61725769,21.404419116542044,EXCLUSION,18.53,medium
851,#071,2023-06,No Elegible,Vulnerabilidad Baja,1.0,1.0,1.0,1.564135978,1.776038647,1.498900966,1.790108696,1.0,sotap,1,low,,,espanol_uno_mas_adultos,adultos_ninguno_analfabeta,,0,0,3.975239986,17.10850297,2.5958221,20.661101419911898,EXCLUSION,16.86,low
852,#527,2024-01,Lista de Reserva,Vulnerabilidad Elevada,1.0,1.0,2.578385269,1.0,1.776038647,2.117608696,2.580217391,1.043888889,sotap,4,average,jefatura_femenina,si,espanol_uno_mas_adultos,adultos_ninguno_analfabeta,,0,0,8.975915299,28.09152966,3.051206127,36.45228537324866,EXCLUSION,24.92,high
853,#1223,2023-09,Lista de Reserva,Vulnerabilidad Baja,1.0,1.0,1.0,1.0,1.0,1.498900966,1.790108696,1.0,sotap,1,low,,,espanol_uno_mas_adultos,adultos_ninguno_analfabeta,0.0,0,0,0.0,10.02735341,2.279861825,9.70466314991279,EXCLUSION,17.46,low
854,#1765,2024-06,No Elegible,Vulnerabilidad Moderada,2.070141643,1.0,1.0,1.0,1.776038647,1.498900966,2.580217391,1.0,fupal,1,low,,,espanol_uno_mas_adultos,adultos_ninguno_analfabeta,,0,0,6.702282231,22.17502718,2.818400797,28.37938100579624,EXCLUSION,13.99,medium
855,#112,2024-05,Elegible,Vulnerabilidad Baja,2.070141643,1.0,2.578385269,1.0,1.0,1.0,1.790108696,1.043888889,sotap,1,low,,,espanol_uno_mas_adultos,adultos_ninguno_analfabeta,0.0,0,0,17.46888676,6.061858428,2.689162328,23.89783476675209,INCLUSION,15.22,medium
856,,2023-07,Lista de Reserva,Vulnerabilidad Elevada,2.070141643,1.0,1.0,1.0,1.776038647,2.823478261,2.580217391,1.043888889,,5,average,jefatura_masculina,no,espanol_uno_mas_adultos,adultos_ninguno_analfabeta,0.0,0,0,6.702282231,32.85812825,3.116564434,38.71868920026256,EXCLUSION,18.29,high
857,#1101,2023-07,Lista de Reserva,Vulnerabilidad Elevada,1.0,1.0,2.578385269,1.0,1.776038647,2.117608696,2.580217391,1.043888889,sotap,4,complete,jefatura_femenina,si,espanol_uno_mas_adultos,adultos_ninguno_analfabeta,0.0,0,0,8.975915299,28.09152966,3.051206127,36.45228537324866,EXCLUSION,19.98,high
858,#1359,2023-07,Lista de Reserva,Vulnerabilidad Moderada,1.0,1.525552408,1.0,1.0,1.776038647,2.117608696,1.790108696,1.0,foten,2,average,jefatura_masculina,si,espanol_uno_mas_adultos,adultos_ninguno_analfabeta,,0,0,3.741369748,21.88512181,2.722175411,25.04260747289278,EXCLUSION,18.55,medium
859,#133,2024-04,No Elegible,Vulnerabilidad Moderada,2.700708215,1.0,2.578385269,1.0,1.0,1.0,1.790108696,1.043888889,fupal,1,low,,,espanol_uno_mas_adultos,adultos_ninguno_analfabeta,,0,0,20.97871872,6.061858428,2.793635574,27.520616629056853,EXCLUSION,14.61,medium
860,#1407,2024-04,No Elegible por Intenciones,Vulnerabilidad Severa,2.700708215,1.0,3.251728045,1.564135978,1.776038647,2.823478261,1.790108696,1.043888889,foten,2,average,jefatura_masculina,si,espanol_uno_mas_adultos,adultos_uno_mas_analfabeta,0.0,0,0,31.08118723,26.85846924,3.674774537,58.07554775763619,EXCLUSION,27.54,high
861,#1311,2024-01,Elegible,Vulnerabilidad Baja,1.0,1.0,2.578385269,1.0,1.0,1.0,1.790108696,1.0,sotap,6,average,jefatura_femenina,si,espanol_uno_mas_adultos,adultos_ninguno_analfabeta,,0,0,8.975915299,5.614422911,2.423873683,14.69851439653823,INCLUSION,18.66,low
862,#1223,2023-07,Lista de Reserva,Vulnerabilidad Moderada,1.0,1.0,2.578385269,1.0,1.776038647,2.117608696,1.790108696,1.0,sotap,3,average,jefatura_masculina,no,espanol_uno_mas_adultos,adultos_ninguno_analfabeta,0.0,0,0,8.975915299,21.88512181,2.877986279,30.44560593426951,EXCLUSION,19.3,medium
863,#1415,2024-01,Elegible,Vulnerabilidad Baja,1.0,2.051104816,1.0,1.0,1.776038647,2.823478261,1.0,1.0,fomon,1,low,,,espanol_ningun_adulto,adultos_ninguno_analfabeta,,0,0,6.609317356,17.78726377,2.693171842,24.036863632451063,INCLUSION,32.0,medium
864,#071,2024-04,Lista de Reserva,Vulnerabilidad Baja,2.700708215,1.0,1.0,1.0,1.0,1.498900966,1.0,1.0,sotap,3,low,jefatura_masculina,no,espanol_ningun_adulto,adultos_ninguno_analfabeta,,0,0,9.472088355,3.815111519,2.38842422,13.469247045559316,EXCLUSION,15.16,low
865,#1223,2023-11,Elegible,Vulnerabilidad Baja,1.0,1.0,1.0,1.0,1.0,1.498900966,1.790108696,1.0,sotap,1,low,,,espanol_uno_mas_adultos,adultos_ninguno_analfabeta,,0,0,0.0,10.02735341,2.279861825,9.70466314991279,INCLUSION,19.5,low
866,#1407,2023-11,Elegible,Vulnerabilidad Elevada,2.700708215,2.051104816,1.0,1.0,1.776038647,2.823478261,1.790108696,1.0,foten,2,average,jefatura_femenina,si,espanol_uno_mas_adultos,adultos_ninguno_analfabeta,,0,0,17.94487015,26.18890898,3.265073146,43.868477716411775,INCLUSION,19.89,high
867,#1725,2023-08,Lista de Reserva,Vulnerabilidad Elevada,2.700708215,1.0,3.251728045,1.0,1.0,2.117608696,1.790108696,1.0,foten,2,average,jefatura_masculina,no,espanol_uno_mas_adultos,adultos_ninguno_analfabeta,,0,0,24.2379543,14.16503897,3.116808067,38.72714975823473,EXCLUSION,21.94,high
868,#252,2023-06,No Elegible,Vulnerabilidad Moderada,1.0,1.0,1.0,1.0,1.776038647,2.823478261,1.790108696,1.0,sotap,4,average,jefatura_femenina,no,espanol_uno_mas_adultos,adultos_ninguno_analfabeta,,0,0,0.0,26.18890898,2.730928248,25.34612370011462,EXCLUSION,20.5,medium
869,#672,2024-02,Elegible,Vulnerabilidad Baja,1.0,1.0,1.0,1.0,1.776038647,1.0,2.580217391,1.043888889,fupal,2,average,jefatura_femenina,si,espanol_uno_mas_adultos,adultos_ninguno_analfabeta,0.0,0,0,0.0,17.15905947,2.478906597,16.60686377719593,INCLUSION,18.27,low
870,#555,2023-08,Lista de Reserva,Vulnerabilidad Baja,1.0,1.0,3.251728045,1.0,1.776038647,1.0,1.790108696,1.043888889,sotap,1,low,,,espanol_uno_mas_adultos,adultos_ninguno_analfabeta,0.0,0,0,11.51832969,12.53066404,2.692582072,24.01641579828265,EXCLUSION,25.81,medium
871,,2023-07,Lista de Reserva,Vulnerabilidad Severa,2.700708215,1.0,3.251728045,1.0,1.776038647,2.117608696,2.580217391,1.043888889,,1,low,,,espanol_uno_mas_adultos,adultos_uno_mas_analfabeta,0.0,0,0,24.2379543,28.09152966,3.505494188,52.20547205133984,EXCLUSION,20.15,high
872,#071,2024-04,Lista de Reserva,Vulnerabilidad Moderada,2.700708215,1.0,1.249197356,1.564135978,1.776038647,1.0,1.790108696,1.0,sotap,1,low,,,espanol_ningun_adulto,adultos_ninguno_analfabeta,0.0,0,-500,17.32315919,12.01413641,2.850951742,29.50814526208318,EXCLUSION,19.45,medium
873,#870,2024-03,No Elegible,Vulnerabilidad Baja,1.0,1.0,1.0,1.0,1.0,1.0,1.790108696,1.0,fomon,4,low,jefatura_masculina,no,espanol_uno_mas_adultos,adultos_ninguno_analfabeta,0.0,0,0,0.0,5.614422911,2.156697643,5.433745167301109,EXCLUSION,21.12,low
874,#1101,2024-02,No Elegible,Vulnerabilidad Elevada,1.0,2.051104816,3.251728045,1.0,1.776038647,1.0,2.580217391,1.0,sotap,3,low,jefatura_femenina,si,espanol_uno_mas_adultos,adultos_ninguno_analfabeta,,0,0,20.39367297,16.59309681,3.070146345,37.10907612140496,EXCLUSION,25.43,high
875,#1102,2024-05,No Elegible,Vulnerabilidad Baja,1.0,1.0,1.0,1.0,1.0,2.117608696,1.790108696,1.0,pcr_cdmx,1,low,,,espanol_uno_mas_adultos,adultos_ninguno_analfabeta,0.0,0,0,0.0,14.16503897,2.395343965,13.709193850906429,EXCLUSION,16.56,low
876,#016,2024-01,Lista de Reserva,Vulnerabilidad Moderada,2.700708215,1.0,1.249197356,1.0,1.776038647,1.498900966,1.790108696,1.0,futij,1,low,,,espanol_uno_mas_adultos,adultos_ninguno_analfabeta,,0,0,11.93561888,17.10850297,2.832769803,28.87765326709971,EXCLUSION,21.04,medium
877,#1311,2023-08,No Elegible,Vulnerabilidad Baja,1.0,1.525552408,1.0,1.0,1.776038647,1.498900966,1.790108696,1.0,sotap,3,average,jefatura_masculina,no,espanol_uno_mas_adultos,adultos_ninguno_analfabeta,0.0,0,0,3.741369748,17.10850297,2.588860746,20.41970500378282,EXCLUSION,22.73,low
878,#071,2024-05,No Elegible,Vulnerabilidad Baja,1.0,1.0,2.578385269,1.0,1.0,2.117608696,1.0,1.0,sotap,1,low,,,espanol_uno_mas_adultos,adultos_ninguno_analfabeta,0.0,0,0,8.975915299,7.392265486,2.473492984,16.41914421963215,EXCLUSION,21.69,low
879,#527,2024-02,No Elegible,Vulnerabilidad Baja,1.0,1.0,1.0,1.0,1.0,1.498900966,1.0,1.0,sotap,1,low,,,espanol_uno_mas_adultos,adultos_ninguno_analfabeta,,0,0,0.0,3.815111519,2.10647915,3.692337415207061,EXCLUSION,21.14,low
880,#527,2023-08,Elegible,Vulnerabilidad Elevada,1.0,2.051104816,1.0,1.0,1.776038647,2.823478261,1.790108696,1.0,sotap,4,average,jefatura_femenina,si,espanol_uno_mas_adultos,adultos_ninguno_analfabeta,,0,0,6.609317356,26.18890898,2.927660413,32.16813549794806,INCLUSION,20.94,medium
881,#1223,2023-09,No Elegible,Vulnerabilidad Baja,1.0,1.525552408,1.0,1.0,1.776038647,1.498900966,1.790108696,1.0,sotap,2,average,jefatura_femenina,si,espanol_uno_mas_adultos,adultos_ninguno_analfabeta,0.0,0,0,3.741369748,17.10850297,2.588860746,20.41970500378282,EXCLUSION,19.46,low
882,#1311,2024-06,No Elegible,Vulnerabilidad Severa,2.700708215,1.0,3.251728045,1.0,1.776038647,2.823478261,2.580217391,1.0,sotap,4,complete,jefatura_femenina,si,espanol_uno_mas_adultos,adultos_ninguno_analfabeta,,0,0,24.2379543,32.12448674,3.618053373,56.108644539548365,EXCLUSION,14.29,high
883,#1223,2024-03,No Elegible,Vulnerabilidad Moderada,1.0,1.0,1.0,1.0,1.776038647,2.823478261,1.790108696,1.0,sotap,1,low,,,espanol_ningun_adulto,adultos_ninguno_analfabeta,,0,0,0.0,26.18890898,2.730928248,25.34612370011462,EXCLUSION,24.85,medium
884,#1223,2024-03,No Elegible,Vulnerabilidad Elevada,1.0,1.0,2.578385269,1.0,1.776038647,2.823478261,2.580217391,1.043888889,sotap,6,average,jefatura_femenina,no,espanol_uno_mas_adultos,adultos_ninguno_analfabeta,-500.0,0,0,8.975915299,32.85812825,3.184241129,41.06549005402387,EXCLUSION,26.19,high
885,#252,2024-02,Elegible,Vulnerabilidad Elevada,1.0,1.0,1.0,1.0,1.776038647,2.823478261,2.580217391,1.043888889,sotap,2,low,jefatura_masculina,no,espanol_uno_mas_adultos,adultos_uno_mas_analfabeta,0.0,0,-500,0.0,32.85812825,2.917065088,31.80072082478675,INCLUSION,28.99,medium
886,#071,2023-08,Lista de Reserva,Vulnerabilidad Moderada,2.700708215,1.0,2.578385269,1.0,1.0,1.498900966,1.0,1.0,sotap,1,low,,,espanol_ningun_adulto,adultos_ninguno_analfabeta,0.0,0,0,20.97871872,3.815111519,2.730929228,25.34617228233538,EXCLUSION,19.51,medium
887,#555,2024-06,No Elegible,Vulnerabilidad Baja,1.0,2.051104816,1.0,1.0,1.776038647,1.0,2.580217391,1.043888889,sotap,4,average,jefatura_femenina,si,espanol_uno_mas_adultos,adultos_ninguno_analfabeta,0.0,0,0,6.609317356,17.15905947,2.675638761,23.42887557502937,EXCLUSION,16.28,medium
888,#1223,2024-06,Lista de Reserva,Vulnerabilidad Elevada,1.0,1.0,2.578385269,1.0,1.776038647,2.117608696,2.580217391,1.0,sotap,1,low,,,espanol_uno_mas_adultos,adultos_ninguno_analfabeta,,0,0,8.975915299,27.40879931,3.032151233,35.791525968642006,EXCLUSION,19.25,high
889,#112,2024-06,No Elegible,Vulnerabilidad Elevada,2.700708215,1.0,3.251728045,1.0,1.776038647,1.0,1.790108696,1.0,sotap,3,low,jefatura_femenina,si,espanol_uno_mas_adultos,adultos_ninguno_analfabeta,0.0,0,0,24.2379543,12.01413641,3.056776721,36.645465393518094,EXCLUSION,15.43,high
890,#527,2024-04,Lista de Reserva,Vulnerabilidad Elevada,1.0,1.0,2.578385269,1.0,1.0,2.117608696,2.580217391,1.738466184,sotap,4,average,jefatura_masculina,si,espanol_uno_mas_adultos,adultos_ninguno_analfabeta,,0,-500,8.975915299,27.07165714,3.022741649,35.46523337081478,EXCLUSION,21.57,high
891,#071,2023-09,Elegible,Vulnerabilidad Baja,1.0,1.0,1.0,1.564135978,1.0,2.117608696,1.0,1.043888889,sotap,4,average,jefatura_femenina,si,espanol_uno_mas_adultos,adultos_ninguno_analfabeta,0.0,0,0,3.975239986,7.858894815,2.33766702,11.709154904947953,INCLUSION,20.01,low
892,#1323,2023-10,Lista de Reserva,Vulnerabilidad Baja,1.0,1.0,1.0,1.0,1.0,1.0,2.580217391,1.0,fupal,1,low,,,espanol_uno_mas_adultos,adultos_ninguno_analfabeta,,0,0,0.0,9.580889352,2.267401085,9.272566751763287,EXCLUSION,20.42,low
893,#1101,2024-04,No Elegible por Intenciones,Vulnerabilidad Baja,1.0,1.0,2.578385269,1.0,1.0,1.498900966,1.790108696,1.0,sotap,1,low,,,espanol_uno_mas_adultos,adultos_ninguno_analfabeta,,0,0,8.975915299,10.02735341,2.547037866,18.969432379149907,EXCLUSION,18.54,low
894,#645,2023-07,No Elegible,Vulnerabilidad Baja,1.0,1.0,1.0,1.0,1.0,1.498900966,1.0,1.0,fupal,3,low,jefatura_masculina,no,espanol_uno_mas_adultos,adultos_ninguno_analfabeta,,0,0,0.0,3.815111519,2.10647915,3.692337415207061,EXCLUSION,18.47,low
895,#1311,2024-06,No Elegible,Vulnerabilidad Baja,1.0,1.0,1.0,1.0,1.776038647,2.117608696,1.790108696,1.0,sotap,1,low,,,espanol_uno_mas_adultos,adultos_ninguno_analfabeta,,0,0,0.0,21.88512181,2.610810239,21.18083670503239,EXCLUSION,16.3,low
896,#527,2024-04,Lista de Reserva,Vulnerabilidad Elevada,1.0,1.0,2.578385269,1.0,1.776038647,2.117608696,1.790108696,1.738466184,sotap,1,low,,,espanol_uno_mas_adultos,adultos_ninguno_analfabeta,,0,0,8.975915299,30.44211729,3.116810651,38.727228742727625,EXCLUSION,18.06,high
897,#071,2023-09,No Elegible,Vulnerabilidad Baja,1.0,1.0,3.251728045,1.0,1.0,1.498900966,1.790108696,1.0,sotap,1,low,,,espanol_uno_mas_adultos,adultos_ninguno_analfabeta,0.0,0,0,11.51832969,10.02735341,2.622715074,21.59366420766668,EXCLUSION,21.62,medium
898,#1101,2023-09,No Elegible,Vulnerabilidad Elevada,2.070141643,1.0,1.0,1.0,1.776038647,2.823478261,1.790108696,1.043888889,sotap,4,average,jefatura_masculina,no,espanol_uno_mas_adultos,adultos_ninguno_analfabeta,0.0,0,0,6.702282231,26.85846924,2.949114914,32.912105216863374,EXCLUSION,20.1,medium
899,#071,2023-08,Elegible,Vulnerabilidad Baja,1.0,1.0,2.578385269,1.0,1.0,1.498900966,1.790108696,1.0,sotap,1,low,,,espanol_uno_mas_adultos,adultos_ninguno_analfabeta,,-500,0,8.975915299,10.02735341,2.547037866,18.969432379149907,INCLUSION,24.8,low
900,#1282,2024-04,No Elegible,Vulnerabilidad Baja,1.0,1.0,1.0,1.0,1.0,1.0,2.580217391,1.043888889,fomon,1,low,,,espanol_uno_mas_adultos,adultos_ninguno_analfabeta,,0,0,0.0,10.07114734,2.281084107,9.74704774745146,EXCLUSION,16.54,low
901,#1101,2023-08,No Elegible,Vulnerabilidad Baja,1.0,1.525552408,1.0,1.0,1.776038647,1.498900966,1.0,1.0,sotap,1,low,,,espanol_ningun_adulto,adultos_ninguno_analfabeta,,0,0,3.741369748,9.93697889,2.388704659,13.478967740201298,EXCLUSION,23.33,low
902,#1311,2023-09,Elegible,Vulnerabilidad Elevada,2.070141643,1.0,2.578385269,1.0,1.776038647,2.117608696,1.790108696,1.043888889,sotap,2,average,jefatura_femenina,si,espanol_uno_mas_adultos,adultos_ninguno_analfabeta,,0,0,17.46888676,22.50821784,3.148177581,39.81493388651453,INCLUSION,20.85,high
903,#1101,2024-04,No Elegible,Vulnerabilidad Elevada,1.0,2.051104816,1.0,1.0,1.776038647,2.823478261,1.790108696,1.0,sotap,1,low,,,espanol_uno_mas_adultos,adultos_ninguno_analfabeta,0.0,0,0,6.609317356,26.18890898,2.927660413,32.16813549794806,EXCLUSION,19.73,medium
904,#112,2024-06,No Elegible,Vulnerabilidad Baja,1.0,1.0,1.0,1.0,1.776038647,1.0,2.580217391,1.0,sotap,1,low,,,espanol_uno_mas_adultos,adultos_ninguno_analfabeta,,0,0,0.0,16.59309681,2.46311067,16.059114361557388,EXCLUSION,14.84,low
905,#252,2024-05,Lista de Reserva,Vulnerabilidad Baja,1.0,1.0,1.0,1.0,1.0,1.0,1.790108696,1.043888889,sotap,1,low,,,espanol_uno_mas_adultos,adultos_ninguno_analfabeta,0.0,0,0,0.0,6.061858428,2.169185496,5.866781761928531,EXCLUSION,15.39,low
906,#1054,2023-10,Lista de Reserva,Vulnerabilidad Baja,1.0,1.0,1.0,1.0,1.0,1.498900966,1.0,1.0,futij,3,low,jefatura_masculina,no,espanol_uno_mas_adultos,adultos_ninguno_analfabeta,,0,0,0.0,3.815111519,2.10647915,3.692337415207061,EXCLUSION,24.62,low
907,#1311,2024-01,No Elegible,Vulnerabilidad Baja,1.0,1.0,1.0,1.0,1.776038647,1.0,1.790108696,1.0,sotap,1,low,,,espanol_uno_mas_adultos,adultos_ninguno_analfabeta,,0,0,0.0,12.01413641,2.33531262,11.62750948618979,EXCLUSION,24.38,low
908,#071,2023-09,No Elegible,Vulnerabilidad Elevada,1.0,1.0,3.251728045,1.0,1.776038647,2.117608696,1.790108696,1.0,sotap,1,low,,,espanol_ningun_adulto,adultos_uno_mas_analfabeta,,0,0,11.51832969,21.88512181,2.953663487,33.06983776278628,EXCLUSION,29.91,medium
909,#1101,2024-03,Lista de Reserva,Vulnerabilidad Severa,2.700708215,1.0,2.578385269,1.0,1.776038647,2.823478261,2.580217391,1.0,sotap,2,complete,jefatura_femenina,si,espanol_ningun_adulto,adultos_ninguno_analfabeta,,0,0,20.97871872,32.12448674,3.521039349,52.74452349934838,EXCLUSION,25.42,high
910,#1311,2024-02,Lista de Reserva,Vulnerabilidad Baja,1.0,2.051104816,1.0,1.0,1.0,1.0,1.0,1.0,sotap,5,low,jefatura_masculina,no,espanol_uno_mas_adultos,adultos_ninguno_analfabeta,-500.0,0,0,6.609317356,0.0,2.196732164,6.8220117978334365,EXCLUSION,17.81,low
911,#1311,2023-09,Lista de Reserva,Vulnerabilidad Elevada,2.700708215,1.0,3.251728045,1.0,1.776038647,2.117608696,2.580217391,1.0,sotap,1,low,,,espanol_uno_mas_adultos,adultos_ninguno_analfabeta,,0,0,24.2379543,27.40879931,3.486439293,51.54471264673319,EXCLUSION,21.72,high
912,#1223,2024-04,No Elegible,Vulnerabilidad Elevada,2.700708215,2.051104816,3.251728045,1.0,1.0,2.117608696,1.0,1.0,sotap,1,low,,,espanol_uno_mas_adultos,adultos_ninguno_analfabeta,,0,0,35.61565687,7.392265486,3.266448403,43.916179314128506,EXCLUSION,24.49,high
913,#1223,2023-12,Elegible,Vulnerabilidad Elevada,2.700708215,1.525552408,1.249197356,1.0,1.776038647,1.498900966,1.790108696,1.0,sotap,1,low,,,espanol_uno_mas_adultos,adultos_ninguno_analfabeta,0.0,0,0,17.00620089,17.10850297,2.983700152,34.111411676763524,INCLUSION,20.86,high
914,#252,2024-05,No Elegible,Vulnerabilidad Severa,2.700708215,1.525552408,3.251728045,1.0,1.776038647,2.823478261,1.790108696,1.0,sotap,1,low,,,espanol_uno_mas_adultos,adultos_uno_mas_analfabeta,0.0,0,0,30.67858802,26.18890898,3.644103496,57.01197936118624,EXCLUSION,28.54,high
915,#1583,2024-02,No Elegible,Vulnerabilidad Elevada,2.070141643,1.0,1.0,1.0,1.776038647,2.117608696,2.580217391,2.544987923,foten,3,average,jefatura_masculina,no,espanol_uno_mas_adultos,adultos_ninguno_analfabeta,,0,0,6.702282231,44.04383881,3.428755821,49.5444324087312,EXCLUSION,23.13,high
916,#1407,2023-11,Lista de Reserva,Vulnerabilidad Elevada,2.700708215,1.0,2.578385269,1.0,1.776038647,2.117608696,1.790108696,1.0,foten,1,low,,,espanol_uno_mas_adultos,adultos_ninguno_analfabeta,-500.0,0,0,20.97871872,21.88512181,3.235260316,42.83467157216072,EXCLUSION,25.22,high
917,#1841,2023-06,No Elegible,Vulnerabilidad Moderada,1.0,1.0,1.0,1.0,1.776038647,2.823478261,1.790108696,1.0,foten,3,low,jefatura_femenina,no,espanol_uno_mas_adultos,adultos_ninguno_analfabeta,0.0,0,0,0.0,26.18890898,2.730928248,25.34612370011462,EXCLUSION,22.23,medium
918,#112,2024-02,Lista de Reserva,Vulnerabilidad Elevada,1.0,1.0,2.578385269,1.564135978,1.776038647,2.823478261,2.580217391,1.043888889,sotap,1,low,,,espanol_uno_mas_adultos,adultos_ninguno_analfabeta,,0,0,14.01324416,32.85812825,3.334181668,46.26492519509971,EXCLUSION,26.1,high
919,#1101,2024-05,Lista de Reserva,Vulnerabilidad Moderada,1.0,1.0,1.0,1.0,1.776038647,2.823478261,1.790108696,1.0,sotap,4,average,jefatura_masculina,no,espanol_uno_mas_adultos,adultos_ninguno_analfabeta,0.0,0,0,0.0,26.18890898,2.730928248,25.34612370011462,EXCLUSION,21.17,medium
920,#071,2024-02,Elegible,Vulnerabilidad Elevada,1.0,1.0,3.251728045,1.0,1.776038647,2.823478261,1.790108696,1.043888889,sotap,4,average,jefatura_masculina,no,espanol_uno_mas_adultos,adultos_ninguno_analfabeta,,-500,0,11.51832969,26.85846924,3.092468817,37.88313789914145,INCLUSION,38.66,high
921,#1223,2024-04,Lista de Reserva,Vulnerabilidad Elevada,1.0,2.051104816,1.0,1.0,1.776038647,2.117608696,2.580217391,1.0,sotap,4,complete,jefatura_femenina,si,espanol_uno_mas_adultos,adultos_ninguno_analfabeta,,0,0,6.609317356,27.40879931,2.961707356,33.34876853723833,EXCLUSION,15.42,medium
922,#1765,2024-02,No Elegible,Vulnerabilidad Moderada,1.0,1.0,2.578385269,1.0,1.776038647,1.498900966,1.790108696,1.043888889,fupal,4,average,jefatura_masculina,no,espanol_uno_mas_adultos,adultos_uno_mas_analfabeta,0.0,0,0,8.975915299,17.68003002,2.760622842,26.375838203163497,EXCLUSION,35.95,medium
923,#458,2024-01,No Elegible,Vulnerabilidad Baja,1.0,1.0,3.251728045,1.0,1.0,1.498900966,1.0,1.043888889,fupal,1,low,,,espanol_uno_mas_adultos,adultos_ninguno_analfabeta,,0,0,11.51832969,4.243121443,2.461278087,15.995574609596703,EXCLUSION,33.49,low
924,#111,2023-09,No Elegible,Vulnerabilidad Elevada,2.070141643,1.0,1.0,1.0,1.776038647,2.823478261,1.790108696,1.043888889,fomon,1,low,,,espanol_uno_mas_adultos,adultos_uno_mas_analfabeta,0.0,0,0,6.702282231,26.85846924,2.949114914,32.912105216863374,EXCLUSION,25.66,medium
925,#252,2024-05,Elegible,Vulnerabilidad Elevada,2.700708215,1.0,1.249197356,1.0,1.776038647,2.823478261,2.580217391,1.0,sotap,4,average,jefatura_masculina,no,espanol_uno_mas_adultos,adultos_ninguno_analfabeta,-500.0,0,0,11.93561888,32.12448674,3.251863502,43.41040766339734,INCLUSION,16.14,high
926,#440,2023-07,Lista de Reserva,Vulnerabilidad Baja,2.070141643,1.0,1.0,1.0,1.0,1.0,1.790108696,1.043888889,pcr_cdmx,1,low,,,espanol_uno_mas_adultos,adultos_ninguno_analfabeta,0.0,0,0,6.702282231,6.061858428,2.368684842,12.78475013740434,EXCLUSION,13.65,low
927,#1311,2023-10,Elegible,Vulnerabilidad Elevada,1.0,1.0,2.578385269,1.0,1.776038647,2.823478261,2.580217391,1.043888889,sotap,3,average,jefatura_masculina,no,espanol_uno_mas_adultos,adultos_ninguno_analfabeta,,0,0,8.975915299,32.85812825,3.184241129,41.06549005402387,INCLUSION,25.38,high
928,#1311,2023-06,Lista de Reserva,Vulnerabilidad Baja,1.0,1.0,1.0,1.0,1.0,1.0,1.790108696,1.043888889,sotap,7,average,jefatura_masculina,no,espanol_uno_mas_adultos,adultos_ninguno_analfabeta,0.0,0,0,0.0,6.061858428,2.169185496,5.866781761928531,EXCLUSION,16.62,low
929,#252,2023-06,No Elegible,Vulnerabilidad Moderada,1.0,1.525552408,1.0,1.0,1.776038647,2.823478261,1.790108696,1.0,sotap,1,low,,,espanol_uno_mas_adultos,adultos_ninguno_analfabeta,-500.0,0,0,3.741369748,26.18890898,2.842293421,29.20789446797501,EXCLUSION,17.48,medium
930,#555,2024-05,No Elegible,Vulnerabilidad Elevada,1.0,1.0,3.251728045,1.0,1.776038647,2.823478261,2.580217391,1.0,sotap,4,low,jefatura_femenina,no,espanol_uno_mas_adultos,adultos_ninguno_analfabeta,-500.0,0,-500,11.51832969,32.12448674,3.23944252,42.97968968997395,EXCLUSION,24.47,high
931,#527,2024-04,No Elegible,Vulnerabilidad Moderada,2.700708215,1.0,1.0,1.0,1.776038647,2.117608696,2.580217391,1.043888889,sotap,3,average,jefatura_masculina,no,espanol_uno_mas_adultos,adultos_ninguno_analfabeta,0.0,0,0,9.472088355,28.09152966,3.065975156,36.9644257743638,EXCLUSION,15.9,high
932,#112,2023-09,Lista de Reserva,Vulnerabilidad Elevada,2.070141643,1.0,1.0,1.0,1.776038647,2.823478261,2.580217391,1.043888889,sotap,3,average,jefatura_femenina,no,espanol_uno_mas_adultos,adultos_ninguno_analfabeta,0.0,0,0,6.702282231,32.85812825,3.116564434,38.71868920026256,EXCLUSION,22.01,high
933,#016,2024-07,No Elegible,Vulnerabilidad Severa,2.700708215,1.0,3.251728045,1.0,1.776038647,2.823478261,2.580217391,1.043888889,futij,3,average,jefatura_femenina,si,espanol_uno_mas_adultos,adultos_uno_mas_analfabeta,,0,0,24.2379543,32.85812825,3.63852919,56.81867673211505,EXCLUSION,29.15,high
934,#1583,2024-05,Elegible,Vulnerabilidad Elevada,1.0,1.0,2.578385269,1.0,1.776038647,2.823478261,2.580217391,1.043888889,foten,4,average,jefatura_masculina,no,espanol_uno_mas_adultos,adultos_ninguno_analfabeta,0.0,0,0,8.975915299,32.85812825,3.184241129,41.06549005402387,INCLUSION,24.64,high
935,#555,2024-04,No Elegible,Vulnerabilidad Elevada,2.700708215,1.0,1.0,1.0,1.776038647,2.823478261,1.790108696,1.0,sotap,3,average,jefatura_femenina,si,espanol_uno_mas_adultos,adultos_uno_mas_analfabeta,-500.0,0,0,9.472088355,26.18890898,3.012873318,35.123033330466875,EXCLUSION,18.05,high
936,#1101,2024-01,No Elegible,Vulnerabilidad Moderada,1.0,1.0,1.0,1.0,1.776038647,2.823478261,1.790108696,1.0,sotap,1,low,,,espanol_uno_mas_adultos,adultos_ninguno_analfabeta,,0,0,0.0,26.18890898,2.730928248,25.34612370011462,EXCLUSION,26.17,medium
937,#1725,2024-05,Elegible,Vulnerabilidad Elevada,1.599560907,1.0,1.0,1.0,1.776038647,2.823478261,2.580217391,1.043888889,foten,2,low,jefatura_femenina,si,espanol_uno_mas_adultos,adultos_ninguno_analfabeta,,0,0,4.186184624,32.85812825,3.041670568,36.1216210561717,INCLUSION,16.72,high
938,#1407,2023-08,No Elegible,Vulnerabilidad Moderada,2.070141643,1.0,2.578385269,1.0,1.0,1.498900966,1.790108696,1.043888889,foten,1,low,,,espanol_uno_mas_adultos,adultos_ninguno_analfabeta,,0,0,17.46888676,10.52243148,2.813656206,28.214862117365684,EXCLUSION,22.47,medium
939,#692,2024-04,Lista de Reserva,Vulnerabilidad Baja,1.0,1.0,2.578385269,1.0,1.0,1.0,1.0,1.0,pcr_cdmx,1,low,,,espanol_uno_mas_adultos,adultos_ninguno_analfabeta,,0,0,8.975915299,0.0,2.267176041,9.26476922923712,EXCLUSION,17.04,low
940,#133,2024-05,No Elegible por Duplicidad,Vulnerabilidad Moderada,1.0,1.0,1.0,1.0,1.776038647,2.823478261,1.790108696,1.0,fupal,1,low,,,espanol_uno_mas_adultos,adultos_ninguno_analfabeta,0.0,0,0,0.0,26.18890898,2.730928248,25.34612370011462,EXCLUSION,20.92,medium
941,#1359,2024-04,No Elegible,Vulnerabilidad Elevada,2.700708215,1.0,3.251728045,1.0,1.0,2.117608696,2.580217391,1.043888889,foten,2,average,jefatura_femenina,si,espanol_uno_mas_adultos,adultos_ninguno_analfabeta,,0,0,24.2379543,19.54126117,3.266857566,43.93035975161653,EXCLUSION,15.93,high
942,#071,2024-02,No Elegible,Vulnerabilidad Elevada,2.070141643,1.0,2.578385269,2.128271955,1.0,1.498900966,1.790108696,1.043888889,sotap,4,average,jefatura_masculina,no,espanol_uno_mas_adultos,adultos_ninguno_analfabeta,0.0,0,0,28.0817378,10.52243148,3.129557084,39.16924531668392,EXCLUSION,35.66,high
943,#1223,2023-11,No Elegible,Vulnerabilidad Baja,2.070141643,1.0,1.0,1.0,1.776038647,1.498900966,1.790108696,1.043888889,sotap,1,low,,,espanol_uno_mas_adultos,adultos_ninguno_analfabeta,0.0,0,0,6.702282231,17.68003002,2.692946147,24.029037349402188,EXCLUSION,21.35,medium
944,#133,2023-12,No Elegible por Intenciones,Vulnerabilidad Baja,1.0,1.0,1.0,1.0,1.0,2.117608696,1.0,1.0,fupal,1,low,,,espanol_uno_mas_adultos,adultos_ninguno_analfabeta,0.0,0,0,0.0,7.392265486,2.206316944,7.154374990395034,EXCLUSION,22.96,low
945,#112,2024-01,No Elegible,Vulnerabilidad Baja,1.0,1.0,1.0,1.0,1.0,1.0,1.790108696,1.0,sotap,1,low,,,espanol_uno_mas_adultos,adultos_ninguno_analfabeta,-500.0,0,0,0.0,5.614422911,2.156697643,5.433745167301109,EXCLUSION,18.79,low
946,#555,2023-07,No Elegible,Vulnerabilidad Moderada,1.0,1.0,1.0,1.0,1.776038647,2.117608696,2.580217391,1.043888889,sotap,1,low,,,espanol_ningun_adulto,adultos_ninguno_analfabeta,0.0,0,0,0.0,28.09152966,2.784030087,27.18751614401154,EXCLUSION,17.25,medium
947,#1223,2023-12,Elegible,Vulnerabilidad Moderada,1.0,1.0,1.0,1.0,1.776038647,2.823478261,1.790108696,1.0,sotap,3,low,jefatura_masculina,no,espanol_ningun_adulto,adultos_ninguno_analfabeta,,0,0,0.0,26.18890898,2.730928248,25.34612370011462,INCLUSION,28.79,medium
948,#672,2024-01,Lista de Reserva,Vulnerabilidad Moderada,1.0,1.0,1.0,1.0,1.776038647,2.823478261,2.580217391,1.0,fupal,4,average,jefatura_masculina,no,espanol_uno_mas_adultos,adultos_ninguno_analfabeta,,0,0,0.0,32.12448674,2.896589272,31.09068863222006,EXCLUSION,31.23,medium
949,#112,2024-05,Lista de Reserva,Vulnerabilidad Baja,1.0,1.0,1.0,1.0,1.0,1.498900966,1.0,1.0,sotap,1,low,,,espanol_uno_mas_adultos,adultos_ninguno_analfabeta,0.0,0,0,0.0,3.815111519,2.10647915,3.692337415207061,EXCLUSION,17.67,low
950,#1101,2024-03,No Elegible,Vulnerabilidad Baja,1.0,1.0,1.0,1.564135978,1.0,1.0,1.0,1.0,sotap,2,low,jefatura_femenina,no,espanol_uno_mas_adultos,adultos_ninguno_analfabeta,0.0,0,0,3.975239986,0.0,2.118326527,4.103167183989466,EXCLUSION,19.36,low
951,#1223,2023-10,Elegible,Vulnerabilidad Elevada,1.0,1.525552408,2.578385269,1.0,1.776038647,2.823478261,1.790108696,1.0,sotap,8,average,jefatura_femenina,no,espanol_uno_mas_adultos,adultos_ninguno_analfabeta,,0,0,13.7168894,26.18890898,3.139223567,39.50443631789602,INCLUSION,27.73,high
952,#252,2024-03,Elegible,Vulnerabilidad Baja,1.0,1.0,1.0,1.0,1.776038647,1.498900966,1.790108696,1.043888889,sotap,2,average,jefatura_femenina,si,espanol_uno_mas_adultos,adultos_ninguno_analfabeta,0.0,-500,0,0.0,17.68003002,2.493446802,17.11106897392638,INCLUSION,26.34,low
953,#1167,2023-07,Lista de Reserva,Vulnerabilidad Elevada,2.700708215,1.0,2.578385269,1.0,1.776038647,2.823478261,1.790108696,1.0,foten,3,average,jefatura_femenina,no,espanol_uno_mas_adultos,adultos_ninguno_analfabeta,,0,0,20.97871872,26.18890898,3.355378326,46.99995856724294,EXCLUSION,22.02,high
954,#1101,2024-01,Elegible por Proceso Acelerado,Vulnerabilidad Baja,1.0,1.0,1.0,1.0,1.0,1.0,1.0,1.0,sotap,1,low,,,espanol_uno_mas_adultos,adultos_uno_mas_analfabeta,,0,0,0.0,0.0,2.0,0.0,INCLUSION,23.41,low
955,#071,2024-05,Elegible,Vulnerabilidad Moderada,1.0,1.0,2.578385269,1.0,1.776038647,2.823478261,1.0,1.0,sotap,1,low,,,espanol_uno_mas_adultos,adultos_ninguno_analfabeta,,0,0,8.975915299,17.78726377,2.763615719,26.47962106385475,INCLUSION,22.49,medium
956,#458,2024-07,Lista de Reserva,Vulnerabilidad Baja,1.0,1.0,1.0,1.0,1.776038647,1.0,1.790108696,1.0,fupal,1,low,,,espanol_uno_mas_adultos,adultos_uno_mas_analfabeta,,0,0,0.0,12.01413641,2.33531262,11.62750948618979,EXCLUSION,21.71,low
957,#1311,2024-06,No Elegible,Vulnerabilidad Elevada,2.070141643,1.0,1.0,1.0,1.776038647,2.823478261,2.580217391,1.043888889,sotap,5,high,jefatura_femenina,si,espanol_uno_mas_adultos,adultos_ninguno_analfabeta,,0,0,6.702282231,32.85812825,3.116564434,38.71868920026256,EXCLUSION,16.96,high
958,#1497,2024-02,Elegible,Vulnerabilidad Baja,1.0,1.0,1.0,1.0,1.776038647,2.117608696,1.790108696,1.0,futij,4,average,jefatura_masculina,no,espanol_uno_mas_adultos,adultos_ninguno_analfabeta,,-500,0,0.0,21.88512181,2.610810239,21.18083670503239,INCLUSION,29.27,low
959,#252,2023-08,No Elegible,Vulnerabilidad Baja,1.0,1.0,1.0,1.0,1.0,1.0,1.0,1.0,sotap,5,high,jefatura_femenina,no,espanol_uno_mas_adultos,adultos_ninguno_analfabeta,,0,0,0.0,0.0,2.0,0.0,EXCLUSION,17.36,low
960,#555,2024-07,No Elegible,Vulnerabilidad Moderada,1.0,1.525552408,2.578385269,1.0,1.776038647,1.0,1.790108696,1.0,sotap,1,low,,,espanol_ningun_adulto,adultos_ninguno_analfabeta,-500.0,0,0,13.7168894,12.01413641,2.743607939,25.785822103971192,EXCLUSION,20.42,medium
961,#252,2024-04,No Elegible,Vulnerabilidad Moderada,1.0,1.0,1.0,1.0,1.776038647,2.823478261,1.790108696,1.0,sotap,2,average,jefatura_femenina,si,espanol_ningun_adulto,adultos_ninguno_analfabeta,0.0,0,0,0.0,26.18890898,2.730928248,25.34612370011462,EXCLUSION,23.28,medium
962,#1387,2024-03,No Elegible,Vulnerabilidad Moderada,1.0,1.525552408,1.0,1.0,1.776038647,2.117608696,1.790108696,1.0,fusal,1,low,,,espanol_uno_mas_adultos,adultos_ninguno_analfabeta,0.0,0,0,3.741369748,21.88512181,2.722175411,25.04260747289278,EXCLUSION,25.41,medium
963,#692,2023-07,Lista de Reserva,Vulnerabilidad Baja,1.0,1.0,1.249197356,1.0,1.0,1.0,1.0,1.0,pcr_cdmx,1,low,,,espanol_uno_mas_adultos,adultos_ninguno_analfabeta,0.0,0,0,1.921713018,0.0,2.057201484,1.983555664632258,EXCLUSION,14.91,low
964,#071,2023-09,No Elegible,Vulnerabilidad Moderada,1.0,1.0,1.0,1.0,1.776038647,2.823478261,1.790108696,1.043888889,sotap,1,low,,,espanol_uno_mas_adultos,adultos_uno_mas_analfabeta,,0,0,0.0,26.85846924,2.749615568,25.99413684138756,EXCLUSION,24.7,medium
965,#527,2023-11,No Elegible,Vulnerabilidad Elevada,2.700708215,1.0,1.0,1.0,1.776038647,2.823478261,1.790108696,1.0,sotap,5,high,jefatura_femenina,no,espanol_uno_mas_adultos,adultos_ninguno_analfabeta,0.0,0,0,9.472088355,26.18890898,3.012873318,35.123033330466875,EXCLUSION,23.22,high
966,#071,2024-03,No Elegible,Vulnerabilidad Baja,1.0,1.0,1.0,1.0,1.776038647,2.117608696,1.790108696,1.0,sotap,1,low,,,espanol_uno_mas_adultos,adultos_ninguno_analfabeta,,0,0,0.0,21.88512181,2.610810239,21.18083670503239,EXCLUSION,22.61,low
967,#071,2024-02,Elegible,Vulnerabilidad Baja,1.0,1.525552408,1.0,1.0,1.0,1.0,1.0,1.0,sotap,2,average,jefatura_femenina,si,espanol_uno_mas_adultos,adultos_ninguno_analfabeta,0.0,0,0,3.741369748,0.0,2.111365173,3.861770767860388,INCLUSION,21.01,low
968,#252,2023-08,Elegible,Vulnerabilidad Baja,1.0,1.0,1.0,1.0,1.0,1.0,1.0,1.0,sotap,1,low,,,espanol_uno_mas_adultos,adultos_ninguno_analfabeta,500.0,0,0,0.0,0.0,2.0,0.0,INCLUSION,21.28,low
969,#1771,2023-08,Elegible,Vulnerabilidad Elevada,2.700708215,1.0,2.578385269,1.0,1.776038647,2.823478261,1.790108696,1.0,fupal,4,average,jefatura_femenina,no,espanol_uno_mas_adultos,adultos_ninguno_analfabeta,,0,0,20.97871872,26.18890898,3.355378326,46.99995856724294,INCLUSION,24.93,high
970,#252,2023-10,Elegible,Vulnerabilidad Severa,2.700708215,1.0,3.251728045,1.0,1.776038647,2.823478261,2.580217391,1.043888889,sotap,1,low,,,espanol_ningun_adulto,adultos_uno_mas_analfabeta,0.0,0,0,24.2379543,32.85812825,3.63852919,56.81867673211505,INCLUSION,26.21,high
971,#1765,2023-09,No Elegible,Vulnerabilidad Severa,2.700708215,1.0,3.251728045,1.0,1.776038647,2.823478261,2.580217391,1.0,fupal,4,average,jefatura_femenina,no,espanol_uno_mas_adultos,adultos_ninguno_analfabeta,,0,0,24.2379543,32.12448674,3.618053373,56.108644539548365,EXCLUSION,23.38,high
972,#527,2023-12,Lista de Reserva,Vulnerabilidad Baja,1.0,1.0,1.0,1.0,1.776038647,1.498900966,1.790108696,1.0,sotap,1,low,,,espanol_uno_mas_adultos,adultos_ninguno_analfabeta,500.0,0,0,0.0,17.10850297,2.477495573,16.55793423592243,EXCLUSION,24.48,low
973,#1101,2024-07,No Elegible,Vulnerabilidad Severa,2.700708215,1.0,2.578385269,1.0,1.776038647,2.117608696,1.790108696,2.544987923,sotap,2,complete,jefatura_femenina,si,espanol_ningun_adulto,adultos_ninguno_analfabeta,,0,0,20.97871872,37.06714366,3.658988111,57.52812077700585,EXCLUSION,21.78,high
974,,2023-10,No Elegible,Vulnerabilidad Elevada,2.700708215,1.0,2.578385269,1.0,1.776038647,1.498900966,1.790108696,2.544987923,,2,low,jefatura_femenina,no,espanol_uno_mas_adultos,adultos_ninguno_analfabeta,-500.0,0,0,20.97871872,31.0340229,3.490604678,51.689151876183416,EXCLUSION,22.76,high
975,#252,2023-06,Lista de Reserva,Vulnerabilidad Baja,1.0,1.0,2.578385269,1.0,1.0,1.498900966,1.0,1.0,sotap,1,low,,,espanol_uno_mas_adultos,adultos_ninguno_analfabeta,0.0,0,0,8.975915299,3.815111519,2.373655191,12.95710664444418,EXCLUSION,17.6,low
976,#112,2024-06,No Elegible,Vulnerabilidad Elevada,1.0,2.051104816,2.578385269,1.0,1.776038647,2.117608696,1.790108696,1.0,sotap,7,high,jefatura_masculina,no,espanol_uno_mas_adultos,adultos_ninguno_analfabeta,,0,0,17.3510839,21.88512181,3.127280564,39.090295836018285,EXCLUSION,25.97,high
977,#1859,2024-01,Elegible,Vulnerabilidad Baja,1.0,1.0,1.0,1.0,1.0,1.0,1.790108696,1.0,pcr_cdmx,1,low,,,espanol_uno_mas_adultos,adultos_uno_mas_analfabeta,,0,0,0.0,5.614422911,2.156697643,5.433745167301109,INCLUSION,26.4,low
978,#527,2023-09,Lista de Reserva,Vulnerabilidad Baja,1.0,1.0,1.0,1.0,1.0,1.0,1.0,1.0,sotap,1,low,,,espanol_uno_mas_adultos,adultos_ninguno_analfabeta,,0,0,0.0,0.0,2.0,0.0,EXCLUSION,19.16,low
979,#112,2024-06,Lista de Reserva,Vulnerabilidad Elevada,2.700708215,1.0,3.251728045,1.0,1.776038647,2.117608696,1.790108696,1.0,sotap,3,complete,jefatura_femenina,si,espanol_uno_mas_adultos,adultos_ninguno_analfabeta,,0,0,24.2379543,21.88512181,3.33227434,46.19879261236069,EXCLUSION,19.35,high
980,#041,2024-03,No Elegible,Vulnerabilidad Baja,2.070141643,1.0,1.0,1.0,1.0,1.0,1.790108696,1.043888889,fusal,3,low,jefatura_masculina,no,espanol_uno_mas_adultos,adultos_ninguno_analfabeta,0.0,0,0,6.702282231,6.061858428,2.368684842,12.78475013740434,EXCLUSION,20.77,low
981,#527,2023-10,No Elegible,Vulnerabilidad Elevada,2.700708215,2.051104816,2.578385269,1.0,1.0,1.0,1.0,1.0,sotap,3,low,jefatura_masculina,si,espanol_uno_mas_adultos,adultos_ninguno_analfabeta,0.0,0,0,31.71522481,0.0,2.944031657,32.73585245961061,EXCLUSION,22.64,medium
982,#252,2023-06,Lista de Reserva,Vulnerabilidad Elevada,2.700708215,2.051104816,3.251728045,1.0,1.776038647,1.0,1.790108696,1.0,sotap,6,average,jefatura_femenina,no,espanol_uno_mas_adultos,adultos_ninguno_analfabeta,0.0,0,0,35.61565687,12.01413641,3.395444079,48.38931380992327,EXCLUSION,21.3,high
983,#1311,2024-02,No Elegible,Vulnerabilidad Baja,2.070141643,1.0,1.0,1.0,1.0,2.117608696,1.790108696,1.043888889,sotap,3,average,jefatura_femenina,si,espanol_uno_mas_adultos,adultos_ninguno_analfabeta,,0,0,6.702282231,14.70478802,2.60990762,21.14954161220419,EXCLUSION,20.84,low
984,#112,2024-01,Lista de Reserva,Vulnerabilidad Elevada,1.0,1.0,2.578385269,1.0,1.776038647,2.823478261,2.580217391,1.043888889,sotap,2,complete,jefatura_femenina,si,espanol_uno_mas_adultos,adultos_uno_mas_analfabeta,0.0,0,0,8.975915299,32.85812825,3.184241129,41.06549005402387,EXCLUSION,36.94,high
985,#1311,2024-05,No Elegible,Vulnerabilidad Baja,1.0,1.525552408,1.0,1.0,1.776038647,1.498900966,1.790108696,1.0,sotap,1,low,,,espanol_uno_mas_adultos,adultos_ninguno_analfabeta,0.0,0,0,3.741369748,17.10850297,2.588860746,20.41970500378282,EXCLUSION,18.58,low
986,#1223,2023-09,Lista de Reserva,Vulnerabilidad Baja,1.0,1.0,2.578385269,1.0,1.776038647,1.0,1.790108696,1.0,sotap,3,average,jefatura_masculina,no,espanol_uno_mas_adultos,adultos_ninguno_analfabeta,,0,0,8.975915299,12.01413641,2.602488661,20.89227871542691,EXCLUSION,24.49,low
987,#112,2024-01,Elegible por Proceso Acelerado,Vulnerabilidad Baja,1.0,1.0,2.578385269,1.0,1.776038647,1.0,1.790108696,1.0,sotap,4,average,jefatura_masculina,no,espanol_uno_mas_adultos,adultos_ninguno_analfabeta,,0,0,8.975915299,12.01413641,2.602488661,20.89227871542691,INCLUSION,29.61,low
988,#527,2023-11,No Elegible,Vulnerabilidad Moderada,1.0,1.0,1.0,1.0,1.776038647,2.823478261,1.790108696,1.0,sotap,1,low,,,espanol_ningun_adulto,adultos_ninguno_analfabeta,,0,0,0.0,26.18890898,2.730928248,25.34612370011462,EXCLUSION,25.39,medium
989,#1223,2024-03,No Elegible,Vulnerabilidad Elevada,2.700708215,1.0,2.578385269,1.0,1.776038647,2.823478261,1.790108696,1.0,sotap,2,average,jefatura_femenina,si,espanol_uno_mas_adultos,adultos_ninguno_analfabeta,0.0,0,0,20.97871872,26.18890898,3.355378326,46.99995856724294,EXCLUSION,23.49,high
990,#1311,2024-06,Lista de Reserva,Vulnerabilidad Baja,1.0,2.051104816,1.0,1.0,1.776038647,1.498900966,1.790108696,1.0,sotap,3,low,jefatura_masculina,no,espanol_uno_mas_adultos,adultos_ninguno_analfabeta,0.0,0,0,6.609317356,17.10850297,2.674227738,23.379946033755868,EXCLUSION,16.91,medium
991,#1359,2023-12,Lista de Reserva,Vulnerabilidad Baja,1.0,2.051104816,1.0,1.0,1.0,2.117608696,1.790108696,1.0,foten,2,average,jefatura_femenina,si,espanol_uno_mas_adultos,adultos_ninguno_analfabeta,,0,0,6.609317356,14.16503897,2.59207613,20.531205648739864,EXCLUSION,22.31,low
992,#527,2023-11,No Elegible,Vulnerabilidad Moderada,2.070141643,1.0,1.0,1.0,1.776038647,2.117608696,1.790108696,1.043888889,sotap,3,average,jefatura_femenina,no,espanol_uno_mas_adultos,adultos_ninguno_analfabeta,,0,0,6.702282231,22.50821784,2.827700095,28.70184925716677,EXCLUSION,24.78,medium
993,#1223,2024-01,No Elegible,Vulnerabilidad Baja,1.0,1.0,1.0,1.0,1.0,1.498900966,1.790108696,1.0,sotap,1,low,,,espanol_uno_mas_adultos,adultos_ninguno_analfabeta,,0,0,0.0,10.02735341,2.279861825,9.70466314991279,EXCLUSION,19.89,low
994,,2023-12,No Elegible,Vulnerabilidad Moderada,1.0,1.0,1.0,1.0,1.776038647,2.823478261,2.580217391,1.0,,1,low,,,espanol_uno_mas_adultos,adultos_ninguno_analfabeta,,0,0,0.0,32.12448674,2.896589272,31.09068863222006,EXCLUSION,28.15,medium
995,#1771,2023-11,No Elegible,Vulnerabilidad Moderada,2.070141643,1.0,2.578385269,1.0,1.0,2.117608696,1.0,1.0,fupal,4,average,jefatura_femenina,no,espanol_uno_mas_adultos,adultos_ninguno_analfabeta,,0,0,17.46888676,7.392265486,2.726293776,25.1854279952186,EXCLUSION,28.77,medium
996,#1101,2024-04,No Elegible,Vulnerabilidad Moderada,2.070141643,1.0,2.578385269,1.0,1.0,2.117608696,1.0,1.0,sotap,1,low,,,espanol_uno_mas_adultos,adultos_ninguno_analfabeta,,0,0,17.46888676,7.392265486,2.726293776,25.1854279952186,EXCLUSION,17.67,medium
997,#555,2024-04,No Elegible,Vulnerabilidad Baja,1.0,1.0,1.0,1.0,1.0,1.498900966,1.790108696,1.0,sotap,4,average,jefatura_masculina,no,espanol_uno_mas_adultos,adultos_ninguno_analfabeta,0.0,0,0,0.0,10.02735341,2.279861825,9.70466314991279,EXCLUSION,16.83,low
998,#1761,2023-12,No Elegible,Vulnerabilidad Baja,1.0,1.0,1.0,1.0,1.0,1.0,1.0,1.0,fomon,1,low,,,espanol_uno_mas_adultos,adultos_ninguno_analfabeta,,0,0,0.0,0.0,2.0,0.0,EXCLUSION,21.55,low
999,#676,2023-10,Lista de Reserva,Vulnerabilidad Baja,1.0,1.0,2.578385269,1.0,1.776038647,1.0,1.790108696,1.0,pcr_cdmx,1,low,,,espanol_uno_mas_adultos,adultos_ninguno_analfabeta,0.0,0,0,8.975915299,12.01413641,2.602488661,20.89227871542691,EXCLUSION,27.66,low
1000,#645,2024-06,No Elegible,Vulnerabilidad Moderada,1.0,1.0,1.0,1.0,1.776038647,2.117608696,2.580217391,1.043888889,fupal,3,low,jefatura_masculina,no,espanol_uno_mas_adultos,adultos_ninguno_analfabeta,,0,0,0.0,28.09152966,2.784030087,27.18751614401154,EXCLUSION,15.54,medium
1001,#1583,2023-08,No Elegible por Intenciones,Vulnerabilidad Elevada,1.0,1.0,2.578385269,1.0,1.776038647,2.823478261,1.790108696,1.0,foten,1,low,,,espanol_uno_mas_adultos,adultos_ninguno_analfabeta,,0,0,8.975915299,26.18890898,2.998104289,34.61089292935174,EXCLUSION,33.27,high
1002,#1725,2024-03,No Elegible,Vulnerabilidad Moderada,1.0,2.051104816,1.0,1.0,1.776038647,2.823478261,1.0,1.043888889,foten,1,low,,,espanol_uno_mas_adultos,adultos_ninguno_analfabeta,0.0,0,0,6.609317356,18.36611881,2.709327594,24.597090538408825,EXCLUSION,28.14,medium
1003,#458,2023-12,Elegible,Vulnerabilidad Baja,1.0,1.0,1.0,1.0,1.0,2.117608696,1.790108696,1.0,fupal,1,low,,,espanol_uno_mas_adultos,adultos_uno_mas_analfabeta,,0,0,0.0,14.16503897,2.395343965,13.709193850906429,INCLUSION,23.64,low
1004,#555,2023-08,No Elegible,Vulnerabilidad Severa,2.700708215,1.0,2.578385269,1.0,1.776038647,2.823478261,2.580217391,1.043888889,sotap,6,high,jefatura_femenina,si,espanol_ningun_adulto,adultos_ninguno_analfabeta,-500.0,0,0,20.97871872,32.85812825,3.541515166,53.45455569191508,EXCLUSION,22.07,high
1005,#112,2024-04,No Elegible,Vulnerabilidad Baja,1.0,1.0,1.0,1.0,1.0,1.498900966,1.790108696,1.0,sotap,2,average,jefatura_femenina,si,espanol_uno_mas_adultos,adultos_ninguno_analfabeta,-500.0,0,0,0.0,10.02735341,2.279861825,9.70466314991279,EXCLUSION,13.88,low
1006,#1223,2023-08,Lista de Reserva,Vulnerabilidad Baja,2.700708215,1.0,1.0,1.0,1.0,1.498900966,1.790108696,1.0,sotap,1,low,,,espanol_uno_mas_adultos,adultos_ninguno_analfabeta,-500.0,0,0,9.472088355,10.02735341,2.561806895,19.481572780265047,EXCLUSION,14.89,low
1007,#1101,2023-09,No Elegible por Intenciones,Vulnerabilidad Elevada,1.0,2.051104816,1.0,1.0,1.776038647,2.823478261,2.580217391,1.0,sotap,3,average,jefatura_femenina,si,espanol_uno_mas_adultos,adultos_ninguno_analfabeta,0.0,0,0,6.609317356,32.12448674,3.093321436,37.9127004300535,EXCLUSION,20.75,high
1008,#527,2024-01,Elegible,Vulnerabilidad Elevada,1.0,1.0,1.0,1.0,1.776038647,2.823478261,2.580217391,1.043888889,sotap,2,complete,jefatura_masculina,no,espanol_uno_mas_adultos,adultos_ninguno_analfabeta,0.0,0,0,0.0,32.85812825,2.917065088,31.80072082478675,INCLUSION,28.07,medium
1009,#672,2023-09,Lista de Reserva,Vulnerabilidad Elevada,2.700708215,1.0,2.578385269,1.0,1.0,2.117608696,1.790108696,2.544987923,fupal,4,average,jefatura_masculina,no,espanol_uno_mas_adultos,adultos_ninguno_analfabeta,,0,0,20.97871872,27.3162731,3.386842878,48.09104298249722,EXCLUSION,17.53,high
1010,#458,2024-02,Elegible,Vulnerabilidad Baja,1.0,1.0,1.0,1.0,1.0,1.498900966,1.0,1.0,fupal,3,low,jefatura_masculina,no,espanol_uno_mas_adultos,adultos_ninguno_analfabeta,0.0,-500,0,0.0,3.815111519,2.10647915,3.692337415207061,INCLUSION,25.16,low
1011,#238,2024-05,Lista de Reserva,Vulnerabilidad Elevada,1.0,2.051104816,1.0,1.0,1.776038647,2.823478261,1.790108696,1.0,futij,3,average,jefatura_masculina,no,espanol_ningun_adulto,adultos_ninguno_analfabeta,,0,0,6.609317356,26.18890898,2.927660413,32.16813549794806,EXCLUSION,23.8,medium
1012,#672,2024-07,No Elegible,Vulnerabilidad Elevada,1.0,1.0,2.578385269,1.0,1.776038647,2.823478261,1.790108696,1.0,fupal,3,low,jefatura_femenina,no,espanol_uno_mas_adultos,adultos_ninguno_analfabeta,,0,0,8.975915299,26.18890898,2.998104289,34.61089292935174,EXCLUSION,25.53,high
1013,#252,2023-10,Lista de Reserva,Vulnerabilidad Baja,1.0,1.0,2.578385269,1.0,1.0,2.117608696,1.790108696,1.043888889,sotap,1,low,,,espanol_uno_mas_adultos,adultos_uno_mas_analfabeta,-500.0,0,0,8.975915299,14.70478802,2.677584315,23.496342465965498,EXCLUSION,24.65,medium
1014,#071,2023-06,Elegible,Vulnerabilidad Moderada,1.0,1.0,1.0,1.0,1.776038647,2.823478261,1.790108696,1.0,sotap,2,low,jefatura_masculina,no,espanol_uno_mas_adultos,adultos_ninguno_analfabeta,0.0,0,0,0.0,26.18890898,2.730928248,25.34612370011462,INCLUSION,18.64,medium
1015,#1223,2024-05,No Elegible,Vulnerabilidad Moderada,1.0,1.0,1.0,1.0,1.776038647,2.823478261,1.790108696,1.0,sotap,1,low,,,espanol_uno_mas_adultos,adultos_ninguno_analfabeta,,0,0,0.0,26.18890898,2.730928248,25.34612370011462,EXCLUSION,19.51,medium
1016,#252,2024-01,Elegible,Vulnerabilidad Elevada,2.700708215,2.051104816,3.251728045,1.0,1.0,2.117608696,1.0,1.0,sotap,4,average,jefatura_femenina,si,espanol_uno_mas_adultos,adultos_ninguno_analfabeta,0.0,0,0,35.61565687,7.392265486,3.266448403,43.916179314128506,INCLUSION,21.09,high
1017,#1101,2023-11,Elegible,Vulnerabilidad Elevada,1.0,1.0,2.578385269,1.0,1.776038647,2.823478261,2.580217391,1.043888889,sotap,5,low,jefatura_femenina,no,espanol_uno_mas_adultos,adultos_ninguno_analfabeta,-500.0,0,0,8.975915299,32.85812825,3.184241129,41.06549005402387,INCLUSION,26.44,high
1018,#252,2023-06,Lista de Reserva,Vulnerabilidad Severa,2.700708215,2.051104816,2.578385269,1.0,1.776038647,2.823478261,2.580217391,1.0,sotap,3,average,jefatura_femenina,no,espanol_uno_mas_adultos,adultos_ninguno_analfabeta,0.0,0,0,31.71522481,32.12448674,3.840620929,63.82654109183068,EXCLUSION,20.04,high
1019,#555,2023-11,No Elegible,Vulnerabilidad Elevada,2.700708215,2.051104816,1.249197356,1.0,1.776038647,2.117608696,1.790108696,1.0,sotap,5,average,jefatura_masculina,no,espanol_uno_mas_adultos,adultos_ninguno_analfabeta,0.0,0,0,20.89305637,21.88512181,3.232710501,42.746252522075366,EXCLUSION,20.22,high
1020,#1101,2024-06,No Elegible,Vulnerabilidad Elevada,1.0,1.0,2.578385269,1.0,1.776038647,2.823478261,2.580217391,1.0,sotap,1,low,,,espanol_uno_mas_adultos,adultos_ninguno_analfabeta,0.0,0,0,8.975915299,32.12448674,3.163765312,40.35545786145718,EXCLUSION,19.14,high
1021,#1223,2024-04,No Elegible,Vulnerabilidad Moderada,1.0,1.0,1.0,1.0,1.776038647,2.823478261,2.580217391,1.0,sotap,1,low,,,espanol_uno_mas_adultos,adultos_ninguno_analfabeta,0.0,0,0,0.0,32.12448674,2.896589272,31.09068863222006,EXCLUSION,19.78,medium
1022,#112,2023-08,No Elegible,Vulnerabilidad Elevada,2.070141643,1.525552408,1.0,1.0,1.776038647,2.117608696,2.580217391,1.043888889,sotap,1,low,,,espanol_uno_mas_adultos,adultos_ninguno_analfabeta,0.0,0,0,11.1900528,28.09152966,3.117111884,38.73767603316834,EXCLUSION,20.94,high
1023,#112,2023-06,Lista de Reserva,Vulnerabilidad Moderada,1.0,1.0,2.578385269,1.0,1.776038647,2.117608696,1.790108696,1.0,sotap,3,average,jefatura_femenina,no,espanol_uno_mas_adultos,adultos_ninguno_analfabeta,-500.0,0,0,8.975915299,21.88512181,2.877986279,30.44560593426951,EXCLUSION,21.41,medium
1024,#1805,2024-03,No Elegible,Vulnerabilidad Baja,1.0,1.0,1.0,1.564135978,1.0,2.117608696,1.0,1.0,fomon,1,low,,,espanol_uno_mas_adultos,adultos_ninguno_analfabeta,,0,0,3.975239986,7.392265486,2.32464347,11.2575421743845,EXCLUSION,22.18,low
1025,#458,2023-07,Lista de Reserva,Vulnerabilidad Baja,2.700708215,1.0,1.0,1.0,1.0,2.117608696,1.0,1.0,fupal,1,low,,,espanol_uno_mas_adultos,adultos_ninguno_analfabeta,,0,0,9.472088355,7.392265486,2.488262013,16.93128462074729,EXCLUSION,12.56,low
1026,#527,2023-10,No Elegible,Vulnerabilidad Baja,2.070141643,1.0,1.0,1.0,1.776038647,1.0,1.790108696,1.043888889,sotap,1,low,,,espanol_uno_mas_adultos,adultos_ninguno_analfabeta,-500.0,0,0,6.702282231,12.53066404,2.549228169,19.04538311600457,EXCLUSION,17.53,low
1027,#1223,2024-04,No Elegible,Vulnerabilidad Baja,1.0,2.051104816,1.0,1.0,1.0,1.0,1.0,1.0,sotap,1,low,,,espanol_uno_mas_adultos,adultos_ninguno_analfabeta,-500.0,0,0,6.609317356,0.0,2.196732164,6.8220117978334365,EXCLUSION,13.54,low
1028,#527,2024-05,No Elegible,Vulnerabilidad Severa,2.700708215,1.525552408,3.251728045,1.0,1.776038647,2.823478261,1.790108696,1.0,sotap,4,complete,jefatura_masculina,si,espanol_uno_mas_adultos,adultos_uno_mas_analfabeta,,0,0,30.67858802,26.18890898,3.644103496,57.01197936118624,EXCLUSION,25.68,high
1029,#555,2023-09,No Elegible,Vulnerabilidad Elevada,2.070141643,1.525552408,1.0,1.0,1.776038647,2.117608696,1.790108696,2.544987923,sotap,4,average,jefatura_masculina,si,espanol_uno_mas_adultos,adultos_ninguno_analfabeta,,0,0,11.1900528,37.06714366,3.367619831,47.42444579903434,EXCLUSION,18.47,high
1030,#071,2023-11,Elegible,Vulnerabilidad Moderada,1.0,1.0,3.251728045,1.0,1.776038647,1.0,2.580217391,1.0,sotap,1,low,,,espanol_uno_mas_adultos,adultos_ninguno_analfabeta,,0,0,11.51832969,16.59309681,2.805963919,27.94811541931128,INCLUSION,24.75,medium
1031,#645,2024-02,No Elegible,Vulnerabilidad Elevada,2.700708215,1.0,3.251728045,1.0,1.776038647,2.823478261,1.790108696,1.0,fupal,2,average,jefatura_femenina,si,espanol_uno_mas_adultos,adultos_ninguno_analfabeta,,0,0,24.2379543,26.18890898,3.45239235,50.36407960744292,EXCLUSION,23.42,high
1032,#513,2024-01,No Elegible,Vulnerabilidad Elevada,1.0,1.525552408,2.578385269,1.0,1.776038647,2.823478261,1.790108696,1.0,pcr_cdmx,5,average,jefatura_femenina,no,espanol_uno_mas_adultos,adultos_ninguno_analfabeta,-500.0,0,0,13.7168894,26.18890898,3.139223567,39.50443631789602,EXCLUSION,33.75,high
1033,#252,2024-06,Lista de Reserva,Vulnerabilidad Baja,1.0,1.0,1.0,1.0,1.0,1.0,1.0,1.0,sotap,1,low,,,espanol_uno_mas_adultos,adultos_ninguno_analfabeta,-500.0,0,0,0.0,0.0,2.0,0.0,EXCLUSION,12.51,low
1034,#1311,2024-02,Elegible,Vulnerabilidad Severa,2.700708215,1.0,3.251728045,1.0,1.776038647,2.823478261,2.580217391,1.043888889,sotap,2,average,jefatura_masculina,no,espanol_uno_mas_adultos,adultos_ninguno_analfabeta,,0,0,24.2379543,32.85812825,3.63852919,56.81867673211505,INCLUSION,24.44,high
1035,#1311,2024-05,Lista de Reserva,Vulnerabilidad Elevada,2.700708215,1.0,3.251728045,1.0,1.776038647,2.823478261,1.790108696,1.0,sotap,1,low,,,espanol_ningun_adulto,adultos_uno_mas_analfabeta,,0,0,24.2379543,26.18890898,3.45239235,50.36407960744292,EXCLUSION,22.06,high
1036,#1223,2023-10,Lista de Reserva,Vulnerabilidad Baja,1.0,1.0,1.0,1.564135978,1.0,1.0,1.0,1.0,sotap,1,low,,,espanol_uno_mas_adultos,adultos_uno_mas_analfabeta,,0,0,3.975239986,0.0,2.118326527,4.103167183989466,EXCLUSION,20.93,low
1037,#252,2024-01,Elegible por Proceso Acelerado,Vulnerabilidad Baja,2.700708215,1.0,1.249197356,1.0,1.776038647,1.0,1.790108696,1.0,sotap,4,average,jefatura_masculina,no,espanol_uno_mas_adultos,adultos_ninguno_analfabeta,,0,0,11.93561888,12.01413641,2.69058685,23.94722851736708,INCLUSION,18.7,medium
1038,#1223,2023-07,No Elegible,Vulnerabilidad Elevada,1.0,1.0,2.578385269,1.0,1.776038647,2.823478261,1.790108696,1.0,sotap,2,complete,jefatura_femenina,si,espanol_uno_mas_adultos,adultos_ninguno_analfabeta,,0,0,8.975915299,26.18890898,2.998104289,34.61089292935174,EXCLUSION,17.2,high
1039,#1359,2023-07,No Elegible,Vulnerabilidad Elevada,1.599560907,1.0,1.0,1.0,1.776038647,2.117608696,2.580217391,1.043888889,foten,3,low,jefatura_masculina,si,espanol_uno_mas_adultos,adultos_ninguno_analfabeta,,0,0,4.186184624,28.09152966,2.908635566,31.50841637539648,EXCLUSION,16.33,medium
1040,#108,2024-03,No Elegible,Vulnerabilidad Baja,1.0,1.0,2.578385269,1.0,1.776038647,1.0,1.790108696,1.0,futij,1,low,,,espanol_uno_mas_adultos,adultos_ninguno_analfabeta,0.0,0,0,8.975915299,12.01413641,2.602488661,20.89227871542691,EXCLUSION,26.04,low
1041,#112,2024-03,Elegible,Vulnerabilidad Elevada,2.700708215,1.0,1.0,1.0,1.776038647,2.117608696,2.580217391,1.0,sotap,2,low,jefatura_masculina,no,espanol_uno_mas_adultos,adultos_ninguno_analfabeta,0.0,0,-500,9.472088355,27.40879931,3.046920262,36.303666369757146,INCLUSION,23.19,high
1042,#555,2023-08,Lista de Reserva,Vulnerabilidad Moderada,1.0,1.525552408,1.0,1.0,1.776038647,2.823478261,1.790108696,1.0,sotap,7,high,jefatura_masculina,no,espanol_uno_mas_adultos,adultos_ninguno_analfabeta,0.0,0,0,3.741369748,26.18890898,2.842293421,29.20789446797501,EXCLUSION,28.57,medium
1043,#555,2024-06,No Elegible,Vulnerabilidad Elevada,2.700708215,1.0,1.249197356,1.0,1.776038647,2.117608696,2.580217391,1.0,sotap,1,low,,,espanol_uno_mas_adultos,adultos_ninguno_analfabeta,0.0,0,0,11.93561888,27.40879931,3.120249422,38.84647577058217,EXCLUSION,14.28,high
1044,#041,2023-08,No Elegible,Vulnerabilidad Baja,1.0,1.0,1.0,1.0,1.0,1.0,1.0,1.0,fusal,1,low,,,espanol_uno_mas_adultos,adultos_ninguno_analfabeta,,0,0,0.0,0.0,2.0,0.0,EXCLUSION,23.13,low
1045,#1841,2023-07,No Elegible,Vulnerabilidad Moderada,1.0,1.0,2.578385269,1.564135978,1.776038647,1.0,1.790108696,1.0,foten,4,average,jefatura_masculina,no,espanol_uno_mas_adultos,adultos_ninguno_analfabeta,,0,0,14.01324416,12.01413641,2.7524292,26.09171385650275,EXCLUSION,27.64,medium
1046,#692,2023-08,Elegible,Vulnerabilidad Baja,1.0,1.0,1.0,1.0,1.0,1.0,1.790108696,1.0,pcr_cdmx,1,low,,,espanol_uno_mas_adultos,adultos_ninguno_analfabeta,0.0,0,0,0.0,5.614422911,2.156697643,5.433745167301109,INCLUSION,22.55,low
1047,#071,2023-07,No Elegible por Duplicidad,Vulnerabilidad Elevada,1.0,2.051104816,1.249197356,1.0,1.776038647,2.117608696,2.580217391,1.043888889,sotap,1,low,,,espanol_uno_mas_adultos,adultos_ninguno_analfabeta,,0,0,8.909093135,28.09152966,3.049217106,36.38331280518898,EXCLUSION,15.95,high
1048,#1223,2024-04,No Elegible por Duplicidad,Vulnerabilidad Elevada,2.070141643,1.0,2.578385269,1.0,1.776038647,2.823478261,2.580217391,1.043888889,sotap,2,complete,jefatura_masculina,si,espanol_uno_mas_adultos,adultos_ninguno_analfabeta,0.0,0,0,17.46888676,32.85812825,3.43704192,49.83177382961031,EXCLUSION,18.76,high
1049,#1223,2024-01,Elegible,Vulnerabilidad Elevada,2.700708215,1.0,2.578385269,1.0,1.776038647,2.117608696,1.790108696,1.0,sotap,3,complete,jefatura_femenina,si,espanol_uno_mas_adultos,adultos_ninguno_analfabeta,0.0,0,0,20.97871872,21.88512181,3.235260316,42.83467157216072,INCLUSION,30.05,high
1050,#252,2024-02,Lista de Reserva,Vulnerabilidad Elevada,2.700708215,1.0,3.251728045,1.0,1.776038647,1.498900966,1.790108696,1.0,sotap,4,average,jefatura_femenina,si,espanol_uno_mas_adultos,adultos_ninguno_analfabeta,0.0,0,0,24.2379543,17.10850297,3.198959675,41.57589014325073,EXCLUSION,22.56,high
1051,#071,2023-07,No Elegible,Vulnerabilidad Baja,1.0,1.0,2.578385269,1.0,1.776038647,1.0,1.790108696,1.043888889,sotap,2,low,jefatura_femenina,no,espanol_uno_mas_adultos,adultos_ninguno_analfabeta,-500.0,0,0,8.975915299,12.53066404,2.616904864,21.39218396976588,EXCLUSION,14.52,medium
1052,#527,2023-11,No Elegible,Vulnerabilidad Moderada,1.0,1.0,1.0,1.0,1.776038647,2.823478261,1.790108696,1.0,sotap,2,average,jefatura_masculina,no,espanol_ningun_adulto,adultos_ninguno_analfabeta,,0,0,0.0,26.18890898,2.730928248,25.34612370011462,EXCLUSION,27.4,medium
1053,#527,2023-11,Elegible,Vulnerabilidad Elevada,2.700708215,1.0,3.251728045,1.0,1.776038647,2.823478261,1.790108696,1.0,sotap,3,low,jefatura_femenina,si,espanol_uno_mas_adultos,adultos_ninguno_analfabeta,,0,0,24.2379543,26.18890898,3.45239235,50.36407960744292,INCLUSION,25.62,high
1054,#1223,2023-11,Elegible,Vulnerabilidad Elevada,2.700708215,1.0,3.251728045,1.0,1.776038647,2.117608696,1.790108696,1.043888889,sotap,1,low,,,espanol_ningun_adulto,adultos_uno_mas_analfabeta,,0,0,24.2379543,22.50821784,3.34966485,46.80183678901926,INCLUSION,30.04,high
1055,#1860,2023-06,No Elegible por Intenciones,Vulnerabilidad Baja,1.0,1.0,1.0,1.0,1.0,1.498900966,1.0,1.0,pcr_cdmx,3,average,jefatura_femenina,no,espanol_uno_mas_adultos,adultos_ninguno_analfabeta,0.0,0,0,0.0,3.815111519,2.10647915,3.692337415207061,EXCLUSION,18.45,low
1056,,2024-04,No Elegible,Vulnerabilidad Moderada,1.0,1.525552408,1.0,1.0,1.776038647,2.823478261,1.790108696,1.043888889,,3,low,jefatura_masculina,no,espanol_ningun_adulto,adultos_ninguno_analfabeta,,0,0,3.741369748,26.85846924,2.86098074,29.85590760924795,EXCLUSION,21.67,medium
1057,#071,2024-03,No Elegible,Vulnerabilidad Baja,1.0,1.0,1.0,1.0,1.0,1.498900966,1.0,1.0,sotap,1,low,,,espanol_uno_mas_adultos,adultos_ninguno_analfabeta,500.0,0,0,0.0,3.815111519,2.10647915,3.692337415207061,EXCLUSION,22.39,low
1058,,2024-02,No Elegible,Vulnerabilidad Elevada,1.0,2.051104816,1.0,1.564135978,1.776038647,2.823478261,1.790108696,1.043888889,,4,average,jefatura_masculina,no,espanol_uno_mas_adultos,adultos_ninguno_analfabeta,,0,0,11.36661491,26.85846924,3.087952892,37.72654078580627,EXCLUSION,27.18,high
1059,#1497,2024-05,No Elegible,Vulnerabilidad Moderada,1.0,1.0,1.0,1.0,1.776038647,2.823478261,1.790108696,1.0,futij,4,average,jefatura_femenina,no,espanol_uno_mas_adultos,adultos_ninguno_analfabeta,0.0,0,0,0.0,26.18890898,2.730928248,25.34612370011462,EXCLUSION,22.05,medium
1060,#112,2023-12,Elegible,Vulnerabilidad Baja,1.0,1.0,1.0,1.0,1.0,1.0,2.580217391,1.0,sotap,2,low,jefatura_femenina,no,espanol_uno_mas_adultos,adultos_ninguno_analfabeta,,0,0,0.0,9.580889352,2.267401085,9.272566751763287,INCLUSION,17.42,low
1061,,2023-06,No Elegible,Vulnerabilidad Elevada,2.700708215,2.051104816,1.249197356,1.0,1.776038647,1.498900966,2.580217391,1.043888889,,4,average,jefatura_masculina,no,espanol_uno_mas_adultos,adultos_uno_mas_analfabeta,,0,0,20.89305637,22.80125306,3.258279578,43.63290175231912,EXCLUSION,20.97,high
1062,#071,2024-04,Lista de Reserva,Vulnerabilidad Baja,1.599560907,1.0,1.0,1.0,1.0,1.0,1.790108696,1.043888889,sotap,1,low,,,espanol_uno_mas_adultos,adultos_ninguno_analfabeta,,0,0,4.186184624,6.061858428,2.293790976,10.187681993313475,EXCLUSION,14.34,low
1063,#527,2023-12,Lista de Reserva,Vulnerabilidad Severa,2.700708215,1.0,3.251728045,1.564135978,1.776038647,2.823478261,1.790108696,1.043888889,sotap,1,low,,,espanol_uno_mas_adultos,adultos_ninguno_analfabeta,,0,0,31.08118723,26.85846924,3.674774537,58.07554775763619,EXCLUSION,25.9,high
1064,#606,2024-02,No Elegible,Vulnerabilidad Elevada,2.070141643,1.0,1.0,1.0,1.776038647,2.823478261,1.790108696,1.043888889,foten,4,average,jefatura_masculina,no,espanol_uno_mas_adultos,adultos_ninguno_analfabeta,-500.0,0,0,6.702282231,26.85846924,2.949114914,32.912105216863374,EXCLUSION,23.68,medium
1065,#071,2023-06,No Elegible,Vulnerabilidad Elevada,1.599560907,2.051104816,1.0,1.0,1.776038647,2.823478261,2.580217391,1.0,sotap,7,average,jefatura_masculina,no,espanol_uno_mas_adultos,adultos_ninguno_analfabeta,0.0,0,0,11.61905914,32.12448674,3.242440821,43.0836607144044,EXCLUSION,21.86,high
1066,#071,2024-02,No Elegible,Vulnerabilidad Baja,1.0,1.0,1.0,1.0,1.776038647,1.0,1.790108696,1.0,sotap,1,low,,,espanol_uno_mas_adultos,adultos_ninguno_analfabeta,,0,0,0.0,12.01413641,2.33531262,11.62750948618979,EXCLUSION,21.34,low
1067,#112,2023-08,Lista de Reserva,Vulnerabilidad Baja,1.0,1.0,2.578385269,1.0,1.0,1.0,1.0,1.043888889,sotap,1,low,,,espanol_uno_mas_adultos,adultos_ninguno_analfabeta,0.0,0,0,8.975915299,0.386821499,2.277972167,9.6391424255778,EXCLUSION,25.9,low
1068,#1101,2024-04,No Elegible,Vulnerabilidad Baja,1.0,1.0,1.0,1.0,1.776038647,1.0,2.580217391,1.0,sotap,1,low,,,espanol_uno_mas_adultos,adultos_ninguno_analfabeta,0.0,0,0,0.0,16.59309681,2.46311067,16.059114361557388,EXCLUSION,13.87,low
1069,#1223,2023-07,No Elegible,Vulnerabilidad Elevada,1.0,1.0,1.0,1.0,1.776038647,2.117608696,2.580217391,1.738466184,sotap,2,average,jefatura_masculina,no,espanol_uno_mas_adultos,adultos_ninguno_analfabeta,0.0,0,0,0.0,36.78475459,3.0266566,35.60098440253921,EXCLUSION,14.78,high
1070,#1311,2023-10,No Elegible,Vulnerabilidad Severa,2.070141643,1.0,3.251728045,1.0,1.776038647,2.823478261,2.580217391,1.043888889,sotap,5,high,jefatura_masculina,no,espanol_uno_mas_adultos,adultos_uno_mas_analfabeta,-500.0,0,0,20.51851115,32.85812825,3.527816682,52.9795381821049,EXCLUSION,31.41,high
1071,#252,2024-04,No Elegible,Vulnerabilidad Baja,1.0,1.0,1.0,1.0,1.0,1.0,1.790108696,1.0,sotap,1,low,,,espanol_uno_mas_adultos,adultos_ninguno_analfabeta,,0,0,0.0,5.614422911,2.156697643,5.433745167301109,EXCLUSION,14.4,low
1072,#071,2024-01,Elegible,Vulnerabilidad Baja,1.0,1.0,1.0,1.0,1.776038647,1.0,1.790108696,1.0,sotap,3,low,jefatura_masculina,no,espanol_uno_mas_adultos,adultos_ninguno_analfabeta,0.0,0,0,0.0,12.01413641,2.33531262,11.62750948618979,INCLUSION,20.7,low
1073,#252,2024-05,Lista de Reserva,Vulnerabilidad Baja,1.0,1.0,2.578385269,1.0,1.0,2.117608696,1.790108696,1.0,sotap,1,low,,,espanol_uno_mas_adultos,adultos_ninguno_analfabeta,0.0,0,0,8.975915299,14.16503897,2.662520006,22.973963080143548,EXCLUSION,21.97,medium
1074,#1311,2024-04,No Elegible,Vulnerabilidad Elevada,2.070141643,1.0,1.0,1.0,1.776038647,2.823478261,2.580217391,1.043888889,sotap,3,average,jefatura_femenina,no,espanol_uno_mas_adultos,adultos_ninguno_analfabeta,,0,0,6.702282231,32.85812825,3.116564434,38.71868920026256,EXCLUSION,18.66,high
1075,#1101,2023-08,Lista de Reserva,Vulnerabilidad Moderada,1.0,1.0,1.0,1.0,1.776038647,2.823478261,2.580217391,1.0,sotap,1,low,,,espanol_uno_mas_adultos,adultos_ninguno_analfabeta,,0,0,0.0,32.12448674,2.896589272,31.09068863222006,EXCLUSION,22.17,medium
1076,#1860,2023-07,No Elegible,Vulnerabilidad Baja,1.0,1.0,1.0,1.0,1.776038647,1.0,2.580217391,1.0,pcr_cdmx,3,average,jefatura_femenina,si,espanol_uno_mas_adultos,adultos_ninguno_analfabeta,0.0,0,0,0.0,16.59309681,2.46311067,16.059114361557388,EXCLUSION,16.06,low
1077,#527,2024-06,No Elegible,Vulnerabilidad Moderada,1.0,1.0,1.0,1.0,1.776038647,2.823478261,1.790108696,1.043888889,sotap,1,low,,,espanol_ningun_adulto,adultos_ninguno_analfabeta,-500.0,0,0,0.0,26.85846924,2.749615568,25.99413684138756,EXCLUSION,16.3,medium
1078,#1311,2023-11,Elegible,Vulnerabilidad Moderada,1.0,1.0,2.578385269,1.0,1.776038647,2.117608696,1.790108696,1.0,sotap,3,low,jefatura_masculina,no,espanol_uno_mas_adultos,adultos_ninguno_analfabeta,0.0,0,0,8.975915299,21.88512181,2.877986279,30.44560593426951,INCLUSION,29.75,medium
1079,#252,2023-08,No Elegible,Vulnerabilidad Moderada,1.0,1.0,1.0,1.0,1.776038647,2.823478261,2.580217391,1.0,sotap,1,low,,,espanol_uno_mas_adultos,adultos_ninguno_analfabeta,,0,0,0.0,32.12448674,2.896589272,31.09068863222006,EXCLUSION,21.45,medium
1080,#252,2023-09,Lista de Reserva,Vulnerabilidad Baja,1.0,1.0,1.0,1.0,1.776038647,2.117608696,1.790108696,1.0,sotap,1,low,,,espanol_uno_mas_adultos,adultos_ninguno_analfabeta,-500.0,0,0,0.0,21.88512181,2.610810239,21.18083670503239,EXCLUSION,20.64,low
1081,#1415,2024-04,No Elegible,Vulnerabilidad Baja,1.0,1.0,2.578385269,1.0,1.0,1.0,1.0,1.0,fomon,3,low,jefatura_masculina,no,espanol_uno_mas_adultos,adultos_ninguno_analfabeta,,0,0,8.975915299,0.0,2.267176041,9.26476922923712,EXCLUSION,18.0,low
1082,#527,2024-01,No Elegible,Vulnerabilidad Elevada,1.0,2.051104816,1.0,1.0,1.776038647,2.117608696,2.580217391,1.043888889,sotap,4,average,jefatura_femenina,si,espanol_uno_mas_adultos,adultos_ninguno_analfabeta,,0,0,6.609317356,28.09152966,2.980762251,34.00952794184498,EXCLUSION,22.47,high
1083,#1311,2024-01,No Elegible,Vulnerabilidad Severa,2.070141643,2.051104816,1.0,1.0,1.776038647,2.117608696,2.580217391,2.544987923,sotap,3,complete,jefatura_femenina,si,espanol_uno_mas_adultos,adultos_ninguno_analfabeta,,0,0,14.63015408,44.04383881,3.664735924,57.72743110170387,EXCLUSION,25.03,high
1084,#252,2024-06,No Elegible,Vulnerabilidad Baja,1.0,1.0,1.249197356,1.0,1.0,1.498900966,1.0,1.0,sotap,2,low,jefatura_masculina,no,espanol_ningun_adulto,adultos_ninguno_analfabeta,,0,0,1.921713018,3.815111519,2.163680634,5.67589307983932,EXCLUSION,15.92,low
1085,#527,2024-06,Lista de Reserva,Vulnerabilidad Baja,1.0,1.0,1.0,1.0,1.776038647,1.0,2.580217391,1.0,sotap,4,average,jefatura_masculina,no,espanol_uno_mas_adultos,adultos_ninguno_analfabeta,0.0,0,0,0.0,16.59309681,2.46311067,16.059114361557388,EXCLUSION,16.17,low
1086,#606,2023-07,Elegible,Vulnerabilidad Baja,1.0,1.0,1.0,1.0,1.0,1.0,1.0,1.0,foten,1,low,,,espanol_uno_mas_adultos,adultos_ninguno_analfabeta,-500.0,0,0,0.0,0.0,2.0,0.0,INCLUSION,11.99,low
1087,#252,2024-03,Elegible,Vulnerabilidad Baja,1.0,1.0,1.0,1.0,1.0,1.0,1.0,1.0,sotap,1,low,,,espanol_uno_mas_adultos,adultos_ninguno_analfabeta,,0,0,0.0,0.0,2.0,0.0,INCLUSION,20.56,low
1088,#1311,2024-05,No Elegible,Vulnerabilidad Baja,1.0,1.0,1.249197356,1.0,1.776038647,1.498900966,1.790108696,1.043888889,sotap,1,low,,,espanol_uno_mas_adultos,adultos_ninguno_analfabeta,,0,0,1.921713018,17.68003002,2.550648286,19.09462463855864,EXCLUSION,19.06,low
1089,#527,2023-11,Lista de Reserva,Vulnerabilidad Baja,1.0,1.0,1.0,1.0,1.0,1.498900966,1.790108696,1.0,sotap,1,low,,,espanol_uno_mas_adultos,adultos_ninguno_analfabeta,0.0,0,0,0.0,10.02735341,2.279861825,9.70466314991279,EXCLUSION,19.11,low
1090,#1101,2024-04,Elegible,Vulnerabilidad Baja,1.0,1.0,1.0,1.0,1.776038647,1.498900966,1.790108696,1.0,sotap,1,low,,,espanol_uno_mas_adultos,adultos_ninguno_analfabeta,0.0,0,0,0.0,17.10850297,2.477495573,16.55793423592243,INCLUSION,18.4,low
1091,#645,2024-06,No Elegible,Vulnerabilidad Elevada,1.0,1.0,3.251728045,1.0,1.776038647,2.117608696,2.580217391,1.043888889,fupal,5,high,jefatura_masculina,no,espanol_ningun_adulto,adultos_ninguno_analfabeta,,0,0,11.51832969,28.09152966,3.126883335,39.07651720176543,EXCLUSION,23.82,high
1092,#1102,2024-01,Elegible,Vulnerabilidad Baja,1.0,1.0,1.0,1.0,1.776038647,2.823478261,1.0,1.0,pcr_cdmx,1,low,,,espanol_ningun_adulto,adultos_ninguno_analfabeta,,0,0,0.0,17.78726377,2.496439678,17.21485183461763,INCLUSION,32.89,low
1093,#016,2023-07,Lista de Reserva,Vulnerabilidad Elevada,1.0,1.0,2.578385269,1.0,1.776038647,2.823478261,2.580217391,1.043888889,futij,1,low,,,espanol_uno_mas_adultos,adultos_uno_mas_analfabeta,0.0,0,0,8.975915299,32.85812825,3.184241129,41.06549005402387,EXCLUSION,25.41,high
1094,#692,2023-07,No Elegible,Vulnerabilidad Baja,1.0,1.0,1.0,1.0,1.0,1.498900966,1.790108696,1.043888889,pcr_cdmx,5,average,jefatura_femenina,si,espanol_uno_mas_adultos,adultos_ninguno_analfabeta,0.0,0,0,0.0,10.52243148,2.293679375,10.18380911254212,EXCLUSION,15.59,low
1095,#1223,2023-08,Elegible,Vulnerabilidad Baja,1.0,1.525552408,2.578385269,1.0,1.0,1.498900966,1.0,1.0,sotap,3,low,jefatura_masculina,no,espanol_uno_mas_adultos,adultos_ninguno_analfabeta,0.0,0,0,13.7168894,3.815111519,2.51477447,17.85065003298846,INCLUSION,22.34,low
1096,#606,2023-10,Elegible,Vulnerabilidad Severa,2.700708215,1.0,3.251728045,1.0,1.776038647,2.823478261,2.580217391,1.043888889,foten,1,low,,,espanol_uno_mas_adultos,adultos_ninguno_analfabeta,0.0,0,0,24.2379543,32.85812825,3.63852919,56.81867673211505,INCLUSION,28.03,high
1097,#1101,2023-12,No Elegible,Vulnerabilidad Elevada,2.070141643,1.0,1.0,1.0,1.776038647,2.823478261,2.580217391,1.043888889,sotap,3,average,jefatura_femenina,si,espanol_uno_mas_adultos,adultos_ninguno_analfabeta,,0,0,6.702282231,32.85812825,3.116564434,38.71868920026256,EXCLUSION,26.43,high
1098,#645,2024-05,No Elegible,Vulnerabilidad Moderada,1.0,1.0,1.0,1.0,1.776038647,2.823478261,1.790108696,1.0,fupal,1,low,,,espanol_uno_mas_adultos,adultos_ninguno_analfabeta,,0,0,0.0,26.18890898,2.730928248,25.34612370011462,EXCLUSION,19.38,medium
1099,#555,2023-09,Elegible,Vulnerabilidad Baja,1.0,1.0,1.0,1.0,1.776038647,1.0,2.580217391,1.043888889,sotap,1,low,,,espanol_uno_mas_adultos,adultos_ninguno_analfabeta,0.0,0,0,0.0,17.15905947,2.478906597,16.60686377719593,INCLUSION,16.72,low
1100,#071,2023-11,Lista de Reserva,Vulnerabilidad Elevada,2.070141643,1.0,1.0,1.0,1.776038647,2.117608696,2.580217391,1.043888889,sotap,4,average,jefatura_masculina,no,espanol_uno_mas_adultos,adultos_ninguno_analfabeta,,0,0,6.702282231,28.09152966,2.983529432,34.10548451948735,EXCLUSION,22.34,high
1101,#112,2024-06,No Elegible,Vulnerabilidad Baja,1.0,1.0,2.578385269,1.0,1.776038647,1.0,1.790108696,1.0,sotap,1,low,,,espanol_uno_mas_adultos,adultos_ninguno_analfabeta,-500.0,0,0,8.975915299,12.01413641,2.602488661,20.89227871542691,EXCLUSION,15.71,low
1102,#527,2024-07,No Elegible,Vulnerabilidad Severa,2.700708215,2.051104816,3.251728045,1.0,1.776038647,2.117608696,2.580217391,1.043888889,sotap,2,average,jefatura_femenina,no,espanol_uno_mas_adultos,adultos_uno_mas_analfabeta,,0,0,35.61565687,28.09152966,3.844161546,63.94932046774501,EXCLUSION,29.35,high
1103,#645,2024-03,Lista de Reserva,Vulnerabilidad Severa,2.070141643,1.0,1.0,1.0,1.776038647,2.823478261,2.580217391,2.544987923,fupal,1,low,,,espanol_uno_mas_adultos,adultos_uno_mas_analfabeta,,0,0,6.702282231,50.0,3.594991325,55.308918375475805,EXCLUSION,28.47,high
1104,#1102,2023-08,Lista de Reserva,Vulnerabilidad Baja,1.0,1.0,1.0,1.0,1.0,1.0,1.790108696,1.0,pcr_cdmx,1,low,,,espanol_uno_mas_adultos,adultos_ninguno_analfabeta,,0,0,0.0,5.614422911,2.156697643,5.433745167301109,EXCLUSION,21.95,low
1105,#672,2024-03,No Elegible,Vulnerabilidad Baja,1.0,1.0,1.0,1.0,1.0,2.117608696,1.0,1.0,fupal,1,low,,,espanol_uno_mas_adultos,adultos_ninguno_analfabeta,-500.0,0,0,0.0,7.392265486,2.206316944,7.154374990395034,EXCLUSION,19.44,low
1106,#527,2024-01,No Elegible,Vulnerabilidad Baja,1.0,1.525552408,1.0,1.0,1.776038647,1.498900966,1.790108696,1.0,sotap,4,average,jefatura_masculina,no,espanol_uno_mas_adultos,adultos_ninguno_analfabeta,500.0,0,0,3.741369748,17.10850297,2.588860746,20.41970500378282,EXCLUSION,27.19,low
1107,#555,2024-02,No Elegible,Vulnerabilidad Elevada,1.599560907,1.0,2.578385269,1.0,1.776038647,2.823478261,2.580217391,1.043888889,sotap,2,complete,jefatura_femenina,si,espanol_uno_mas_adultos,adultos_ninguno_analfabeta,0.0,0,0,14.28054816,32.85812825,3.342138208,46.54083130512371,EXCLUSION,23.71,high
1108,#645,2024-03,Elegible,Vulnerabilidad Moderada,1.0,1.0,1.0,1.0,1.776038647,2.823478261,1.790108696,1.0,fupal,1,low,,,espanol_uno_mas_adultos,adultos_ninguno_analfabeta,,0,0,0.0,26.18890898,2.730928248,25.34612370011462,INCLUSION,24.86,medium
1109,#112,2024-05,No Elegible,Vulnerabilidad Baja,1.0,1.0,1.0,1.0,1.776038647,1.0,2.580217391,1.0,sotap,1,low,,,espanol_uno_mas_adultos,adultos_ninguno_analfabeta,0.0,0,0,0.0,16.59309681,2.46311067,16.059114361557388,EXCLUSION,17.44,low
1110,#1311,2024-06,No Elegible,Vulnerabilidad Elevada,1.0,1.0,2.578385269,1.0,1.776038647,2.117608696,2.580217391,1.043888889,sotap,1,low,,,espanol_uno_mas_adultos,adultos_ninguno_analfabeta,-500.0,0,0,8.975915299,28.09152966,3.051206127,36.45228537324866,EXCLUSION,17.02,high
1111,#071,2024-04,No Elegible,Vulnerabilidad Baja,1.0,1.0,1.0,1.0,1.0,1.0,1.790108696,1.0,sotap,6,average,jefatura_femenina,si,espanol_uno_mas_adultos,adultos_ninguno_analfabeta,0.0,0,0,0.0,5.614422911,2.156697643,5.433745167301109,EXCLUSION,16.1,low
1112,#1311,2024-02,No Elegible,Vulnerabilidad Elevada,2.070141643,1.0,3.251728045,1.0,1.0,2.117608696,2.580217391,1.043888889,sotap,3,average,jefatura_femenina,si,espanol_uno_mas_adultos,adultos_ninguno_analfabeta,,0,0,20.51851115,19.54126117,3.156145058,40.09122120160637,EXCLUSION,22.89,high
1113,#1223,2023-11,Elegible,Vulnerabilidad Severa,2.070141643,2.051104816,3.251728045,1.0,1.776038647,2.823478261,1.790108696,1.043888889,sotap,3,complete,jefatura_masculina,no,espanol_uno_mas_adultos,adultos_uno_mas_analfabeta,0.0,0,0,31.16447961,26.85846924,3.677253808,58.16152056971697,INCLUSION,32.46,high
1114,#527,2024-05,No Elegible,Vulnerabilidad Elevada,2.700708215,1.0,1.0,1.0,1.776038647,2.823478261,1.790108696,1.0,sotap,5,low,jefatura_femenina,no,espanol_uno_mas_adultos,adultos_ninguno_analfabeta,,0,0,9.472088355,26.18890898,3.012873318,35.123033330466875,EXCLUSION,16.48,high
1115,#555,2023-07,Lista de Reserva,Vulnerabilidad Moderada,1.0,1.0,1.0,1.0,1.776038647,2.823478261,2.580217391,1.0,sotap,6,average,jefatura_masculina,no,espanol_ningun_adulto,adultos_ninguno_analfabeta,,0,0,0.0,32.12448674,2.896589272,31.09068863222006,EXCLUSION,17.6,medium
1116,#1311,2024-04,Elegible,Vulnerabilidad Baja,1.0,1.0,1.0,1.0,1.0,1.498900966,1.0,1.0,sotap,1,low,,,espanol_uno_mas_adultos,adultos_uno_mas_analfabeta,0.0,0,0,0.0,3.815111519,2.10647915,3.692337415207061,INCLUSION,17.49,low
1117,#112,2023-11,Elegible,Vulnerabilidad Baja,1.0,2.051104816,1.0,1.0,1.776038647,1.498900966,1.790108696,1.0,sotap,2,low,jefatura_masculina,no,espanol_uno_mas_adultos,adultos_ninguno_analfabeta,0.0,0,0,6.609317356,17.10850297,2.674227738,23.379946033755868,INCLUSION,24.0,medium
1118,#1860,2023-10,Elegible,Vulnerabilidad Elevada,1.0,1.0,1.0,1.0,1.776038647,2.117608696,2.580217391,1.738466184,pcr_cdmx,1,low,,,espanol_uno_mas_adultos,adultos_ninguno_analfabeta,0.0,0,0,0.0,36.78475459,3.0266566,35.60098440253921,INCLUSION,27.39,high
1119,#555,2023-12,Lista de Reserva,Vulnerabilidad Elevada,1.0,1.0,2.578385269,1.0,1.776038647,2.823478261,1.790108696,1.0,sotap,1,low,,,espanol_uno_mas_adultos,adultos_ninguno_analfabeta,,0,0,8.975915299,26.18890898,2.998104289,34.61089292935174,EXCLUSION,27.47,high
1120,#1101,2024-03,No Elegible,Vulnerabilidad Baja,1.0,2.051104816,1.0,1.0,1.776038647,1.498900966,1.790108696,1.0,sotap,1,low,,,espanol_uno_mas_adultos,adultos_ninguno_analfabeta,,0,0,6.609317356,17.10850297,2.674227738,23.379946033755868,EXCLUSION,25.01,medium
1121,#112,2024-05,No Elegible,Vulnerabilidad Moderada,1.0,1.0,1.0,1.0,1.776038647,2.823478261,1.790108696,1.0,sotap,4,average,jefatura_masculina,no,espanol_ningun_adulto,adultos_ninguno_analfabeta,,0,0,0.0,26.18890898,2.730928248,25.34612370011462,EXCLUSION,20.24,medium
1122,#1167,2024-02,Elegible,Vulnerabilidad Elevada,2.070141643,1.0,2.578385269,1.0,1.776038647,2.823478261,1.790108696,1.043888889,foten,1,low,,,espanol_uno_mas_adultos,adultos_uno_mas_analfabeta,0.0,0,0,17.46888676,26.85846924,3.2695924,44.02518984621112,INCLUSION,30.51,high
1123,#252,2024-01,No Elegible,Vulnerabilidad Moderada,1.0,1.0,1.0,1.0,1.776038647,2.117608696,2.580217391,1.0,sotap,2,low,jefatura_masculina,no,espanol_uno_mas_adultos,adultos_ninguno_analfabeta,0.0,0,0,0.0,27.40879931,2.764975192,26.526756739404888,EXCLUSION,28.95,medium
1124,#1101,2023-10,Elegible,Vulnerabilidad Elevada,1.0,1.0,2.578385269,1.0,1.776038647,2.823478261,1.790108696,1.043888889,sotap,1,low,,,espanol_uno_mas_adultos,adultos_uno_mas_analfabeta,,0,0,8.975915299,26.85846924,3.016791609,35.25890607062468,INCLUSION,29.95,high
1125,#133,2024-02,Lista de Reserva,Vulnerabilidad Baja,1.0,1.0,1.0,1.0,1.0,1.0,1.790108696,1.043888889,fupal,2,low,jefatura_masculina,no,espanol_uno_mas_adultos,adultos_ninguno_analfabeta,,0,0,0.0,6.061858428,2.169185496,5.866781761928531,EXCLUSION,18.66,low
1126,#238,2024-04,No Elegible por Duplicidad,Vulnerabilidad Baja,2.700708215,1.0,1.0,1.0,1.0,1.0,1.790108696,1.0,futij,1,low,,,espanol_uno_mas_adultos,adultos_ninguno_analfabeta,0.0,0,0,9.472088355,5.614422911,2.438642712,15.210654797653364,EXCLUSION,13.97,low
1127,#1359,2023-09,No Elegible,Vulnerabilidad Elevada,2.070141643,1.0,1.0,1.0,1.776038647,2.823478261,2.580217391,1.043888889,foten,2,average,jefatura_femenina,si,espanol_uno_mas_adultos,adultos_ninguno_analfabeta,-500.0,0,0,6.702282231,32.85812825,3.116564434,38.71868920026256,EXCLUSION,18.41,high
1128,#1311,2024-05,No Elegible,Vulnerabilidad Baja,1.0,1.0,2.578385269,1.0,1.776038647,1.0,1.790108696,1.0,sotap,1,low,,,espanol_uno_mas_adultos,adultos_ninguno_analfabeta,,0,0,8.975915299,12.01413641,2.602488661,20.89227871542691,EXCLUSION,18.41,low
1129,#112,2024-06,No Elegible,Vulnerabilidad Baja,1.0,1.525552408,1.0,1.0,1.776038647,1.0,1.0,1.0,sotap,4,average,jefatura_masculina,no,espanol_uno_mas_adultos,adultos_ninguno_analfabeta,0.0,0,0,3.741369748,5.532745347,2.265783208,9.21646683684858,EXCLUSION,16.72,low
1130,#071,2024-02,No Elegible,Vulnerabilidad Baja,2.070141643,1.0,1.0,1.0,1.776038647,1.0,1.790108696,1.043888889,sotap,3,average,jefatura_masculina,no,espanol_uno_mas_adultos,adultos_ninguno_analfabeta,,0,0,6.702282231,12.53066404,2.549228169,19.04538311600457,EXCLUSION,20.71,low
1131,#112,2024-01,No Elegible,Vulnerabilidad Elevada,1.0,1.0,2.578385269,1.0,1.776038647,2.117608696,2.580217391,1.043888889,sotap,2,low,jefatura_masculina,no,espanol_ningun_adulto,adultos_uno_mas_analfabeta,0.0,0,0,8.975915299,28.09152966,3.051206127,36.45228537324866,EXCLUSION,37.3,high
1132,#1311,2024-03,Elegible,Vulnerabilidad Moderada,2.700708215,1.0,1.0,1.0,1.776038647,2.117608696,2.580217391,1.043888889,sotap,5,high,jefatura_masculina,no,espanol_uno_mas_adultos,adultos_ninguno_analfabeta,0.0,0,-500,9.472088355,28.09152966,3.065975156,36.9644257743638,INCLUSION,24.95,high
1133,#1476,2024-07,Lista de Reserva,Vulnerabilidad Elevada,2.070141643,1.0,1.0,1.0,1.776038647,2.117608696,2.580217391,1.043888889,pcr_cdmx,1,low,,,espanol_ningun_adulto,adultos_uno_mas_analfabeta,0.0,0,0,6.702282231,28.09152966,2.983529432,34.10548451948735,EXCLUSION,22.26,high
1134,#1359,2023-06,No Elegible,Vulnerabilidad Elevada,1.0,1.0,1.0,1.0,1.776038647,2.823478261,2.580217391,1.043888889,foten,3,average,jefatura_femenina,si,espanol_uno_mas_adultos,adultos_ninguno_analfabeta,0.0,0,0,0.0,32.85812825,2.917065088,31.80072082478675,EXCLUSION,19.88,medium
1135,#016,2024-01,No Elegible,Vulnerabilidad Baja,1.599560907,1.0,1.249197356,1.0,1.0,1.498900966,1.790108696,1.043888889,futij,1,low,,,espanol_uno_mas_adultos,adultos_ninguno_analfabeta,,0,0,6.347353616,10.52243148,2.482613957,16.735426915258614,EXCLUSION,22.94,low
1136,#555,2024-05,No Elegible,Vulnerabilidad Moderada,1.0,1.525552408,1.0,1.0,1.776038647,2.823478261,1.790108696,1.0,sotap,1,low,,,espanol_ningun_adulto,adultos_ninguno_analfabeta,0.0,0,-500,3.741369748,26.18890898,2.842293421,29.20789446797501,EXCLUSION,25.42,medium
1137,#112,2024-03,No Elegible,Vulnerabilidad Baja,1.0,1.0,1.0,1.0,1.776038647,2.117608696,1.790108696,1.0,sotap,4,average,jefatura_masculina,no,espanol_uno_mas_adultos,adultos_ninguno_analfabeta,,0,0,0.0,21.88512181,2.610810239,21.18083670503239,EXCLUSION,25.15,low
1138,#555,2023-10,Lista de Reserva,Vulnerabilidad Severa,2.070141643,1.0,2.578385269,1.0,1.776038647,2.117608696,2.580217391,2.544987923,sotap,5,high,jefatura_femenina,si,espanol_ningun_adulto,adultos_ninguno_analfabeta,0.0,0,0,17.46888676,44.04383881,3.749233307,60.65751703807895,EXCLUSION,24.32,high
1139,#555,2024-03,No Elegible,Vulnerabilidad Elevada,1.0,1.0,2.578385269,1.0,1.776038647,2.823478261,1.790108696,1.0,sotap,3,low,jefatura_masculina,no,espanol_uno_mas_adultos,adultos_ninguno_analfabeta,0.0,0,0,8.975915299,26.18890898,2.998104289,34.61089292935174,EXCLUSION,25.7,high
1140,#645,2024-01,Elegible por Proceso Acelerado,Vulnerabilidad Moderada,1.0,1.0,1.0,1.0,1.776038647,2.823478261,2.580217391,1.0,fupal,5,average,jefatura_femenina,no,espanol_uno_mas_adultos,adultos_ninguno_analfabeta,,0,0,0.0,32.12448674,2.896589272,31.09068863222006,INCLUSION,28.13,medium
1141,#071,2024-01,Elegible,Vulnerabilidad Elevada,2.070141643,1.0,1.0,1.0,1.776038647,2.823478261,1.790108696,1.0,sotap,1,low,,,espanol_uno_mas_adultos,adultos_uno_mas_analfabeta,,0,0,6.702282231,26.18890898,2.930427594,32.26409207559043,INCLUSION,28.11,medium
1142,#071,2024-05,Elegible,Vulnerabilidad Elevada,1.0,2.051104816,2.578385269,1.0,1.776038647,2.823478261,2.580217391,1.0,sotap,3,average,jefatura_femenina,si,espanol_uno_mas_adultos,adultos_ninguno_analfabeta,-500.0,0,0,17.3510839,32.12448674,3.413059597,49.00014776320596,INCLUSION,20.35,high
1143,#1223,2024-06,No Elegible,Vulnerabilidad Moderada,1.0,2.051104816,1.249197356,1.0,1.776038647,2.117608696,1.790108696,1.0,sotap,5,high,jefatura_masculina,no,espanol_uno_mas_adultos,adultos_ninguno_analfabeta,,0,0,8.909093135,21.88512181,2.875997259,30.376633366209827,EXCLUSION,21.28,medium
1144,#111,2023-08,No Elegible,Vulnerabilidad Baja,1.0,1.0,1.249197356,1.0,1.0,1.0,1.790108696,1.0,fomon,1,low,,,espanol_uno_mas_adultos,adultos_ninguno_analfabeta,,0,0,1.921713018,5.614422911,2.213899127,7.417300831933367,EXCLUSION,19.05,low
1145,#440,2024-04,Lista de Reserva,Vulnerabilidad Baja,2.070141643,1.0,1.0,1.0,1.776038647,1.0,1.790108696,1.043888889,pcr_cdmx,2,low,jefatura_masculina,no,espanol_uno_mas_adultos,adultos_ninguno_analfabeta,,0,0,6.702282231,12.53066404,2.549228169,19.04538311600457,EXCLUSION,13.94,low
1146,#527,2024-01,Lista de Reserva,Vulnerabilidad Moderada,2.070141643,1.0,1.0,1.0,1.776038647,2.117608696,1.790108696,1.043888889,sotap,1,low,,,espanol_uno_mas_adultos,adultos_ninguno_analfabeta,,0,0,6.702282231,22.50821784,2.827700095,28.70184925716677,EXCLUSION,23.81,medium
1147,#645,2024-05,No Elegible,Vulnerabilidad Moderada,1.0,1.525552408,1.0,1.0,1.776038647,2.823478261,1.790108696,1.0,fupal,1,low,,,espanol_uno_mas_adultos,adultos_ninguno_analfabeta,0.0,0,0,3.741369748,26.18890898,2.842293421,29.20789446797501,EXCLUSION,23.34,medium
1148,#555,2024-01,Lista de Reserva,Vulnerabilidad Baja,2.070141643,1.0,2.578385269,1.0,1.0,1.0,1.790108696,1.0,sotap,1,low,,,espanol_uno_mas_adultos,adultos_ninguno_analfabeta,-500.0,-500,0,17.46888676,5.614422911,2.676674474,23.46479817212467,EXCLUSION,27.45,medium
1149,#112,2023-10,Elegible,Vulnerabilidad Baja,1.0,1.525552408,1.0,1.0,1.776038647,1.498900966,1.0,1.0,sotap,1,low,,,espanol_uno_mas_adultos,adultos_ninguno_analfabeta,,0,0,3.741369748,9.93697889,2.388704659,13.478967740201298,INCLUSION,20.83,low
1150,#1311,2024-01,Elegible,Vulnerabilidad Elevada,2.700708215,1.0,1.0,1.0,1.776038647,2.823478261,2.580217391,1.0,sotap,3,average,jefatura_femenina,si,espanol_uno_mas_adultos,adultos_uno_mas_analfabeta,0.0,0,0,9.472088355,32.12448674,3.178534341,40.86759826257232,INCLUSION,22.95,high
1151,#458,2023-07,No Elegible,Vulnerabilidad Elevada,2.070141643,1.0,2.578385269,1.0,1.776038647,2.823478261,2.580217391,1.043888889,fupal,2,average,jefatura_femenina,si,espanol_uno_mas_adultos,adultos_ninguno_analfabeta,,0,0,17.46888676,32.85812825,3.43704192,49.83177382961031,EXCLUSION,17.64,high
1152,#071,2024-01,Elegible,Vulnerabilidad Moderada,1.0,1.0,2.578385269,1.0,1.776038647,2.117608696,1.790108696,1.0,sotap,1,low,,,espanol_uno_mas_adultos,adultos_ninguno_analfabeta,0.0,0,0,8.975915299,21.88512181,2.877986279,30.44560593426951,INCLUSION,31.08,medium
1153,#071,2024-02,Elegible,Vulnerabilidad Elevada,2.070141643,1.0,3.251728045,1.0,1.776038647,2.117608696,2.580217391,1.043888889,sotap,1,low,,,espanol_uno_mas_adultos,adultos_ninguno_analfabeta,0.0,0,0,20.51851115,28.09152966,3.39478168,48.36633350132969,INCLUSION,24.65,high
1154,#1492,2023-11,Lista de Reserva,Vulnerabilidad Baja,1.0,1.0,2.578385269,1.0,1.776038647,1.0,1.790108696,1.0,fusal,1,low,,,espanol_ningun_adulto,adultos_ninguno_analfabeta,,0,0,8.975915299,12.01413641,2.602488661,20.89227871542691,EXCLUSION,28.18,low
1155,#555,2023-06,Lista de Reserva,Vulnerabilidad Moderada,1.0,1.0,1.0,1.0,1.776038647,2.823478261,1.790108696,1.0,sotap,1,low,,,espanol_ningun_adulto,adultos_uno_mas_analfabeta,0.0,0,0,0.0,26.18890898,2.730928248,25.34612370011462,EXCLUSION,23.17,medium
1156,#527,2023-08,No Elegible,Vulnerabilidad Moderada,1.0,1.525552408,1.0,1.0,1.776038647,1.498900966,2.580217391,1.043888889,sotap,5,low,jefatura_masculina,no,espanol_uno_mas_adultos,adultos_ninguno_analfabeta,,0,0,3.741369748,22.80125306,2.747744488,25.929256703136527,EXCLUSION,20.63,medium
1157,#252,2024-05,No Elegible,Vulnerabilidad Elevada,2.700708215,1.0,1.0,1.0,1.776038647,2.117608696,2.580217391,1.0,sotap,1,low,,,espanol_uno_mas_adultos,adultos_ninguno_analfabeta,,0,0,9.472088355,27.40879931,3.046920262,36.303666369757146,EXCLUSION,14.91,high
1158,#1102,2023-11,Lista de Reserva,Vulnerabilidad Baja,1.0,1.0,1.0,1.0,1.776038647,1.0,1.790108696,1.0,pcr_cdmx,2,low,jefatura_masculina,no,espanol_uno_mas_adultos,adultos_ninguno_analfabeta,0.0,0,0,0.0,12.01413641,2.33531262,11.62750948618979,EXCLUSION,23.68,low
1159,#071,2023-10,Lista de Reserva,Vulnerabilidad Baja,2.700708215,1.0,1.249197356,1.0,1.0,1.0,1.0,2.544987923,sotap,4,complete,jefatura_masculina,si,espanol_uno_mas_adultos,adultos_ninguno_analfabeta,,0,0,11.93561888,9.42508403,2.618326813,21.44149443200785,EXCLUSION,15.28,medium
1160,#1102,2023-11,No Elegible,Vulnerabilidad Baja,1.0,1.0,1.0,1.0,1.776038647,1.498900966,1.0,1.0,pcr_cdmx,1,low,,,espanol_uno_mas_adultos,adultos_ninguno_analfabeta,0.0,0,0,0.0,9.93697889,2.277339487,9.61719697234091,EXCLUSION,26.39,low
1161,#1407,2024-01,Elegible,Vulnerabilidad Elevada,1.0,1.0,3.251728045,1.0,1.776038647,2.823478261,2.580217391,1.043888889,foten,4,average,jefatura_femenina,no,espanol_uno_mas_adultos,adultos_ninguno_analfabeta,,0,0,11.51832969,32.85812825,3.259918337,43.68972188254064,INCLUSION,37.28,high
1162,#071,2024-04,Lista de Reserva,Vulnerabilidad Elevada,1.0,2.051104816,2.578385269,1.0,1.776038647,1.0,2.580217391,1.0,sotap,2,average,jefatura_femenina,si,espanol_uno_mas_adultos,adultos_uno_mas_analfabeta,,0,0,17.3510839,16.59309681,2.979580996,33.968573492543285,EXCLUSION,25.08,high
1163,#1223,2024-03,Elegible,Vulnerabilidad Baja,2.070141643,1.0,1.0,1.0,1.776038647,1.498900966,1.790108696,1.043888889,sotap,1,low,,,espanol_uno_mas_adultos,adultos_ninguno_analfabeta,0.0,0,0,6.702282231,17.68003002,2.692946147,24.029037349402188,INCLUSION,20.24,medium
1164,#555,2023-11,Elegible,Vulnerabilidad Elevada,1.0,1.0,2.578385269,1.0,1.776038647,2.823478261,1.790108696,1.0,sotap,1,low,,,espanol_uno_mas_adultos,adultos_ninguno_analfabeta,0.0,0,0,8.975915299,26.18890898,2.998104289,34.61089292935174,INCLUSION,28.05,high
1165,#1101,2023-06,Lista de Reserva,Vulnerabilidad Baja,1.0,2.051104816,1.0,1.0,1.0,1.498900966,1.0,1.0,sotap,1,low,,,espanol_uno_mas_adultos,adultos_ninguno_analfabeta,,0,0,6.609317356,3.815111519,2.303211315,10.514349213040497,EXCLUSION,21.24,low
1166,#513,2024-02,No Elegible,Vulnerabilidad Baja,1.0,1.0,1.0,1.0,1.776038647,1.0,2.580217391,1.738466184,pcr_cdmx,1,low,,,espanol_ningun_adulto,adultos_uno_mas_analfabeta,0.0,0,0,0.0,24.36547812,2.680036586,23.58137266862028,EXCLUSION,29.88,medium
1167,#555,2024-01,Lista de Reserva,Vulnerabilidad Severa,2.070141643,1.0,3.251728045,1.0,1.776038647,2.117608696,2.580217391,2.544987923,sotap,2,low,jefatura_masculina,no,espanol_uno_mas_adultos,adultos_uno_mas_analfabeta,0.0,0,0,20.51851115,44.04383881,3.840008069,63.80528139057354,EXCLUSION,30.06,high
1168,#672,2023-10,No Elegible,Vulnerabilidad Baja,1.0,1.0,1.0,1.0,1.0,2.117608696,1.790108696,1.0,fupal,1,low,,,espanol_uno_mas_adultos,adultos_ninguno_analfabeta,0.0,0,0,0.0,14.16503897,2.395343965,13.709193850906429,EXCLUSION,20.77,low
1169,#1771,2024-05,Elegible,Vulnerabilidad Baja,1.0,2.051104816,1.0,1.0,1.776038647,1.0,1.790108696,1.0,fupal,2,low,jefatura_femenina,no,espanol_uno_mas_adultos,adultos_ninguno_analfabeta,,0,0,6.609317356,12.01413641,2.532044784,18.449521284023227,INCLUSION,16.35,low
1170,#1101,2023-08,No Elegible por Intenciones,Vulnerabilidad Elevada,1.0,1.525552408,2.578385269,1.0,1.776038647,2.823478261,1.790108696,1.0,sotap,2,average,jefatura_masculina,no,espanol_uno_mas_adultos,adultos_ninguno_analfabeta,0.0,0,0,13.7168894,26.18890898,3.139223567,39.50443631789602,EXCLUSION,27.13,high
1171,#071,2024-01,Lista de Reserva,Vulnerabilidad Elevada,2.700708215,1.0,1.0,1.0,1.776038647,2.823478261,1.790108696,1.0,sotap,1,low,,,espanol_uno_mas_adultos,adultos_ninguno_analfabeta,,0,0,9.472088355,26.18890898,3.012873318,35.123033330466875,EXCLUSION,25.05,high
1172,#252,2023-06,Lista de Reserva,Vulnerabilidad Moderada,1.0,1.0,1.0,1.0,1.776038647,2.823478261,1.790108696,1.0,sotap,4,average,jefatura_femenina,si,espanol_uno_mas_adultos,adultos_ninguno_analfabeta,-500.0,0,0,0.0,26.18890898,2.730928248,25.34612370011462,EXCLUSION,19.3,medium
1173,#1725,2024-06,No Elegible,Vulnerabilidad Moderada,2.070141643,1.0,1.0,1.0,1.776038647,1.0,1.790108696,2.544987923,foten,1,low,,,espanol_uno_mas_adultos,adultos_ninguno_analfabeta,,0,0,6.702282231,24.59957006,2.8860694,30.72589967137496,EXCLUSION,14.35,medium
1174,#1101,2024-01,No Elegible,Vulnerabilidad Baja,1.0,1.0,1.0,1.0,1.776038647,2.117608696,1.790108696,1.0,sotap,4,average,jefatura_masculina,no,espanol_uno_mas_adultos,adultos_ninguno_analfabeta,-500.0,0,0,0.0,21.88512181,2.610810239,21.18083670503239,EXCLUSION,23.63,low
1175,#071,2023-12,Elegible,Vulnerabilidad Moderada,2.700708215,1.0,2.578385269,1.0,1.0,1.0,1.790108696,1.043888889,sotap,1,low,,,espanol_uno_mas_adultos,adultos_ninguno_analfabeta,,0,0,20.97871872,6.061858428,2.793635574,27.520616629056853,INCLUSION,19.06,medium
1176,#1223,2024-04,No Elegible,Vulnerabilidad Moderada,1.0,1.0,1.0,1.0,1.776038647,2.823478261,1.790108696,1.043888889,sotap,2,low,jefatura_femenina,no,espanol_uno_mas_adultos,adultos_ninguno_analfabeta,0.0,0,0,0.0,26.85846924,2.749615568,25.99413684138756,EXCLUSION,20.37,medium
1177,#555,2024-06,No Elegible,Vulnerabilidad Baja,1.0,1.525552408,1.0,1.0,1.776038647,2.823478261,1.0,1.043888889,sotap,1,low,,,espanol_uno_mas_adultos,adultos_ninguno_analfabeta,500.0,0,0,3.741369748,18.36611881,2.623960602,21.636849508435777,EXCLUSION,21.47,medium
1178,#1101,2024-06,No Elegible,Vulnerabilidad Elevada,2.070141643,1.0,2.578385269,1.0,1.776038647,1.0,2.580217391,1.043888889,sotap,3,low,jefatura_masculina,no,espanol_uno_mas_adultos,adultos_ninguno_analfabeta,,0,0,17.46888676,17.15905947,2.998883429,34.63791678201949,EXCLUSION,14.43,high
1179,#1223,2024-06,No Elegible,Vulnerabilidad Elevada,2.070141643,1.0,1.0,1.0,1.776038647,2.823478261,2.580217391,1.043888889,sotap,6,average,jefatura_masculina,no,espanol_uno_mas_adultos,adultos_ninguno_analfabeta,,0,0,6.702282231,32.85812825,3.116564434,38.71868920026256,EXCLUSION,16.52,high
1180,#112,2024-04,Elegible,Vulnerabilidad Baja,1.0,1.0,1.0,1.0,1.0,2.823478261,1.0,1.0,sotap,2,low,jefatura_femenina,no,espanol_uno_mas_adultos,adultos_uno_mas_analfabeta,,0,0,0.0,10.61532135,2.296271916,10.27370969363565,INCLUSION,21.86,low
1181,#071,2023-11,Elegible,Vulnerabilidad Elevada,1.0,2.051104816,1.0,1.0,1.776038647,2.823478261,2.580217391,1.0,sotap,1,low,,,espanol_ningun_adulto,adultos_ninguno_analfabeta,,0,0,6.609317356,32.12448674,3.093321436,37.9127004300535,INCLUSION,23.33,high
1182,#1311,2024-04,No Elegible,Vulnerabilidad Elevada,2.700708215,2.051104816,1.0,1.0,1.776038647,2.823478261,1.790108696,1.0,sotap,1,low,,,espanol_ningun_adulto,adultos_ninguno_analfabeta,0.0,0,0,17.94487015,26.18890898,3.265073146,43.868477716411775,EXCLUSION,19.05,high
1183,#1101,2024-06,No Elegible,Vulnerabilidad Elevada,1.0,1.0,1.0,1.0,1.776038647,2.823478261,2.580217391,1.043888889,sotap,1,low,,,espanol_uno_mas_adultos,adultos_uno_mas_analfabeta,,0,0,0.0,32.85812825,2.917065088,31.80072082478675,EXCLUSION,18.85,medium
1184,#527,2023-08,No Elegible,Vulnerabilidad Baja,1.0,1.0,1.0,1.0,1.776038647,1.498900966,1.0,1.0,sotap,1,low,,,espanol_uno_mas_adultos,adultos_ninguno_analfabeta,,0,0,0.0,9.93697889,2.277339487,9.61719697234091,EXCLUSION,22.68,low
1185,#1223,2023-09,No Elegible,Vulnerabilidad Baja,1.0,1.525552408,1.0,1.0,1.776038647,1.0,1.790108696,1.043888889,sotap,1,low,,,espanol_ningun_adulto,adultos_ninguno_analfabeta,,0,0,3.741369748,12.53066404,2.461093996,15.989185508389149,EXCLUSION,20.76,low
1186,#1223,2023-06,No Elegible,Vulnerabilidad Baja,1.0,1.0,1.0,1.0,1.776038647,2.117608696,1.790108696,1.0,sotap,1,low,,,espanol_uno_mas_adultos,adultos_ninguno_analfabeta,0.0,0,0,0.0,21.88512181,2.610810239,21.18083670503239,EXCLUSION,19.3,low
1187,#1101,2023-06,Lista de Reserva,Vulnerabilidad Elevada,2.700708215,1.0,3.251728045,1.0,1.776038647,1.498900966,1.790108696,1.043888889,sotap,1,low,,,espanol_uno_mas_adultos,adultos_ninguno_analfabeta,,0,0,24.2379543,17.68003002,3.214910903,42.12902488125468,EXCLUSION,19.1,high
1188,#1725,2024-02,Elegible,Vulnerabilidad Moderada,1.0,1.0,1.0,1.0,1.776038647,2.823478261,1.790108696,1.0,foten,1,low,,,espanol_uno_mas_adultos,adultos_ninguno_analfabeta,0.0,0,0,0.0,26.18890898,2.730928248,25.34612370011462,INCLUSION,27.37,medium
1189,#1223,2024-04,No Elegible,Vulnerabilidad Elevada,1.0,1.0,3.251728045,1.0,1.776038647,2.823478261,2.580217391,1.043888889,sotap,1,low,,,espanol_uno_mas_adultos,adultos_ninguno_analfabeta,0.0,0,0,11.51832969,32.85812825,3.259918337,43.68972188254064,EXCLUSION,24.22,high
1190,#645,2024-03,Elegible,Vulnerabilidad Elevada,2.700708215,2.051104816,1.249197356,1.0,1.776038647,2.117608696,2.580217391,1.043888889,fupal,4,average,jefatura_femenina,no,espanol_uno_mas_adultos,adultos_uno_mas_analfabeta,,0,0,20.89305637,28.09152966,3.405930349,48.752931961054514,INCLUSION,27.72,high
1191,#1223,2023-11,No Elegible,Vulnerabilidad Moderada,2.700708215,1.0,3.251728045,1.0,1.0,1.498900966,1.0,1.043888889,sotap,1,low,,,espanol_ningun_adulto,adultos_ninguno_analfabeta,0.0,0,0,24.2379543,4.243121443,2.83988894,29.12452945917112,EXCLUSION,23.34,medium
1192,#1311,2023-12,Elegible,Vulnerabilidad Moderada,1.0,1.0,1.0,1.0,1.776038647,2.823478261,2.580217391,1.0,sotap,4,average,jefatura_masculina,no,espanol_uno_mas_adultos,adultos_ninguno_analfabeta,,0,0,0.0,32.12448674,2.896589272,31.09068863222006,INCLUSION,26.34,medium
1193,#1311,2023-10,No Elegible,Vulnerabilidad Moderada,1.0,1.0,1.0,1.0,1.776038647,2.823478261,2.580217391,1.0,sotap,1,low,,,espanol_uno_mas_adultos,adultos_ninguno_analfabeta,0.0,0,0,0.0,32.12448674,2.896589272,31.09068863222006,EXCLUSION,24.39,medium
1194,#513,2024-01,No Elegible,Vulnerabilidad Baja,1.599560907,1.525552408,1.0,1.0,1.0,1.0,1.0,1.043888889,pcr_cdmx,1,low,,,espanol_ningun_adulto,adultos_ninguno_analfabeta,0.0,0,0,8.393749546,0.386821499,2.260643489,9.038241996480508,EXCLUSION,24.45,low
1195,#071,2023-06,Lista de Reserva,Vulnerabilidad Severa,2.700708215,1.0,3.251728045,1.0,1.776038647,2.117608696,2.580217391,1.043888889,sotap,2,low,jefatura_masculina,no,espanol_ningun_adulto,adultos_uno_mas_analfabeta,0.0,0,0,24.2379543,28.09152966,3.505494188,52.20547205133984,EXCLUSION,24.2,high
1196,#440,2024-05,No Elegible,Vulnerabilidad Elevada,1.0,1.0,1.0,1.0,1.776038647,2.823478261,2.580217391,1.043888889,pcr_cdmx,3,average,jefatura_femenina,si,espanol_ningun_adulto,adultos_ninguno_analfabeta,0.0,0,0,0.0,32.85812825,2.917065088,31.80072082478675,EXCLUSION,22.21,medium
1197,#672,2024-06,No Elegible,Vulnerabilidad Moderada,1.0,1.0,2.578385269,1.0,1.0,2.823478261,1.790108696,1.0,fupal,3,low,jefatura_masculina,no,espanol_uno_mas_adultos,adultos_ninguno_analfabeta,,0,0,8.975915299,17.8931401,2.76657071,26.58209018767902,EXCLUSION,17.79,medium
1198,#527,2023-07,No Elegible,Vulnerabilidad Elevada,2.700708215,1.0,3.251728045,1.0,1.776038647,2.117608696,1.790108696,1.0,sotap,5,average,jefatura_masculina,no,espanol_uno_mas_adultos,adultos_ninguno_analfabeta,0.0,0,0,24.2379543,21.88512181,3.33227434,46.19879261236069,EXCLUSION,19.67,high
1199,#112,2024-07,Lista de Reserva,Vulnerabilidad Baja,1.0,1.0,1.0,1.0,1.776038647,2.117608696,1.790108696,1.0,sotap,3,low,jefatura_masculina,no,espanol_uno_mas_adultos,adultos_ninguno_analfabeta,,0,0,0.0,21.88512181,2.610810239,21.18083670503239,EXCLUSION,22.31,low
1200,#1311,2024-01,No Elegible,Vulnerabilidad Moderada,1.0,1.0,1.0,1.0,1.776038647,2.117608696,2.580217391,1.043888889,sotap,1,low,,,espanol_uno_mas_adultos,adultos_ninguno_analfabeta,,0,0,0.0,28.09152966,2.784030087,27.18751614401154,EXCLUSION,25.61,medium
1201,#672,2023-10,Elegible,Vulnerabilidad Baja,1.0,1.0,1.0,1.0,1.0,1.498900966,1.0,1.0,fupal,1,low,,,espanol_ningun_adulto,adultos_ninguno_analfabeta,,0,0,0.0,3.815111519,2.10647915,3.692337415207061,INCLUSION,24.2,low
1202,#1101,2023-09,Elegible,Vulnerabilidad Severa,1.0,1.0,3.251728045,1.0,1.776038647,2.823478261,1.790108696,2.544987923,sotap,3,complete,jefatura_femenina,si,espanol_uno_mas_adultos,adultos_ninguno_analfabeta,0.0,0,0,11.51832969,42.50305317,3.529106644,53.02426347369012,INCLUSION,21.48,high
1203,#555,2023-11,No Elegible,Vulnerabilidad Baja,1.0,1.0,1.0,1.0,1.776038647,1.498900966,1.790108696,1.0,sotap,3,low,jefatura_femenina,no,espanol_ningun_adulto,adultos_ninguno_analfabeta,,0,0,0.0,17.10850297,2.477495573,16.55793423592243,EXCLUSION,26.47,low
1204,#1859,2024-02,No Elegible,Vulnerabilidad Baja,1.0,1.0,1.0,1.0,1.0,1.0,1.0,1.0,pcr_cdmx,1,low,,,espanol_uno_mas_adultos,adultos_ninguno_analfabeta,0.0,0,0,0.0,0.0,2.0,0.0,EXCLUSION,23.18,low
1205,#264,2023-07,No Elegible por Intenciones,Vulnerabilidad Elevada,1.0,2.051104816,1.0,1.0,1.776038647,2.823478261,1.790108696,1.0,foten,2,average,jefatura_femenina,si,espanol_uno_mas_adultos,adultos_ninguno_analfabeta,0.0,0,0,6.609317356,26.18890898,2.927660413,32.16813549794806,EXCLUSION,21.77,medium
1206,#071,2024-05,No Elegible por Intenciones,Vulnerabilidad Elevada,2.700708215,1.0,3.251728045,1.0,1.0,1.498900966,1.790108696,1.043888889,sotap,3,average,jefatura_masculina,no,espanol_uno_mas_adultos,adultos_ninguno_analfabeta,,0,-500,24.2379543,10.52243148,3.015143476,35.20176501987042,EXCLUSION,21.71,high
1207,#1101,2024-05,No Elegible,Vulnerabilidad Elevada,2.070141643,1.0,3.251728045,1.0,1.0,1.498900966,1.790108696,1.043888889,sotap,1,low,,,espanol_ningun_adulto,adultos_uno_mas_analfabeta,,0,0,20.51851115,10.52243148,2.904430968,31.362626469860267,EXCLUSION,17.59,medium
1208,#1223,2023-11,No Elegible por Intenciones,Vulnerabilidad Baja,2.070141643,1.0,1.0,1.0,1.0,1.0,1.790108696,1.043888889,sotap,2,low,jefatura_femenina,no,espanol_uno_mas_adultos,adultos_ninguno_analfabeta,0.0,0,0,6.702282231,6.061858428,2.368684842,12.78475013740434,EXCLUSION,20.53,low
1209,#1101,2023-09,Lista de Reserva,Vulnerabilidad Elevada,1.0,1.0,1.0,1.0,1.776038647,2.823478261,2.580217391,1.043888889,sotap,6,low,jefatura_masculina,no,espanol_uno_mas_adultos,adultos_uno_mas_analfabeta,0.0,0,0,0.0,32.85812825,2.917065088,31.80072082478675,EXCLUSION,25.63,medium
1210,#132,2023-10,No Elegible,Vulnerabilidad Baja,1.0,1.0,1.0,1.0,1.0,1.498900966,1.0,1.0,fomon,1,low,,,espanol_ningun_adulto,adultos_uno_mas_analfabeta,,0,0,0.0,3.815111519,2.10647915,3.692337415207061,EXCLUSION,26.4,low
1211,#264,2024-02,No Elegible,Vulnerabilidad Elevada,1.0,1.0,2.578385269,1.0,1.776038647,2.823478261,2.580217391,1.043888889,foten,2,average,jefatura_femenina,si,espanol_uno_mas_adultos,adultos_uno_mas_analfabeta,0.0,0,0,8.975915299,32.85812825,3.184241129,41.06549005402387,EXCLUSION,35.21,high
1212,#527,2024-04,No Elegible,Vulnerabilidad Baja,2.070141643,1.0,1.0,1.0,1.0,1.0,1.790108696,1.043888889,sotap,1,low,,,espanol_uno_mas_adultos,adultos_ninguno_analfabeta,,0,0,6.702282231,6.061858428,2.368684842,12.78475013740434,EXCLUSION,12.73,low
1213,#527,2023-08,Lista de Reserva,Vulnerabilidad Severa,2.700708215,1.0,3.251728045,1.0,1.776038647,2.117608696,2.580217391,1.043888889,sotap,1,low,,,espanol_uno_mas_adultos,adultos_ninguno_analfabeta,0.0,0,0,24.2379543,28.09152966,3.505494188,52.20547205133984,EXCLUSION,23.33,high
1214,#252,2024-04,No Elegible por Duplicidad,Vulnerabilidad Moderada,2.070141643,1.0,1.0,1.0,1.776038647,2.117608696,1.790108696,1.043888889,sotap,4,average,jefatura_masculina,no,espanol_uno_mas_adultos,adultos_ninguno_analfabeta,0.0,0,0,6.702282231,22.50821784,2.827700095,28.70184925716677,EXCLUSION,19.34,medium
1215,#1223,2024-05,Elegible,Vulnerabilidad Elevada,2.070141643,1.0,2.578385269,1.0,1.776038647,2.823478261,1.0,1.738466184,sotap,1,low,,,espanol_uno_mas_adultos,adultos_ninguno_analfabeta,-500.0,0,0,17.46888676,25.73669646,3.238283901,42.93951683604431,INCLUSION,16.87,high
1216,#264,2024-01,Elegible,Vulnerabilidad Elevada,1.0,2.051104816,2.578385269,1.0,1.776038647,2.117608696,1.790108696,1.0,foten,3,low,jefatura_femenina,si,espanol_uno_mas_adultos,adultos_ninguno_analfabeta,-500.0,0,0,17.3510839,21.88512181,3.127280564,39.090295836018285,INCLUSION,26.18,high
1217,#1476,2023-11,Elegible,Vulnerabilidad Baja,1.0,1.0,1.0,1.0,1.776038647,1.0,2.580217391,1.0,pcr_cdmx,1,low,,,espanol_uno_mas_adultos,adultos_ninguno_analfabeta,0.0,0,0,0.0,16.59309681,2.46311067,16.059114361557388,INCLUSION,20.75,low
1218,#1841,2023-07,No Elegible,Vulnerabilidad Elevada,1.0,1.0,2.578385269,1.0,1.776038647,2.823478261,1.790108696,1.0,foten,3,average,jefatura_masculina,no,espanol_uno_mas_adultos,adultos_ninguno_analfabeta,-500.0,0,0,8.975915299,26.18890898,2.998104289,34.61089292935174,EXCLUSION,24.02,high
1219,#1583,2023-09,Lista de Reserva,Vulnerabilidad Elevada,2.070141643,1.0,1.0,1.0,1.776038647,2.117608696,2.580217391,1.043888889,foten,3,average,jefatura_masculina,si,espanol_ningun_adulto,adultos_uno_mas_analfabeta,,0,0,6.702282231,28.09152966,2.983529432,34.10548451948735,EXCLUSION,27.61,high
1220,#252,2024-05,No Elegible,Vulnerabilidad Elevada,2.070141643,1.0,1.0,1.0,1.776038647,1.498900966,2.580217391,2.544987923,sotap,1,low,,,espanol_uno_mas_adultos,adultos_ninguno_analfabeta,500.0,0,0,6.702282231,37.43330939,3.244257006,43.14663643599621,EXCLUSION,12.39,high
1221,#458,2023-10,Elegible,Vulnerabilidad Baja,1.0,1.0,1.0,1.0,1.0,2.823478261,1.790108696,1.0,fupal,1,low,,,espanol_uno_mas_adultos,adultos_ninguno_analfabeta,0.0,0,0,0.0,17.8931401,2.49939467,17.3173209584419,INCLUSION,23.01,low
1222,#555,2024-05,No Elegible por Intenciones,Vulnerabilidad Baja,1.0,1.0,1.0,1.0,1.776038647,2.117608696,1.790108696,1.043888889,sotap,2,average,jefatura_femenina,si,espanol_uno_mas_adultos,adultos_ninguno_analfabeta,,0,0,0.0,22.50821784,2.628200749,21.78388088169096,EXCLUSION,18.05,medium
1223,#016,2024-06,Lista de Reserva,Vulnerabilidad Moderada,1.0,1.0,1.0,1.0,1.776038647,2.823478261,1.790108696,1.0,futij,4,average,jefatura_masculina,no,espanol_uno_mas_adultos,adultos_ninguno_analfabeta,,0,0,0.0,26.18890898,2.730928248,25.34612370011462,EXCLUSION,21.86,medium
1224,#1200,2024-07,No Elegible,Vulnerabilidad Elevada,2.070141643,2.051104816,2.578385269,1.0,1.0,2.117608696,1.790108696,1.043888889,fupal,1,low,,,espanol_uno_mas_adultos,adultos_ninguno_analfabeta,0.0,0,0,27.51489601,14.70478802,3.229413438,42.63192611522619,EXCLUSION,27.44,high
1225,#071,2024-06,Lista de Reserva,Vulnerabilidad Elevada,2.070141643,1.0,1.0,1.0,1.776038647,2.823478261,2.580217391,1.043888889,sotap,4,average,jefatura_masculina,no,espanol_uno_mas_adultos,adultos_ninguno_analfabeta,,0,0,6.702282231,32.85812825,3.116564434,38.71868920026256,EXCLUSION,16.6,high
1226,#555,2024-03,Lista de Reserva,Vulnerabilidad Baja,1.0,1.0,2.578385269,1.0,1.0,1.0,1.790108696,1.0,sotap,1,low,,,espanol_uno_mas_adultos,adultos_ninguno_analfabeta,,0,0,8.975915299,5.614422911,2.423873683,14.69851439653823,EXCLUSION,23.68,low
1227,#513,2024-02,No Elegible,Vulnerabilidad Baja,1.0,1.0,2.578385269,1.0,1.776038647,1.0,1.790108696,1.0,pcr_cdmx,1,low,,,espanol_uno_mas_adultos,adultos_ninguno_analfabeta,0.0,0,0,8.975915299,12.01413641,2.602488661,20.89227871542691,EXCLUSION,28.09,low
1228,#1101,2023-07,Lista de Reserva,Vulnerabilidad Baja,2.700708215,1.0,1.0,1.0,1.776038647,1.0,1.790108696,1.0,sotap,1,low,,,espanol_uno_mas_adultos,adultos_ninguno_analfabeta,500.0,0,0,9.472088355,12.01413641,2.61725769,21.404419116542044,EXCLUSION,14.14,medium
1229,#252,2023-07,Lista de Reserva,Vulnerabilidad Moderada,1.0,1.525552408,1.0,1.0,1.776038647,2.823478261,1.790108696,1.0,sotap,3,average,jefatura_masculina,no,espanol_uno_mas_adultos,adultos_ninguno_analfabeta,0.0,0,0,3.741369748,26.18890898,2.842293421,29.20789446797501,EXCLUSION,20.67,medium
1230,#1101,2023-08,No Elegible,Vulnerabilidad Moderada,1.0,2.051104816,1.0,1.0,1.776038647,2.823478261,1.0,1.043888889,sotap,3,average,jefatura_masculina,no,espanol_ningun_adulto,adultos_ninguno_analfabeta,0.0,0,0,6.609317356,18.36611881,2.709327594,24.597090538408825,EXCLUSION,31.98,medium
1231,#1311,2023-10,Lista de Reserva,Vulnerabilidad Baja,1.0,1.0,1.0,1.0,1.0,2.117608696,1.790108696,1.0,sotap,1,low,,,espanol_uno_mas_adultos,adultos_ninguno_analfabeta,0.0,0,0,0.0,14.16503897,2.395343965,13.709193850906429,EXCLUSION,22.11,low
1232,#1311,2023-07,No Elegible,Vulnerabilidad Baja,1.0,1.0,1.0,1.564135978,1.0,1.498900966,1.0,1.0,sotap,4,average,jefatura_masculina,no,espanol_uno_mas_adultos,adultos_ninguno_analfabeta,0.0,0,0,3.975239986,3.815111519,2.224805677,7.795504599196527,EXCLUSION,16.46,low
1233,#1101,2023-10,No Elegible,Vulnerabilidad Baja,1.0,1.525552408,1.0,1.0,1.0,1.498900966,1.0,1.0,sotap,1,low,,,espanol_uno_mas_adultos,adultos_ninguno_analfabeta,,0,0,3.741369748,3.815111519,2.217844323,7.554108183067449,EXCLUSION,18.53,low
1234,#1101,2024-05,No Elegible,Vulnerabilidad Baja,1.0,1.0,3.251728045,1.0,1.776038647,1.0,1.790108696,1.043888889,sotap,1,low,,,espanol_uno_mas_adultos,adultos_ninguno_analfabeta,,0,0,11.51832969,12.53066404,2.692582072,24.01641579828265,EXCLUSION,21.42,medium
1235,#112,2024-06,No Elegible,Vulnerabilidad Baja,2.070141643,1.0,1.0,1.0,1.0,2.117608696,1.790108696,1.043888889,sotap,2,average,jefatura_masculina,no,espanol_uno_mas_adultos,adultos_ninguno_analfabeta,,0,0,6.702282231,14.70478802,2.60990762,21.14954161220419,EXCLUSION,15.12,low
1236,#112,2024-03,No Elegible,Vulnerabilidad Baja,1.0,1.0,1.0,1.0,1.0,1.498900966,1.790108696,1.0,sotap,1,low,,,espanol_uno_mas_adultos,adultos_ninguno_analfabeta,-500.0,0,0,0.0,10.02735341,2.279861825,9.70466314991279,EXCLUSION,16.86,low
1237,#1200,2023-11,No Elegible,Vulnerabilidad Elevada,2.070141643,1.0,1.0,1.0,1.776038647,2.823478261,2.580217391,1.043888889,fupal,5,high,jefatura_masculina,no,espanol_ningun_adulto,adultos_ninguno_analfabeta,,0,0,6.702282231,32.85812825,3.116564434,38.71868920026256,EXCLUSION,25.79,high
1238,#252,2023-07,No Elegible,Vulnerabilidad Moderada,2.700708215,1.0,3.251728045,1.0,1.0,1.0,1.790108696,1.0,sotap,1,low,,,espanol_uno_mas_adultos,adultos_ninguno_analfabeta,,0,0,24.2379543,5.614422911,2.878161744,30.45170107462941,EXCLUSION,14.05,medium
1239,#071,2024-02,Elegible,Vulnerabilidad Elevada,2.070141643,1.0,1.0,1.0,1.776038647,2.823478261,1.790108696,1.043888889,sotap,4,average,jefatura_masculina,no,espanol_uno_mas_adultos,adultos_ninguno_analfabeta,0.0,0,0,6.702282231,26.85846924,2.949114914,32.912105216863374,INCLUSION,23.55,medium
1240,#252,2024-04,No Elegible por Duplicidad,Vulnerabilidad Baja,1.0,1.0,1.0,1.0,1.776038647,2.117608696,1.790108696,1.0,sotap,5,average,jefatura_masculina,no,espanol_uno_mas_adultos,adultos_ninguno_analfabeta,,0,0,0.0,21.88512181,2.610810239,21.18083670503239,EXCLUSION,19.64,low
1241,#133,2023-08,No Elegible,Vulnerabilidad Elevada,2.700708215,1.0,2.578385269,1.0,1.776038647,2.823478261,1.790108696,1.0,fupal,2,average,jefatura_masculina,si,espanol_uno_mas_adultos,adultos_ninguno_analfabeta,,0,0,20.97871872,26.18890898,3.355378326,46.99995856724294,EXCLUSION,27.04,high
1242,#252,2024-02,No Elegible,Vulnerabilidad Baja,1.0,1.0,1.0,1.0,1.776038647,2.823478261,1.0,1.0,sotap,1,low,,,espanol_uno_mas_adultos,adultos_ninguno_analfabeta,-500.0,0,0,0.0,17.78726377,2.496439678,17.21485183461763,EXCLUSION,24.73,low
1243,#071,2023-09,Lista de Reserva,Vulnerabilidad Elevada,2.700708215,1.0,3.251728045,1.0,1.776038647,2.823478261,1.790108696,1.043888889,sotap,3,complete,jefatura_femenina,si,espanol_uno_mas_adultos,adultos_ninguno_analfabeta,-500.0,0,0,24.2379543,26.85846924,3.471079669,51.01209274871586,EXCLUSION,24.22,high
1244,#112,2024-04,No Elegible,Vulnerabilidad Baja,1.0,1.0,1.0,1.0,1.0,1.0,1.0,1.0,sotap,3,low,jefatura_masculina,no,espanol_uno_mas_adultos,adultos_ninguno_analfabeta,,0,0,0.0,0.0,2.0,0.0,EXCLUSION,17.38,low
1245,#555,2024-04,Elegible,Vulnerabilidad Baja,1.0,1.0,1.0,1.0,1.776038647,1.0,2.580217391,1.043888889,sotap,1,low,,,espanol_uno_mas_adultos,adultos_ninguno_analfabeta,,0,0,0.0,17.15905947,2.478906597,16.60686377719593,INCLUSION,15.64,low
1246,#071,2024-06,No Elegible,Vulnerabilidad Baja,1.0,1.0,1.0,1.0,1.776038647,2.117608696,1.790108696,1.0,sotap,1,low,,,espanol_ningun_adulto,adultos_uno_mas_analfabeta,,0,0,0.0,21.88512181,2.610810239,21.18083670503239,EXCLUSION,20.96,low
1247,#252,2024-06,No Elegible,Vulnerabilidad Severa,2.070141643,2.051104816,2.578385269,1.0,1.776038647,2.117608696,2.580217391,1.043888889,sotap,3,average,jefatura_femenina,si,espanol_uno_mas_adultos,adultos_ninguno_analfabeta,0.0,0,0,27.51489601,28.09152966,3.60303525,55.58786902250935,EXCLUSION,19.33,high
1248,#1860,2023-12,No Elegible,Vulnerabilidad Baja,1.0,1.0,1.0,1.0,1.776038647,1.498900966,1.790108696,1.0,pcr_cdmx,1,low,,,espanol_uno_mas_adultos,adultos_ninguno_analfabeta,,0,0,0.0,17.10850297,2.477495573,16.55793423592243,EXCLUSION,25.05,low
1249,#1311,2024-04,No Elegible,Vulnerabilidad Moderada,2.700708215,1.0,1.0,1.0,1.776038647,2.117608696,1.790108696,1.0,sotap,1,low,,,espanol_ningun_adulto,adultos_uno_mas_analfabeta,,0,0,9.472088355,21.88512181,2.892755308,30.95774633538465,EXCLUSION,20.6,medium
1250,#071,2024-02,Elegible,Vulnerabilidad Baja,1.0,1.0,1.0,1.0,1.0,2.117608696,1.790108696,1.0,sotap,2,average,jefatura_masculina,no,espanol_ningun_adulto,adultos_ninguno_analfabeta,,0,0,0.0,14.16503897,2.395343965,13.709193850906429,INCLUSION,21.91,low
1251,#527,2024-02,No Elegible,Vulnerabilidad Elevada,2.700708215,1.0,3.251728045,1.0,1.776038647,2.117608696,2.580217391,1.0,sotap,3,average,jefatura_masculina,no,espanol_uno_mas_adultos,adultos_ninguno_analfabeta,0.0,0,0,24.2379543,27.40879931,3.486439293,51.54471264673319,EXCLUSION,27.44,high
1252,#555,2023-07,No Elegible,Vulnerabilidad Elevada,2.700708215,1.0,2.578385269,1.0,1.776038647,1.498900966,1.790108696,1.0,sotap,2,average,jefatura_masculina,no,espanol_uno_mas_adultos,adultos_ninguno_analfabeta,0.0,0,0,20.97871872,17.10850297,3.101945651,38.21176910305076,EXCLUSION,19.97,high
1253,#071,2023-07,No Elegible,Vulnerabilidad Baja,1.0,1.525552408,1.0,1.0,1.0,1.0,1.0,1.0,sotap,4,average,jefatura_masculina,no,espanol_uno_mas_adultos,adultos_ninguno_analfabeta,0.0,0,0,3.741369748,0.0,2.111365173,3.861770767860388,EXCLUSION,16.15,low
1254,#1101,2023-07,No Elegible,Vulnerabilidad Severa,2.700708215,1.0,3.251728045,1.0,1.776038647,2.823478261,2.580217391,1.0,sotap,2,complete,jefatura_femenina,si,espanol_uno_mas_adultos,adultos_ninguno_analfabeta,0.0,0,0,24.2379543,32.12448674,3.618053373,56.108644539548365,EXCLUSION,17.75,high
1255,#252,2024-06,No Elegible,Vulnerabilidad Moderada,1.0,1.0,1.0,1.0,1.776038647,2.823478261,1.790108696,1.0,sotap,1,low,,,espanol_ningun_adulto,adultos_ninguno_analfabeta,,0,0,0.0,26.18890898,2.730928248,25.34612370011462,EXCLUSION,18.71,medium
1256,#1223,2023-08,No Elegible,Vulnerabilidad Moderada,1.0,1.0,2.578385269,1.0,1.776038647,2.117608696,1.790108696,1.0,sotap,3,average,jefatura_masculina,no,espanol_uno_mas_adultos,adultos_ninguno_analfabeta,,0,0,8.975915299,21.88512181,2.877986279,30.44560593426951,EXCLUSION,28.41,medium
1257,#1311,2023-12,Elegible,Vulnerabilidad Baja,1.0,1.0,1.249197356,1.0,1.776038647,1.498900966,1.790108696,1.043888889,sotap,1,low,,,espanol_ningun_adulto,adultos_ninguno_analfabeta,0.0,0,0,1.921713018,17.68003002,2.550648286,19.09462463855864,INCLUSION,23.27,low
1258,#1583,2024-05,Elegible,Vulnerabilidad Moderada,1.0,1.525552408,2.578385269,1.0,1.776038647,1.0,1.790108696,1.043888889,foten,2,average,jefatura_femenina,si,espanol_uno_mas_adultos,adultos_ninguno_analfabeta,,0,0,13.7168894,12.53066404,2.758024142,26.28572735831016,INCLUSION,19.89,medium
1259,#555,2023-07,Lista de Reserva,Vulnerabilidad Baja,1.0,1.0,2.578385269,1.0,1.0,1.0,1.790108696,1.0,sotap,1,low,,,espanol_uno_mas_adultos,adultos_ninguno_analfabeta,0.0,0,0,8.975915299,5.614422911,2.423873683,14.69851439653823,EXCLUSION,15.09,low
1260,#252,2023-12,No Elegible por Intenciones,Vulnerabilidad Baja,1.0,1.0,2.578385269,1.0,1.0,1.498900966,1.0,1.0,sotap,1,low,,,espanol_uno_mas_adultos,adultos_ninguno_analfabeta,,0,0,8.975915299,3.815111519,2.373655191,12.95710664444418,EXCLUSION,24.07,low
1261,#645,2024-01,Elegible,Vulnerabilidad Moderada,2.070141643,1.0,1.0,1.0,1.776038647,1.0,1.790108696,1.738466184,fupal,1,low,,,espanol_uno_mas_adultos,adultos_ninguno_analfabeta,-500.0,0,0,6.702282231,19.10762501,2.732790095,25.410690905029,INCLUSION,23.0,medium
1262,#1311,2023-08,Lista de Reserva,Vulnerabilidad Baja,1.0,1.525552408,2.578385269,1.0,1.0,1.0,1.790108696,1.0,sotap,1,low,,,espanol_uno_mas_adultos,adultos_ninguno_analfabeta,-500.0,0,0,13.7168894,5.614422911,2.564992962,19.59205778508251,EXCLUSION,25.29,low
1263,#252,2024-01,Lista de Reserva,Vulnerabilidad Elevada,2.700708215,1.0,1.0,1.0,1.776038647,2.823478261,1.790108696,1.0,sotap,4,average,jefatura_masculina,no,espanol_uno_mas_adultos,adultos_ninguno_analfabeta,,0,0,9.472088355,26.18890898,3.012873318,35.123033330466875,EXCLUSION,24.51,high
1264,#1583,2023-10,Elegible,Vulnerabilidad Moderada,1.0,1.0,2.578385269,1.0,1.776038647,1.498900966,1.790108696,1.0,foten,1,low,,,espanol_uno_mas_adultos,adultos_ninguno_analfabeta,0.0,0,0,8.975915299,17.10850297,2.744671614,25.82270346515955,INCLUSION,28.93,medium
1265,#692,2024-03,Elegible,Vulnerabilidad Elevada,2.700708215,1.0,3.251728045,1.0,1.776038647,2.117608696,1.790108696,1.043888889,pcr_cdmx,6,average,jefatura_femenina,no,espanol_uno_mas_adultos,adultos_ninguno_analfabeta,,0,0,24.2379543,22.50821784,3.34966485,46.80183678901926,INCLUSION,25.27,high
1266,#527,2024-02,No Elegible,Vulnerabilidad Moderada,1.0,1.0,1.0,1.0,1.776038647,2.823478261,2.580217391,1.0,sotap,1,low,,,espanol_ningun_adulto,adultos_uno_mas_analfabeta,0.0,0,0,0.0,32.12448674,2.896589272,31.09068863222006,EXCLUSION,29.13,medium
1267,#555,2024-04,Lista de Reserva,Vulnerabilidad Elevada,1.0,2.051104816,1.0,1.0,1.776038647,2.117608696,2.580217391,1.043888889,sotap,1,low,,,espanol_uno_mas_adultos,adultos_uno_mas_analfabeta,,0,0,6.609317356,28.09152966,2.980762251,34.00952794184498,EXCLUSION,22.33,high
1268,#555,2024-04,No Elegible por Intenciones,Vulnerabilidad Moderada,1.0,1.0,1.0,1.0,1.776038647,2.823478261,1.790108696,1.0,sotap,3,low,jefatura_femenina,no,espanol_uno_mas_adultos,adultos_ninguno_analfabeta,0.0,-500,0,0.0,26.18890898,2.730928248,25.34612370011462,EXCLUSION,25.52,medium
1269,#1311,2023-08,Lista de Reserva,Vulnerabilidad Baja,1.0,1.0,1.0,1.0,1.0,1.0,1.0,1.0,sotap,1,low,,,espanol_uno_mas_adultos,adultos_ninguno_analfabeta,,0,0,0.0,0.0,2.0,0.0,EXCLUSION,20.81,low
1270,#1223,2024-06,Lista de Reserva,Vulnerabilidad Moderada,2.700708215,1.0,1.0,1.0,1.0,1.0,1.790108696,2.544987923,sotap,4,average,jefatura_masculina,no,espanol_uno_mas_adultos,adultos_ninguno_analfabeta,0.0,0,0,9.472088355,16.51639539,2.742915015,25.761790900306664,EXCLUSION,11.9,medium
1271,#527,2024-02,No Elegible,Vulnerabilidad Moderada,1.0,1.0,1.0,1.0,1.776038647,2.823478261,1.790108696,1.0,sotap,1,low,,,espanol_ningun_adulto,adultos_ninguno_analfabeta,0.0,0,0,0.0,26.18890898,2.730928248,25.34612370011462,EXCLUSION,25.43,medium
1272,#1101,2024-06,No Elegible,Vulnerabilidad Moderada,1.0,2.051104816,1.0,1.0,1.776038647,2.117608696,1.790108696,1.0,sotap,1,low,,,espanol_uno_mas_adultos,adultos_ninguno_analfabeta,,0,0,6.609317356,21.88512181,2.807542403,28.002848502865827,EXCLUSION,16.41,medium
1273,#1359,2024-02,Elegible,Vulnerabilidad Elevada,2.700708215,1.0,1.0,1.0,1.776038647,2.823478261,2.580217391,1.0,foten,3,average,jefatura_femenina,si,espanol_uno_mas_adultos,adultos_ninguno_analfabeta,0.0,0,-500,9.472088355,32.12448674,3.178534341,40.86759826257232,INCLUSION,24.27,high
1274,#252,2024-05,No Elegible por Intenciones,Vulnerabilidad Baja,1.0,1.525552408,1.0,1.0,1.776038647,1.498900966,1.790108696,1.0,sotap,1,low,,,espanol_uno_mas_adultos,adultos_ninguno_analfabeta,,0,0,3.741369748,17.10850297,2.588860746,20.41970500378282,EXCLUSION,18.37,low
1275,#1101,2024-05,Elegible,Vulnerabilidad Elevada,1.0,2.051104816,2.578385269,1.564135978,1.776038647,2.823478261,1.790108696,1.0,sotap,2,complete,jefatura_femenina,si,espanol_uno_mas_adultos,adultos_ninguno_analfabeta,,0,0,23.37941737,26.18890898,3.42683724,49.4779141004986,INCLUSION,19.35,high
1276,#1359,2024-06,Lista de Reserva,Vulnerabilidad Elevada,1.0,1.0,1.0,1.0,1.776038647,2.823478261,2.580217391,1.043888889,foten,3,average,jefatura_masculina,no,espanol_uno_mas_adultos,adultos_ninguno_analfabeta,0.0,0,0,0.0,32.85812825,2.917065088,31.80072082478675,EXCLUSION,18.88,medium
1277,#1860,2024-01,Elegible,Vulnerabilidad Baja,1.0,1.0,1.0,1.0,1.0,1.0,1.0,1.0,pcr_cdmx,1,low,,,espanol_uno_mas_adultos,adultos_ninguno_analfabeta,,0,-500,0.0,0.0,2.0,0.0,INCLUSION,25.98,low
1278,#527,2023-11,Elegible,Vulnerabilidad Elevada,2.700708215,1.0,2.578385269,1.0,1.776038647,2.823478261,1.790108696,1.0,sotap,1,low,,,espanol_uno_mas_adultos,adultos_ninguno_analfabeta,0.0,0,0,20.97871872,26.18890898,3.355378326,46.99995856724294,INCLUSION,26.49,high
1279,#1223,2024-06,No Elegible,Vulnerabilidad Baja,1.0,1.0,1.0,1.0,1.0,1.498900966,1.0,1.0,sotap,1,low,,,espanol_uno_mas_adultos,adultos_ninguno_analfabeta,,0,0,0.0,3.815111519,2.10647915,3.692337415207061,EXCLUSION,13.9,low
1280,#555,2023-10,Lista de Reserva,Vulnerabilidad Baja,1.0,1.0,2.578385269,1.0,1.0,1.0,1.0,1.0,sotap,1,low,,,espanol_uno_mas_adultos,adultos_ninguno_analfabeta,0.0,0,0,8.975915299,0.0,2.267176041,9.26476922923712,EXCLUSION,22.85,low
1281,#1101,2024-01,Elegible,Vulnerabilidad Moderada,1.0,1.0,2.578385269,1.0,1.776038647,2.117608696,1.790108696,1.043888889,sotap,4,average,jefatura_masculina,no,espanol_uno_mas_adultos,adultos_ninguno_analfabeta,0.0,0,0,8.975915299,22.50821784,2.89537679,31.04865011092808,INCLUSION,31.88,medium
1282,#1167,2023-12,Elegible,Vulnerabilidad Elevada,1.0,1.0,3.251728045,1.0,1.776038647,2.823478261,2.580217391,1.043888889,foten,1,low,,,espanol_uno_mas_adultos,adultos_ninguno_analfabeta,0.0,0,0,11.51832969,32.85812825,3.259918337,43.68972188254064,INCLUSION,31.06,high
1283,#071,2024-05,Elegible,Vulnerabilidad Moderada,1.0,2.051104816,2.578385269,1.0,1.776038647,1.0,1.790108696,1.0,sotap,4,average,jefatura_femenina,no,espanol_uno_mas_adultos,adultos_ninguno_analfabeta,0.0,0,0,17.3510839,12.01413641,2.851782945,29.536968617175688,INCLUSION,19.5,medium
1284,#252,2023-07,No Elegible,Vulnerabilidad Moderada,1.0,1.0,2.578385269,1.0,1.776038647,2.117608696,1.790108696,1.0,sotap,5,high,jefatura_masculina,no,espanol_uno_mas_adultos,adultos_ninguno_analfabeta,,0,0,8.975915299,21.88512181,2.877986279,30.44560593426951,EXCLUSION,20.18,medium
1285,#555,2024-02,Elegible,Vulnerabilidad Baja,1.0,1.0,1.0,1.0,1.776038647,2.117608696,1.790108696,1.0,sotap,1,low,,,espanol_uno_mas_adultos,adultos_ninguno_analfabeta,,-500,0,0.0,21.88512181,2.610810239,21.18083670503239,INCLUSION,26.91,low
1286,#555,2023-07,No Elegible,Vulnerabilidad Moderada,2.070141643,1.0,2.578385269,1.0,1.776038647,1.0,1.790108696,1.0,sotap,1,low,,,espanol_uno_mas_adultos,adultos_ninguno_analfabeta,0.0,0,0,17.46888676,12.01413641,2.855289452,29.65856249101336,EXCLUSION,16.38,medium
1287,#1101,2024-04,Lista de Reserva,Vulnerabilidad Elevada,1.0,1.0,1.0,1.0,1.776038647,2.823478261,2.580217391,1.043888889,sotap,3,average,jefatura_masculina,no,espanol_uno_mas_adultos,adultos_ninguno_analfabeta,0.0,0,0,0.0,32.85812825,2.917065088,31.80072082478675,EXCLUSION,21.63,medium
1288,#1497,2024-01,Lista de Reserva,Vulnerabilidad Baja,1.0,1.0,1.0,1.0,1.776038647,2.117608696,1.790108696,1.0,futij,1,low,,,espanol_uno_mas_adultos,adultos_ninguno_analfabeta,,0,0,0.0,21.88512181,2.610810239,21.18083670503239,EXCLUSION,25.91,low
1289,#1311,2023-09,No Elegible,Vulnerabilidad Baja,1.0,1.0,1.0,1.0,1.0,1.498900966,1.0,1.0,sotap,1,low,,,espanol_uno_mas_adultos,adultos_ninguno_analfabeta,,0,0,0.0,3.815111519,2.10647915,3.692337415207061,EXCLUSION,18.12,low
1290,#1373,2023-07,No Elegible,Vulnerabilidad Baja,1.0,1.0,1.0,1.0,1.776038647,1.0,1.790108696,1.0,fomon,1,low,,,espanol_uno_mas_adultos,adultos_ninguno_analfabeta,,0,0,0.0,12.01413641,2.33531262,11.62750948618979,EXCLUSION,15.91,low
1291,#071,2024-03,Elegible,Vulnerabilidad Moderada,1.0,1.525552408,1.0,1.0,1.776038647,2.823478261,1.790108696,1.0,sotap,1,low,,,espanol_uno_mas_adultos,adultos_ninguno_analfabeta,,0,0,3.741369748,26.18890898,2.842293421,29.20789446797501,INCLUSION,22.61,medium
1292,#527,2024-02,Lista de Reserva,Vulnerabilidad Elevada,2.700708215,1.0,3.251728045,1.0,1.776038647,2.117608696,1.790108696,1.0,sotap,4,average,jefatura_femenina,no,espanol_uno_mas_adultos,adultos_ninguno_analfabeta,0.0,0,0,24.2379543,21.88512181,3.33227434,46.19879261236069,EXCLUSION,26.53,high
1293,#1200,2023-07,No Elegible,Vulnerabilidad Baja,1.0,1.525552408,1.0,1.0,1.0,1.0,1.790108696,1.043888889,fupal,2,average,jefatura_masculina,no,espanol_uno_mas_adultos,adultos_ninguno_analfabeta,,0,0,3.741369748,6.061858428,2.280550669,9.72855252978892,EXCLUSION,16.72,low
1294,#527,2024-05,No Elegible,Vulnerabilidad Baja,1.0,1.0,1.0,1.0,1.776038647,2.117608696,1.790108696,1.0,sotap,2,low,jefatura_femenina,no,espanol_uno_mas_adultos,adultos_ninguno_analfabeta,0.0,0,0,0.0,21.88512181,2.610810239,21.18083670503239,EXCLUSION,17.74,low
1295,#1223,2024-05,No Elegible,Vulnerabilidad Baja,1.0,1.525552408,1.0,1.0,1.776038647,2.823478261,1.0,1.0,sotap,1,low,,,espanol_uno_mas_adultos,adultos_ninguno_analfabeta,,0,0,3.741369748,17.78726377,2.607804851,21.07662260247801,EXCLUSION,19.81,low
1296,#252,2023-08,No Elegible,Vulnerabilidad Baja,1.0,1.0,2.578385269,1.0,1.0,1.498900966,1.790108696,1.043888889,sotap,3,average,jefatura_masculina,no,espanol_uno_mas_adultos,adultos_ninguno_analfabeta,0.0,0,0,8.975915299,10.52243148,2.560855415,19.44857834177924,EXCLUSION,22.28,low
1297,#676,2024-06,Lista de Reserva,Vulnerabilidad Baja,1.0,1.0,1.0,1.0,1.776038647,2.117608696,1.790108696,1.0,pcr_cdmx,1,low,,,espanol_uno_mas_adultos,adultos_ninguno_analfabeta,0.0,0,0,0.0,21.88512181,2.610810239,21.18083670503239,EXCLUSION,20.2,low
1298,#1841,2023-10,Elegible,Vulnerabilidad Elevada,2.070141643,2.051104816,1.0,1.0,1.776038647,2.117608696,1.790108696,1.0,foten,1,low,,,espanol_uno_mas_adultos,adultos_uno_mas_analfabeta,0.0,0,0,14.63015408,21.88512181,3.046289687,36.28180377348088,INCLUSION,26.62,high
1299,#555,2023-10,No Elegible,Vulnerabilidad Elevada,2.070141643,1.0,2.578385269,1.0,1.776038647,2.823478261,1.790108696,1.0,sotap,4,average,jefatura_femenina,si,espanol_ningun_adulto,adultos_uno_mas_analfabeta,,0,0,17.46888676,26.18890898,3.25090508,43.37717670493818,EXCLUSION,27.8,high
1300,#1311,2023-08,No Elegible,Vulnerabilidad Baja,1.0,1.0,1.0,1.0,1.0,1.498900966,1.0,1.0,sotap,2,low,jefatura_masculina,no,espanol_uno_mas_adultos,adultos_ninguno_analfabeta,0.0,0,0,0.0,3.815111519,2.10647915,3.692337415207061,EXCLUSION,21.11,low
1301,#071,2023-06,No Elegible,Vulnerabilidad Baja,1.0,1.0,1.0,1.0,1.0,1.0,1.790108696,1.0,sotap,1,low,,,espanol_uno_mas_adultos,adultos_ninguno_analfabeta,0.0,0,0,0.0,5.614422911,2.156697643,5.433745167301109,EXCLUSION,15.47,low
1302,#1311,2023-09,Lista de Reserva,Vulnerabilidad Baja,1.0,2.051104816,1.0,1.0,1.0,1.0,1.790108696,1.0,sotap,1,low,,,espanol_uno_mas_adultos,adultos_ninguno_analfabeta,0.0,0,0,6.609317356,5.614422911,2.353429807,12.255756965134545,EXCLUSION,16.49,low
1303,#527,2024-03,No Elegible,Vulnerabilidad Elevada,1.0,2.051104816,1.0,1.0,1.776038647,2.823478261,2.580217391,1.0,sotap,4,average,jefatura_masculina,no,espanol_uno_mas_adultos,adultos_ninguno_analfabeta,,0,0,6.609317356,32.12448674,3.093321436,37.9127004300535,EXCLUSION,23.87,high
1304,#672,2024-04,Lista de Reserva,Vulnerabilidad Severa,2.700708215,1.0,3.251728045,1.0,1.776038647,2.823478261,2.580217391,2.544987923,fupal,4,average,jefatura_femenina,si,espanol_uno_mas_adultos,adultos_uno_mas_analfabeta,,0,0,24.2379543,50.0,4.11695608,73.40890590732829,EXCLUSION,23.33,high
1305,#527,2023-07,No Elegible,Vulnerabilidad Moderada,2.070141643,1.0,3.251728045,1.0,1.776038647,1.498900966,1.0,1.0,sotap,3,low,jefatura_masculina,no,espanol_ningun_adulto,adultos_ninguno_analfabeta,,0,0,20.51851115,9.93697889,2.88809108,30.79601432965906,EXCLUSION,21.16,medium
1306,#1167,2023-09,Elegible,Vulnerabilidad Moderada,1.0,1.0,2.578385269,1.0,1.776038647,2.117608696,1.790108696,1.0,foten,3,average,jefatura_masculina,no,espanol_ningun_adulto,adultos_uno_mas_analfabeta,,0,0,8.975915299,21.88512181,2.877986279,30.44560593426951,INCLUSION,34.73,medium
1307,#112,2024-01,No Elegible,Vulnerabilidad Moderada,1.0,1.0,1.0,1.0,1.776038647,2.823478261,2.580217391,1.0,sotap,3,low,jefatura_femenina,no,espanol_uno_mas_adultos,adultos_ninguno_analfabeta,0.0,0,0,0.0,32.12448674,2.896589272,31.09068863222006,EXCLUSION,24.57,medium
1308,#1359,2023-09,No Elegible,Vulnerabilidad Baja,1.599560907,1.0,1.249197356,1.0,1.0,1.498900966,1.790108696,1.043888889,foten,1,low,,,espanol_uno_mas_adultos,adultos_ninguno_analfabeta,0.0,0,0,6.347353616,10.52243148,2.482613957,16.735426915258614,EXCLUSION,20.3,low
1309,#1101,2024-04,Elegible,Vulnerabilidad Severa,2.070141643,1.0,2.578385269,1.0,1.776038647,2.823478261,2.580217391,2.544987923,sotap,1,low,,,espanol_uno_mas_adultos,adultos_uno_mas_analfabeta,0.0,0,0,17.46888676,50.0,3.915468811,66.42200300482355,INCLUSION,21.71,high
1310,#252,2024-01,Lista de Reserva,Vulnerabilidad Elevada,2.070141643,1.0,1.0,1.0,1.776038647,1.498900966,2.580217391,2.544987923,sotap,1,low,,,espanol_ningun_adulto,adultos_uno_mas_analfabeta,0.0,0,0,6.702282231,37.43330939,3.244257006,43.14663643599621,EXCLUSION,22.28,high
1311,#1101,2023-08,No Elegible por Intenciones,Vulnerabilidad Moderada,2.070141643,1.0,1.0,1.0,1.776038647,1.498900966,2.580217391,1.043888889,sotap,3,average,jefatura_femenina,no,espanol_uno_mas_adultos,adultos_ninguno_analfabeta,,0,0,6.702282231,22.80125306,2.835878661,28.985454310751948,EXCLUSION,18.05,medium
1312,#112,2024-01,No Elegible,Vulnerabilidad Baja,1.0,1.0,1.0,1.0,1.776038647,1.0,1.790108696,1.0,sotap,2,average,jefatura_femenina,si,espanol_uno_mas_adultos,adultos_ninguno_analfabeta,-500.0,0,0,0.0,12.01413641,2.33531262,11.62750948618979,EXCLUSION,25.55,low
1313,#555,2023-11,Lista de Reserva,Vulnerabilidad Elevada,2.700708215,2.051104816,2.578385269,1.0,1.776038647,1.0,1.790108696,1.0,sotap,4,average,jefatura_femenina,no,espanol_uno_mas_adultos,adultos_ninguno_analfabeta,0.0,0,0,31.71522481,12.01413641,3.279344277,44.363361945800406,EXCLUSION,24.59,high
1314,#1223,2024-03,No Elegible,Vulnerabilidad Baja,2.700708215,1.0,1.249197356,1.0,1.0,1.498900966,1.0,1.0,sotap,4,average,jefatura_femenina,si,espanol_uno_mas_adultos,adultos_ninguno_analfabeta,,0,0,11.93561888,3.815111519,2.46175338,16.012056446384342,EXCLUSION,19.48,low
1315,#1311,2023-06,No Elegible,Vulnerabilidad Moderada,1.0,1.0,1.0,1.0,1.776038647,2.823478261,1.790108696,1.0,sotap,4,average,jefatura_femenina,no,espanol_uno_mas_adultos,adultos_ninguno_analfabeta,0.0,0,0,0.0,26.18890898,2.730928248,25.34612370011462,EXCLUSION,21.25,medium
1316,#1223,2024-02,No Elegible,Vulnerabilidad Baja,1.0,1.0,1.0,1.0,1.0,1.0,1.790108696,1.0,sotap,1,low,,,espanol_uno_mas_adultos,adultos_ninguno_analfabeta,0.0,0,0,0.0,5.614422911,2.156697643,5.433745167301109,EXCLUSION,19.22,low
1317,#112,2024-04,No Elegible,Vulnerabilidad Baja,1.0,1.0,2.578385269,1.0,1.0,1.0,1.790108696,1.0,sotap,1,low,,,espanol_uno_mas_adultos,adultos_ninguno_analfabeta,0.0,0,0,8.975915299,5.614422911,2.423873683,14.69851439653823,EXCLUSION,18.3,low
1318,#1841,2023-11,No Elegible,Vulnerabilidad Baja,1.0,1.0,1.0,1.0,1.776038647,2.117608696,1.790108696,1.0,foten,2,average,jefatura_masculina,no,espanol_uno_mas_adultos,adultos_ninguno_analfabeta,0.0,0,0,0.0,21.88512181,2.610810239,21.18083670503239,EXCLUSION,28.75,low
1319,#071,2024-02,No Elegible,Vulnerabilidad Elevada,2.700708215,1.0,3.251728045,1.0,1.776038647,1.498900966,1.790108696,1.0,sotap,4,average,jefatura_masculina,no,espanol_ningun_adulto,adultos_ninguno_analfabeta,0.0,-500,0,24.2379543,17.10850297,3.198959675,41.57589014325073,EXCLUSION,33.94,high
1320,#1311,2024-06,Lista de Reserva,Vulnerabilidad Baja,1.0,1.0,1.0,1.0,1.776038647,2.117608696,1.790108696,1.0,sotap,2,low,jefatura_masculina,no,espanol_uno_mas_adultos,adultos_ninguno_analfabeta,0.0,0,0,0.0,21.88512181,2.610810239,21.18083670503239,EXCLUSION,15.49,low
1321,#112,2023-10,No Elegible,Vulnerabilidad Moderada,2.070141643,1.0,1.0,1.0,1.776038647,1.498900966,2.580217391,1.043888889,sotap,4,average,jefatura_masculina,no,espanol_uno_mas_adultos,adultos_ninguno_analfabeta,0.0,0,0,6.702282231,22.80125306,2.835878661,28.985454310751948,EXCLUSION,17.65,medium
1322,#252,2023-07,No Elegible,Vulnerabilidad Elevada,1.599560907,1.0,1.0,1.0,1.776038647,2.823478261,2.580217391,1.043888889,sotap,2,average,jefatura_femenina,si,espanol_uno_mas_adultos,adultos_ninguno_analfabeta,-500.0,0,0,4.186184624,32.85812825,3.041670568,36.1216210561717,EXCLUSION,13.96,high
1323,#555,2023-08,No Elegible,Vulnerabilidad Elevada,2.700708215,2.051104816,1.0,1.0,1.776038647,2.823478261,1.790108696,1.0,sotap,4,average,jefatura_femenina,no,espanol_uno_mas_adultos,adultos_ninguno_analfabeta,0.0,0,0,17.94487015,26.18890898,3.265073146,43.868477716411775,EXCLUSION,24.9,high
1324,#606,2024-02,Lista de Reserva,Vulnerabilidad Elevada,2.700708215,1.0,3.251728045,1.0,1.776038647,2.117608696,1.790108696,1.0,foten,4,average,jefatura_femenina,no,espanol_uno_mas_adultos,adultos_ninguno_analfabeta,,0,0,24.2379543,21.88512181,3.33227434,46.19879261236069,EXCLUSION,25.04,high
1325,#1311,2024-02,Lista de Reserva,Vulnerabilidad Elevada,2.700708215,1.525552408,1.249197356,1.0,1.776038647,2.823478261,1.790108696,1.0,sotap,4,average,jefatura_femenina,no,espanol_uno_mas_adultos,adultos_ninguno_analfabeta,0.0,0,0,17.00620089,26.18890898,3.237132827,42.89960114095571,EXCLUSION,24.21,high
1326,#1311,2024-04,No Elegible,Vulnerabilidad Moderada,2.700708215,1.0,2.578385269,1.0,1.0,1.0,1.790108696,1.0,sotap,1,low,,,espanol_uno_mas_adultos,adultos_ninguno_analfabeta,,0,0,20.97871872,5.614422911,2.78114772,27.08758003442943,EXCLUSION,14.42,medium
1327,#252,2024-03,No Elegible,Vulnerabilidad Baja,1.0,1.0,1.0,1.0,1.0,1.0,1.790108696,1.0,sotap,1,low,,,espanol_uno_mas_adultos,adultos_ninguno_analfabeta,-500.0,0,0,0.0,5.614422911,2.156697643,5.433745167301109,EXCLUSION,18.39,low
1328,#1101,2023-06,No Elegible,Vulnerabilidad Elevada,1.0,1.0,2.578385269,1.0,1.776038647,2.117608696,2.580217391,1.043888889,sotap,1,low,,,espanol_uno_mas_adultos,adultos_ninguno_analfabeta,,0,0,8.975915299,28.09152966,3.051206127,36.45228537324866,EXCLUSION,19.2,high
1329,#527,2024-01,Elegible,Vulnerabilidad Moderada,1.0,1.0,1.0,1.0,1.776038647,2.823478261,2.580217391,1.0,sotap,3,low,jefatura_masculina,no,espanol_uno_mas_adultos,adultos_ninguno_analfabeta,,0,0,0.0,32.12448674,2.896589272,31.09068863222006,INCLUSION,24.62,medium
1330,#1311,2023-11,No Elegible,Vulnerabilidad Elevada,1.0,1.525552408,2.578385269,1.0,1.776038647,2.117608696,2.580217391,1.043888889,sotap,4,average,jefatura_femenina,si,espanol_uno_mas_adultos,adultos_ninguno_analfabeta,0.0,0,0,13.7168894,28.09152966,3.192325406,41.34582876179294,EXCLUSION,26.87,high
1331,#133,2023-07,Elegible,Vulnerabilidad Elevada,1.0,1.0,2.578385269,1.0,1.776038647,2.823478261,2.580217391,1.043888889,fupal,1,low,,,espanol_uno_mas_adultos,adultos_ninguno_analfabeta,,0,0,8.975915299,32.85812825,3.184241129,41.06549005402387,INCLUSION,19.2,high
1332,#112,2023-10,No Elegible por Intenciones,Vulnerabilidad Elevada,2.070141643,1.0,3.251728045,1.0,1.776038647,2.117608696,2.580217391,1.043888889,sotap,2,average,jefatura_femenina,si,espanol_uno_mas_adultos,adultos_ninguno_analfabeta,0.0,0,0,20.51851115,28.09152966,3.39478168,48.36633350132969,EXCLUSION,22.26,high
1333,#555,2024-02,Lista de Reserva,Vulnerabilidad Baja,1.0,1.525552408,1.0,1.0,1.0,2.823478261,1.0,1.0,sotap,2,low,jefatura_masculina,no,espanol_uno_mas_adultos,adultos_ninguno_analfabeta,0.0,0,0,3.741369748,10.61532135,2.407637089,14.13548046149604,EXCLUSION,26.24,low
1334,#071,2023-07,Lista de Reserva,Vulnerabilidad Baja,1.0,1.0,2.578385269,1.0,1.0,2.117608696,1.790108696,1.0,sotap,2,low,jefatura_femenina,no,espanol_uno_mas_adultos,adultos_ninguno_analfabeta,-500.0,0,0,8.975915299,14.16503897,2.662520006,22.973963080143548,EXCLUSION,14.58,medium
1335,#071,2024-04,No Elegible,Vulnerabilidad Baja,1.0,1.0,1.0,1.0,1.0,1.0,1.0,1.0,sotap,1,low,,,espanol_uno_mas_adultos,adultos_ninguno_analfabeta,0.0,0,0,0.0,0.0,2.0,0.0,EXCLUSION,15.74,low
1336,#555,2024-02,Elegible,Vulnerabilidad Moderada,1.0,2.051104816,1.0,1.0,1.776038647,2.117608696,1.790108696,1.0,sotap,1,low,,,espanol_ningun_adulto,adultos_ninguno_analfabeta,0.0,0,0,6.609317356,21.88512181,2.807542403,28.002848502865827,INCLUSION,27.61,medium
1337,#1359,2023-09,Lista de Reserva,Vulnerabilidad Baja,1.0,1.0,1.0,1.0,1.0,2.117608696,1.0,1.0,foten,1,low,,,espanol_uno_mas_adultos,adultos_ninguno_analfabeta,,0,0,0.0,7.392265486,2.206316944,7.154374990395034,EXCLUSION,18.52,low
1338,#1359,2024-06,No Elegible,Vulnerabilidad Moderada,1.0,1.0,1.0,1.0,1.776038647,2.823478261,2.580217391,1.0,foten,2,low,jefatura_masculina,no,espanol_ningun_adulto,adultos_ninguno_analfabeta,,0,0,0.0,32.12448674,2.896589272,31.09068863222006,EXCLUSION,20.89,medium
1339,#645,2024-04,Elegible,Vulnerabilidad Moderada,1.0,1.0,1.0,1.0,1.776038647,2.117608696,2.580217391,1.043888889,fupal,1,low,,,espanol_uno_mas_adultos,adultos_ninguno_analfabeta,,0,0,0.0,28.09152966,2.784030087,27.18751614401154,INCLUSION,17.03,medium
1340,#458,2023-10,No Elegible,Vulnerabilidad Moderada,1.0,1.0,1.0,1.0,1.776038647,2.823478261,1.790108696,1.0,fupal,1,low,,,espanol_uno_mas_adultos,adultos_ninguno_analfabeta,,0,0,0.0,26.18890898,2.730928248,25.34612370011462,EXCLUSION,27.18,medium
1341,#1101,2023-08,Lista de Reserva,Vulnerabilidad Baja,2.070141643,1.0,1.0,1.0,1.776038647,1.498900966,1.790108696,1.043888889,sotap,1,low,,,espanol_uno_mas_adultos,adultos_ninguno_analfabeta,,0,0,6.702282231,17.68003002,2.692946147,24.029037349402188,EXCLUSION,19.65,medium
1342,#1101,2023-07,No Elegible,Vulnerabilidad Severa,2.700708215,1.0,3.251728045,1.0,1.776038647,2.823478261,2.580217391,1.0,sotap,3,complete,jefatura_femenina,si,espanol_uno_mas_adultos,adultos_ninguno_analfabeta,0.0,0,0,24.2379543,32.12448674,3.618053373,56.108644539548365,EXCLUSION,15.77,high
1343,#527,2023-12,Elegible,Vulnerabilidad Moderada,1.0,1.0,1.0,1.0,1.776038647,2.823478261,2.580217391,1.0,sotap,1,low,,,espanol_ningun_adulto,adultos_ninguno_analfabeta,-500.0,0,0,0.0,32.12448674,2.896589272,31.09068863222006,INCLUSION,24.0,medium
1344,#1407,2024-02,No Elegible,Vulnerabilidad Moderada,1.599560907,1.0,2.578385269,1.0,1.0,1.498900966,1.790108696,1.043888889,foten,1,low,,,espanol_uno_mas_adultos,adultos_ninguno_analfabeta,,0,0,14.28054816,10.52243148,2.718752494,24.92391959287908,EXCLUSION,22.41,medium
1345,#555,2023-09,Elegible,Vulnerabilidad Moderada,1.0,2.051104816,1.0,1.0,1.776038647,2.117608696,1.790108696,1.0,sotap,1,low,,,espanol_uno_mas_adultos,adultos_ninguno_analfabeta,0.0,0,0,6.609317356,21.88512181,2.807542403,28.002848502865827,INCLUSION,22.27,medium
1346,#606,2023-07,No Elegible,Vulnerabilidad Baja,1.0,1.0,1.0,1.0,1.0,1.498900966,1.0,1.0,foten,1,low,,,espanol_uno_mas_adultos,adultos_ninguno_analfabeta,0.0,0,0,0.0,3.815111519,2.10647915,3.692337415207061,EXCLUSION,15.85,low
1347,#606,2023-09,No Elegible,Vulnerabilidad Elevada,2.070141643,1.0,2.578385269,1.0,1.776038647,1.498900966,1.790108696,1.043888889,foten,2,average,jefatura_femenina,si,espanol_uno_mas_adultos,adultos_ninguno_analfabeta,,0,0,17.46888676,17.68003002,3.013423633,35.14212197874994,EXCLUSION,22.32,high
1348,#527,2024-06,Lista de Reserva,Vulnerabilidad Baja,1.0,1.0,1.0,1.0,1.0,2.117608696,1.0,1.0,sotap,1,low,,,espanol_ningun_adulto,adultos_uno_mas_analfabeta,,0,0,0.0,7.392265486,2.206316944,7.154374990395034,EXCLUSION,20.74,low
1349,,2023-07,Lista de Reserva,Vulnerabilidad Severa,2.700708215,2.051104816,3.251728045,1.0,1.776038647,2.823478261,2.580217391,1.0,,2,average,jefatura_femenina,si,espanol_uno_mas_adultos,adultos_ninguno_analfabeta,,0,0,35.61565687,32.12448674,3.956720731,67.85249295595354,EXCLUSION,17.15,high
1350,#112,2023-12,Lista de Reserva,Vulnerabilidad Baja,1.0,1.0,1.0,1.0,1.0,1.0,1.790108696,1.0,sotap,1,low,,,espanol_uno_mas_adultos,adultos_ninguno_analfabeta,,0,0,0.0,5.614422911,2.156697643,5.433745167301109,EXCLUSION,20.45,low
1351,#555,2024-03,No Elegible,Vulnerabilidad Baja,1.0,1.0,1.0,1.0,1.0,1.0,2.580217391,1.0,sotap,3,low,jefatura_masculina,no,espanol_uno_mas_adultos,adultos_ninguno_analfabeta,0.0,0,0,0.0,9.580889352,2.267401085,9.272566751763287,EXCLUSION,18.92,low
1352,,2023-09,Elegible,Vulnerabilidad Severa,2.070141643,1.0,2.578385269,1.0,1.776038647,2.823478261,2.580217391,2.544987923,,1,low,,,espanol_uno_mas_adultos,adultos_uno_mas_analfabeta,,0,0,17.46888676,50.0,3.915468811,66.42200300482355,INCLUSION,27.66,high
1353,#071,2024-03,No Elegible,Vulnerabilidad Baja,1.0,1.0,2.578385269,1.0,1.0,1.0,1.0,1.043888889,sotap,3,low,jefatura_femenina,si,espanol_uno_mas_adultos,adultos_ninguno_analfabeta,-500.0,0,0,8.975915299,0.386821499,2.277972167,9.6391424255778,EXCLUSION,22.0,low
1354,#264,2024-01,No Elegible,Vulnerabilidad Baja,1.0,1.0,1.0,1.0,1.0,1.498900966,1.0,1.0,foten,4,average,jefatura_masculina,no,espanol_uno_mas_adultos,adultos_ninguno_analfabeta,,0,0,0.0,3.815111519,2.10647915,3.692337415207061,EXCLUSION,28.93,low
1355,#071,2023-07,Lista de Reserva,Vulnerabilidad Severa,2.700708215,2.051104816,2.578385269,1.564135978,1.0,2.117608696,1.0,2.544987923,sotap,2,complete,jefatura_femenina,si,espanol_uno_mas_adultos,adultos_ninguno_analfabeta,,0,0,39.44321718,18.76190405,3.697703903,58.87066656783652,EXCLUSION,12.18,high
1356,#1223,2023-10,No Elegible,Vulnerabilidad Baja,1.0,1.0,1.0,1.564135978,1.0,1.0,1.0,1.043888889,sotap,3,low,jefatura_femenina,no,espanol_uno_mas_adultos,adultos_ninguno_analfabeta,0.0,0,0,3.975239986,0.386821499,2.129122653,4.477540380330147,EXCLUSION,26.63,low
1357,#112,2024-01,Elegible,Vulnerabilidad Moderada,1.0,2.051104816,1.0,1.0,1.776038647,2.117608696,1.790108696,1.0,sotap,1,low,,,espanol_uno_mas_adultos,adultos_ninguno_analfabeta,,0,0,6.609317356,21.88512181,2.807542403,28.002848502865827,INCLUSION,26.36,medium
1358,#1167,2024-01,Elegible por Proceso Acelerado,Vulnerabilidad Elevada,1.0,1.0,1.0,1.0,1.776038647,2.823478261,2.580217391,1.043888889,foten,3,average,jefatura_masculina,no,espanol_uno_mas_adultos,adultos_ninguno_analfabeta,,0,0,0.0,32.85812825,2.917065088,31.80072082478675,INCLUSION,30.12,medium
1359,#252,2024-05,No Elegible,Vulnerabilidad Baja,1.0,1.0,1.0,1.0,1.776038647,1.0,1.790108696,1.0,sotap,3,low,jefatura_masculina,no,espanol_uno_mas_adultos,adultos_ninguno_analfabeta,-500.0,0,0,0.0,12.01413641,2.33531262,11.62750948618979,EXCLUSION,18.38,low
1360,#1223,2023-07,No Elegible,Vulnerabilidad Baja,2.700708215,1.0,1.0,1.0,1.0,1.0,1.790108696,1.0,sotap,1,low,,,espanol_uno_mas_adultos,adultos_ninguno_analfabeta,0.0,0,-500,9.472088355,5.614422911,2.438642712,15.210654797653364,EXCLUSION,13.61,low
1361,#1841,2023-06,No Elegible,Vulnerabilidad Baja,1.0,1.0,1.0,1.0,1.0,2.117608696,1.0,1.0,foten,1,low,,,espanol_uno_mas_adultos,adultos_ninguno_analfabeta,,-500,0,0.0,7.392265486,2.206316944,7.154374990395034,EXCLUSION,26.45,low
1362,#071,2023-06,Lista de Reserva,Vulnerabilidad Baja,1.0,1.0,1.0,1.0,1.0,2.117608696,1.790108696,1.0,sotap,1,low,,,espanol_uno_mas_adultos,adultos_ninguno_analfabeta,-500.0,0,0,0.0,14.16503897,2.395343965,13.709193850906429,EXCLUSION,13.72,low
1363,#252,2023-10,Lista de Reserva,Vulnerabilidad Elevada,1.0,1.525552408,2.578385269,1.0,1.776038647,2.823478261,1.790108696,1.0,sotap,1,low,,,espanol_uno_mas_adultos,adultos_uno_mas_analfabeta,,0,0,13.7168894,26.18890898,3.139223567,39.50443631789602,EXCLUSION,36.73,high
1364,#071,2023-09,No Elegible,Vulnerabilidad Baja,1.0,1.0,2.578385269,1.0,1.0,1.0,1.0,1.0,sotap,1,low,,,espanol_uno_mas_adultos,adultos_ninguno_analfabeta,0.0,0,0,8.975915299,0.0,2.267176041,9.26476922923712,EXCLUSION,20.31,low
1365,#071,2023-12,No Elegible,Vulnerabilidad Baja,1.0,1.0,1.0,1.0,1.0,1.498900966,1.0,1.0,sotap,1,low,,,espanol_uno_mas_adultos,adultos_ninguno_analfabeta,,0,0,0.0,3.815111519,2.10647915,3.692337415207061,EXCLUSION,21.31,low
1366,#1101,2023-07,No Elegible,Vulnerabilidad Elevada,2.070141643,1.0,1.0,1.0,1.776038647,2.823478261,2.580217391,1.0,sotap,4,average,jefatura_masculina,no,espanol_uno_mas_adultos,adultos_uno_mas_analfabeta,0.0,0,0,6.702282231,32.12448674,3.096088617,38.008657007695874,EXCLUSION,19.41,high
1367,#1101,2023-08,No Elegible,Vulnerabilidad Baja,1.0,1.0,1.0,1.0,1.0,2.117608696,1.0,1.0,sotap,3,low,jefatura_masculina,no,espanol_uno_mas_adultos,adultos_ninguno_analfabeta,,0,0,0.0,7.392265486,2.206316944,7.154374990395034,EXCLUSION,19.21,low
1368,#1101,2024-06,No Elegible,Vulnerabilidad Elevada,2.700708215,1.0,2.578385269,1.0,1.0,1.498900966,1.790108696,1.0,sotap,1,low,,,espanol_uno_mas_adultos,adultos_ninguno_analfabeta,0.0,0,0,20.97871872,10.02735341,2.904311903,31.35849801704111,EXCLUSION,15.47,medium
1369,#1101,2023-08,No Elegible,Vulnerabilidad Baja,1.0,1.0,1.0,1.0,1.0,2.117608696,1.0,1.0,sotap,1,low,,,espanol_uno_mas_adultos,adultos_ninguno_analfabeta,,0,0,0.0,7.392265486,2.206316944,7.154374990395034,EXCLUSION,19.43,low
1370,#1101,2023-12,No Elegible,Vulnerabilidad Baja,1.0,1.0,2.578385269,1.0,1.0,1.0,1.0,1.0,sotap,1,low,,,espanol_uno_mas_adultos,adultos_ninguno_analfabeta,-500.0,-500,0,8.975915299,0.0,2.267176041,9.26476922923712,EXCLUSION,28.51,low
1371,#1223,2023-08,Lista de Reserva,Vulnerabilidad Moderada,2.700708215,1.525552408,1.249197356,1.0,1.0,1.498900966,1.790108696,1.043888889,sotap,2,average,jefatura_masculina,si,espanol_uno_mas_adultos,adultos_ninguno_analfabeta,,0,0,17.00620089,10.52243148,2.799883953,27.737286553383207,EXCLUSION,15.3,medium
1372,#645,2024-03,No Elegible,Vulnerabilidad Elevada,1.0,1.525552408,1.249197356,1.0,1.776038647,2.823478261,2.580217391,1.0,fupal,2,average,jefatura_femenina,si,espanol_uno_mas_adultos,adultos_uno_mas_analfabeta,,0,0,5.877094669,32.12448674,3.071526181,37.15691408476315,EXCLUSION,29.96,high
1373,#133,2023-09,No Elegible,Vulnerabilidad Severa,2.070141643,1.0,2.578385269,1.0,1.776038647,2.823478261,2.580217391,2.544987923,fupal,3,complete,jefatura_femenina,si,espanol_uno_mas_adultos,adultos_ninguno_analfabeta,,0,0,17.46888676,50.0,3.915468811,66.42200300482355,EXCLUSION,21.52,high
1374,#555,2023-07,Lista de Reserva,Vulnerabilidad Moderada,1.0,1.0,1.0,1.0,1.776038647,2.117608696,2.580217391,1.043888889,sotap,1,low,,,espanol_ningun_adulto,adultos_ninguno_analfabeta,-500.0,0,0,0.0,28.09152966,2.784030087,27.18751614401154,EXCLUSION,16.25,medium
1375,#1101,2023-12,Elegible,Vulnerabilidad Elevada,2.700708215,1.0,3.251728045,1.0,1.0,1.498900966,1.790108696,1.0,sotap,4,average,jefatura_masculina,no,espanol_uno_mas_adultos,adultos_ninguno_analfabeta,0.0,0,0,24.2379543,10.02735341,3.001325926,34.72261905724109,INCLUSION,23.24,high
1376,#1223,2023-07,Lista de Reserva,Vulnerabilidad Baja,2.070141643,1.0,1.0,1.0,1.0,1.0,1.790108696,1.0,sotap,1,low,,,espanol_uno_mas_adultos,adultos_ninguno_analfabeta,,0,0,6.702282231,5.614422911,2.356196989,12.35171354277692,EXCLUSION,12.23,low
1377,#252,2023-09,No Elegible,Vulnerabilidad Baja,2.070141643,2.051104816,1.0,1.0,1.0,1.0,1.0,1.043888889,sotap,1,low,,,espanol_uno_mas_adultos,adultos_ninguno_analfabeta,,0,0,14.63015408,0.386821499,2.446275574,15.475340264789162,EXCLUSION,15.18,low
1378,#672,2024-02,Lista de Reserva,Vulnerabilidad Moderada,1.0,1.0,2.578385269,1.0,1.776038647,2.117608696,1.790108696,1.0,fupal,1,low,,,espanol_uno_mas_adultos,adultos_ninguno_analfabeta,0.0,0,0,8.975915299,21.88512181,2.877986279,30.44560593426951,EXCLUSION,29.09,medium
1379,#606,2023-08,Elegible,Vulnerabilidad Moderada,1.0,1.0,1.0,1.0,1.776038647,2.823478261,1.790108696,1.0,foten,4,average,jefatura_masculina,no,espanol_uno_mas_adultos,adultos_ninguno_analfabeta,,0,0,0.0,26.18890898,2.730928248,25.34612370011462,INCLUSION,26.12,medium
1380,#527,2023-08,No Elegible,Vulnerabilidad Baja,1.0,1.0,1.0,1.0,1.0,1.0,1.0,1.0,sotap,4,average,jefatura_femenina,si,espanol_uno_mas_adultos,adultos_ninguno_analfabeta,-500.0,0,0,0.0,0.0,2.0,0.0,EXCLUSION,18.97,low
1381,#252,2023-07,No Elegible,Vulnerabilidad Baja,1.0,1.0,1.0,1.0,1.776038647,2.117608696,1.790108696,1.043888889,sotap,4,low,jefatura_masculina,no,espanol_uno_mas_adultos,adultos_ninguno_analfabeta,,0,0,0.0,22.50821784,2.628200749,21.78388088169096,EXCLUSION,15.8,medium
1382,#527,2024-03,Lista de Reserva,Vulnerabilidad Elevada,2.700708215,1.0,1.249197356,1.0,1.776038647,2.823478261,1.790108696,1.043888889,sotap,2,complete,jefatura_masculina,si,espanol_uno_mas_adultos,adultos_ninguno_analfabeta,,0,0,11.93561888,26.85846924,3.104889798,38.31385587256485,EXCLUSION,18.8,high
1383,#133,2024-04,No Elegible,Vulnerabilidad Elevada,2.070141643,1.0,1.0,1.0,1.776038647,2.823478261,2.580217391,1.043888889,fupal,4,average,jefatura_femenina,si,espanol_uno_mas_adultos,adultos_ninguno_analfabeta,-500.0,0,0,6.702282231,32.85812825,3.116564434,38.71868920026256,EXCLUSION,18.35,high
1384,#1860,2024-06,No Elegible,Vulnerabilidad Baja,1.0,1.0,1.0,1.0,1.776038647,1.498900966,1.790108696,1.0,pcr_cdmx,1,low,,,espanol_uno_mas_adultos,adultos_ninguno_analfabeta,,0,0,0.0,17.10850297,2.477495573,16.55793423592243,EXCLUSION,18.9,low
1385,#1859,2024-04,No Elegible,Vulnerabilidad Baja,1.0,1.0,1.0,1.0,1.0,2.117608696,1.790108696,1.0,pcr_cdmx,2,average,jefatura_masculina,si,espanol_uno_mas_adultos,adultos_ninguno_analfabeta,,0,0,0.0,14.16503897,2.395343965,13.709193850906429,EXCLUSION,18.21,low
1386,#1101,2024-05,Lista de Reserva,Vulnerabilidad Moderada,1.0,1.0,1.0,1.0,1.776038647,2.823478261,1.790108696,1.0,sotap,1,low,,,espanol_uno_mas_adultos,adultos_ninguno_analfabeta,,0,0,0.0,26.18890898,2.730928248,25.34612370011462,EXCLUSION,19.51,medium
1387,#527,2023-08,Elegible,Vulnerabilidad Baja,1.0,1.0,1.0,1.0,1.0,1.0,1.790108696,1.0,sotap,3,average,jefatura_femenina,si,espanol_uno_mas_adultos,adultos_ninguno_analfabeta,0.0,0,0,0.0,5.614422911,2.156697643,5.433745167301109,INCLUSION,16.74,low
1388,#1223,2023-07,Lista de Reserva,Vulnerabilidad Moderada,1.0,1.0,1.0,1.0,1.776038647,2.823478261,2.580217391,1.0,sotap,3,average,jefatura_masculina,no,espanol_ningun_adulto,adultos_ninguno_analfabeta,,0,0,0.0,32.12448674,2.896589272,31.09068863222006,EXCLUSION,19.55,medium
1389,#071,2023-07,No Elegible por Intenciones,Vulnerabilidad Moderada,1.0,1.0,2.578385269,1.0,1.776038647,1.498900966,1.790108696,1.0,sotap,4,average,jefatura_masculina,no,espanol_ningun_adulto,adultos_ninguno_analfabeta,,0,0,8.975915299,17.10850297,2.744671614,25.82270346515955,EXCLUSION,21.07,medium
1390,#112,2023-12,Elegible,Vulnerabilidad Elevada,2.700708215,1.0,3.251728045,1.0,1.776038647,2.117608696,1.790108696,1.043888889,sotap,6,high,jefatura_masculina,no,espanol_uno_mas_adultos,adultos_ninguno_analfabeta,,0,0,24.2379543,22.50821784,3.34966485,46.80183678901926,INCLUSION,26.27,high
1391,#071,2023-11,Elegible,Vulnerabilidad Elevada,2.070141643,2.051104816,1.0,1.0,1.776038647,2.117608696,2.580217391,1.043888889,sotap,4,average,jefatura_masculina,no,espanol_ningun_adulto,adultos_uno_mas_analfabeta,,0,0,14.63015408,28.09152966,3.219509535,42.28848321246002,INCLUSION,22.74,high
1392,#1223,2024-06,No Elegible,Vulnerabilidad Moderada,1.0,1.0,1.0,1.0,1.776038647,2.823478261,1.790108696,1.0,sotap,1,low,,,espanol_uno_mas_adultos,adultos_ninguno_analfabeta,0.0,0,0,0.0,26.18890898,2.730928248,25.34612370011462,EXCLUSION,17.96,medium
1393,#1583,2024-04,No Elegible,Vulnerabilidad Severa,1.599560907,1.0,1.0,1.0,1.776038647,2.823478261,2.580217391,2.544987923,foten,4,average,jefatura_femenina,si,espanol_uno_mas_adultos,adultos_uno_mas_analfabeta,,0,0,4.186184624,50.0,3.520097459,52.71185023138494,EXCLUSION,19.72,high
1394,#1323,2024-02,No Elegible,Vulnerabilidad Baja,1.0,1.0,1.0,1.0,1.0,1.0,1.0,1.0,fupal,1,low,,,espanol_uno_mas_adultos,adultos_ninguno_analfabeta,0.0,0,0,0.0,0.0,2.0,0.0,EXCLUSION,22.61,low
1395,#1841,2024-05,No Elegible,Vulnerabilidad Elevada,1.0,2.051104816,1.0,1.0,1.776038647,2.823478261,2.580217391,1.0,foten,2,average,jefatura_masculina,si,espanol_uno_mas_adultos,adultos_uno_mas_analfabeta,,-500,0,6.609317356,32.12448674,3.093321436,37.9127004300535,EXCLUSION,26.68,high
1396,#1223,2024-02,Lista de Reserva,Vulnerabilidad Baja,1.0,1.0,1.0,1.0,1.0,1.0,1.0,1.0,sotap,3,low,jefatura_masculina,no,espanol_uno_mas_adultos,adultos_ninguno_analfabeta,-500.0,0,0,0.0,0.0,2.0,0.0,EXCLUSION,17.65,low
1397,#112,2023-08,No Elegible,Vulnerabilidad Elevada,1.0,1.0,2.578385269,1.0,1.776038647,1.498900966,2.580217391,1.043888889,sotap,1,low,,,espanol_ningun_adulto,adultos_ninguno_analfabeta,,0,0,8.975915299,22.80125306,2.903555356,31.332255164513256,EXCLUSION,24.48,medium
1398,#527,2024-02,Elegible,Vulnerabilidad Elevada,1.0,2.051104816,1.0,1.0,1.776038647,2.823478261,2.580217391,1.043888889,sotap,5,high,jefatura_femenina,no,espanol_uno_mas_adultos,adultos_ninguno_analfabeta,,0,0,6.609317356,32.85812825,3.113797253,38.62273262262019,INCLUSION,28.7,high
1399,#071,2024-07,No Elegible,Vulnerabilidad Baja,1.0,1.0,2.578385269,1.0,1.0,1.0,1.0,1.0,sotap,1,low,,,espanol_uno_mas_adultos,adultos_ninguno_analfabeta,,0,0,8.975915299,0.0,2.267176041,9.26476922923712,EXCLUSION,17.16,low
1400,#112,2024-06,Lista de Reserva,Vulnerabilidad Elevada,1.0,1.0,2.578385269,1.0,1.776038647,2.823478261,1.790108696,1.0,sotap,3,average,jefatura_masculina,no,espanol_ningun_adulto,adultos_ninguno_analfabeta,0.0,0,0,8.975915299,26.18890898,2.998104289,34.61089292935174,EXCLUSION,23.71,high
1401,#252,2024-03,No Elegible,Vulnerabilidad Baja,2.070141643,1.0,1.0,1.0,1.0,1.0,1.790108696,1.0,sotap,1,low,,,espanol_uno_mas_adultos,adultos_ninguno_analfabeta,0.0,0,0,6.702282231,5.614422911,2.356196989,12.35171354277692,EXCLUSION,17.63,low
1402,#1311,2023-06,No Elegible,Vulnerabilidad Baja,1.0,1.0,1.0,1.0,1.0,2.823478261,1.790108696,1.0,sotap,4,average,jefatura_femenina,no,espanol_uno_mas_adultos,adultos_ninguno_analfabeta,,0,0,0.0,17.8931401,2.49939467,17.3173209584419,EXCLUSION,19.94,low
1403,#071,2023-07,No Elegible,Vulnerabilidad Baja,1.0,2.051104816,1.0,1.0,1.776038647,1.498900966,1.790108696,1.0,sotap,1,low,,,espanol_uno_mas_adultos,adultos_ninguno_analfabeta,,0,0,6.609317356,17.10850297,2.674227738,23.379946033755868,EXCLUSION,16.2,medium
1404,#1223,2023-10,No Elegible,Vulnerabilidad Elevada,1.0,1.0,2.578385269,1.0,1.776038647,2.823478261,2.580217391,1.043888889,sotap,1,low,,,espanol_ningun_adulto,adultos_ninguno_analfabeta,0.0,0,0,8.975915299,32.85812825,3.184241129,41.06549005402387,EXCLUSION,27.21,high
1405,#1101,2023-10,No Elegible,Vulnerabilidad Baja,1.0,1.0,1.0,1.0,1.776038647,2.117608696,1.790108696,1.043888889,sotap,1,low,,,espanol_uno_mas_adultos,adultos_ninguno_analfabeta,0.0,-500,0,0.0,22.50821784,2.628200749,21.78388088169096,EXCLUSION,29.05,medium
1406,#458,2023-09,No Elegible,Vulnerabilidad Elevada,2.070141643,1.0,1.0,1.0,1.776038647,2.117608696,2.580217391,1.043888889,fupal,1,low,,,espanol_uno_mas_adultos,adultos_ninguno_analfabeta,,0,0,6.702282231,28.09152966,2.983529432,34.10548451948735,EXCLUSION,19.8,high
1407,#527,2023-08,No Elegible,Vulnerabilidad Baja,2.700708215,1.0,1.0,1.0,1.0,1.0,1.790108696,1.0,sotap,1,low,,,espanol_ningun_adulto,adultos_uno_mas_analfabeta,,0,0,9.472088355,5.614422911,2.438642712,15.210654797653364,EXCLUSION,17.94,low
1408,#458,2024-06,No Elegible,Vulnerabilidad Moderada,1.0,2.051104816,1.0,1.0,1.776038647,2.117608696,1.790108696,1.0,fupal,1,low,,,espanol_uno_mas_adultos,adultos_ninguno_analfabeta,0.0,0,0,6.609317356,21.88512181,2.807542403,28.002848502865827,EXCLUSION,17.88,medium
1409,#1771,2023-09,Elegible,Vulnerabilidad Baja,1.0,1.0,1.0,1.0,1.0,1.0,1.0,1.0,fupal,4,average,jefatura_femenina,si,espanol_uno_mas_adultos,adultos_ninguno_analfabeta,,0,0,0.0,0.0,2.0,0.0,INCLUSION,19.1,low
1410,#527,2024-07,No Elegible,Vulnerabilidad Baja,1.0,1.0,1.0,1.0,1.776038647,1.498900966,1.790108696,1.0,sotap,3,average,jefatura_femenina,si,espanol_uno_mas_adultos,adultos_ninguno_analfabeta,,0,0,0.0,17.10850297,2.477495573,16.55793423592243,EXCLUSION,18.72,low
1411,#071,2024-06,Lista de Reserva,Vulnerabilidad Baja,1.0,1.0,1.0,1.0,1.0,1.0,1.0,1.0,sotap,1,low,,,espanol_uno_mas_adultos,adultos_ninguno_analfabeta,,0,0,0.0,0.0,2.0,0.0,EXCLUSION,12.78,low
1412,#1860,2024-06,Lista de Reserva,Vulnerabilidad Moderada,1.0,1.0,1.0,1.0,1.776038647,2.823478261,1.790108696,1.0,pcr_cdmx,4,average,jefatura_femenina,si,espanol_uno_mas_adultos,adultos_ninguno_analfabeta,-500.0,-500,0,0.0,26.18890898,2.730928248,25.34612370011462,EXCLUSION,22.17,medium
1413,#1200,2024-01,Elegible,Vulnerabilidad Elevada,2.070141643,1.0,2.578385269,1.0,1.776038647,2.823478261,2.580217391,1.043888889,fupal,3,low,jefatura_femenina,no,espanol_uno_mas_adultos,adultos_ninguno_analfabeta,,0,0,17.46888676,32.85812825,3.43704192,49.83177382961031,INCLUSION,26.41,high
1414,#1859,2024-02,No Elegible,Vulnerabilidad Elevada,1.0,1.0,2.578385269,1.0,1.776038647,2.117608696,2.580217391,1.738466184,pcr_cdmx,1,low,,,espanol_ningun_adulto,adultos_ninguno_analfabeta,0.0,0,0,8.975915299,36.78475459,3.29383264,44.86575363177633,EXCLUSION,29.09,high
1415,#112,2023-12,Elegible,Vulnerabilidad Elevada,2.700708215,1.0,3.251728045,1.0,1.776038647,2.117608696,1.790108696,1.0,sotap,5,average,jefatura_femenina,no,espanol_uno_mas_adultos,adultos_ninguno_analfabeta,,0,0,24.2379543,21.88512181,3.33227434,46.19879261236069,INCLUSION,24.71,high
1416,#1223,2024-04,No Elegible,Vulnerabilidad Elevada,1.0,1.0,3.251728045,1.0,1.776038647,2.117608696,1.790108696,1.0,sotap,1,low,,,espanol_uno_mas_adultos,adultos_ninguno_analfabeta,,0,0,11.51832969,21.88512181,2.953663487,33.06983776278628,EXCLUSION,20.84,medium
1417,#1101,2024-03,No Elegible,Vulnerabilidad Baja,2.700708215,1.0,1.249197356,1.0,1.0,1.0,1.0,1.0,sotap,1,low,,,espanol_uno_mas_adultos,adultos_ninguno_analfabeta,0.0,0,0,11.93561888,0.0,2.35527423,12.31971903117728,EXCLUSION,17.51,low
1418,#1223,2023-07,No Elegible,Vulnerabilidad Elevada,2.700708215,1.0,1.0,1.0,1.776038647,2.823478261,1.790108696,1.0,sotap,2,complete,jefatura_femenina,si,espanol_uno_mas_adultos,adultos_ninguno_analfabeta,0.0,0,0,9.472088355,26.18890898,3.012873318,35.123033330466875,EXCLUSION,14.8,high
1419,#1311,2023-12,Elegible,Vulnerabilidad Moderada,2.700708215,1.0,2.578385269,1.0,1.0,1.0,1.790108696,1.0,sotap,1,low,,,espanol_uno_mas_adultos,adultos_ninguno_analfabeta,0.0,0,0,20.97871872,5.614422911,2.78114772,27.08758003442943,INCLUSION,20.93,medium
1420,#555,2024-03,Lista de Reserva,Vulnerabilidad Moderada,1.0,1.0,1.0,1.0,1.776038647,2.823478261,1.790108696,1.0,sotap,1,low,,,espanol_uno_mas_adultos,adultos_ninguno_analfabeta,0.0,0,0,0.0,26.18890898,2.730928248,25.34612370011462,EXCLUSION,24.43,medium
1421,#458,2023-06,No Elegible,Vulnerabilidad Elevada,2.700708215,1.0,1.249197356,1.0,1.776038647,2.117608696,1.790108696,1.043888889,fupal,4,average,jefatura_masculina,si,espanol_uno_mas_adultos,adultos_ninguno_analfabeta,0.0,0,0,11.93561888,22.50821784,2.983474979,34.10359991286824,EXCLUSION,15.39,high
1422,#071,2023-07,No Elegible,Vulnerabilidad Moderada,2.070141643,1.0,1.0,1.0,1.776038647,1.498900966,2.580217391,1.043888889,sotap,1,low,,,espanol_uno_mas_adultos,adultos_ninguno_analfabeta,,0,0,6.702282231,22.80125306,2.835878661,28.985454310751948,EXCLUSION,14.16,medium
1423,#071,2024-03,No Elegible,Vulnerabilidad Baja,1.0,1.0,1.0,1.0,1.776038647,2.117608696,1.790108696,1.0,sotap,1,low,,,espanol_uno_mas_adultos,adultos_ninguno_analfabeta,,0,0,0.0,21.88512181,2.610810239,21.18083670503239,EXCLUSION,24.0,low
1424,#555,2023-11,Lista de Reserva,Vulnerabilidad Moderada,1.0,1.0,1.0,1.0,1.776038647,2.823478261,1.790108696,1.0,sotap,2,average,jefatura_femenina,si,espanol_uno_mas_adultos,adultos_ninguno_analfabeta,,0,0,0.0,26.18890898,2.730928248,25.34612370011462,EXCLUSION,24.26,medium
1425,#1223,2023-10,No Elegible,Vulnerabilidad Baja,2.070141643,1.525552408,1.0,1.0,1.776038647,1.0,1.0,1.0,sotap,1,low,,,espanol_ningun_adulto,adultos_ninguno_analfabeta,,0,0,11.1900528,5.532745347,2.487499832,16.904855958144992,EXCLUSION,23.19,low
1426,#1101,2024-07,No Elegible,Vulnerabilidad Baja,1.0,1.0,3.251728045,1.0,1.776038647,1.0,1.790108696,1.0,sotap,1,low,,,espanol_uno_mas_adultos,adultos_ninguno_analfabeta,-500.0,0,0,11.51832969,12.01413641,2.678165869,23.51651054394368,EXCLUSION,21.64,medium
1427,#112,2023-08,Elegible,Vulnerabilidad Moderada,1.0,1.525552408,1.0,1.0,1.776038647,2.823478261,1.790108696,1.0,sotap,1,low,,,espanol_uno_mas_adultos,adultos_ninguno_analfabeta,0.0,0,0,3.741369748,26.18890898,2.842293421,29.20789446797501,INCLUSION,25.35,medium
1428,#071,2024-02,No Elegible,Vulnerabilidad Baja,2.070141643,1.0,1.0,1.0,1.776038647,1.0,1.790108696,1.043888889,sotap,1,low,,,espanol_uno_mas_adultos,adultos_ninguno_analfabeta,,0,0,6.702282231,12.53066404,2.549228169,19.04538311600457,EXCLUSION,17.39,low
1429,#1223,2023-07,No Elegible,Vulnerabilidad Elevada,2.700708215,1.0,3.251728045,1.0,1.776038647,2.117608696,1.790108696,1.0,sotap,3,average,jefatura_masculina,no,espanol_uno_mas_adultos,adultos_ninguno_analfabeta,0.0,0,0,24.2379543,21.88512181,3.33227434,46.19879261236069,EXCLUSION,20.1,high
1430,#112,2023-07,Lista de Reserva,Vulnerabilidad Baja,2.070141643,1.0,1.0,1.0,1.0,1.0,1.0,1.043888889,sotap,1,low,,,espanol_uno_mas_adultos,adultos_ninguno_analfabeta,,0,0,6.702282231,0.386821499,2.210295472,7.2923415718164915,EXCLUSION,12.47,low
1431,#672,2024-02,No Elegible,Vulnerabilidad Baja,2.700708215,1.0,2.578385269,1.0,1.0,1.0,1.0,1.0,fupal,2,low,jefatura_femenina,no,espanol_uno_mas_adultos,adultos_ninguno_analfabeta,,0,0,20.97871872,0.0,2.624450078,21.65383486712832,EXCLUSION,22.34,medium
1432,#1407,2024-02,No Elegible por Duplicidad,Vulnerabilidad Severa,2.700708215,2.051104816,3.251728045,1.0,1.776038647,2.823478261,2.580217391,1.043888889,foten,1,low,,,espanol_uno_mas_adultos,adultos_ninguno_analfabeta,0.0,0,0,35.61565687,32.85812825,3.977196548,68.56252514852022,EXCLUSION,27.99,high
1433,#555,2024-01,Elegible,Vulnerabilidad Moderada,2.070141643,1.0,1.0,1.0,1.776038647,2.117608696,1.790108696,1.043888889,sotap,4,average,jefatura_femenina,si,espanol_uno_mas_adultos,adultos_ninguno_analfabeta,0.0,0,0,6.702282231,22.50821784,2.827700095,28.70184925716677,INCLUSION,24.99,medium
1434,#252,2024-04,No Elegible por Duplicidad,Vulnerabilidad Elevada,1.599560907,1.0,2.578385269,1.0,1.776038647,2.823478261,1.790108696,1.043888889,sotap,3,low,jefatura_masculina,no,espanol_uno_mas_adultos,adultos_ninguno_analfabeta,0.0,0,0,14.28054816,26.85846924,3.174688687,40.73424732172453,EXCLUSION,22.97,high
1435,#1311,2024-03,Elegible,Vulnerabilidad Baja,1.0,1.0,1.0,1.0,1.0,1.498900966,1.790108696,1.738466184,sotap,1,low,,,espanol_uno_mas_adultos,adultos_uno_mas_analfabeta,,0,0,0.0,16.8262746,2.469618625,16.2847882570974,INCLUSION,20.14,low
1436,#252,2024-06,Lista de Reserva,Vulnerabilidad Baja,1.0,1.0,1.0,1.564135978,1.0,1.498900966,1.790108696,1.0,sotap,1,low,,,espanol_uno_mas_adultos,adultos_ninguno_analfabeta,,0,0,3.975239986,10.02735341,2.398188352,13.807830333902256,EXCLUSION,11.63,low
1437,#527,2024-02,No Elegible,Vulnerabilidad Baja,1.0,1.0,1.0,1.0,1.0,2.117608696,1.790108696,1.0,sotap,3,low,jefatura_masculina,si,espanol_uno_mas_adultos,adultos_ninguno_analfabeta,,0,0,0.0,14.16503897,2.395343965,13.709193850906429,EXCLUSION,19.85,low
1438,#264,2024-06,Lista de Reserva,Vulnerabilidad Elevada,1.0,1.0,2.578385269,1.0,1.776038647,2.823478261,2.580217391,1.0,foten,4,average,jefatura_femenina,si,espanol_uno_mas_adultos,adultos_uno_mas_analfabeta,,0,0,8.975915299,32.12448674,3.163765312,40.35545786145718,EXCLUSION,22.86,high
1439,#112,2023-10,No Elegible,Vulnerabilidad Elevada,2.700708215,1.0,1.249197356,1.0,1.776038647,2.117608696,1.790108696,1.0,sotap,3,average,jefatura_femenina,si,espanol_uno_mas_adultos,adultos_ninguno_analfabeta,0.0,0,0,11.93561888,21.88512181,2.966084469,33.50055573620967,EXCLUSION,18.0,medium
1440,#031,2024-05,No Elegible,Vulnerabilidad Elevada,2.070141643,1.0,2.578385269,1.0,1.776038647,2.117608696,2.580217391,1.043888889,fusal,5,high,jefatura_masculina,no,espanol_uno_mas_adultos,adultos_ninguno_analfabeta,0.0,0,0,17.46888676,28.09152966,3.304006918,45.2185691488351,EXCLUSION,21.79,high
1441,#1725,2023-06,No Elegible,Vulnerabilidad Moderada,1.0,1.0,1.0,1.0,1.776038647,2.823478261,2.580217391,1.0,foten,1,low,,,espanol_uno_mas_adultos,adultos_ninguno_analfabeta,,0,0,0.0,32.12448674,2.896589272,31.09068863222006,EXCLUSION,20.39,medium
1442,#071,2024-02,Lista de Reserva,Vulnerabilidad Moderada,1.0,1.0,1.0,1.0,1.776038647,2.823478261,1.790108696,1.0,sotap,1,low,,,espanol_uno_mas_adultos,adultos_ninguno_analfabeta,,0,0,0.0,26.18890898,2.730928248,25.34612370011462,EXCLUSION,24.01,medium
1443,#1101,2023-07,No Elegible,Vulnerabilidad Elevada,1.0,1.0,1.0,1.0,1.776038647,2.823478261,2.580217391,1.043888889,sotap,1,low,,,espanol_uno_mas_adultos,adultos_ninguno_analfabeta,0.0,0,0,0.0,32.85812825,2.917065088,31.80072082478675,EXCLUSION,16.85,medium
1444,#252,2023-08,No Elegible,Vulnerabilidad Baja,2.700708215,1.0,1.0,1.0,1.0,1.498900966,2.580217391,1.043888889,sotap,1,low,,,espanol_uno_mas_adultos,adultos_ninguno_analfabeta,,0,0,9.472088355,14.95862607,2.699437924,24.254152154793587,EXCLUSION,15.44,medium
1445,#555,2023-08,Lista de Reserva,Vulnerabilidad Moderada,1.0,1.0,1.0,1.0,1.776038647,2.117608696,2.580217391,1.043888889,sotap,1,low,,,espanol_uno_mas_adultos,adultos_ninguno_analfabeta,,0,0,0.0,28.09152966,2.784030087,27.18751614401154,EXCLUSION,21.63,medium
1446,#071,2023-06,No Elegible,Vulnerabilidad Moderada,1.0,1.0,1.0,1.0,1.776038647,2.823478261,2.580217391,1.0,sotap,3,average,jefatura_masculina,no,espanol_uno_mas_adultos,adultos_ninguno_analfabeta,,0,0,0.0,32.12448674,2.896589272,31.09068863222006,EXCLUSION,20.79,medium
1447,#606,2023-09,Lista de Reserva,Vulnerabilidad Elevada,1.0,1.0,2.578385269,1.0,1.776038647,2.823478261,2.580217391,1.0,foten,4,average,jefatura_masculina,no,espanol_uno_mas_adultos,adultos_ninguno_analfabeta,-500.0,0,0,8.975915299,32.12448674,3.163765312,40.35545786145718,EXCLUSION,27.55,high
1448,#1359,2023-12,No Elegible,Vulnerabilidad Elevada,2.070141643,1.0,1.0,1.0,1.776038647,2.823478261,1.790108696,1.043888889,foten,2,average,jefatura_femenina,si,espanol_uno_mas_adultos,adultos_ninguno_analfabeta,,0,0,6.702282231,26.85846924,2.949114914,32.912105216863374,EXCLUSION,24.8,medium
1449,#1101,2023-09,No Elegible,Vulnerabilidad Baja,1.0,1.0,1.0,1.0,1.776038647,1.498900966,1.790108696,1.0,sotap,4,average,jefatura_masculina,no,espanol_ningun_adulto,adultos_ninguno_analfabeta,,0,0,0.0,17.10850297,2.477495573,16.55793423592243,EXCLUSION,19.65,low
1450,#252,2023-12,Elegible,Vulnerabilidad Baja,1.0,1.0,2.578385269,1.0,1.0,1.0,2.580217391,1.043888889,sotap,1,low,,,espanol_uno_mas_adultos,adultos_ninguno_analfabeta,0.0,-500,0,8.975915299,10.07114734,2.548260147,19.01181697668858,INCLUSION,27.94,low
1451,#112,2024-06,No Elegible,Vulnerabilidad Elevada,2.700708215,1.0,2.578385269,1.0,1.776038647,2.823478261,1.790108696,1.043888889,sotap,3,complete,jefatura_femenina,si,espanol_uno_mas_adultos,adultos_ninguno_analfabeta,0.0,0,0,20.97871872,26.85846924,3.374065645,47.64797170851588,EXCLUSION,16.37,high
1452,#1101,2023-10,No Elegible por Intenciones,Vulnerabilidad Baja,1.0,1.0,1.0,1.0,1.776038647,1.0,1.790108696,1.0,sotap,1,low,,,espanol_uno_mas_adultos,adultos_ninguno_analfabeta,0.0,0,0,0.0,12.01413641,2.33531262,11.62750948618979,EXCLUSION,19.95,low
1453,#252,2024-01,No Elegible,Vulnerabilidad Moderada,1.0,1.525552408,1.0,1.0,1.776038647,2.823478261,1.790108696,1.0,sotap,1,low,,,espanol_uno_mas_adultos,adultos_ninguno_analfabeta,,0,0,3.741369748,26.18890898,2.842293421,29.20789446797501,EXCLUSION,27.21,medium
1454,#1101,2023-11,Lista de Reserva,Vulnerabilidad Baja,1.0,1.0,1.0,1.0,1.0,1.0,1.790108696,1.0,sotap,1,low,,,espanol_uno_mas_adultos,adultos_ninguno_analfabeta,-500.0,0,0,0.0,5.614422911,2.156697643,5.433745167301109,EXCLUSION,17.75,low
1455,#1223,2023-06,No Elegible,Vulnerabilidad Moderada,1.0,2.051104816,2.578385269,1.564135978,1.0,1.498900966,1.0,1.0,sotap,1,low,,,espanol_ningun_adulto,adultos_ninguno_analfabeta,0.0,0,0,23.37941737,3.815111519,2.802388142,27.82412781559103,EXCLUSION,23.84,medium
1456,#527,2024-03,Elegible,Vulnerabilidad Baja,1.0,1.0,1.0,1.0,1.776038647,2.117608696,1.0,1.0,sotap,4,average,jefatura_masculina,no,espanol_uno_mas_adultos,adultos_ninguno_analfabeta,0.0,0,0,0.0,14.06650994,2.392594036,13.61383558362086,INCLUSION,24.39,low
1457,#252,2024-05,No Elegible,Vulnerabilidad Baja,1.0,1.0,1.0,1.0,1.776038647,2.117608696,1.790108696,1.0,sotap,1,low,,,espanol_uno_mas_adultos,adultos_ninguno_analfabeta,,0,0,0.0,21.88512181,2.610810239,21.18083670503239,EXCLUSION,19.62,low
1458,#071,2023-06,No Elegible,Vulnerabilidad Severa,2.700708215,1.0,2.578385269,1.0,1.776038647,2.823478261,2.580217391,1.043888889,sotap,3,average,jefatura_femenina,si,espanol_ningun_adulto,adultos_ninguno_analfabeta,,0,0,20.97871872,32.85812825,3.541515166,53.45455569191508,EXCLUSION,15.66,high
1459,#692,2023-06,Lista de Reserva,Vulnerabilidad Baja,1.0,1.0,1.0,1.0,1.0,1.498900966,1.790108696,1.043888889,pcr_cdmx,1,low,,,espanol_ningun_adulto,adultos_ninguno_analfabeta,,0,0,0.0,10.52243148,2.293679375,10.18380911254212,EXCLUSION,16.5,low
1460,#252,2023-07,No Elegible,Vulnerabilidad Elevada,2.700708215,1.0,2.578385269,1.0,1.776038647,2.117608696,1.790108696,1.0,sotap,1,low,,,espanol_uno_mas_adultos,adultos_ninguno_analfabeta,,0,0,20.97871872,21.88512181,3.235260316,42.83467157216072,EXCLUSION,16.46,high
1461,#1725,2023-09,No Elegible,Vulnerabilidad Baja,1.0,1.0,1.0,1.0,1.0,1.498900966,1.0,1.0,foten,1,low,,,espanol_uno_mas_adultos,adultos_ninguno_analfabeta,-500.0,0,0,0.0,3.815111519,2.10647915,3.692337415207061,EXCLUSION,21.66,low
1462,#1583,2024-03,Lista de Reserva,Vulnerabilidad Moderada,1.0,1.0,2.578385269,1.0,1.776038647,2.117608696,1.790108696,1.043888889,foten,1,low,,,espanol_uno_mas_adultos,adultos_ninguno_analfabeta,,0,0,8.975915299,22.50821784,2.89537679,31.04865011092808,EXCLUSION,26.86,medium
1463,#071,2023-12,Lista de Reserva,Vulnerabilidad Baja,1.0,1.0,1.0,1.0,1.776038647,1.0,1.790108696,1.0,sotap,2,low,jefatura_masculina,no,espanol_uno_mas_adultos,adultos_ninguno_analfabeta,,0,0,0.0,12.01413641,2.33531262,11.62750948618979,EXCLUSION,23.15,low
1464,#527,2024-06,No Elegible,Vulnerabilidad Baja,1.0,1.0,1.0,1.0,1.776038647,2.117608696,1.0,1.0,sotap,4,average,jefatura_femenina,si,espanol_uno_mas_adultos,adultos_ninguno_analfabeta,0.0,0,0,0.0,14.06650994,2.392594036,13.61383558362086,EXCLUSION,18.78,low
1465,#1223,2024-06,No Elegible,Vulnerabilidad Baja,1.0,1.0,1.0,1.0,1.776038647,1.0,1.790108696,1.0,sotap,1,low,,,espanol_uno_mas_adultos,adultos_ninguno_analfabeta,0.0,0,0,0.0,12.01413641,2.33531262,11.62750948618979,EXCLUSION,17.2,low
1466,#1841,2023-06,Lista de Reserva,Vulnerabilidad Severa,2.700708215,1.0,2.578385269,1.0,1.776038647,2.823478261,2.580217391,1.0,foten,4,average,jefatura_masculina,no,espanol_uno_mas_adultos,adultos_ninguno_analfabeta,,0,0,20.97871872,32.12448674,3.521039349,52.74452349934838,EXCLUSION,21.97,high
1467,#527,2024-02,No Elegible,Vulnerabilidad Elevada,2.700708215,1.0,3.251728045,1.0,1.776038647,2.823478261,1.790108696,1.0,sotap,1,low,,,espanol_ningun_adulto,adultos_ninguno_analfabeta,,0,0,24.2379543,26.18890898,3.45239235,50.36407960744292,EXCLUSION,28.72,high
1468,#527,2024-01,Lista de Reserva,Vulnerabilidad Moderada,1.0,1.0,1.0,1.0,1.776038647,2.823478261,2.580217391,1.0,sotap,3,low,jefatura_masculina,no,espanol_ningun_adulto,adultos_ninguno_analfabeta,,0,0,0.0,32.12448674,2.896589272,31.09068863222006,EXCLUSION,28.58,medium
1469,#1223,2024-05,Lista de Reserva,Vulnerabilidad Elevada,1.0,1.0,2.578385269,1.0,1.776038647,1.498900966,2.580217391,1.043888889,sotap,1,low,,,espanol_ningun_adulto,adultos_ninguno_analfabeta,0.0,0,0,8.975915299,22.80125306,2.903555356,31.332255164513256,EXCLUSION,20.81,medium
1470,#1407,2023-12,Elegible,Vulnerabilidad Elevada,1.0,1.525552408,2.578385269,1.0,1.776038647,2.823478261,1.790108696,1.0,foten,3,average,jefatura_femenina,si,espanol_uno_mas_adultos,adultos_ninguno_analfabeta,0.0,0,0,13.7168894,26.18890898,3.139223567,39.50443631789602,INCLUSION,35.2,high
1471,#1497,2023-08,Lista de Reserva,Vulnerabilidad Moderada,1.0,1.0,3.251728045,1.0,1.776038647,1.0,2.580217391,1.0,futij,1,low,,,espanol_uno_mas_adultos,adultos_ninguno_analfabeta,0.0,0,0,11.51832969,16.59309681,2.805963919,27.94811541931128,EXCLUSION,26.94,medium
1472,#527,2023-10,Elegible,Vulnerabilidad Moderada,1.0,1.0,1.0,1.0,1.776038647,2.823478261,2.580217391,1.0,sotap,9,average,jefatura_femenina,no,espanol_uno_mas_adultos,adultos_ninguno_analfabeta,,0,0,0.0,32.12448674,2.896589272,31.09068863222006,INCLUSION,21.1,medium
1473,#1101,2024-03,No Elegible,Vulnerabilidad Elevada,2.070141643,1.0,1.0,1.0,1.776038647,2.823478261,1.790108696,1.043888889,sotap,4,average,jefatura_masculina,no,espanol_uno_mas_adultos,adultos_ninguno_analfabeta,,0,-500,6.702282231,26.85846924,2.949114914,32.912105216863374,EXCLUSION,29.35,medium
1474,#252,2023-11,Elegible,Vulnerabilidad Baja,1.0,1.0,1.0,1.0,1.0,1.0,1.0,1.0,sotap,1,low,,,espanol_uno_mas_adultos,adultos_ninguno_analfabeta,-500.0,0,0,0.0,0.0,2.0,0.0,INCLUSION,17.01,low
1475,#440,2023-07,Elegible,Vulnerabilidad Baja,1.599560907,1.0,1.0,1.0,1.0,1.0,1.790108696,1.043888889,pcr_cdmx,1,low,,,espanol_uno_mas_adultos,adultos_ninguno_analfabeta,,0,0,4.186184624,6.061858428,2.293790976,10.187681993313475,INCLUSION,13.09,low
1476,#252,2024-06,No Elegible,Vulnerabilidad Elevada,1.599560907,1.0,1.0,1.564135978,1.776038647,2.823478261,2.580217391,1.043888889,sotap,4,average,jefatura_femenina,si,espanol_uno_mas_adultos,adultos_ninguno_analfabeta,,0,0,8.656761296,32.85812825,3.174741228,40.73606535605333,EXCLUSION,19.17,high
1477,#1771,2024-01,Elegible,Vulnerabilidad Moderada,1.0,1.0,1.0,1.0,1.776038647,2.823478261,1.790108696,1.0,fupal,1,low,,,espanol_uno_mas_adultos,adultos_ninguno_analfabeta,,0,0,0.0,26.18890898,2.730928248,25.34612370011462,INCLUSION,28.14,medium
1478,#112,2024-04,No Elegible por Duplicidad,Vulnerabilidad Baja,1.0,1.0,1.0,1.0,1.776038647,2.117608696,1.790108696,1.0,sotap,1,low,,,espanol_uno_mas_adultos,adultos_ninguno_analfabeta,0.0,0,0,0.0,21.88512181,2.610810239,21.18083670503239,EXCLUSION,17.58,low
1479,#1359,2023-09,Elegible,Vulnerabilidad Severa,2.700708215,1.0,3.251728045,1.0,1.776038647,2.117608696,2.580217391,1.043888889,foten,3,average,jefatura_masculina,no,espanol_uno_mas_adultos,adultos_ninguno_analfabeta,,0,0,24.2379543,28.09152966,3.505494188,52.20547205133984,INCLUSION,24.06,high
1480,#1101,2023-07,No Elegible,Vulnerabilidad Elevada,2.070141643,1.0,1.0,1.0,1.776038647,2.823478261,1.790108696,1.043888889,sotap,2,low,jefatura_masculina,no,espanol_uno_mas_adultos,adultos_ninguno_analfabeta,0.0,0,0,6.702282231,26.85846924,2.949114914,32.912105216863374,EXCLUSION,18.01,medium
1481,#1497,2023-11,No Elegible,Vulnerabilidad Baja,1.0,1.0,1.0,1.0,1.0,1.498900966,1.0,1.0,futij,2,average,jefatura_femenina,si,espanol_uno_mas_adultos,adultos_ninguno_analfabeta,0.0,0,0,0.0,3.815111519,2.10647915,3.692337415207061,EXCLUSION,23.08,low
1482,#606,2024-04,No Elegible,Vulnerabilidad Elevada,2.070141643,1.0,1.0,1.0,1.776038647,1.498900966,2.580217391,2.544987923,foten,2,average,jefatura_masculina,si,espanol_uno_mas_adultos,adultos_uno_mas_analfabeta,,0,0,6.702282231,37.43330939,3.244257006,43.14663643599621,EXCLUSION,18.56,high
1483,#1311,2023-08,No Elegible,Vulnerabilidad Moderada,1.0,1.0,1.0,1.0,1.776038647,2.823478261,1.790108696,1.0,sotap,4,average,jefatura_masculina,no,espanol_uno_mas_adultos,adultos_ninguno_analfabeta,0.0,0,0,0.0,26.18890898,2.730928248,25.34612370011462,EXCLUSION,24.91,medium
1484,#527,2024-01,No Elegible,Vulnerabilidad Elevada,2.700708215,1.0,2.578385269,1.0,1.776038647,2.823478261,1.790108696,1.0,sotap,1,low,,,espanol_uno_mas_adultos,adultos_ninguno_analfabeta,,0,0,20.97871872,26.18890898,3.355378326,46.99995856724294,EXCLUSION,26.43,high
1485,#1765,2024-04,No Elegible,Vulnerabilidad Elevada,1.0,1.0,1.0,1.0,1.776038647,2.823478261,2.580217391,1.043888889,fupal,1,low,,,espanol_uno_mas_adultos,adultos_ninguno_analfabeta,0.0,0,0,0.0,32.85812825,2.917065088,31.80072082478675,EXCLUSION,19.09,medium
1486,#1765,2023-10,Lista de Reserva,Vulnerabilidad Elevada,1.0,1.0,1.0,1.0,1.776038647,2.823478261,2.580217391,1.043888889,fupal,5,high,jefatura_masculina,no,espanol_ningun_adulto,adultos_ninguno_analfabeta,,0,0,0.0,32.85812825,2.917065088,31.80072082478675,EXCLUSION,27.13,medium
1487,#527,2024-01,Lista de Reserva,Vulnerabilidad Elevada,1.0,2.051104816,2.578385269,1.0,1.776038647,2.823478261,1.790108696,1.0,sotap,3,average,jefatura_femenina,si,espanol_uno_mas_adultos,adultos_uno_mas_analfabeta,0.0,0,0,17.3510839,26.18890898,3.247398574,43.25558283110052,EXCLUSION,40.4,high
1488,#1407,2024-06,No Elegible,Vulnerabilidad Moderada,2.700708215,1.0,1.0,1.0,1.776038647,1.0,2.580217391,1.0,foten,1,low,,,espanol_uno_mas_adultos,adultos_ninguno_analfabeta,0.0,0,0,9.472088355,16.59309681,2.74505574,25.83602399190964,EXCLUSION,12.55,medium
1489,#252,2023-12,No Elegible,Vulnerabilidad Severa,2.700708215,1.0,3.251728045,1.0,1.776038647,2.117608696,2.580217391,1.043888889,sotap,6,high,jefatura_femenina,si,espanol_ningun_adulto,adultos_ninguno_analfabeta,-500.0,0,0,24.2379543,28.09152966,3.505494188,52.20547205133984,EXCLUSION,21.65,high
1490,#1841,2024-03,Elegible,Vulnerabilidad Elevada,2.070141643,1.0,1.0,1.0,1.776038647,1.498900966,2.580217391,2.544987923,foten,1,low,,,espanol_uno_mas_adultos,adultos_ninguno_analfabeta,0.0,0,0,6.702282231,37.43330939,3.244257006,43.14663643599621,INCLUSION,20.23,high
1491,#112,2024-02,Elegible,Vulnerabilidad Elevada,1.0,1.525552408,1.0,1.0,1.776038647,2.823478261,2.580217391,1.0,sotap,1,low,,,espanol_uno_mas_adultos,adultos_ninguno_analfabeta,,0,0,3.741369748,32.12448674,3.007954444,34.95245940008045,INCLUSION,22.73,high
1492,#555,2023-09,Elegible,Vulnerabilidad Severa,1.0,2.051104816,2.578385269,1.564135978,1.776038647,2.823478261,2.580217391,1.0,sotap,2,complete,jefatura_femenina,si,espanol_ningun_adulto,adultos_uno_mas_analfabeta,,0,0,23.37941737,32.12448674,3.592498263,55.22247903260403,INCLUSION,32.21,high
1493,#252,2024-05,No Elegible,Vulnerabilidad Elevada,2.070141643,1.0,1.0,1.0,1.776038647,1.0,2.580217391,2.544987923,sotap,4,average,jefatura_masculina,no,espanol_uno_mas_adultos,adultos_uno_mas_analfabeta,,0,0,6.702282231,30.38303782,3.047485057,36.32324965539039,EXCLUSION,17.63,high
1494,#1323,2023-07,No Elegible,Vulnerabilidad Elevada,1.0,1.0,2.578385269,1.0,1.776038647,2.823478261,1.790108696,1.0,fupal,3,average,jefatura_femenina,si,espanol_uno_mas_adultos,adultos_ninguno_analfabeta,,0,0,8.975915299,26.18890898,2.998104289,34.61089292935174,EXCLUSION,21.14,high
1495,#527,2024-03,Elegible,Vulnerabilidad Elevada,1.0,1.0,3.251728045,1.0,1.776038647,2.117608696,2.580217391,1.738466184,sotap,1,low,,,espanol_ningun_adulto,adultos_ninguno_analfabeta,-500.0,0,0,11.51832969,36.78475459,3.369509848,47.4899854602931,INCLUSION,24.51,high
1496,#1841,2024-01,No Elegible,Vulnerabilidad Elevada,2.700708215,1.0,1.249197356,1.0,1.776038647,1.0,1.790108696,2.544987923,foten,2,average,jefatura_femenina,si,espanol_uno_mas_adultos,adultos_ninguno_analfabeta,,0,0,11.93561888,24.59957006,3.041844284,36.12765032707642,EXCLUSION,23.44,high
1497,#1311,2023-10,No Elegible,Vulnerabilidad Elevada,2.700708215,1.0,1.249197356,1.0,1.776038647,2.823478261,1.790108696,1.043888889,sotap,6,average,jefatura_masculina,no,espanol_uno_mas_adultos,adultos_ninguno_analfabeta,,0,0,11.93561888,26.85846924,3.104889798,38.31385587256485,EXCLUSION,24.38,high
1498,#1167,2023-07,No Elegible por Duplicidad,Vulnerabilidad Baja,1.0,1.0,1.0,1.0,1.776038647,2.823478261,1.0,1.0,foten,4,average,jefatura_masculina,no,espanol_uno_mas_adultos,adultos_ninguno_analfabeta,,0,0,0.0,17.78726377,2.496439678,17.21485183461763,EXCLUSION,21.55,low
1499,#071,2024-01,Elegible,Vulnerabilidad Elevada,2.700708215,1.525552408,1.249197356,1.0,1.776038647,2.117608696,1.790108696,1.043888889,sotap,1,low,,,espanol_ningun_adulto,adultos_ninguno_analfabeta,,0,0,17.00620089,22.50821784,3.134405327,39.33735832253205,INCLUSION,23.83,high
1500,#071,2023-11,No Elegible,Vulnerabilidad Elevada,2.070141643,1.0,1.0,1.0,1.776038647,2.823478261,2.580217391,1.043888889,sotap,1,low,,,espanol_uno_mas_adultos,adultos_ninguno_analfabeta,0.0,0,0,6.702282231,32.85812825,3.116564434,38.71868920026256,EXCLUSION,22.54,high
1501,#676,2024-05,Elegible,Vulnerabilidad Baja,1.0,1.0,1.0,1.0,1.776038647,2.117608696,1.0,1.738466184,pcr_cdmx,4,average,jefatura_masculina,no,espanol_ningun_adulto,adultos_ninguno_analfabeta,,0,0,0.0,21.46429064,2.599064908,20.77354830291416,INCLUSION,21.16,low
1502,#1101,2024-06,No Elegible,Vulnerabilidad Baja,1.0,1.0,1.0,1.0,1.776038647,2.117608696,1.790108696,1.0,sotap,1,low,,,espanol_uno_mas_adultos,adultos_ninguno_analfabeta,,0,0,0.0,21.88512181,2.610810239,21.18083670503239,EXCLUSION,16.3,low
1503,#252,2024-06,No Elegible,Vulnerabilidad Moderada,1.0,2.051104816,1.0,2.128271955,1.0,1.0,2.580217391,1.0,sotap,3,average,jefatura_masculina,no,espanol_ningun_adulto,adultos_ninguno_analfabeta,,0,0,14.96519485,9.580889352,2.712853317,24.71935653723113,EXCLUSION,24.44,medium
1504,#527,2024-06,No Elegible,Vulnerabilidad Moderada,1.0,1.0,1.0,1.0,1.776038647,2.823478261,2.580217391,1.0,sotap,5,average,jefatura_femenina,si,espanol_uno_mas_adultos,adultos_ninguno_analfabeta,0.0,0,0,0.0,32.12448674,2.896589272,31.09068863222006,EXCLUSION,15.94,medium
1505,#252,2023-08,No Elegible,Vulnerabilidad Elevada,1.0,2.051104816,2.578385269,1.564135978,1.776038647,2.823478261,1.790108696,1.0,sotap,1,low,,,espanol_uno_mas_adultos,adultos_ninguno_analfabeta,0.0,0,0,23.37941737,26.18890898,3.42683724,49.4779141004986,EXCLUSION,31.25,high
1506,#252,2023-10,Elegible,Vulnerabilidad Elevada,1.0,1.0,2.578385269,1.0,1.776038647,2.823478261,2.580217391,1.738466184,sotap,3,complete,jefatura_femenina,si,espanol_uno_mas_adultos,adultos_ninguno_analfabeta,,-500,0,8.975915299,42.19960637,3.444960285,50.10635006664415,INCLUSION,26.73,high
1507,#527,2024-02,Lista de Reserva,Vulnerabilidad Elevada,1.0,1.0,2.578385269,1.0,1.776038647,2.823478261,2.580217391,1.0,sotap,1,low,,,espanol_ningun_adulto,adultos_ninguno_analfabeta,0.0,0,0,8.975915299,32.12448674,3.163765312,40.35545786145718,EXCLUSION,28.36,high
1508,#1359,2024-03,No Elegible,Vulnerabilidad Elevada,2.070141643,1.0,1.0,1.0,1.776038647,2.823478261,2.580217391,1.043888889,foten,1,low,,,espanol_uno_mas_adultos,adultos_ninguno_analfabeta,0.0,0,0,6.702282231,32.85812825,3.116564434,38.71868920026256,EXCLUSION,23.88,high
1509,#1497,2023-08,No Elegible,Vulnerabilidad Baja,2.070141643,1.0,1.0,1.0,1.0,1.0,1.0,1.0,futij,1,low,,,espanol_uno_mas_adultos,adultos_ninguno_analfabeta,,0,0,6.702282231,0.0,2.199499346,6.917968375475811,EXCLUSION,18.03,low
1510,#527,2024-04,No Elegible por Duplicidad,Vulnerabilidad Baja,1.0,1.0,2.578385269,1.0,1.776038647,1.0,1.790108696,1.043888889,sotap,1,low,,,espanol_uno_mas_adultos,adultos_ninguno_analfabeta,,0,0,8.975915299,12.53066404,2.616904864,21.39218396976588,EXCLUSION,19.2,medium
1511,#1101,2023-12,Lista de Reserva,Vulnerabilidad Elevada,1.599560907,1.0,2.578385269,1.0,1.776038647,1.0,1.790108696,2.544987923,sotap,3,low,jefatura_femenina,no,espanol_uno_mas_adultos,adultos_ninguno_analfabeta,-500.0,0,0,14.28054816,24.59957006,3.111643173,38.5480417762361,EXCLUSION,21.93,high
1512,#513,2023-09,No Elegible por Intenciones,Vulnerabilidad Baja,1.0,1.0,1.0,1.0,1.776038647,1.0,1.790108696,1.0,pcr_cdmx,1,low,,,espanol_uno_mas_adultos,adultos_ninguno_analfabeta,0.0,0,0,0.0,12.01413641,2.33531262,11.62750948618979,EXCLUSION,24.39,low
1513,#937,2024-05,No Elegible,Vulnerabilidad Moderada,1.0,1.0,1.0,1.0,1.776038647,2.823478261,1.790108696,1.0,futij,4,average,jefatura_femenina,si,espanol_uno_mas_adultos,adultos_ninguno_analfabeta,,0,0,0.0,26.18890898,2.730928248,25.34612370011462,EXCLUSION,20.99,medium
1514,#1583,2023-10,No Elegible,Vulnerabilidad Elevada,1.0,1.0,2.578385269,1.0,1.776038647,2.117608696,2.580217391,1.043888889,foten,2,average,jefatura_masculina,no,espanol_uno_mas_adultos,adultos_ninguno_analfabeta,,0,0,8.975915299,28.09152966,3.051206127,36.45228537324866,EXCLUSION,30.18,high
1515,#1223,2023-07,Lista de Reserva,Vulnerabilidad Baja,2.700708215,1.0,1.249197356,1.0,1.776038647,1.498900966,1.0,1.0,sotap,1,low,,,espanol_uno_mas_adultos,adultos_ninguno_analfabeta,500.0,0,0,11.93561888,9.93697889,2.632613717,21.936916003518192,EXCLUSION,16.2,medium
1516,#1323,2023-10,No Elegible,Vulnerabilidad Moderada,1.0,1.0,1.0,1.0,1.776038647,2.823478261,1.790108696,1.0,fupal,1,low,,,espanol_uno_mas_adultos,adultos_ninguno_analfabeta,0.0,0,0,0.0,26.18890898,2.730928248,25.34612370011462,EXCLUSION,27.22,medium
1517,#1859,2024-06,Elegible,Vulnerabilidad Baja,2.070141643,1.0,1.0,1.0,1.0,2.117608696,1.790108696,1.043888889,pcr_cdmx,1,low,,,espanol_ningun_adulto,adultos_ninguno_analfabeta,0.0,0,0,6.702282231,14.70478802,2.60990762,21.14954161220419,INCLUSION,14.53,low
1518,#527,2024-02,No Elegible,Vulnerabilidad Elevada,2.070141643,1.0,1.0,1.0,1.776038647,2.117608696,2.580217391,2.544987923,sotap,2,complete,jefatura_femenina,si,espanol_uno_mas_adultos,adultos_ninguno_analfabeta,,0,0,6.702282231,44.04383881,3.428755821,49.5444324087312,EXCLUSION,16.53,high
1519,#1311,2023-10,No Elegible,Vulnerabilidad Baja,1.0,1.0,1.0,1.0,1.0,1.0,1.790108696,1.0,sotap,2,average,jefatura_femenina,si,espanol_uno_mas_adultos,adultos_ninguno_analfabeta,,0,0,0.0,5.614422911,2.156697643,5.433745167301109,EXCLUSION,19.45,low
1520,#071,2023-10,Elegible,Vulnerabilidad Elevada,1.0,1.0,1.0,1.0,1.776038647,2.823478261,2.580217391,1.043888889,sotap,2,average,jefatura_femenina,si,espanol_uno_mas_adultos,adultos_ninguno_analfabeta,0.0,0,0,0.0,32.85812825,2.917065088,31.80072082478675,INCLUSION,22.85,medium
1521,#112,2023-12,Elegible,Vulnerabilidad Elevada,1.0,2.051104816,1.0,1.0,1.776038647,2.823478261,1.790108696,1.0,sotap,2,average,jefatura_masculina,no,espanol_ningun_adulto,adultos_ninguno_analfabeta,0.0,0,0,6.609317356,26.18890898,2.927660413,32.16813549794806,INCLUSION,28.18,medium
1522,#527,2024-03,No Elegible,Vulnerabilidad Baja,1.0,1.0,1.0,1.0,1.0,1.0,1.790108696,1.0,sotap,1,low,,,espanol_uno_mas_adultos,adultos_ninguno_analfabeta,0.0,0,0,0.0,5.614422911,2.156697643,5.433745167301109,EXCLUSION,19.33,low
1523,#937,2023-11,No Elegible,Vulnerabilidad Elevada,2.070141643,1.0,1.0,1.0,1.776038647,1.498900966,2.580217391,2.544987923,futij,2,average,jefatura_femenina,si,espanol_ningun_adulto,adultos_ninguno_analfabeta,,0,0,6.702282231,37.43330939,3.244257006,43.14663643599621,EXCLUSION,23.93,high
1524,#252,2023-10,Lista de Reserva,Vulnerabilidad Baja,1.0,1.0,1.0,1.0,1.0,1.498900966,1.0,1.0,sotap,3,low,jefatura_masculina,no,espanol_ningun_adulto,adultos_ninguno_analfabeta,,0,0,0.0,3.815111519,2.10647915,3.692337415207061,EXCLUSION,22.81,low
1525,#1101,2023-06,No Elegible,Vulnerabilidad Moderada,1.0,1.0,2.578385269,1.0,1.0,2.823478261,1.790108696,1.0,sotap,1,low,,,espanol_ningun_adulto,adultos_ninguno_analfabeta,,0,0,8.975915299,17.8931401,2.76657071,26.58209018767902,EXCLUSION,24.27,medium
1526,#555,2024-05,Lista de Reserva,Vulnerabilidad Baja,1.0,1.0,1.0,1.0,1.0,2.117608696,2.580217391,1.0,sotap,2,low,jefatura_femenina,no,espanol_ningun_adulto,adultos_ninguno_analfabeta,,0,0,0.0,18.94985465,2.528887403,18.340029377508348,EXCLUSION,18.36,low
1527,#1497,2024-05,Lista de Reserva,Vulnerabilidad Severa,2.070141643,1.0,1.0,1.0,1.776038647,2.823478261,2.580217391,2.544987923,futij,3,average,jefatura_femenina,si,espanol_uno_mas_adultos,adultos_ninguno_analfabeta,,0,0,6.702282231,50.0,3.594991325,55.308918375475805,EXCLUSION,19.14,high
1528,#071,2023-08,No Elegible,Vulnerabilidad Baja,1.0,1.0,1.0,1.0,1.776038647,2.117608696,1.790108696,1.0,sotap,1,low,,,espanol_ningun_adulto,adultos_ninguno_analfabeta,,0,0,0.0,21.88512181,2.610810239,21.18083670503239,EXCLUSION,23.92,low
1529,#1223,2024-04,No Elegible,Vulnerabilidad Baja,1.0,1.0,2.578385269,1.0,1.776038647,1.0,1.790108696,1.0,sotap,1,low,,,espanol_uno_mas_adultos,adultos_ninguno_analfabeta,0.0,0,0,8.975915299,12.01413641,2.602488661,20.89227871542691,EXCLUSION,20.46,low
1530,#527,2024-02,No Elegible,Vulnerabilidad Baja,1.0,1.525552408,1.0,1.564135978,1.776038647,1.498900966,1.0,1.0,sotap,1,low,,,espanol_uno_mas_adultos,adultos_ninguno_analfabeta,0.0,0,0,8.159313021,9.93697889,2.52020864,18.03908484566972,EXCLUSION,20.86,low
1531,#071,2023-07,Lista de Reserva,Vulnerabilidad Baja,1.0,1.0,1.0,1.0,1.776038647,1.498900966,1.0,1.0,sotap,1,low,,,espanol_uno_mas_adultos,adultos_uno_mas_analfabeta,,0,0,0.0,9.93697889,2.277339487,9.61719697234091,EXCLUSION,17.77,low
1532,#132,2023-08,Elegible,Vulnerabilidad Baja,1.0,1.0,1.0,1.0,1.0,1.0,2.580217391,1.0,fomon,2,average,jefatura_femenina,si,espanol_uno_mas_adultos,adultos_ninguno_analfabeta,0.0,0,0,0.0,9.580889352,2.267401085,9.272566751763287,INCLUSION,19.57,low
1533,#112,2023-12,No Elegible por Duplicidad,Vulnerabilidad Baja,1.0,1.525552408,1.0,1.0,1.776038647,1.0,1.0,1.0,sotap,1,low,,,espanol_uno_mas_adultos,adultos_ninguno_analfabeta,,0,0,3.741369748,5.532745347,2.265783208,9.21646683684858,EXCLUSION,23.32,low
1534,#1497,2023-07,Lista de Reserva,Vulnerabilidad Baja,1.0,1.0,1.0,1.0,1.0,1.498900966,1.0,1.0,futij,2,low,jefatura_masculina,no,espanol_ningun_adulto,adultos_ninguno_analfabeta,,0,-500,0.0,3.815111519,2.10647915,3.692337415207061,EXCLUSION,19.89,low
1535,#041,2024-06,No Elegible,Vulnerabilidad Baja,1.0,2.051104816,1.0,1.0,1.0,1.0,1.0,1.0,fusal,2,average,jefatura_femenina,si,espanol_uno_mas_adultos,adultos_ninguno_analfabeta,-500.0,0,0,6.609317356,0.0,2.196732164,6.8220117978334365,EXCLUSION,13.12,low
1536,#1101,2024-04,No Elegible,Vulnerabilidad Moderada,2.700708215,1.0,2.578385269,1.0,1.0,2.117608696,1.0,1.0,sotap,1,low,,,espanol_ningun_adulto,adultos_ninguno_analfabeta,,0,0,20.97871872,7.392265486,2.830767021,28.808209857523355,EXCLUSION,17.43,medium
1537,#1223,2023-11,No Elegible,Vulnerabilidad Moderada,1.0,1.0,1.0,1.0,1.776038647,2.823478261,2.580217391,1.0,sotap,1,low,,,espanol_ningun_adulto,adultos_ninguno_analfabeta,,0,0,0.0,32.12448674,2.896589272,31.09068863222006,EXCLUSION,25.2,medium
1538,#112,2023-10,No Elegible por Intenciones,Vulnerabilidad Moderada,1.0,1.0,1.0,1.0,1.776038647,2.823478261,1.790108696,1.0,sotap,4,average,jefatura_masculina,no,espanol_uno_mas_adultos,adultos_ninguno_analfabeta,0.0,0,0,0.0,26.18890898,2.730928248,25.34612370011462,EXCLUSION,23.9,medium
1539,#252,2023-11,No Elegible,Vulnerabilidad Moderada,1.0,1.0,1.0,1.0,1.776038647,2.823478261,2.580217391,1.0,sotap,1,low,,,espanol_ningun_adulto,adultos_ninguno_analfabeta,0.0,0,0,0.0,32.12448674,2.896589272,31.09068863222006,EXCLUSION,25.86,medium
1540,#1200,2023-09,Elegible,Vulnerabilidad Baja,1.0,1.0,1.0,1.0,1.776038647,2.117608696,1.790108696,1.0,fupal,1,low,,,espanol_uno_mas_adultos,adultos_ninguno_analfabeta,0.0,0,0,0.0,21.88512181,2.610810239,21.18083670503239,INCLUSION,24.03,low
1541,#1223,2023-10,No Elegible,Vulnerabilidad Moderada,1.0,1.0,1.0,1.0,1.776038647,2.117608696,2.580217391,1.043888889,sotap,4,average,jefatura_femenina,si,espanol_uno_mas_adultos,adultos_ninguno_analfabeta,,0,0,0.0,28.09152966,2.784030087,27.18751614401154,EXCLUSION,23.14,medium
1542,#1860,2023-10,No Elegible,Vulnerabilidad Moderada,2.700708215,1.0,1.249197356,1.0,1.776038647,1.498900966,1.790108696,1.0,pcr_cdmx,1,low,,,espanol_uno_mas_adultos,adultos_ninguno_analfabeta,-500.0,0,0,11.93561888,17.10850297,2.832769803,28.87765326709971,EXCLUSION,18.94,medium
1543,#1359,2023-07,No Elegible,Vulnerabilidad Baja,1.0,1.0,2.578385269,1.0,1.0,1.0,1.790108696,1.043888889,foten,1,low,,,espanol_uno_mas_adultos,adultos_ninguno_analfabeta,,0,0,8.975915299,6.061858428,2.436361537,15.13155099116565,EXCLUSION,19.8,low
1544,#1101,2024-02,Elegible,Vulnerabilidad Moderada,1.0,1.0,1.0,1.0,1.776038647,2.823478261,1.790108696,1.0,sotap,1,low,,,espanol_uno_mas_adultos,adultos_ninguno_analfabeta,,0,0,0.0,26.18890898,2.730928248,25.34612370011462,INCLUSION,24.01,medium
1545,#1101,2023-08,Elegible,Vulnerabilidad Moderada,1.0,1.0,1.0,1.0,1.776038647,2.823478261,2.580217391,1.0,sotap,1,low,,,espanol_ningun_adulto,adultos_ninguno_analfabeta,0.0,0,-500,0.0,32.12448674,2.896589272,31.09068863222006,INCLUSION,29.76,medium
1546,#606,2023-06,No Elegible,Vulnerabilidad Moderada,1.0,1.0,1.0,1.0,1.776038647,2.117608696,2.580217391,1.043888889,foten,3,average,jefatura_masculina,no,espanol_uno_mas_adultos,adultos_ninguno_analfabeta,,0,0,0.0,28.09152966,2.784030087,27.18751614401154,EXCLUSION,18.93,medium
1547,#555,2023-09,Elegible,Vulnerabilidad Elevada,2.700708215,1.0,2.578385269,2.128271955,1.776038647,1.0,2.580217391,1.0,sotap,1,low,,,espanol_uno_mas_adultos,adultos_ninguno_analfabeta,,0,0,32.32102758,16.59309681,3.425174581,49.42026493010937,INCLUSION,15.53,high
1548,#1311,2024-05,Lista de Reserva,Vulnerabilidad Baja,1.0,1.0,1.0,1.0,1.776038647,1.498900966,1.790108696,1.0,sotap,2,low,jefatura_masculina,no,espanol_uno_mas_adultos,adultos_ninguno_analfabeta,,-500,0,0.0,17.10850297,2.477495573,16.55793423592243,EXCLUSION,24.53,low
1549,#1771,2024-04,No Elegible,Vulnerabilidad Elevada,1.0,2.051104816,2.578385269,1.0,1.776038647,2.823478261,1.790108696,1.0,fupal,3,average,jefatura_femenina,no,espanol_uno_mas_adultos,adultos_ninguno_analfabeta,-500.0,0,0,17.3510839,26.18890898,3.247398574,43.25558283110052,EXCLUSION,29.23,high
1550,#112,2023-09,Lista de Reserva,Vulnerabilidad Elevada,1.0,2.051104816,2.578385269,1.0,1.776038647,2.117608696,1.790108696,1.0,sotap,4,average,jefatura_femenina,si,espanol_uno_mas_adultos,adultos_ninguno_analfabeta,0.0,0,0,17.3510839,21.88512181,3.127280564,39.090295836018285,EXCLUSION,26.65,high
1551,#606,2024-03,Elegible,Vulnerabilidad Baja,1.0,1.0,1.0,1.0,1.776038647,2.117608696,1.790108696,1.0,foten,1,low,,,espanol_ningun_adulto,adultos_ninguno_analfabeta,,0,0,0.0,21.88512181,2.610810239,21.18083670503239,INCLUSION,25.92,low
1552,#112,2024-05,Lista de Reserva,Vulnerabilidad Elevada,2.070141643,1.0,1.0,1.0,1.776038647,2.823478261,1.790108696,1.0,sotap,4,average,jefatura_masculina,no,espanol_uno_mas_adultos,adultos_ninguno_analfabeta,-500.0,0,0,6.702282231,26.18890898,2.930427594,32.26409207559043,EXCLUSION,17.69,medium
1553,#264,2024-01,No Elegible,Vulnerabilidad Elevada,2.070141643,1.0,1.0,1.0,1.776038647,2.823478261,2.580217391,1.043888889,foten,2,average,jefatura_femenina,si,espanol_uno_mas_adultos,adultos_uno_mas_analfabeta,0.0,0,0,6.702282231,32.85812825,3.116564434,38.71868920026256,EXCLUSION,27.96,high
1554,#252,2024-03,Elegible,Vulnerabilidad Elevada,1.0,1.525552408,3.251728045,1.0,1.776038647,2.117608696,1.790108696,1.0,sotap,2,complete,jefatura_femenina,si,espanol_uno_mas_adultos,adultos_ninguno_analfabeta,0.0,0,0,16.54244021,21.88512181,3.103210571,38.2556291834304,INCLUSION,25.47,high
1555,#1101,2024-01,No Elegible,Vulnerabilidad Baja,2.700708215,1.0,2.578385269,1.0,1.0,1.0,1.0,1.0,sotap,1,low,,,espanol_uno_mas_adultos,adultos_ninguno_analfabeta,0.0,0,0,20.97871872,0.0,2.624450078,21.65383486712832,EXCLUSION,23.52,medium
1556,,2024-05,No Elegible,Vulnerabilidad Baja,1.0,1.0,1.0,1.0,1.0,2.117608696,1.0,1.0,,1,low,,,espanol_uno_mas_adultos,adultos_ninguno_analfabeta,-500.0,0,0,0.0,7.392265486,2.206316944,7.154374990395034,EXCLUSION,19.66,low
1557,#252,2024-01,Lista de Reserva,Vulnerabilidad Baja,1.0,1.0,1.0,1.0,1.776038647,2.117608696,1.0,1.0,sotap,5,average,jefatura_femenina,no,espanol_uno_mas_adultos,adultos_ninguno_analfabeta,0.0,0,-500,0.0,14.06650994,2.392594036,13.61383558362086,EXCLUSION,35.27,low
1558,#645,2023-09,Lista de Reserva,Vulnerabilidad Moderada,1.0,1.0,1.0,1.0,1.776038647,2.823478261,2.580217391,1.0,fupal,1,low,,,espanol_ningun_adulto,adultos_ninguno_analfabeta,,0,0,0.0,32.12448674,2.896589272,31.09068863222006,EXCLUSION,24.28,medium
1559,#1200,2024-01,Elegible,Vulnerabilidad Baja,1.0,1.0,1.0,1.0,1.0,1.498900966,1.0,1.0,fupal,1,low,,,espanol_uno_mas_adultos,adultos_uno_mas_analfabeta,0.0,0,0,0.0,3.815111519,2.10647915,3.692337415207061,INCLUSION,26.75,low
1560,,2023-09,No Elegible,Vulnerabilidad Severa,2.700708215,1.525552408,2.578385269,1.0,1.776038647,2.823478261,1.790108696,1.0,,2,average,jefatura_femenina,si,espanol_uno_mas_adultos,adultos_ninguno_analfabeta,0.0,0,0,27.05638709,26.18890898,3.536285489,53.27321238305791,EXCLUSION,25.41,high
1561,#513,2023-07,Elegible,Vulnerabilidad Baja,1.0,1.0,1.0,1.0,1.776038647,2.823478261,1.0,1.0,pcr_cdmx,1,low,,,espanol_uno_mas_adultos,adultos_ninguno_analfabeta,,0,0,0.0,17.78726377,2.496439678,17.21485183461763,INCLUSION,19.63,low
1562,#071,2024-03,Elegible,Vulnerabilidad Moderada,1.0,1.0,1.0,1.0,1.776038647,2.117608696,2.580217391,1.043888889,sotap,1,low,,,espanol_uno_mas_adultos,adultos_ninguno_analfabeta,,0,0,0.0,28.09152966,2.784030087,27.18751614401154,INCLUSION,21.64,medium
1563,#112,2024-06,Lista de Reserva,Vulnerabilidad Baja,1.0,1.0,2.578385269,1.0,1.0,1.498900966,1.0,1.0,sotap,2,average,jefatura_masculina,si,espanol_uno_mas_adultos,adultos_ninguno_analfabeta,-500.0,0,0,8.975915299,3.815111519,2.373655191,12.95710664444418,EXCLUSION,14.67,low
1564,#527,2024-03,No Elegible,Vulnerabilidad Baja,1.0,1.0,1.0,1.0,1.0,1.498900966,2.580217391,1.0,sotap,3,average,jefatura_femenina,si,espanol_uno_mas_adultos,adultos_ninguno_analfabeta,0.0,0,0,0.0,14.41616583,2.402352876,13.95223919742477,EXCLUSION,21.0,low
1565,#1223,2023-08,Lista de Reserva,Vulnerabilidad Baja,1.0,1.0,1.0,1.0,1.776038647,1.498900966,1.790108696,1.0,sotap,3,average,jefatura_masculina,no,espanol_uno_mas_adultos,adultos_ninguno_analfabeta,,0,0,0.0,17.10850297,2.477495573,16.55793423592243,EXCLUSION,20.97,low
1566,#606,2024-01,Lista de Reserva,Vulnerabilidad Moderada,1.0,1.0,1.0,1.0,1.776038647,2.823478261,2.580217391,1.0,foten,1,low,,,espanol_ningun_adulto,adultos_uno_mas_analfabeta,,0,0,0.0,32.12448674,2.896589272,31.09068863222006,EXCLUSION,32.63,medium
1567,#1101,2024-03,No Elegible,Vulnerabilidad Baja,1.0,1.525552408,1.0,1.0,1.776038647,1.498900966,1.790108696,1.0,sotap,2,average,jefatura_masculina,no,espanol_uno_mas_adultos,adultos_ninguno_analfabeta,0.0,0,0,3.741369748,17.10850297,2.588860746,20.41970500378282,EXCLUSION,22.71,low
1568,#252,2023-08,Elegible,Vulnerabilidad Baja,1.0,1.0,1.0,1.0,1.0,1.0,1.0,1.0,sotap,1,low,,,espanol_uno_mas_adultos,adultos_ninguno_analfabeta,0.0,0,0,0.0,0.0,2.0,0.0,INCLUSION,18.48,low
1569,#071,2023-08,Elegible,Vulnerabilidad Elevada,1.0,1.0,2.578385269,1.0,1.776038647,2.823478261,1.790108696,1.0,sotap,1,low,,,espanol_ningun_adulto,adultos_ninguno_analfabeta,0.0,0,0,8.975915299,26.18890898,2.998104289,34.61089292935174,INCLUSION,28.94,high
1570,#527,2023-09,Elegible,Vulnerabilidad Baja,1.0,1.0,1.0,1.0,1.776038647,1.498900966,1.790108696,1.0,sotap,1,low,,,espanol_uno_mas_adultos,adultos_ninguno_analfabeta,0.0,0,0,0.0,17.10850297,2.477495573,16.55793423592243,INCLUSION,20.72,low
1571,#555,2023-11,Elegible,Vulnerabilidad Baja,1.0,1.0,1.0,1.0,1.0,1.0,1.790108696,1.0,sotap,5,average,jefatura_masculina,no,espanol_uno_mas_adultos,adultos_ninguno_analfabeta,,0,0,0.0,5.614422911,2.156697643,5.433745167301109,INCLUSION,18.91,low
1572,#1200,2024-05,Lista de Reserva,Vulnerabilidad Severa,2.700708215,2.051104816,3.251728045,1.0,1.776038647,2.823478261,2.580217391,1.0,fupal,2,average,jefatura_femenina,si,espanol_ningun_adulto,adultos_uno_mas_analfabeta,,0,0,35.61565687,32.12448674,3.956720731,67.85249295595354,EXCLUSION,27.63,high
1573,#071,2023-10,Elegible,Vulnerabilidad Baja,1.0,1.0,1.249197356,1.0,1.776038647,2.117608696,1.790108696,1.043888889,sotap,1,low,,,espanol_uno_mas_adultos,adultos_ninguno_analfabeta,0.0,0,0,1.921713018,22.50821784,2.685402233,23.76743654632321,INCLUSION,22.12,medium
1574,#133,2024-06,No Elegible,Vulnerabilidad Elevada,2.070141643,2.051104816,1.0,1.0,1.776038647,1.498900966,1.790108696,1.043888889,fupal,1,low,,,espanol_uno_mas_adultos,adultos_ninguno_analfabeta,,0,0,14.63015408,17.68003002,2.92892625,32.21203604237486,EXCLUSION,15.76,medium
1575,#252,2024-01,Lista de Reserva,Vulnerabilidad Baja,1.0,1.525552408,1.0,1.0,1.776038647,1.498900966,1.0,1.0,sotap,4,average,jefatura_femenina,si,espanol_uno_mas_adultos,adultos_ninguno_analfabeta,,-500,0,3.741369748,9.93697889,2.388704659,13.478967740201298,EXCLUSION,30.22,low
1576,#1054,2024-04,No Elegible,Vulnerabilidad Elevada,1.0,2.051104816,2.578385269,1.0,1.776038647,2.823478261,1.790108696,1.0,futij,3,average,jefatura_masculina,no,espanol_ningun_adulto,adultos_ninguno_analfabeta,,0,0,17.3510839,26.18890898,3.247398574,43.25558283110052,EXCLUSION,29.04,high
1577,#1860,2023-08,No Elegible,Vulnerabilidad Baja,2.070141643,1.0,1.0,1.0,1.776038647,1.498900966,1.790108696,1.043888889,pcr_cdmx,1,low,,,espanol_uno_mas_adultos,adultos_ninguno_analfabeta,0.0,0,0,6.702282231,17.68003002,2.692946147,24.029037349402188,EXCLUSION,22.51,medium
1578,#1223,2023-09,Elegible,Vulnerabilidad Elevada,2.070141643,1.0,1.0,1.0,1.776038647,2.117608696,1.790108696,2.544987923,sotap,1,low,,,espanol_uno_mas_adultos,adultos_ninguno_analfabeta,,0,0,6.702282231,37.06714366,3.234037379,42.792254285353344,INCLUSION,16.67,high
1579,#1387,2024-06,No Elegible,Vulnerabilidad Baja,1.0,1.0,1.0,1.0,1.0,1.498900966,1.790108696,1.0,fusal,2,low,jefatura_masculina,no,espanol_uno_mas_adultos,adultos_ninguno_analfabeta,0.0,0,0,0.0,10.02735341,2.279861825,9.70466314991279,EXCLUSION,18.66,low
1580,#112,2023-10,No Elegible,Vulnerabilidad Baja,1.0,1.0,1.0,1.0,1.776038647,2.117608696,1.0,1.0,sotap,2,average,jefatura_femenina,si,espanol_uno_mas_adultos,adultos_ninguno_analfabeta,0.0,0,0,0.0,14.06650994,2.392594036,13.61383558362086,EXCLUSION,27.39,low
1581,#1311,2024-01,Elegible,Vulnerabilidad Baja,2.070141643,1.0,1.0,1.0,1.776038647,1.498900966,1.790108696,1.0,sotap,1,low,,,espanol_uno_mas_adultos,adultos_ninguno_analfabeta,,0,0,6.702282231,17.10850297,2.676994919,23.47590261139824,INCLUSION,22.52,medium
1582,#1725,2023-07,Lista de Reserva,Vulnerabilidad Elevada,2.700708215,1.0,2.578385269,1.0,1.776038647,2.823478261,1.790108696,1.0,foten,3,average,jefatura_femenina,no,espanol_ningun_adulto,adultos_uno_mas_analfabeta,0.0,0,0,20.97871872,26.18890898,3.355378326,46.99995856724294,EXCLUSION,22.43,high
1583,#1223,2023-10,Lista de Reserva,Vulnerabilidad Severa,2.700708215,1.0,3.251728045,1.564135978,1.776038647,2.823478261,1.790108696,1.043888889,sotap,7,high,jefatura_masculina,no,espanol_uno_mas_adultos,adultos_uno_mas_analfabeta,-500.0,0,0,31.08118723,26.85846924,3.674774537,58.07554775763619,EXCLUSION,23.74,high
1584,#133,2024-05,Lista de Reserva,Vulnerabilidad Moderada,1.0,1.0,1.0,1.0,1.776038647,2.823478261,1.790108696,1.043888889,fupal,1,low,,,espanol_uno_mas_adultos,adultos_ninguno_analfabeta,0.0,0,0,0.0,26.85846924,2.749615568,25.99413684138756,EXCLUSION,20.86,medium
1585,#112,2023-07,Lista de Reserva,Vulnerabilidad Baja,1.0,1.0,1.0,1.0,1.0,1.0,1.790108696,1.0,sotap,1,low,,,espanol_ningun_adulto,adultos_uno_mas_analfabeta,,0,0,0.0,5.614422911,2.156697643,5.433745167301109,EXCLUSION,16.41,low
1586,#672,2023-07,No Elegible,Vulnerabilidad Baja,1.0,1.0,1.0,1.0,1.776038647,2.117608696,1.790108696,1.0,fupal,1,low,,,espanol_uno_mas_adultos,adultos_ninguno_analfabeta,,0,0,0.0,21.88512181,2.610810239,21.18083670503239,EXCLUSION,16.76,low
1587,#1102,2023-07,Elegible,Vulnerabilidad Moderada,1.0,1.0,2.578385269,1.0,1.776038647,2.117608696,1.790108696,1.0,pcr_cdmx,2,average,jefatura_masculina,no,espanol_uno_mas_adultos,adultos_ninguno_analfabeta,,0,0,8.975915299,21.88512181,2.877986279,30.44560593426951,INCLUSION,20.07,medium
1588,#252,2023-08,No Elegible por Intenciones,Vulnerabilidad Baja,1.0,1.525552408,1.0,1.0,1.0,1.498900966,1.0,1.0,sotap,1,low,,,espanol_uno_mas_adultos,adultos_ninguno_analfabeta,,0,0,3.741369748,3.815111519,2.217844323,7.554108183067449,EXCLUSION,18.86,low
1589,#1765,2024-04,Lista de Reserva,Vulnerabilidad Moderada,2.700708215,1.0,1.249197356,1.0,1.776038647,1.498900966,1.790108696,1.0,fupal,3,low,jefatura_masculina,no,espanol_uno_mas_adultos,adultos_ninguno_analfabeta,,0,0,11.93561888,17.10850297,2.832769803,28.87765326709971,EXCLUSION,18.79,medium
1590,#555,2024-02,No Elegible,Vulnerabilidad Elevada,1.0,1.0,2.578385269,1.0,1.776038647,2.823478261,1.790108696,1.0,sotap,1,low,,,espanol_uno_mas_adultos,adultos_ninguno_analfabeta,,0,0,8.975915299,26.18890898,2.998104289,34.61089292935174,EXCLUSION,29.41,high
1591,#527,2024-06,No Elegible,Vulnerabilidad Elevada,2.700708215,1.525552408,3.251728045,1.0,1.776038647,2.823478261,1.0,1.0,sotap,1,low,,,espanol_uno_mas_adultos,adultos_ninguno_analfabeta,0.0,0,0,30.67858802,17.78726377,3.409614926,48.88070749568925,EXCLUSION,18.52,high
1592,#1311,2024-02,Lista de Reserva,Vulnerabilidad Baja,1.0,1.0,1.0,1.0,1.0,1.0,1.0,1.0,sotap,1,low,,,espanol_uno_mas_adultos,adultos_ninguno_analfabeta,0.0,0,0,0.0,0.0,2.0,0.0,EXCLUSION,20.85,low
1593,#1311,2024-06,Lista de Reserva,Vulnerabilidad Moderada,1.0,1.0,1.0,1.0,1.776038647,2.823478261,1.790108696,1.0,sotap,1,low,,,espanol_ningun_adulto,adultos_ninguno_analfabeta,,0,-500,0.0,26.18890898,2.730928248,25.34612370011462,EXCLUSION,22.85,medium
1594,#676,2023-11,Elegible,Vulnerabilidad Baja,2.070141643,1.0,1.0,1.0,1.776038647,1.498900966,1.790108696,1.043888889,pcr_cdmx,1,low,,,espanol_ningun_adulto,adultos_ninguno_analfabeta,,0,0,6.702282231,17.68003002,2.692946147,24.029037349402188,INCLUSION,24.33,medium
1595,#555,2024-01,Elegible,Vulnerabilidad Baja,1.0,1.0,2.578385269,1.564135978,1.0,1.0,1.0,1.0,sotap,1,low,,,espanol_uno_mas_adultos,adultos_ninguno_analfabeta,0.0,0,0,14.01324416,0.0,2.41711658,14.46420437031296,INCLUSION,25.76,low
1596,#1200,2023-12,Elegible,Vulnerabilidad Baja,1.0,1.0,1.0,1.0,1.0,2.117608696,1.790108696,1.043888889,fupal,2,average,jefatura_masculina,no,espanol_uno_mas_adultos,adultos_ninguno_analfabeta,,0,0,0.0,14.70478802,2.410408275,14.23157323672838,INCLUSION,23.64,low
1597,#606,2024-06,Lista de Reserva,Vulnerabilidad Elevada,2.070141643,2.051104816,1.0,1.0,1.776038647,2.823478261,1.790108696,1.043888889,foten,2,average,jefatura_masculina,no,espanol_uno_mas_adultos,adultos_uno_mas_analfabeta,,0,0,14.63015408,26.85846924,3.185095016,41.09510390983604,EXCLUSION,23.12,high
1598,#264,2023-07,Lista de Reserva,Vulnerabilidad Elevada,1.0,1.525552408,1.0,1.0,1.776038647,2.823478261,2.580217391,1.0,foten,3,average,jefatura_femenina,si,espanol_uno_mas_adultos,adultos_ninguno_analfabeta,,0,0,3.741369748,32.12448674,3.007954444,34.95245940008045,EXCLUSION,16.62,high
1599,#112,2023-09,Lista de Reserva,Vulnerabilidad Elevada,1.0,2.051104816,2.578385269,1.0,1.776038647,2.823478261,2.580217391,1.043888889,sotap,1,low,,,espanol_uno_mas_adultos,adultos_ninguno_analfabeta,,0,0,17.3510839,32.85812825,3.433535414,49.710179955772645,EXCLUSION,24.11,high
1600,#555,2023-10,Elegible,Vulnerabilidad Baja,1.0,1.0,2.578385269,1.0,1.0,1.498900966,1.790108696,1.043888889,sotap,3,low,jefatura_masculina,no,espanol_uno_mas_adultos,adultos_ninguno_analfabeta,,0,0,8.975915299,10.52243148,2.560855415,19.44857834177924,INCLUSION,24.01,low
1601,#555,2024-06,No Elegible por Duplicidad,Vulnerabilidad Moderada,1.0,1.0,1.0,1.0,1.776038647,2.117608696,2.580217391,1.043888889,sotap,1,low,,,espanol_uno_mas_adultos,adultos_ninguno_analfabeta,0.0,0,0,0.0,28.09152966,2.784030087,27.18751614401154,EXCLUSION,16.4,medium
1602,#555,2023-10,Lista de Reserva,Vulnerabilidad Baja,1.0,1.0,1.0,1.0,1.0,1.498900966,1.0,1.0,sotap,1,low,,,espanol_uno_mas_adultos,adultos_ninguno_analfabeta,0.0,0,0,0.0,3.815111519,2.10647915,3.692337415207061,EXCLUSION,22.13,low
1603,#672,2023-11,Elegible,Vulnerabilidad Baja,1.0,1.0,2.578385269,1.0,1.0,2.117608696,1.790108696,1.0,fupal,4,average,jefatura_masculina,no,espanol_uno_mas_adultos,adultos_ninguno_analfabeta,,0,0,8.975915299,14.16503897,2.662520006,22.973963080143548,INCLUSION,23.64,medium
1604,#527,2023-09,Lista de Reserva,Vulnerabilidad Severa,2.700708215,1.0,3.251728045,1.0,1.776038647,2.117608696,2.580217391,1.043888889,sotap,3,complete,jefatura_femenina,si,espanol_uno_mas_adultos,adultos_ninguno_analfabeta,,0,0,24.2379543,28.09152966,3.505494188,52.20547205133984,EXCLUSION,24.41,high
1605,#555,2024-05,No Elegible,Vulnerabilidad Elevada,1.0,1.525552408,2.578385269,1.0,1.776038647,2.823478261,2.580217391,1.043888889,sotap,3,low,jefatura_masculina,no,espanol_uno_mas_adultos,adultos_uno_mas_analfabeta,,0,0,13.7168894,32.85812825,3.325360407,45.95903344256815,EXCLUSION,27.39,high
1606,#112,2024-02,Lista de Reserva,Vulnerabilidad Elevada,2.070141643,1.0,1.0,1.0,1.776038647,2.117608696,2.580217391,1.043888889,sotap,2,complete,jefatura_femenina,si,espanol_uno_mas_adultos,adultos_ninguno_analfabeta,,0,0,6.702282231,28.09152966,2.983529432,34.10548451948735,EXCLUSION,18.38,high
1607,#1415,2023-11,Elegible,Vulnerabilidad Baja,1.0,1.0,2.578385269,1.0,1.776038647,1.0,1.790108696,1.043888889,fomon,2,low,jefatura_masculina,no,espanol_uno_mas_adultos,adultos_ninguno_analfabeta,0.0,0,0,8.975915299,12.53066404,2.616904864,21.39218396976588,INCLUSION,26.05,medium
1608,#676,2023-10,No Elegible,Vulnerabilidad Baja,1.0,1.0,1.0,1.0,1.776038647,2.117608696,1.790108696,1.0,pcr_cdmx,4,average,jefatura_masculina,no,espanol_uno_mas_adultos,adultos_ninguno_analfabeta,-500.0,0,0,0.0,21.88512181,2.610810239,21.18083670503239,EXCLUSION,24.38,low
1609,#527,2023-08,No Elegible,Vulnerabilidad Elevada,1.0,1.525552408,2.578385269,1.0,1.776038647,2.823478261,2.580217391,1.0,sotap,1,low,,,espanol_uno_mas_adultos,adultos_ninguno_analfabeta,,0,0,13.7168894,32.12448674,3.304884591,45.24900125000146,EXCLUSION,24.71,high
1610,#1323,2024-06,No Elegible,Vulnerabilidad Moderada,1.0,1.0,1.0,1.0,1.776038647,2.117608696,2.580217391,1.043888889,fupal,1,low,,,espanol_ningun_adulto,adultos_ninguno_analfabeta,,0,0,0.0,28.09152966,2.784030087,27.18751614401154,EXCLUSION,18.62,medium
1611,#252,2023-06,No Elegible,Vulnerabilidad Elevada,1.0,1.0,2.578385269,1.0,1.776038647,2.117608696,2.580217391,1.043888889,sotap,2,complete,jefatura_femenina,si,espanol_uno_mas_adultos,adultos_ninguno_analfabeta,,0,0,8.975915299,28.09152966,3.051206127,36.45228537324866,EXCLUSION,19.56,high
1612,#555,2023-11,No Elegible por Duplicidad,Vulnerabilidad Severa,2.700708215,1.0,2.578385269,1.0,1.776038647,2.823478261,2.580217391,1.043888889,sotap,3,average,jefatura_femenina,si,espanol_uno_mas_adultos,adultos_uno_mas_analfabeta,,0,0,20.97871872,32.85812825,3.541515166,53.45455569191508,EXCLUSION,30.68,high
1613,#1725,2024-02,Elegible,Vulnerabilidad Moderada,1.0,1.525552408,2.578385269,1.0,1.776038647,1.0,1.790108696,1.0,foten,1,low,,,espanol_uno_mas_adultos,adultos_ninguno_analfabeta,,0,0,13.7168894,12.01413641,2.743607939,25.785822103971192,INCLUSION,26.58,medium
1614,#071,2023-07,Lista de Reserva,Vulnerabilidad Baja,1.0,1.0,2.578385269,1.0,1.0,1.0,1.790108696,1.0,sotap,1,low,,,espanol_uno_mas_adultos,adultos_ninguno_analfabeta,,0,0,8.975915299,5.614422911,2.423873683,14.69851439653823,EXCLUSION,14.36,low
1615,#071,2023-10,Elegible,Vulnerabilidad Severa,2.700708215,2.051104816,3.251728045,1.0,1.776038647,2.823478261,2.580217391,1.043888889,sotap,1,low,,,espanol_uno_mas_adultos,adultos_uno_mas_analfabeta,,0,-500,35.61565687,32.85812825,3.977196548,68.56252514852022,INCLUSION,28.89,high
1616,#252,2024-04,No Elegible,Vulnerabilidad Baja,1.0,1.0,1.0,1.0,1.0,1.498900966,2.580217391,1.0,sotap,3,average,jefatura_masculina,no,espanol_uno_mas_adultos,adultos_ninguno_analfabeta,,0,0,0.0,14.41616583,2.402352876,13.95223919742477,EXCLUSION,15.49,low
1617,#1311,2024-06,No Elegible por Intenciones,Vulnerabilidad Elevada,2.070141643,1.0,2.578385269,1.0,1.776038647,2.823478261,2.580217391,1.043888889,sotap,3,complete,jefatura_femenina,si,espanol_uno_mas_adultos,adultos_ninguno_analfabeta,-500.0,0,0,17.46888676,32.85812825,3.43704192,49.83177382961031,EXCLUSION,14.38,high
1618,#1311,2024-05,No Elegible,Vulnerabilidad Baja,1.0,1.0,1.0,1.0,1.776038647,2.117608696,1.790108696,1.0,sotap,4,average,jefatura_femenina,si,espanol_uno_mas_adultos,adultos_ninguno_analfabeta,,0,0,0.0,21.88512181,2.610810239,21.18083670503239,EXCLUSION,18.85,low
1619,#133,2024-02,Elegible,Vulnerabilidad Moderada,1.0,1.0,1.0,1.0,1.776038647,2.823478261,1.790108696,1.0,fupal,1,low,,,espanol_uno_mas_adultos,adultos_ninguno_analfabeta,,0,0,0.0,26.18890898,2.730928248,25.34612370011462,INCLUSION,26.71,medium
1620,#606,2023-07,No Elegible,Vulnerabilidad Elevada,2.700708215,1.0,2.578385269,1.0,1.776038647,1.0,1.790108696,1.0,foten,4,average,jefatura_femenina,no,espanol_uno_mas_adultos,adultos_ninguno_analfabeta,,0,0,20.97871872,12.01413641,2.959762698,33.28134435331811,EXCLUSION,17.76,medium
1621,#1223,2023-10,Elegible,Vulnerabilidad Elevada,1.0,1.0,2.578385269,1.0,1.776038647,2.823478261,2.580217391,1.043888889,sotap,1,low,,,espanol_uno_mas_adultos,adultos_ninguno_analfabeta,,0,0,8.975915299,32.85812825,3.184241129,41.06549005402387,INCLUSION,24.09,high
1622,#1805,2024-05,No Elegible,Vulnerabilidad Baja,1.0,1.0,1.0,1.0,1.0,1.498900966,1.790108696,1.0,fomon,2,low,jefatura_femenina,no,espanol_uno_mas_adultos,adultos_ninguno_analfabeta,-500.0,0,0,0.0,10.02735341,2.279861825,9.70466314991279,EXCLUSION,16.25,low
1623,#071,2023-09,Elegible,Vulnerabilidad Baja,1.0,1.0,1.0,1.0,1.776038647,2.117608696,1.790108696,1.0,sotap,2,low,jefatura_masculina,no,espanol_uno_mas_adultos,adultos_ninguno_analfabeta,0.0,0,0,0.0,21.88512181,2.610810239,21.18083670503239,INCLUSION,19.39,low
1624,#252,2024-01,No Elegible,Vulnerabilidad Severa,1.0,1.525552408,2.578385269,1.0,1.776038647,2.823478261,2.580217391,2.544987923,sotap,3,complete,jefatura_femenina,si,espanol_uno_mas_adultos,adultos_ninguno_analfabeta,,0,0,13.7168894,50.0,3.803787298,62.5492626177814,EXCLUSION,29.93,high
1625,#071,2023-11,No Elegible por Duplicidad,Vulnerabilidad Elevada,2.700708215,1.525552408,2.578385269,1.0,1.776038647,1.498900966,1.790108696,1.043888889,sotap,1,low,,,espanol_uno_mas_adultos,adultos_ninguno_analfabeta,,0,0,27.05638709,17.68003002,3.298804042,45.03815765686967,EXCLUSION,23.3,high
1626,#870,2023-11,Elegible,Vulnerabilidad Baja,1.0,1.0,1.0,1.0,1.776038647,1.498900966,2.580217391,1.043888889,fomon,4,average,jefatura_masculina,no,espanol_uno_mas_adultos,adultos_ninguno_analfabeta,0.0,-500,0,0.0,22.80125306,2.636379315,22.06748593527614,INCLUSION,26.7,medium
1627,#1101,2024-06,No Elegible,Vulnerabilidad Elevada,2.070141643,1.0,2.578385269,1.0,1.776038647,2.823478261,2.580217391,1.043888889,sotap,4,average,jefatura_femenina,si,espanol_uno_mas_adultos,adultos_ninguno_analfabeta,-500.0,0,0,17.46888676,32.85812825,3.43704192,49.83177382961031,EXCLUSION,18.34,high
1628,#1311,2023-07,Lista de Reserva,Vulnerabilidad Severa,2.070141643,1.0,1.0,1.0,1.776038647,2.823478261,2.580217391,2.544987923,sotap,1,low,,,espanol_ningun_adulto,adultos_uno_mas_analfabeta,,0,0,6.702282231,50.0,3.594991325,55.308918375475805,EXCLUSION,19.79,high
1629,#1101,2024-05,No Elegible,Vulnerabilidad Moderada,1.0,1.0,1.0,1.0,1.776038647,2.823478261,1.790108696,1.0,sotap,1,low,,,espanol_uno_mas_adultos,adultos_ninguno_analfabeta,,0,0,0.0,26.18890898,2.730928248,25.34612370011462,EXCLUSION,18.58,medium
1630,#606,2024-05,No Elegible,Vulnerabilidad Moderada,1.0,1.0,1.0,1.0,1.776038647,2.823478261,1.790108696,1.0,foten,2,low,jefatura_masculina,no,espanol_uno_mas_adultos,adultos_ninguno_analfabeta,-500.0,0,0,0.0,26.18890898,2.730928248,25.34612370011462,EXCLUSION,20.1,medium
1631,#1359,2023-10,No Elegible,Vulnerabilidad Elevada,1.0,1.0,3.251728045,1.0,1.776038647,2.823478261,2.580217391,1.0,foten,2,average,jefatura_femenina,si,espanol_uno_mas_adultos,adultos_ninguno_analfabeta,0.0,0,0,11.51832969,32.12448674,3.23944252,42.97968968997395,EXCLUSION,29.26,high
1632,#1101,2023-10,Elegible,Vulnerabilidad Elevada,1.0,1.0,3.251728045,1.0,1.776038647,2.823478261,1.790108696,1.0,sotap,1,low,,,espanol_uno_mas_adultos,adultos_ninguno_analfabeta,0.0,0,0,11.51832969,26.18890898,3.073781497,37.23512475786851,INCLUSION,30.33,high
1633,#1311,2023-11,Elegible,Vulnerabilidad Elevada,1.0,1.0,2.578385269,1.0,1.776038647,2.823478261,2.580217391,1.0,sotap,3,low,jefatura_masculina,no,espanol_uno_mas_adultos,adultos_ninguno_analfabeta,,0,0,8.975915299,32.12448674,3.163765312,40.35545786145718,INCLUSION,27.34,high
1634,#1311,2024-01,No Elegible,Vulnerabilidad Elevada,1.0,1.0,2.578385269,1.0,1.776038647,2.823478261,2.580217391,1.043888889,sotap,4,average,jefatura_masculina,no,espanol_uno_mas_adultos,adultos_ninguno_analfabeta,0.0,0,0,8.975915299,32.85812825,3.184241129,41.06549005402387,EXCLUSION,33.24,high
1635,#527,2023-12,No Elegible,Vulnerabilidad Elevada,1.0,2.051104816,1.0,1.0,1.776038647,2.823478261,2.580217391,1.0,sotap,1,low,,,espanol_uno_mas_adultos,adultos_uno_mas_analfabeta,,0,0,6.609317356,32.12448674,3.093321436,37.9127004300535,EXCLUSION,32.26,high
1636,#1223,2024-03,No Elegible,Vulnerabilidad Moderada,2.070141643,1.0,1.249197356,1.0,1.776038647,2.117608696,1.790108696,1.043888889,sotap,1,low,,,espanol_uno_mas_adultos,adultos_ninguno_analfabeta,0.0,0,0,9.00737574,22.50821784,2.896313237,31.0811229803799,EXCLUSION,21.84,medium
1637,#1311,2024-05,No Elegible,Vulnerabilidad Moderada,2.700708215,1.0,1.0,1.0,1.776038647,1.0,2.580217391,1.0,sotap,4,average,jefatura_masculina,no,espanol_ningun_adulto,adultos_ninguno_analfabeta,,0,0,9.472088355,16.59309681,2.74505574,25.83602399190964,EXCLUSION,16.96,medium
1638,#645,2023-11,No Elegible,Vulnerabilidad Baja,1.0,1.0,1.0,1.0,1.776038647,2.117608696,1.0,1.043888889,fupal,2,average,jefatura_femenina,si,espanol_uno_mas_adultos,adultos_ninguno_analfabeta,0.0,0,0,0.0,14.60519526,2.407628657,14.13518547133794,EXCLUSION,24.1,low
1639,#071,2023-08,No Elegible,Vulnerabilidad Elevada,1.0,2.051104816,1.0,1.0,1.776038647,2.823478261,1.790108696,1.0,sotap,1,low,,,espanol_ningun_adulto,adultos_ninguno_analfabeta,,0,0,6.609317356,26.18890898,2.927660413,32.16813549794806,EXCLUSION,23.31,medium
1640,#071,2024-03,No Elegible,Vulnerabilidad Elevada,1.0,1.0,2.578385269,1.0,1.776038647,2.117608696,2.580217391,1.043888889,sotap,1,low,,,espanol_uno_mas_adultos,adultos_ninguno_analfabeta,500.0,0,0,8.975915299,28.09152966,3.051206127,36.45228537324866,EXCLUSION,24.9,high
1641,#112,2024-03,Elegible,Vulnerabilidad Baja,2.700708215,1.0,1.249197356,1.0,1.776038647,1.498900966,1.0,1.0,sotap,1,low,,,espanol_uno_mas_adultos,adultos_ninguno_analfabeta,,0,0,11.93561888,9.93697889,2.632613717,21.936916003518192,INCLUSION,19.82,medium
1642,#1859,2023-08,Elegible,Vulnerabilidad Baja,1.0,1.525552408,2.578385269,1.0,1.0,1.0,1.790108696,1.0,pcr_cdmx,4,average,jefatura_masculina,no,espanol_uno_mas_adultos,adultos_ninguno_analfabeta,0.0,0,0,13.7168894,5.614422911,2.564992962,19.59205778508251,INCLUSION,23.21,low
1643,#1311,2023-08,Lista de Reserva,Vulnerabilidad Elevada,2.700708215,1.0,2.578385269,1.0,1.776038647,2.823478261,1.790108696,1.0,sotap,2,average,jefatura_femenina,si,espanol_uno_mas_adultos,adultos_uno_mas_analfabeta,,0,0,20.97871872,26.18890898,3.355378326,46.99995856724294,EXCLUSION,28.87,high
1644,#252,2024-05,No Elegible,Vulnerabilidad Moderada,1.0,1.0,2.578385269,1.0,1.0,2.117608696,2.580217391,1.043888889,sotap,1,low,,,espanol_ningun_adulto,adultos_ninguno_analfabeta,0.0,0,-500,8.975915299,19.54126117,2.812569505,28.177173073525346,EXCLUSION,24.62,medium
1645,#1311,2024-06,Elegible,Vulnerabilidad Elevada,1.0,1.0,2.578385269,1.0,1.776038647,2.823478261,1.790108696,1.0,sotap,3,average,jefatura_femenina,si,espanol_uno_mas_adultos,adultos_ninguno_analfabeta,0.0,0,0,8.975915299,26.18890898,2.998104289,34.61089292935174,INCLUSION,21.58,high
1646,#1359,2024-01,No Elegible,Vulnerabilidad Baja,1.0,1.0,1.0,1.0,1.776038647,1.498900966,1.790108696,1.0,foten,1,low,,,espanol_ningun_adulto,adultos_ninguno_analfabeta,,0,0,0.0,17.10850297,2.477495573,16.55793423592243,EXCLUSION,28.67,low
1647,#1725,2024-02,No Elegible,Vulnerabilidad Moderada,1.0,1.0,2.578385269,1.0,1.776038647,2.117608696,1.790108696,1.0,foten,1,low,,,espanol_uno_mas_adultos,adultos_ninguno_analfabeta,,0,0,8.975915299,21.88512181,2.877986279,30.44560593426951,EXCLUSION,27.05,medium
1648,#1476,2024-06,Lista de Reserva,Vulnerabilidad Baja,1.0,1.0,1.0,1.0,1.0,2.117608696,1.790108696,1.0,pcr_cdmx,1,low,,,espanol_ningun_adulto,adultos_ninguno_analfabeta,,0,0,0.0,14.16503897,2.395343965,13.709193850906429,EXCLUSION,17.02,low
1649,#1677,2024-04,Elegible,Vulnerabilidad Elevada,1.0,2.051104816,2.578385269,1.0,1.776038647,2.823478261,1.790108696,1.043888889,futij,1,low,,,espanol_uno_mas_adultos,adultos_ninguno_analfabeta,,0,0,17.3510839,26.85846924,3.266085893,43.90359597237346,INCLUSION,21.0,high
1650,#1677,2024-05,Lista de Reserva,Vulnerabilidad Baja,1.0,1.0,1.0,1.0,1.776038647,1.498900966,1.790108696,1.0,futij,2,average,jefatura_femenina,si,espanol_uno_mas_adultos,adultos_ninguno_analfabeta,0.0,0,0,0.0,17.10850297,2.477495573,16.55793423592243,EXCLUSION,19.52,low
1651,#112,2024-02,No Elegible,Vulnerabilidad Baja,2.700708215,1.0,1.0,1.0,1.0,1.0,1.790108696,1.0,sotap,1,low,,,espanol_ningun_adulto,adultos_uno_mas_analfabeta,,0,0,9.472088355,5.614422911,2.438642712,15.210654797653364,EXCLUSION,20.38,low
1652,#1583,2024-05,Elegible,Vulnerabilidad Baja,1.0,1.0,1.0,1.0,1.0,2.117608696,1.0,1.0,foten,3,average,jefatura_femenina,si,espanol_uno_mas_adultos,adultos_ninguno_analfabeta,,0,0,0.0,7.392265486,2.206316944,7.154374990395034,INCLUSION,19.99,low
1653,#1860,2023-11,Lista de Reserva,Vulnerabilidad Baja,1.0,1.0,1.0,1.564135978,1.0,1.0,1.0,1.0,pcr_cdmx,1,low,,,espanol_uno_mas_adultos,adultos_ninguno_analfabeta,,0,0,3.975239986,0.0,2.118326527,4.103167183989466,EXCLUSION,18.9,low
1654,#555,2023-10,Lista de Reserva,Vulnerabilidad Elevada,2.070141643,1.0,1.0,1.0,1.776038647,2.823478261,2.580217391,1.043888889,sotap,2,average,jefatura_femenina,si,espanol_uno_mas_adultos,adultos_ninguno_analfabeta,,0,0,6.702282231,32.85812825,3.116564434,38.71868920026256,EXCLUSION,18.7,high
1655,#112,2023-08,No Elegible,Vulnerabilidad Moderada,1.0,1.525552408,1.0,1.0,1.776038647,2.117608696,1.790108696,1.0,sotap,1,low,,,espanol_uno_mas_adultos,adultos_ninguno_analfabeta,0.0,0,0,3.741369748,21.88512181,2.722175411,25.04260747289278,EXCLUSION,25.03,medium
1656,#1311,2024-01,Lista de Reserva,Vulnerabilidad Baja,1.0,1.525552408,1.0,1.0,1.0,2.117608696,1.0,1.0,sotap,3,average,jefatura_masculina,si,espanol_uno_mas_adultos,adultos_ninguno_analfabeta,0.0,0,0,3.741369748,7.392265486,2.317682116,11.016145758255425,EXCLUSION,22.5,low
1657,#1223,2024-03,No Elegible,Vulnerabilidad Baja,1.0,1.0,1.0,1.0,1.776038647,1.498900966,1.790108696,1.0,sotap,2,low,jefatura_masculina,no,espanol_ningun_adulto,adultos_ninguno_analfabeta,,0,0,0.0,17.10850297,2.477495573,16.55793423592243,EXCLUSION,22.06,low
1658,#527,2024-03,No Elegible,Vulnerabilidad Moderada,1.0,2.051104816,2.578385269,1.0,1.776038647,1.0,1.790108696,1.0,sotap,1,low,,,espanol_ningun_adulto,adultos_uno_mas_analfabeta,,0,0,17.3510839,12.01413641,2.851782945,29.536968617175688,EXCLUSION,34.07,medium
1659,#1841,2024-02,Lista de Reserva,Vulnerabilidad Baja,1.0,1.0,1.0,1.0,1.776038647,1.0,1.790108696,1.0,foten,1,low,,,espanol_uno_mas_adultos,adultos_ninguno_analfabeta,0.0,0,0,0.0,12.01413641,2.33531262,11.62750948618979,EXCLUSION,24.22,low
1660,#527,2023-06,No Elegible,Vulnerabilidad Baja,1.0,1.0,1.0,1.0,1.776038647,1.0,1.790108696,1.0,sotap,3,low,jefatura_femenina,no,espanol_uno_mas_adultos,adultos_ninguno_analfabeta,0.0,0,0,0.0,12.01413641,2.33531262,11.62750948618979,EXCLUSION,18.89,low
1661,#1311,2024-06,No Elegible,Vulnerabilidad Baja,1.0,1.0,1.0,1.0,1.776038647,1.0,1.790108696,1.0,sotap,1,low,,,espanol_uno_mas_adultos,adultos_ninguno_analfabeta,,0,0,0.0,12.01413641,2.33531262,11.62750948618979,EXCLUSION,15.03,low
1662,#1311,2023-06,Lista de Reserva,Vulnerabilidad Baja,1.0,1.0,1.0,1.0,1.776038647,2.117608696,1.0,1.0,sotap,1,low,,,espanol_ningun_adulto,adultos_ninguno_analfabeta,0.0,0,0,0.0,14.06650994,2.392594036,13.61383558362086,EXCLUSION,22.0,low
1663,#1725,2023-09,No Elegible,Vulnerabilidad Elevada,1.0,1.0,3.251728045,1.0,1.776038647,2.823478261,2.580217391,1.0,foten,3,average,jefatura_masculina,no,espanol_ningun_adulto,adultos_ninguno_analfabeta,,0,0,11.51832969,32.12448674,3.23944252,42.97968968997395,EXCLUSION,31.57,high
1664,#555,2024-05,No Elegible,Vulnerabilidad Moderada,1.0,1.0,1.0,1.0,1.776038647,2.823478261,1.790108696,1.043888889,sotap,4,average,jefatura_femenina,no,espanol_uno_mas_adultos,adultos_ninguno_analfabeta,0.0,0,0,0.0,26.85846924,2.749615568,25.99413684138756,EXCLUSION,20.62,medium
1665,#071,2024-04,Lista de Reserva,Vulnerabilidad Moderada,1.0,1.0,1.0,1.0,1.776038647,2.823478261,2.580217391,1.0,sotap,3,average,jefatura_masculina,no,espanol_uno_mas_adultos,adultos_ninguno_analfabeta,0.0,0,-500,0.0,32.12448674,2.896589272,31.09068863222006,EXCLUSION,20.41,medium
1666,#555,2024-02,No Elegible,Vulnerabilidad Elevada,2.700708215,1.0,3.251728045,1.0,1.776038647,2.117608696,2.580217391,1.0,sotap,4,average,jefatura_masculina,no,espanol_uno_mas_adultos,adultos_ninguno_analfabeta,,0,0,24.2379543,27.40879931,3.486439293,51.54471264673319,EXCLUSION,26.99,high
1667,#555,2024-05,Lista de Reserva,Vulnerabilidad Moderada,1.0,1.0,2.578385269,1.0,1.0,2.823478261,1.790108696,1.043888889,sotap,3,average,jefatura_masculina,no,espanol_uno_mas_adultos,adultos_ninguno_analfabeta,0.0,0,0,8.975915299,18.47313819,2.782758364,27.143423359144727,EXCLUSION,18.84,medium
1668,#1805,2024-03,Lista de Reserva,Vulnerabilidad Baja,1.0,1.0,2.578385269,1.0,1.776038647,1.0,1.790108696,1.043888889,fomon,3,low,jefatura_masculina,no,espanol_uno_mas_adultos,adultos_ninguno_analfabeta,,0,0,8.975915299,12.53066404,2.616904864,21.39218396976588,EXCLUSION,28.24,medium
1669,#1102,2023-09,No Elegible,Vulnerabilidad Baja,1.0,1.0,1.0,1.0,1.0,1.498900966,1.790108696,1.0,pcr_cdmx,1,low,,,espanol_ningun_adulto,adultos_uno_mas_analfabeta,,0,0,0.0,10.02735341,2.279861825,9.70466314991279,EXCLUSION,24.91,low
1670,#1311,2024-04,No Elegible,Vulnerabilidad Elevada,1.0,1.0,2.578385269,1.0,1.776038647,2.823478261,1.790108696,1.0,sotap,2,low,jefatura_masculina,no,espanol_uno_mas_adultos,adultos_ninguno_analfabeta,0.0,0,0,8.975915299,26.18890898,2.998104289,34.61089292935174,EXCLUSION,23.21,high
1671,#527,2024-03,Lista de Reserva,Vulnerabilidad Moderada,2.700708215,1.0,1.0,1.0,1.776038647,2.117608696,1.790108696,1.0,sotap,2,low,jefatura_masculina,no,espanol_uno_mas_adultos,adultos_ninguno_analfabeta,0.0,0,0,9.472088355,21.88512181,2.892755308,30.95774633538465,EXCLUSION,17.78,medium
1672,#264,2024-01,Elegible por Proceso Acelerado,Vulnerabilidad Elevada,2.700708215,1.0,1.249197356,1.0,1.776038647,2.117608696,1.790108696,1.0,foten,3,average,jefatura_femenina,si,espanol_uno_mas_adultos,adultos_ninguno_analfabeta,0.0,0,0,11.93561888,21.88512181,2.966084469,33.50055573620967,INCLUSION,25.75,medium
1673,#1311,2024-02,No Elegible,Vulnerabilidad Baja,1.0,1.0,1.249197356,1.0,1.0,1.498900966,1.790108696,1.0,sotap,1,low,,,espanol_uno_mas_adultos,adultos_ninguno_analfabeta,,0,0,1.921713018,10.02735341,2.337063309,11.688218814545047,EXCLUSION,18.03,low
1674,#112,2023-07,No Elegible,Vulnerabilidad Baja,2.070141643,1.0,1.0,1.0,1.0,1.0,1.790108696,1.043888889,sotap,1,low,,,espanol_uno_mas_adultos,adultos_ninguno_analfabeta,0.0,0,0,6.702282231,6.061858428,2.368684842,12.78475013740434,EXCLUSION,11.96,low
1675,#252,2024-02,No Elegible,Vulnerabilidad Elevada,2.070141643,1.0,1.0,1.0,1.776038647,2.823478261,2.580217391,1.043888889,sotap,1,low,,,espanol_uno_mas_adultos,adultos_ninguno_analfabeta,0.0,0,0,6.702282231,32.85812825,3.116564434,38.71868920026256,EXCLUSION,20.28,high
1676,#1223,2023-07,Lista de Reserva,Vulnerabilidad Elevada,1.0,1.525552408,2.578385269,1.0,1.776038647,2.823478261,1.790108696,1.0,sotap,1,low,,,espanol_uno_mas_adultos,adultos_uno_mas_analfabeta,,0,0,13.7168894,26.18890898,3.139223567,39.50443631789602,EXCLUSION,28.16,high
1677,#1223,2023-06,Lista de Reserva,Vulnerabilidad Moderada,1.599560907,1.0,1.0,1.0,1.776038647,2.823478261,1.790108696,1.043888889,sotap,1,low,,,espanol_ningun_adulto,adultos_ninguno_analfabeta,,0,0,4.186184624,26.85846924,2.874221048,30.315037072772505,EXCLUSION,18.67,medium
1678,#264,2024-02,Elegible,Vulnerabilidad Baja,1.0,1.0,1.0,1.0,1.0,1.0,1.790108696,1.043888889,foten,1,low,,,espanol_uno_mas_adultos,adultos_ninguno_analfabeta,0.0,0,0,0.0,6.061858428,2.169185496,5.866781761928531,INCLUSION,22.26,low
1679,#071,2024-02,No Elegible,Vulnerabilidad Baja,1.0,1.0,2.578385269,1.0,1.0,1.0,1.0,1.0,sotap,1,low,,,espanol_ningun_adulto,adultos_ninguno_analfabeta,,0,0,8.975915299,0.0,2.267176041,9.26476922923712,EXCLUSION,23.66,low
1680,#527,2023-07,No Elegible,Vulnerabilidad Elevada,2.070141643,1.0,3.251728045,1.0,1.776038647,1.0,2.580217391,2.544987923,sotap,4,average,jefatura_masculina,no,espanol_ningun_adulto,adultos_ninguno_analfabeta,0.0,-500,0,20.51851115,30.38303782,3.458737305,50.58409863723273,EXCLUSION,21.7,high
1681,#112,2023-09,No Elegible,Vulnerabilidad Elevada,1.0,1.0,2.578385269,1.0,1.776038647,2.117608696,2.580217391,1.0,sotap,3,average,jefatura_masculina,si,espanol_uno_mas_adultos,adultos_ninguno_analfabeta,0.0,-500,0,8.975915299,27.40879931,3.032151233,35.791525968642006,EXCLUSION,30.92,high
1682,#1359,2023-11,No Elegible,Vulnerabilidad Elevada,1.0,1.0,2.578385269,1.0,1.776038647,2.823478261,1.790108696,1.043888889,foten,1,low,,,espanol_uno_mas_adultos,adultos_uno_mas_analfabeta,,0,0,8.975915299,26.85846924,3.016791609,35.25890607062468,EXCLUSION,37.5,high
1683,#071,2024-02,No Elegible por Intenciones,Vulnerabilidad Severa,2.700708215,2.051104816,3.251728045,1.0,1.776038647,2.823478261,1.790108696,1.0,sotap,2,low,jefatura_masculina,no,espanol_uno_mas_adultos,adultos_ninguno_analfabeta,,0,0,35.61565687,26.18890898,3.791059708,62.10792802384809,EXCLUSION,27.56,high
1684,#133,2024-02,No Elegible,Vulnerabilidad Baja,1.0,1.0,1.0,1.0,1.776038647,2.117608696,1.790108696,1.0,fupal,1,low,,,espanol_uno_mas_adultos,adultos_ninguno_analfabeta,,0,0,0.0,21.88512181,2.610810239,21.18083670503239,EXCLUSION,25.24,low
1685,#555,2023-08,No Elegible,Vulnerabilidad Elevada,1.0,1.525552408,2.578385269,1.0,1.776038647,2.823478261,1.790108696,1.0,sotap,1,low,,,espanol_uno_mas_adultos,adultos_ninguno_analfabeta,0.0,0,0,13.7168894,26.18890898,3.139223567,39.50443631789602,EXCLUSION,27.85,high
1686,#527,2024-06,No Elegible,Vulnerabilidad Elevada,2.070141643,1.0,1.0,1.0,1.776038647,1.0,2.580217391,2.544987923,sotap,2,low,jefatura_masculina,no,espanol_uno_mas_adultos,adultos_ninguno_analfabeta,0.0,0,-500,6.702282231,30.38303782,3.047485057,36.32324965539039,EXCLUSION,19.3,high
1687,#555,2023-12,Lista de Reserva,Vulnerabilidad Baja,1.0,1.525552408,1.0,1.0,1.0,1.498900966,1.0,1.0,sotap,4,average,jefatura_femenina,si,espanol_uno_mas_adultos,adultos_ninguno_analfabeta,0.0,0,0,3.741369748,3.815111519,2.217844323,7.554108183067449,EXCLUSION,20.86,low
1688,#1101,2023-07,Lista de Reserva,Vulnerabilidad Elevada,2.070141643,1.0,1.0,1.0,1.776038647,1.498900966,2.580217391,2.544987923,sotap,1,low,,,espanol_uno_mas_adultos,adultos_ninguno_analfabeta,,0,0,6.702282231,37.43330939,3.244257006,43.14663643599621,EXCLUSION,11.43,high
1689,#1223,2023-11,No Elegible,Vulnerabilidad Moderada,2.070141643,1.0,1.249197356,1.564135978,1.0,1.498900966,1.790108696,1.043888889,sotap,6,average,jefatura_masculina,no,espanol_uno_mas_adultos,adultos_ninguno_analfabeta,,0,0,14.04842721,10.52243148,2.711843209,24.684328758587128,EXCLUSION,23.28,medium
1690,#071,2023-09,Elegible,Vulnerabilidad Elevada,2.070141643,1.0,1.0,1.0,1.776038647,2.117608696,2.580217391,2.544987923,sotap,1,low,,,espanol_uno_mas_adultos,adultos_ninguno_analfabeta,,0,0,6.702282231,44.04383881,3.428755821,49.5444324087312,INCLUSION,16.74,high
1691,#1223,2023-10,No Elegible,Vulnerabilidad Elevada,2.700708215,1.0,3.251728045,1.0,1.776038647,1.498900966,1.790108696,1.0,sotap,2,complete,jefatura_femenina,si,espanol_uno_mas_adultos,adultos_ninguno_analfabeta,,0,0,24.2379543,17.10850297,3.198959675,41.57589014325073,EXCLUSION,24.34,high
1692,#133,2024-05,No Elegible,Vulnerabilidad Baja,1.0,1.0,1.0,1.0,1.0,1.498900966,1.0,1.0,fupal,2,average,jefatura_femenina,si,espanol_uno_mas_adultos,adultos_ninguno_analfabeta,,0,0,0.0,3.815111519,2.10647915,3.692337415207061,EXCLUSION,14.69,low
1693,#112,2024-03,Elegible,Vulnerabilidad Baja,1.0,1.0,1.0,1.0,1.0,2.117608696,1.790108696,1.0,sotap,2,average,jefatura_femenina,si,espanol_uno_mas_adultos,adultos_ninguno_analfabeta,0.0,0,0,0.0,14.16503897,2.395343965,13.709193850906429,INCLUSION,22.12,low
1694,#1311,2024-03,Elegible,Vulnerabilidad Elevada,1.0,2.051104816,2.578385269,1.0,1.776038647,2.823478261,2.580217391,1.043888889,sotap,4,average,jefatura_masculina,no,espanol_uno_mas_adultos,adultos_ninguno_analfabeta,-500.0,0,0,17.3510839,32.85812825,3.433535414,49.710179955772645,INCLUSION,24.57,high
1695,#264,2023-08,Lista de Reserva,Vulnerabilidad Elevada,2.700708215,1.0,2.578385269,1.0,1.776038647,2.117608696,2.580217391,1.0,foten,2,average,jefatura_femenina,si,espanol_uno_mas_adultos,adultos_ninguno_analfabeta,0.0,0,0,20.97871872,27.40879931,3.389425269,48.18059160653321,EXCLUSION,23.16,high
1696,#676,2024-02,No Elegible,Vulnerabilidad Baja,2.700708215,1.0,1.0,1.0,1.0,1.0,1.0,1.0,pcr_cdmx,4,low,jefatura_masculina,no,espanol_uno_mas_adultos,adultos_ninguno_analfabeta,0.0,0,0,9.472088355,0.0,2.28194507,9.776909630352256,EXCLUSION,18.76,low
1697,#1223,2024-01,Elegible,Vulnerabilidad Baja,1.0,1.0,1.0,1.0,1.776038647,1.0,1.790108696,1.0,sotap,3,average,jefatura_masculina,no,espanol_uno_mas_adultos,adultos_ninguno_analfabeta,,0,0,0.0,12.01413641,2.33531262,11.62750948618979,INCLUSION,25.68,low
1698,#252,2023-09,Elegible,Vulnerabilidad Elevada,1.0,1.0,1.0,1.564135978,1.776038647,1.498900966,2.580217391,1.738466184,sotap,2,low,jefatura_masculina,no,espanol_ningun_adulto,adultos_uno_mas_analfabeta,0.0,0,0,3.975239986,30.77500505,2.977251981,33.887801796475415,INCLUSION,21.25,medium
1699,#112,2023-08,Elegible,Vulnerabilidad Moderada,1.0,1.0,1.249197356,1.0,1.776038647,2.823478261,1.790108696,1.043888889,sotap,1,low,,,espanol_uno_mas_adultos,adultos_ninguno_analfabeta,0.0,0,0,1.921713018,26.85846924,2.806817052,27.97769250601982,INCLUSION,25.51,medium
1700,#645,2024-04,No Elegible,Vulnerabilidad Moderada,2.700708215,2.051104816,2.578385269,1.0,1.0,1.0,1.0,1.0,fupal,1,low,,,espanol_uno_mas_adultos,adultos_ninguno_analfabeta,0.0,0,0,31.71522481,0.0,2.944031657,32.73585245961061,EXCLUSION,15.64,medium
1701,#1311,2024-01,Elegible,Vulnerabilidad Moderada,1.0,1.0,1.0,1.0,1.776038647,2.823478261,1.790108696,1.0,sotap,1,low,,,espanol_ningun_adulto,adultos_ninguno_analfabeta,,0,0,0.0,26.18890898,2.730928248,25.34612370011462,INCLUSION,27.59,medium
1702,#1223,2023-07,No Elegible,Vulnerabilidad Elevada,1.0,1.0,1.249197356,1.564135978,1.776038647,2.823478261,1.790108696,1.043888889,sotap,1,low,,,espanol_uno_mas_adultos,adultos_ninguno_analfabeta,-500.0,0,0,6.124342631,26.85846924,2.931912031,32.31556694259577,EXCLUSION,16.73,medium
1703,#252,2024-05,Elegible,Vulnerabilidad Baja,1.0,1.0,2.578385269,1.0,1.776038647,1.0,1.790108696,1.0,sotap,1,low,,,espanol_uno_mas_adultos,adultos_ninguno_analfabeta,0.0,0,0,8.975915299,12.01413641,2.602488661,20.89227871542691,INCLUSION,19.83,low
1704,#1311,2024-01,Lista de Reserva,Vulnerabilidad Baja,1.0,1.525552408,1.0,1.564135978,1.0,2.117608696,1.0,1.0,sotap,4,low,jefatura_masculina,no,espanol_uno_mas_adultos,adultos_ninguno_analfabeta,0.0,0,0,8.159313021,7.392265486,2.449186097,15.576262863723835,EXCLUSION,23.62,low
1705,#527,2023-09,No Elegible,Vulnerabilidad Baja,1.0,1.0,1.0,1.0,1.0,2.823478261,1.790108696,1.0,sotap,1,low,,,espanol_uno_mas_adultos,adultos_ninguno_analfabeta,,0,0,0.0,17.8931401,2.49939467,17.3173209584419,EXCLUSION,21.5,low
1706,#112,2024-05,No Elegible,Vulnerabilidad Moderada,1.0,1.525552408,1.0,1.0,1.776038647,2.823478261,1.790108696,1.0,sotap,6,average,jefatura_masculina,no,espanol_ningun_adulto,adultos_ninguno_analfabeta,,0,0,3.741369748,26.18890898,2.842293421,29.20789446797501,EXCLUSION,20.22,medium
1707,#112,2023-07,No Elegible,Vulnerabilidad Baja,1.0,1.0,1.0,1.0,1.0,1.498900966,1.0,1.0,sotap,4,average,jefatura_masculina,no,espanol_uno_mas_adultos,adultos_ninguno_analfabeta,,0,0,0.0,3.815111519,2.10647915,3.692337415207061,EXCLUSION,14.5,low
1708,#1102,2024-05,No Elegible,Vulnerabilidad Baja,1.0,1.0,1.0,1.0,1.776038647,1.0,1.790108696,1.0,pcr_cdmx,1,low,,,espanol_uno_mas_adultos,adultos_ninguno_analfabeta,0.0,0,0,0.0,12.01413641,2.33531262,11.62750948618979,EXCLUSION,20.74,low
1709,#1583,2023-10,Elegible,Vulnerabilidad Elevada,2.700708215,1.0,2.578385269,1.0,1.776038647,2.117608696,1.790108696,1.0,foten,5,high,jefatura_masculina,no,espanol_uno_mas_adultos,adultos_ninguno_analfabeta,,0,0,20.97871872,21.88512181,3.235260316,42.83467157216072,INCLUSION,24.5,high
1710,#112,2023-07,No Elegible,Vulnerabilidad Baja,1.0,1.0,1.0,1.564135978,1.0,1.0,2.580217391,1.0,sotap,1,low,,,espanol_ningun_adulto,adultos_ninguno_analfabeta,,0,0,3.975239986,9.580889352,2.385727611,13.375733935752754,EXCLUSION,16.4,low
1711,#1492,2023-12,No Elegible,Vulnerabilidad Baja,1.0,1.0,2.578385269,1.0,1.0,1.498900966,1.790108696,1.0,fusal,1,low,,,espanol_uno_mas_adultos,adultos_ninguno_analfabeta,,0,0,8.975915299,10.02735341,2.547037866,18.969432379149907,EXCLUSION,28.68,low
1712,#252,2023-07,Lista de Reserva,Vulnerabilidad Baja,1.0,1.0,2.578385269,1.0,1.776038647,2.117608696,1.0,1.0,sotap,1,low,,,espanol_ningun_adulto,adultos_ninguno_analfabeta,,0,0,8.975915299,14.06650994,2.659770077,22.87860481285798,EXCLUSION,21.16,medium
1713,#1101,2024-06,No Elegible,Vulnerabilidad Baja,1.0,1.0,1.0,1.0,1.0,2.117608696,1.790108696,1.0,sotap,1,low,,,espanol_uno_mas_adultos,adultos_ninguno_analfabeta,500.0,0,0,0.0,14.16503897,2.395343965,13.709193850906429,EXCLUSION,16.22,low
1714,#1101,2024-05,No Elegible,Vulnerabilidad Elevada,2.070141643,1.0,1.0,1.0,1.776038647,2.117608696,2.580217391,1.043888889,sotap,5,low,jefatura_masculina,no,espanol_uno_mas_adultos,adultos_ninguno_analfabeta,0.0,0,0,6.702282231,28.09152966,2.983529432,34.10548451948735,EXCLUSION,14.58,high
1715,#1101,2024-04,No Elegible,Vulnerabilidad Baja,1.0,1.0,1.0,1.0,1.776038647,2.117608696,1.790108696,1.043888889,sotap,1,low,,,espanol_uno_mas_adultos,adultos_ninguno_analfabeta,0.0,0,0,0.0,22.50821784,2.628200749,21.78388088169096,EXCLUSION,19.35,medium
1716,#264,2024-04,No Elegible,Vulnerabilidad Elevada,2.700708215,1.0,1.249197356,1.0,1.776038647,2.823478261,1.790108696,1.043888889,foten,4,average,jefatura_femenina,no,espanol_uno_mas_adultos,adultos_ninguno_analfabeta,,0,0,11.93561888,26.85846924,3.104889798,38.31385587256485,EXCLUSION,21.47,high
1717,#071,2023-08,Elegible,Vulnerabilidad Baja,1.0,1.0,1.0,1.0,1.0,2.117608696,1.790108696,1.0,sotap,1,low,,,espanol_uno_mas_adultos,adultos_ninguno_analfabeta,0.0,0,0,0.0,14.16503897,2.395343965,13.709193850906429,INCLUSION,18.23,low
1718,#555,2024-01,No Elegible,Vulnerabilidad Baja,1.0,1.0,1.0,1.0,1.776038647,1.0,1.790108696,1.0,sotap,2,low,jefatura_masculina,no,espanol_uno_mas_adultos,adultos_ninguno_analfabeta,0.0,0,0,0.0,12.01413641,2.33531262,11.62750948618979,EXCLUSION,25.38,low
1719,#132,2023-08,No Elegible por Intenciones,Vulnerabilidad Baja,1.0,1.0,2.578385269,1.0,1.0,1.498900966,1.790108696,1.043888889,fomon,1,low,,,espanol_uno_mas_adultos,adultos_ninguno_analfabeta,,0,0,8.975915299,10.52243148,2.560855415,19.44857834177924,EXCLUSION,25.57,low
1720,#527,2023-06,No Elegible,Vulnerabilidad Baja,1.0,1.0,1.0,1.0,1.776038647,1.0,1.790108696,1.0,sotap,1,low,,,espanol_uno_mas_adultos,adultos_ninguno_analfabeta,0.0,0,0,0.0,12.01413641,2.33531262,11.62750948618979,EXCLUSION,15.91,low
1721,#1311,2024-05,Lista de Reserva,Vulnerabilidad Baja,1.0,1.0,1.0,1.0,1.776038647,1.0,2.580217391,1.0,sotap,1,low,,,espanol_uno_mas_adultos,adultos_ninguno_analfabeta,,0,0,0.0,16.59309681,2.46311067,16.059114361557388,EXCLUSION,15.57,low
1722,#071,2024-04,Elegible,Vulnerabilidad Baja,1.0,1.0,1.0,1.0,1.0,1.498900966,1.790108696,1.0,sotap,1,low,,,espanol_uno_mas_adultos,adultos_ninguno_analfabeta,0.0,-500,0,0.0,10.02735341,2.279861825,9.70466314991279,INCLUSION,20.67,low
1723,#672,2024-06,No Elegible,Vulnerabilidad Moderada,1.0,1.525552408,1.0,1.0,1.776038647,2.117608696,2.580217391,1.0,fupal,1,low,,,espanol_uno_mas_adultos,adultos_ninguno_analfabeta,,0,0,3.741369748,27.40879931,2.876340364,30.38852750726528,EXCLUSION,18.05,medium
1724,#1223,2024-05,No Elegible,Vulnerabilidad Baja,1.0,1.0,1.0,1.0,1.776038647,1.498900966,1.790108696,1.0,sotap,1,low,,,espanol_uno_mas_adultos,adultos_ninguno_analfabeta,0.0,-500,0,0.0,17.10850297,2.477495573,16.55793423592243,EXCLUSION,23.5,low
1725,#1311,2024-05,No Elegible,Vulnerabilidad Moderada,1.0,1.525552408,1.249197356,1.0,1.776038647,2.117608696,1.790108696,1.043888889,sotap,1,low,,,espanol_uno_mas_adultos,adultos_ninguno_analfabeta,,0,0,5.877094669,22.50821784,2.803137659,27.85010633423405,EXCLUSION,17.89,medium
1726,#1583,2024-01,Lista de Reserva,Vulnerabilidad Elevada,1.0,1.0,3.251728045,1.0,1.776038647,2.823478261,2.580217391,1.0,foten,3,average,jefatura_masculina,no,espanol_uno_mas_adultos,adultos_ninguno_analfabeta,0.0,0,0,11.51832969,32.12448674,3.23944252,42.97968968997395,EXCLUSION,36.2,high
1727,#555,2023-12,Elegible,Vulnerabilidad Elevada,2.070141643,1.0,1.0,1.0,1.776038647,2.117608696,2.580217391,1.043888889,sotap,2,complete,jefatura_femenina,si,espanol_uno_mas_adultos,adultos_ninguno_analfabeta,,0,0,6.702282231,28.09152966,2.983529432,34.10548451948735,INCLUSION,20.48,high
1728,#1101,2024-03,Lista de Reserva,Vulnerabilidad Elevada,1.0,1.0,2.578385269,1.0,1.776038647,2.823478261,1.790108696,1.043888889,sotap,3,average,jefatura_masculina,no,espanol_uno_mas_adultos,adultos_ninguno_analfabeta,0.0,0,0,8.975915299,26.85846924,3.016791609,35.25890607062468,EXCLUSION,29.65,high
1729,#238,2023-06,No Elegible,Vulnerabilidad Baja,1.0,1.525552408,1.0,1.0,1.0,1.0,1.790108696,1.0,futij,4,average,jefatura_masculina,no,espanol_uno_mas_adultos,adultos_ninguno_analfabeta,0.0,0,0,3.741369748,5.614422911,2.268062815,9.295515935161497,EXCLUSION,17.35,low
1730,#555,2023-08,No Elegible,Vulnerabilidad Moderada,1.0,1.525552408,1.0,1.0,1.776038647,2.117608696,2.580217391,1.043888889,sotap,1,low,,,espanol_uno_mas_adultos,adultos_ninguno_analfabeta,,0,0,3.741369748,28.09152966,2.895395259,31.049286911871928,EXCLUSION,22.05,medium
1731,#133,2023-08,No Elegible,Vulnerabilidad Baja,1.0,1.0,2.578385269,1.0,1.0,1.0,1.790108696,1.0,fupal,1,low,,,espanol_uno_mas_adultos,adultos_ninguno_analfabeta,0.0,0,0,8.975915299,5.614422911,2.423873683,14.69851439653823,EXCLUSION,21.61,low
1732,#071,2023-07,Lista de Reserva,Vulnerabilidad Baja,1.0,1.0,1.0,1.0,1.776038647,1.498900966,1.790108696,1.0,sotap,4,average,jefatura_femenina,no,espanol_uno_mas_adultos,adultos_ninguno_analfabeta,,0,0,0.0,17.10850297,2.477495573,16.55793423592243,EXCLUSION,15.88,low
1733,#111,2024-02,Elegible por Proceso Acelerado,Vulnerabilidad Baja,1.0,1.0,1.0,1.0,1.776038647,2.117608696,1.790108696,1.0,fomon,1,low,,,espanol_uno_mas_adultos,adultos_ninguno_analfabeta,,0,0,0.0,21.88512181,2.610810239,21.18083670503239,INCLUSION,25.69,low
1734,#1223,2023-08,Lista de Reserva,Vulnerabilidad Moderada,1.0,1.0,1.0,1.0,1.776038647,2.117608696,2.580217391,1.043888889,sotap,3,low,jefatura_masculina,no,espanol_uno_mas_adultos,adultos_ninguno_analfabeta,,0,0,0.0,28.09152966,2.784030087,27.18751614401154,EXCLUSION,21.39,medium
1735,#1167,2024-05,Lista de Reserva,Vulnerabilidad Baja,1.0,1.0,1.0,1.0,1.776038647,2.117608696,1.790108696,1.0,foten,1,low,,,espanol_ningun_adulto,adultos_uno_mas_analfabeta,,0,0,0.0,21.88512181,2.610810239,21.18083670503239,EXCLUSION,23.52,low
1736,#112,2023-12,Elegible,Vulnerabilidad Elevada,2.070141643,1.0,3.251728045,1.0,1.776038647,2.117608696,2.580217391,1.043888889,sotap,6,average,jefatura_masculina,no,espanol_uno_mas_adultos,adultos_ninguno_analfabeta,,0,0,20.51851115,28.09152966,3.39478168,48.36633350132969,INCLUSION,28.94,high
1737,#527,2024-05,Lista de Reserva,Vulnerabilidad Baja,1.0,1.0,1.0,1.0,1.776038647,1.0,1.790108696,1.0,sotap,1,low,,,espanol_uno_mas_adultos,adultos_ninguno_analfabeta,,0,0,0.0,12.01413641,2.33531262,11.62750948618979,EXCLUSION,15.77,low
1738,#1101,2023-07,No Elegible,Vulnerabilidad Moderada,1.0,1.0,1.0,1.0,1.776038647,2.117608696,2.580217391,1.0,sotap,2,low,jefatura_masculina,no,espanol_uno_mas_adultos,adultos_ninguno_analfabeta,-500.0,0,0,0.0,27.40879931,2.764975192,26.526756739404888,EXCLUSION,17.37,medium
1739,#1101,2023-08,Elegible,Vulnerabilidad Baja,1.0,1.0,1.0,1.0,1.0,2.117608696,1.790108696,1.0,sotap,1,low,,,espanol_uno_mas_adultos,adultos_ninguno_analfabeta,,0,0,0.0,14.16503897,2.395343965,13.709193850906429,INCLUSION,19.2,low
1740,#1102,2024-02,Elegible,Vulnerabilidad Baja,1.0,1.0,2.578385269,1.0,1.0,1.498900966,1.0,1.0,pcr_cdmx,1,low,,,espanol_uno_mas_adultos,adultos_ninguno_analfabeta,,0,0,8.975915299,3.815111519,2.373655191,12.95710664444418,INCLUSION,24.92,low
1741,#1859,2024-01,Elegible,Vulnerabilidad Moderada,1.0,1.525552408,2.578385269,1.0,1.776038647,1.0,1.790108696,1.0,pcr_cdmx,2,average,jefatura_femenina,no,espanol_ningun_adulto,adultos_ninguno_analfabeta,,0,0,13.7168894,12.01413641,2.743607939,25.785822103971192,INCLUSION,31.92,medium
1742,#112,2023-06,No Elegible,Vulnerabilidad Elevada,1.0,2.051104816,1.0,1.0,1.776038647,2.823478261,1.790108696,1.0,sotap,1,low,,,espanol_ningun_adulto,adultos_uno_mas_analfabeta,,0,0,6.609317356,26.18890898,2.927660413,32.16813549794806,EXCLUSION,23.71,medium
1743,#264,2024-07,Lista de Reserva,Vulnerabilidad Baja,1.0,1.0,1.0,1.0,1.0,1.0,1.790108696,1.0,foten,1,low,,,espanol_uno_mas_adultos,adultos_ninguno_analfabeta,,0,0,0.0,5.614422911,2.156697643,5.433745167301109,EXCLUSION,19.45,low
1744,#1311,2023-11,No Elegible,Vulnerabilidad Elevada,2.700708215,1.0,2.578385269,1.0,1.776038647,2.823478261,1.790108696,1.0,sotap,1,low,,,espanol_uno_mas_adultos,adultos_uno_mas_analfabeta,0.0,0,0,20.97871872,26.18890898,3.355378326,46.99995856724294,EXCLUSION,28.93,high
1745,#112,2024-05,No Elegible,Vulnerabilidad Severa,2.070141643,1.0,2.578385269,1.0,1.776038647,2.823478261,1.790108696,2.544987923,sotap,5,low,jefatura_masculina,no,espanol_uno_mas_adultos,adultos_uno_mas_analfabeta,0.0,0,0,17.46888676,42.50305317,3.706230227,59.166315420759794,EXCLUSION,24.18,high
1746,#1359,2024-03,No Elegible,Vulnerabilidad Elevada,2.070141643,1.0,2.578385269,1.0,1.776038647,2.117608696,1.790108696,1.043888889,foten,1,low,,,espanol_uno_mas_adultos,adultos_ninguno_analfabeta,,0,0,17.46888676,22.50821784,3.148177581,39.81493388651453,EXCLUSION,25.09,high
1747,#1323,2024-02,Elegible,Vulnerabilidad Moderada,2.700708215,1.0,3.251728045,1.0,1.0,1.0,1.790108696,1.0,fupal,4,average,jefatura_femenina,no,espanol_uno_mas_adultos,adultos_ninguno_analfabeta,,0,0,24.2379543,5.614422911,2.878161744,30.45170107462941,INCLUSION,24.34,medium
1748,#555,2023-08,No Elegible por Intenciones,Vulnerabilidad Moderada,1.0,1.0,1.0,1.0,1.776038647,2.823478261,2.580217391,1.0,sotap,1,low,,,espanol_uno_mas_adultos,adultos_ninguno_analfabeta,,0,0,0.0,32.12448674,2.896589272,31.09068863222006,EXCLUSION,22.17,medium
1749,#527,2023-08,Elegible,Vulnerabilidad Elevada,1.0,1.0,1.0,1.0,1.776038647,2.823478261,2.580217391,1.738466184,sotap,4,average,jefatura_masculina,no,espanol_uno_mas_adultos,adultos_ninguno_analfabeta,,0,0,0.0,42.19960637,3.177784244,40.84158083740703,INCLUSION,22.64,high
1750,#112,2024-04,No Elegible,Vulnerabilidad Elevada,1.0,1.0,2.578385269,1.0,1.776038647,2.823478261,2.580217391,1.0,sotap,3,complete,jefatura_femenina,no,espanol_uno_mas_adultos,adultos_ninguno_analfabeta,0.0,0,0,8.975915299,32.12448674,3.163765312,40.35545786145718,EXCLUSION,23.31,high
1751,#555,2024-04,No Elegible,Vulnerabilidad Moderada,1.0,1.0,2.578385269,1.0,1.776038647,1.498900966,1.790108696,1.043888889,sotap,5,high,jefatura_masculina,no,espanol_uno_mas_adultos,adultos_ninguno_analfabeta,,-500,0,8.975915299,17.68003002,2.760622842,26.375838203163497,EXCLUSION,25.62,medium
1752,#133,2024-06,No Elegible,Vulnerabilidad Baja,2.070141643,1.0,1.0,1.0,1.776038647,1.0,2.580217391,1.043888889,fupal,1,low,,,espanol_uno_mas_adultos,adultos_ninguno_analfabeta,,0,0,6.702282231,17.15905947,2.678405943,23.524832152671745,EXCLUSION,14.98,medium
1753,#1223,2023-12,No Elegible,Vulnerabilidad Baja,1.0,1.0,1.0,1.0,1.776038647,1.498900966,1.790108696,1.0,sotap,2,average,jefatura_femenina,si,espanol_ningun_adulto,adultos_ninguno_analfabeta,,-500,0,0.0,17.10850297,2.477495573,16.55793423592243,EXCLUSION,34.29,low
1754,#112,2023-07,No Elegible,Vulnerabilidad Elevada,2.700708215,2.051104816,2.578385269,1.0,1.0,1.0,1.0,1.0,sotap,2,low,jefatura_masculina,no,espanol_uno_mas_adultos,adultos_ninguno_analfabeta,-500.0,0,0,31.71522481,0.0,2.944031657,32.73585245961061,EXCLUSION,17.16,medium
1755,#1311,2023-12,No Elegible,Vulnerabilidad Baja,1.0,1.0,1.0,1.0,1.0,1.0,1.0,1.0,sotap,4,average,jefatura_masculina,no,espanol_ningun_adulto,adultos_ninguno_analfabeta,,0,0,0.0,0.0,2.0,0.0,EXCLUSION,23.11,low
1756,#1323,2024-01,No Elegible,Vulnerabilidad Elevada,1.0,1.0,3.251728045,1.0,1.776038647,2.117608696,1.790108696,1.043888889,fupal,5,low,jefatura_femenina,no,espanol_uno_mas_adultos,adultos_ninguno_analfabeta,0.0,0,0,11.51832969,22.50821784,2.971053998,33.67288193944485,EXCLUSION,34.44,medium
1757,#1101,2024-04,No Elegible,Vulnerabilidad Baja,1.0,1.0,1.0,1.0,1.0,1.498900966,1.790108696,1.0,sotap,3,average,jefatura_masculina,no,espanol_uno_mas_adultos,adultos_ninguno_analfabeta,0.0,0,0,0.0,10.02735341,2.279861825,9.70466314991279,EXCLUSION,18.12,low
1758,#1102,2024-04,No Elegible por Intenciones,Vulnerabilidad Baja,1.0,1.525552408,1.249197356,1.0,1.776038647,1.498900966,1.790108696,1.0,pcr_cdmx,2,average,jefatura_femenina,si,espanol_uno_mas_adultos,adultos_ninguno_analfabeta,0.0,0,0,5.877094669,17.10850297,2.652432483,22.62415968846552,EXCLUSION,21.98,medium
1759,#252,2023-08,Lista de Reserva,Vulnerabilidad Severa,2.700708215,2.051104816,3.251728045,1.0,1.776038647,1.0,2.580217391,1.0,sotap,2,average,jefatura_femenina,si,espanol_uno_mas_adultos,adultos_uno_mas_analfabeta,,0,0,35.61565687,16.59309681,3.52324213,52.82091868529086,EXCLUSION,27.74,high
1760,#1167,2024-05,Lista de Reserva,Vulnerabilidad Moderada,1.0,1.0,1.0,1.0,1.776038647,2.823478261,1.790108696,1.0,foten,4,average,jefatura_masculina,no,espanol_ningun_adulto,adultos_uno_mas_analfabeta,,0,0,0.0,26.18890898,2.730928248,25.34612370011462,EXCLUSION,26.71,medium
1761,#112,2024-03,No Elegible,Vulnerabilidad Baja,1.0,1.525552408,1.0,1.0,1.0,1.0,1.0,1.0,sotap,2,average,jefatura_femenina,si,espanol_uno_mas_adultos,adultos_ninguno_analfabeta,0.0,0,0,3.741369748,0.0,2.111365173,3.861770767860388,EXCLUSION,21.12,low
1762,#071,2023-10,No Elegible,Vulnerabilidad Baja,1.0,1.0,2.578385269,1.0,1.0,2.117608696,1.790108696,1.0,sotap,1,low,,,espanol_uno_mas_adultos,adultos_ninguno_analfabeta,0.0,0,0,8.975915299,14.16503897,2.662520006,22.973963080143548,EXCLUSION,21.37,medium
1763,#071,2024-06,Lista de Reserva,Vulnerabilidad Baja,1.0,1.0,1.0,1.0,1.0,1.498900966,1.0,1.0,sotap,1,low,,,espanol_uno_mas_adultos,adultos_ninguno_analfabeta,,0,0,0.0,3.815111519,2.10647915,3.692337415207061,EXCLUSION,15.98,low
1764,#1223,2023-10,Lista de Reserva,Vulnerabilidad Moderada,1.0,1.525552408,1.0,1.0,1.776038647,2.117608696,1.790108696,1.0,sotap,1,low,,,espanol_uno_mas_adultos,adultos_ninguno_analfabeta,,0,0,3.741369748,21.88512181,2.722175411,25.04260747289278,EXCLUSION,24.58,medium
1765,#645,2024-02,Lista de Reserva,Vulnerabilidad Moderada,1.0,1.0,1.0,1.0,1.776038647,2.823478261,2.580217391,1.0,fupal,1,low,,,espanol_uno_mas_adultos,adultos_ninguno_analfabeta,0.0,0,0,0.0,32.12448674,2.896589272,31.09068863222006,EXCLUSION,24.64,medium
1766,#527,2024-03,Elegible,Vulnerabilidad Moderada,2.700708215,1.0,3.251728045,1.0,1.0,1.0,1.790108696,1.0,sotap,4,average,jefatura_masculina,no,espanol_ningun_adulto,adultos_ninguno_analfabeta,,0,0,24.2379543,5.614422911,2.878161744,30.45170107462941,INCLUSION,21.28,medium
1767,#1223,2023-10,No Elegible por Duplicidad,Vulnerabilidad Baja,1.0,1.0,2.578385269,1.0,1.0,1.0,1.790108696,1.0,sotap,4,average,jefatura_femenina,si,espanol_uno_mas_adultos,adultos_ninguno_analfabeta,0.0,0,0,8.975915299,5.614422911,2.423873683,14.69851439653823,EXCLUSION,19.18,low
1768,#1359,2023-09,No Elegible,Vulnerabilidad Elevada,2.070141643,1.0,2.578385269,1.0,1.776038647,2.823478261,1.790108696,1.043888889,foten,4,average,jefatura_masculina,no,espanol_uno_mas_adultos,adultos_uno_mas_analfabeta,,0,0,17.46888676,26.85846924,3.2695924,44.02518984621112,EXCLUSION,30.01,high
1769,#1860,2023-07,No Elegible por Duplicidad,Vulnerabilidad Baja,1.0,1.525552408,1.0,1.0,1.776038647,1.0,2.580217391,1.0,pcr_cdmx,3,low,jefatura_femenina,no,espanol_uno_mas_adultos,adultos_ninguno_analfabeta,0.0,0,0,3.741369748,16.59309681,2.574475843,19.920885129417776,EXCLUSION,17.18,low
1770,#1583,2023-12,No Elegible,Vulnerabilidad Elevada,2.070141643,1.0,2.578385269,1.0,1.776038647,2.117608696,1.790108696,1.043888889,foten,5,high,jefatura_masculina,no,espanol_uno_mas_adultos,adultos_ninguno_analfabeta,,-500,0,17.46888676,22.50821784,3.148177581,39.81493388651453,EXCLUSION,35.83,high
1771,#672,2023-08,Elegible,Vulnerabilidad Elevada,1.0,1.0,3.251728045,1.0,1.776038647,2.117608696,2.580217391,1.043888889,fupal,3,low,jefatura_masculina,no,espanol_uno_mas_adultos,adultos_ninguno_analfabeta,,0,-500,11.51832969,28.09152966,3.126883335,39.07651720176543,INCLUSION,31.08,high
1772,#1311,2023-10,No Elegible,Vulnerabilidad Baja,1.0,1.0,1.0,1.0,1.776038647,1.498900966,1.790108696,1.0,sotap,1,low,,,espanol_uno_mas_adultos,adultos_ninguno_analfabeta,0.0,0,0,0.0,17.10850297,2.477495573,16.55793423592243,EXCLUSION,23.26,low
1773,#458,2023-06,No Elegible por Intenciones,Vulnerabilidad Elevada,1.0,1.0,2.578385269,1.0,1.776038647,2.823478261,1.790108696,1.043888889,fupal,4,average,jefatura_femenina,no,espanol_uno_mas_adultos,adultos_ninguno_analfabeta,,0,0,8.975915299,26.85846924,3.016791609,35.25890607062468,EXCLUSION,27.07,high
1774,#071,2023-06,No Elegible,Vulnerabilidad Baja,1.0,1.0,1.0,1.0,1.0,1.0,1.790108696,1.0,sotap,4,low,jefatura_femenina,no,espanol_uno_mas_adultos,adultos_ninguno_analfabeta,0.0,0,0,0.0,5.614422911,2.156697643,5.433745167301109,EXCLUSION,15.5,low
1775,#1102,2024-03,No Elegible,Vulnerabilidad Elevada,2.700708215,1.0,1.249197356,1.0,1.776038647,2.823478261,2.580217391,1.0,pcr_cdmx,2,low,jefatura_masculina,no,espanol_uno_mas_adultos,adultos_ninguno_analfabeta,,0,0,11.93561888,32.12448674,3.251863502,43.41040766339734,EXCLUSION,22.45,high
1776,#458,2024-06,No Elegible,Vulnerabilidad Baja,2.070141643,1.0,1.0,1.0,1.0,1.0,1.790108696,1.043888889,fupal,3,low,jefatura_masculina,si,espanol_uno_mas_adultos,adultos_ninguno_analfabeta,,0,0,6.702282231,6.061858428,2.368684842,12.78475013740434,EXCLUSION,10.91,low
1777,#1101,2023-11,Elegible,Vulnerabilidad Elevada,1.0,1.0,3.251728045,1.0,1.776038647,2.823478261,2.580217391,1.0,sotap,2,average,jefatura_femenina,si,espanol_uno_mas_adultos,adultos_ninguno_analfabeta,,0,0,11.51832969,32.12448674,3.23944252,42.97968968997395,INCLUSION,29.71,high
1778,#458,2024-04,No Elegible,Vulnerabilidad Elevada,2.070141643,1.525552408,1.0,1.0,1.776038647,1.498900966,1.790108696,2.544987923,fupal,4,average,jefatura_femenina,no,espanol_uno_mas_adultos,adultos_uno_mas_analfabeta,,0,0,11.1900528,31.0340229,3.199236398,41.5854768982119,EXCLUSION,19.23,high
1779,#071,2023-10,No Elegible,Vulnerabilidad Baja,1.0,1.525552408,1.0,1.0,1.776038647,1.498900966,1.790108696,1.0,sotap,4,average,jefatura_masculina,no,espanol_ningun_adulto,adultos_ninguno_analfabeta,,0,0,3.741369748,17.10850297,2.588860746,20.41970500378282,EXCLUSION,26.61,low
1780,#1200,2023-07,Lista de Reserva,Vulnerabilidad Moderada,1.0,1.0,1.0,1.0,1.776038647,2.823478261,1.790108696,1.043888889,fupal,1,low,,,espanol_uno_mas_adultos,adultos_ninguno_analfabeta,,0,0,0.0,26.85846924,2.749615568,25.99413684138756,EXCLUSION,20.63,medium
1781,#071,2023-09,Lista de Reserva,Vulnerabilidad Elevada,1.0,1.0,2.578385269,1.0,1.776038647,2.823478261,2.580217391,1.043888889,sotap,3,average,jefatura_femenina,si,espanol_uno_mas_adultos,adultos_ninguno_analfabeta,,0,0,8.975915299,32.85812825,3.184241129,41.06549005402387,EXCLUSION,21.48,high
1782,#1101,2024-05,Elegible,Vulnerabilidad Baja,1.0,1.0,1.0,1.0,1.0,1.498900966,1.0,1.0,sotap,1,low,,,espanol_uno_mas_adultos,adultos_ninguno_analfabeta,0.0,0,0,0.0,3.815111519,2.10647915,3.692337415207061,INCLUSION,15.05,low
1783,#1859,2023-09,Lista de Reserva,Vulnerabilidad Baja,1.0,1.0,1.0,1.0,1.0,1.0,1.0,1.0,pcr_cdmx,1,low,,,espanol_uno_mas_adultos,adultos_ninguno_analfabeta,,0,0,0.0,0.0,2.0,0.0,EXCLUSION,18.78,low
1784,#1311,2024-04,Elegible,Vulnerabilidad Elevada,1.0,1.0,1.0,1.0,1.776038647,2.823478261,2.580217391,1.738466184,sotap,2,average,jefatura_femenina,si,espanol_uno_mas_adultos,adultos_ninguno_analfabeta,,0,0,0.0,42.19960637,3.177784244,40.84158083740703,INCLUSION,18.79,high
1785,#071,2024-02,Lista de Reserva,Vulnerabilidad Baja,1.0,1.0,2.578385269,1.0,1.0,1.0,1.790108696,1.0,sotap,3,low,jefatura_masculina,no,espanol_ningun_adulto,adultos_ninguno_analfabeta,,0,0,8.975915299,5.614422911,2.423873683,14.69851439653823,EXCLUSION,22.8,low
1786,#527,2024-05,Elegible,Vulnerabilidad Severa,2.070141643,1.0,3.251728045,1.0,1.776038647,2.823478261,2.580217391,1.043888889,sotap,3,complete,jefatura_femenina,si,espanol_uno_mas_adultos,adultos_ninguno_analfabeta,0.0,0,0,20.51851115,32.85812825,3.527816682,52.9795381821049,INCLUSION,17.66,high
1787,#1101,2023-08,Lista de Reserva,Vulnerabilidad Elevada,1.0,1.0,1.0,1.0,1.776038647,2.823478261,2.580217391,1.043888889,sotap,2,average,jefatura_femenina,si,espanol_uno_mas_adultos,adultos_ninguno_analfabeta,,0,0,0.0,32.85812825,2.917065088,31.80072082478675,EXCLUSION,24.44,medium
1788,#112,2023-07,No Elegible,Vulnerabilidad Baja,1.0,2.051104816,1.0,1.0,1.0,2.117608696,1.0,1.0,sotap,1,low,,,espanol_uno_mas_adultos,adultos_ninguno_analfabeta,0.0,0,0,6.609317356,7.392265486,2.403049108,13.97638678822847,EXCLUSION,14.13,low
1789,#676,2024-04,No Elegible,Vulnerabilidad Baja,1.0,1.0,1.0,1.0,1.776038647,1.498900966,1.790108696,1.0,pcr_cdmx,1,low,,,espanol_uno_mas_adultos,adultos_ninguno_analfabeta,,0,0,0.0,17.10850297,2.477495573,16.55793423592243,EXCLUSION,17.8,low
1790,#555,2023-09,Lista de Reserva,Vulnerabilidad Baja,2.070141643,1.0,1.0,1.0,1.0,1.0,1.0,1.043888889,sotap,3,low,jefatura_masculina,no,espanol_uno_mas_adultos,adultos_ninguno_analfabeta,0.0,0,0,6.702282231,0.386821499,2.210295472,7.2923415718164915,EXCLUSION,16.01,low
1791,#071,2023-11,No Elegible,Vulnerabilidad Baja,1.0,1.0,1.0,1.0,1.776038647,1.498900966,1.790108696,1.0,sotap,1,low,,,espanol_uno_mas_adultos,adultos_ninguno_analfabeta,-500.0,0,0,0.0,17.10850297,2.477495573,16.55793423592243,EXCLUSION,21.96,low
1792,#1624,2023-07,No Elegible,Vulnerabilidad Moderada,1.0,1.0,1.0,1.0,1.776038647,2.823478261,1.790108696,1.0,fusal,7,average,jefatura_masculina,no,espanol_uno_mas_adultos,adultos_ninguno_analfabeta,0.0,0,0,0.0,26.18890898,2.730928248,25.34612370011462,EXCLUSION,22.19,medium
1793,#1223,2023-09,Lista de Reserva,Vulnerabilidad Elevada,1.0,1.0,3.251728045,1.0,1.776038647,2.117608696,2.580217391,1.043888889,sotap,1,low,,,espanol_uno_mas_adultos,adultos_ninguno_analfabeta,-500.0,0,0,11.51832969,28.09152966,3.126883335,39.07651720176543,EXCLUSION,22.39,high
1794,#1102,2023-07,Lista de Reserva,Vulnerabilidad Baja,1.0,1.0,1.0,1.0,1.776038647,1.0,1.790108696,1.0,pcr_cdmx,1,low,,,espanol_uno_mas_adultos,adultos_ninguno_analfabeta,-500.0,0,0,0.0,12.01413641,2.33531262,11.62750948618979,EXCLUSION,15.48,low
1795,#1841,2023-09,Lista de Reserva,Vulnerabilidad Elevada,2.700708215,1.0,2.578385269,1.0,1.0,2.117608696,1.790108696,1.0,foten,1,low,,,espanol_uno_mas_adultos,adultos_ninguno_analfabeta,0.0,0,0,20.97871872,14.16503897,3.019794043,35.36302871803475,EXCLUSION,21.88,high
1796,#1407,2024-05,No Elegible por Duplicidad,Vulnerabilidad Baja,1.0,1.0,1.0,1.0,1.776038647,2.117608696,1.790108696,1.0,foten,1,low,,,espanol_uno_mas_adultos,adultos_ninguno_analfabeta,0.0,0,0,0.0,21.88512181,2.610810239,21.18083670503239,EXCLUSION,19.52,low
1797,#1101,2024-02,Elegible,Vulnerabilidad Baja,1.0,1.0,1.0,1.0,1.776038647,1.498900966,1.790108696,1.0,sotap,5,average,jefatura_masculina,no,espanol_ningun_adulto,adultos_ninguno_analfabeta,,0,0,0.0,17.10850297,2.477495573,16.55793423592243,INCLUSION,23.45,low
1798,#606,2023-12,Elegible,Vulnerabilidad Elevada,2.700708215,1.0,1.0,1.0,1.776038647,2.823478261,2.580217391,1.0,foten,3,average,jefatura_femenina,si,espanol_uno_mas_adultos,adultos_ninguno_analfabeta,,0,0,9.472088355,32.12448674,3.178534341,40.86759826257232,INCLUSION,22.17,high
1799,#1771,2023-06,Lista de Reserva,Vulnerabilidad Baja,2.070141643,1.0,1.0,1.0,1.0,1.0,1.0,1.043888889,fupal,1,low,,,espanol_uno_mas_adultos,adultos_ninguno_analfabeta,,0,0,6.702282231,0.386821499,2.210295472,7.2923415718164915,EXCLUSION,15.85,low
1800,#252,2024-04,No Elegible,Vulnerabilidad Elevada,2.070141643,1.0,2.578385269,1.0,1.776038647,2.823478261,2.580217391,1.043888889,sotap,2,average,jefatura_femenina,si,espanol_uno_mas_adultos,adultos_ninguno_analfabeta,,0,0,17.46888676,32.85812825,3.43704192,49.83177382961031,EXCLUSION,17.61,high
1801,#555,2024-02,No Elegible,Vulnerabilidad Baja,1.0,1.0,2.578385269,1.0,1.0,1.0,1.0,1.043888889,sotap,3,low,jefatura_masculina,no,espanol_ningun_adulto,adultos_uno_mas_analfabeta,,0,0,8.975915299,0.386821499,2.277972167,9.6391424255778,EXCLUSION,26.12,low
1802,#252,2023-09,No Elegible,Vulnerabilidad Baja,1.0,1.0,2.578385269,1.0,1.0,1.0,1.790108696,1.0,sotap,2,average,jefatura_masculina,si,espanol_uno_mas_adultos,adultos_ninguno_analfabeta,-500.0,0,0,8.975915299,5.614422911,2.423873683,14.69851439653823,EXCLUSION,18.5,low
1803,#071,2024-03,No Elegible,Vulnerabilidad Elevada,2.070141643,1.0,2.578385269,1.0,1.776038647,1.498900966,1.790108696,1.043888889,sotap,2,average,jefatura_femenina,si,espanol_uno_mas_adultos,adultos_ninguno_analfabeta,0.0,0,0,17.46888676,17.68003002,3.013423633,35.14212197874994,EXCLUSION,24.92,high
1804,#555,2024-05,No Elegible,Vulnerabilidad Elevada,2.700708215,2.051104816,1.249197356,1.0,1.776038647,1.0,1.790108696,1.0,sotap,1,low,,,espanol_uno_mas_adultos,adultos_ninguno_analfabeta,0.0,0,0,20.89305637,12.01413641,2.957212882,33.19292530323276,EXCLUSION,16.63,medium
1805,#1101,2023-06,Lista de Reserva,Vulnerabilidad Moderada,1.0,1.0,1.0,1.0,1.776038647,2.823478261,2.580217391,1.0,sotap,1,low,,,espanol_ningun_adulto,adultos_ninguno_analfabeta,-500.0,0,0,0.0,32.12448674,2.896589272,31.09068863222006,EXCLUSION,17.76,medium
1806,#1101,2024-03,No Elegible,Vulnerabilidad Elevada,2.070141643,1.0,1.0,1.0,1.776038647,2.823478261,1.790108696,1.043888889,sotap,5,high,jefatura_masculina,no,espanol_uno_mas_adultos,adultos_ninguno_analfabeta,,0,0,6.702282231,26.85846924,2.949114914,32.912105216863374,EXCLUSION,22.46,medium
1807,#1167,2024-06,Lista de Reserva,Vulnerabilidad Moderada,1.0,2.051104816,1.0,1.0,1.776038647,1.498900966,2.580217391,1.0,foten,1,low,,,espanol_uno_mas_adultos,adultos_ninguno_analfabeta,,0,0,6.609317356,22.17502718,2.815633615,28.283424428153857,EXCLUSION,16.54,medium
1808,#016,2024-05,Lista de Reserva,Vulnerabilidad Baja,1.0,2.051104816,1.0,1.0,1.776038647,1.0,2.580217391,1.043888889,futij,1,low,,,espanol_uno_mas_adultos,adultos_ninguno_analfabeta,0.0,0,0,6.609317356,17.15905947,2.675638761,23.42887557502937,EXCLUSION,17.86,medium
1809,#1311,2024-06,Lista de Reserva,Vulnerabilidad Severa,2.700708215,1.0,3.251728045,1.0,1.776038647,2.823478261,2.580217391,1.0,sotap,3,complete,jefatura_femenina,si,espanol_uno_mas_adultos,adultos_ninguno_analfabeta,0.0,0,0,24.2379543,32.12448674,3.618053373,56.108644539548365,EXCLUSION,19.4,high
1810,#1101,2023-07,No Elegible por Intenciones,Vulnerabilidad Elevada,1.0,2.051104816,1.0,1.0,1.776038647,2.117608696,2.580217391,1.0,sotap,4,average,jefatura_femenina,si,espanol_uno_mas_adultos,adultos_uno_mas_analfabeta,0.0,0,0,6.609317356,27.40879931,2.961707356,33.34876853723833,EXCLUSION,21.0,medium
1811,#1583,2023-06,No Elegible,Vulnerabilidad Elevada,2.070141643,1.0,2.578385269,1.564135978,1.776038647,1.498900966,2.580217391,1.043888889,foten,3,average,jefatura_masculina,no,espanol_ningun_adulto,adultos_ninguno_analfabeta,,0,0,23.51115944,22.80125306,3.336209726,46.33525799721478,EXCLUSION,29.53,high
1812,#112,2024-04,Lista de Reserva,Vulnerabilidad Baja,1.0,1.0,1.0,1.0,1.0,1.498900966,1.790108696,1.0,sotap,3,low,jefatura_masculina,no,espanol_uno_mas_adultos,adultos_ninguno_analfabeta,0.0,0,0,0.0,10.02735341,2.279861825,9.70466314991279,EXCLUSION,14.74,low
1813,,2024-04,No Elegible por Intenciones,Vulnerabilidad Severa,2.700708215,1.0,2.578385269,1.0,1.776038647,2.823478261,2.580217391,1.0,,5,average,jefatura_masculina,no,espanol_uno_mas_adultos,adultos_ninguno_analfabeta,,0,0,20.97871872,32.12448674,3.521039349,52.74452349934838,EXCLUSION,19.81,high
1814,#555,2024-04,Lista de Reserva,Vulnerabilidad Severa,2.070141643,1.0,3.251728045,1.0,1.776038647,2.823478261,2.580217391,1.043888889,sotap,5,high,jefatura_masculina,no,espanol_uno_mas_adultos,adultos_uno_mas_analfabeta,-500.0,0,0,20.51851115,32.85812825,3.527816682,52.9795381821049,EXCLUSION,24.0,high
1815,#1841,2023-07,No Elegible,Vulnerabilidad Moderada,1.0,1.0,1.0,1.0,1.776038647,2.823478261,1.790108696,1.0,foten,1,low,,,espanol_uno_mas_adultos,adultos_ninguno_analfabeta,,0,0,0.0,26.18890898,2.730928248,25.34612370011462,EXCLUSION,18.56,medium
1816,#071,2024-05,No Elegible,Vulnerabilidad Elevada,2.700708215,1.0,3.251728045,1.0,1.776038647,1.0,2.580217391,1.0,sotap,3,average,jefatura_femenina,no,espanol_uno_mas_adultos,adultos_uno_mas_analfabeta,-500.0,0,0,24.2379543,16.59309681,3.184574771,41.07707026888569,EXCLUSION,20.92,high
1817,#071,2023-11,Elegible,Vulnerabilidad Elevada,1.0,1.0,1.0,1.0,1.776038647,2.823478261,2.580217391,1.043888889,sotap,1,low,,,espanol_ningun_adulto,adultos_uno_mas_analfabeta,0.0,0,0,0.0,32.85812825,2.917065088,31.80072082478675,INCLUSION,27.23,medium
1818,#1359,2023-08,Elegible,Vulnerabilidad Elevada,1.0,1.0,3.251728045,1.0,1.776038647,2.823478261,2.580217391,1.043888889,foten,3,average,jefatura_femenina,no,espanol_uno_mas_adultos,adultos_ninguno_analfabeta,,0,0,11.51832969,32.85812825,3.259918337,43.68972188254064,INCLUSION,31.43,high
1819,,2023-08,Elegible,Vulnerabilidad Elevada,2.070141643,1.0,1.0,1.0,1.776038647,2.117608696,2.580217391,1.043888889,,4,average,jefatura_masculina,no,espanol_uno_mas_adultos,adultos_ninguno_analfabeta,,0,0,6.702282231,28.09152966,2.983529432,34.10548451948735,INCLUSION,20.56,high
1820,#112,2023-10,Lista de Reserva,Vulnerabilidad Moderada,1.0,1.0,1.0,1.0,1.776038647,2.823478261,2.580217391,1.0,sotap,3,low,jefatura_masculina,no,espanol_uno_mas_adultos,adultos_ninguno_analfabeta,0.0,0,0,0.0,32.12448674,2.896589272,31.09068863222006,EXCLUSION,24.44,medium
1821,#527,2024-01,Elegible,Vulnerabilidad Moderada,1.0,1.0,1.0,1.0,1.776038647,2.823478261,2.580217391,1.0,sotap,2,low,jefatura_masculina,no,espanol_uno_mas_adultos,adultos_ninguno_analfabeta,0.0,0,0,0.0,32.12448674,2.896589272,31.09068863222006,INCLUSION,23.44,medium
1822,#1102,2024-03,Elegible,Vulnerabilidad Baja,1.0,1.0,1.0,1.0,1.0,1.498900966,1.790108696,1.0,pcr_cdmx,1,low,,,espanol_uno_mas_adultos,adultos_ninguno_analfabeta,,0,0,0.0,10.02735341,2.279861825,9.70466314991279,INCLUSION,19.22,low
1823,#112,2023-09,Elegible,Vulnerabilidad Severa,2.700708215,1.0,2.578385269,1.0,1.776038647,2.823478261,2.580217391,1.0,sotap,5,high,jefatura_masculina,no,espanol_uno_mas_adultos,adultos_ninguno_analfabeta,0.0,0,0,20.97871872,32.12448674,3.521039349,52.74452349934838,INCLUSION,23.05,high
1824,#1323,2023-07,No Elegible,Vulnerabilidad Severa,2.700708215,2.051104816,3.251728045,1.0,1.776038647,2.823478261,1.790108696,1.0,fupal,1,low,,,espanol_uno_mas_adultos,adultos_uno_mas_analfabeta,,0,0,35.61565687,26.18890898,3.791059708,62.10792802384809,EXCLUSION,30.35,high
1825,#1323,2023-09,No Elegible,Vulnerabilidad Elevada,1.0,1.0,3.251728045,1.0,1.776038647,2.823478261,2.580217391,1.0,fupal,1,low,,,espanol_uno_mas_adultos,adultos_ninguno_analfabeta,,0,0,11.51832969,32.12448674,3.23944252,42.97968968997395,EXCLUSION,28.56,high
1826,#1311,2023-11,Lista de Reserva,Vulnerabilidad Elevada,1.0,1.0,2.578385269,1.0,1.776038647,2.823478261,1.790108696,1.043888889,sotap,2,average,jefatura_femenina,si,espanol_uno_mas_adultos,adultos_uno_mas_analfabeta,,0,0,8.975915299,26.85846924,3.016791609,35.25890607062468,EXCLUSION,36.03,high
1827,#252,2023-08,Elegible,Vulnerabilidad Moderada,1.0,1.0,2.578385269,1.0,1.776038647,1.498900966,1.790108696,1.0,sotap,1,low,,,espanol_ningun_adulto,adultos_uno_mas_analfabeta,,0,0,8.975915299,17.10850297,2.744671614,25.82270346515955,INCLUSION,30.78,medium
1828,#1223,2023-12,Elegible,Vulnerabilidad Elevada,1.0,1.525552408,2.578385269,1.0,1.776038647,2.823478261,1.0,1.0,sotap,2,complete,jefatura_femenina,si,espanol_uno_mas_adultos,adultos_ninguno_analfabeta,0.0,0,0,13.7168894,17.78726377,2.904734997,31.37316445239903,INCLUSION,32.23,medium
1829,#1765,2024-02,Elegible,Vulnerabilidad Baja,2.070141643,1.0,1.249197356,1.0,1.0,1.0,1.790108696,1.043888889,fupal,3,low,jefatura_masculina,no,espanol_ningun_adulto,adultos_ninguno_analfabeta,,0,0,9.00737574,6.061858428,2.437297985,15.164023860617473,INCLUSION,20.37,low
1830,#1415,2024-03,No Elegible por Duplicidad,Vulnerabilidad Baja,2.700708215,1.0,1.0,1.0,1.0,1.0,1.0,1.0,fomon,1,low,,,espanol_uno_mas_adultos,adultos_ninguno_analfabeta,,0,0,9.472088355,0.0,2.28194507,9.776909630352256,EXCLUSION,18.24,low
1831,#252,2023-12,Elegible,Vulnerabilidad Elevada,2.070141643,1.0,1.0,1.0,1.776038647,2.823478261,2.580217391,1.043888889,sotap,3,low,jefatura_femenina,si,espanol_uno_mas_adultos,adultos_uno_mas_analfabeta,0.0,0,0,6.702282231,32.85812825,3.116564434,38.71868920026256,INCLUSION,22.34,high
1832,#555,2023-08,No Elegible,Vulnerabilidad Elevada,2.700708215,1.0,1.0,1.0,1.776038647,2.823478261,2.580217391,1.0,sotap,1,low,,,espanol_uno_mas_adultos,adultos_uno_mas_analfabeta,,0,0,9.472088355,32.12448674,3.178534341,40.86759826257232,EXCLUSION,23.92,high
1833,,2024-04,No Elegible,Vulnerabilidad Moderada,1.0,1.0,3.251728045,1.0,1.776038647,1.0,2.580217391,1.0,,3,average,jefatura_masculina,si,espanol_uno_mas_adultos,adultos_uno_mas_analfabeta,0.0,-500,0,11.51832969,16.59309681,2.805963919,27.94811541931128,EXCLUSION,28.18,medium
1834,#252,2024-04,No Elegible,Vulnerabilidad Baja,1.0,1.0,2.578385269,1.0,1.0,1.498900966,1.0,1.043888889,sotap,4,low,jefatura_masculina,no,espanol_uno_mas_adultos,adultos_ninguno_analfabeta,0.0,0,0,8.975915299,4.243121443,2.385600879,13.371342781079935,EXCLUSION,20.14,low
1835,#692,2024-03,Elegible,Vulnerabilidad Baja,1.0,1.0,1.0,1.0,1.0,1.0,1.790108696,1.0,pcr_cdmx,2,average,jefatura_masculina,si,espanol_uno_mas_adultos,adultos_ninguno_analfabeta,,0,0,0.0,5.614422911,2.156697643,5.433745167301109,INCLUSION,21.37,low
1836,#041,2023-08,Elegible,Vulnerabilidad Baja,1.0,1.0,1.0,1.0,1.776038647,1.498900966,2.580217391,1.0,fusal,2,average,jefatura_femenina,si,espanol_uno_mas_adultos,adultos_ninguno_analfabeta,-500.0,0,0,0.0,22.17502718,2.618901451,21.46141263032042,INCLUSION,20.88,medium
1837,#527,2023-07,No Elegible,Vulnerabilidad Baja,1.0,1.0,1.0,1.0,1.776038647,1.498900966,2.580217391,1.043888889,sotap,2,low,jefatura_masculina,no,espanol_uno_mas_adultos,adultos_ninguno_analfabeta,0.0,0,0,0.0,22.80125306,2.636379315,22.06748593527614,EXCLUSION,15.71,medium
1838,#676,2024-06,No Elegible,Vulnerabilidad Elevada,2.070141643,1.0,1.0,1.0,1.776038647,2.823478261,2.580217391,1.043888889,pcr_cdmx,4,average,jefatura_masculina,no,espanol_ningun_adulto,adultos_ninguno_analfabeta,,0,0,6.702282231,32.85812825,3.116564434,38.71868920026256,EXCLUSION,18.64,high
1839,#1771,2023-06,Lista de Reserva,Vulnerabilidad Baja,1.0,1.0,1.0,1.0,1.0,2.117608696,1.0,1.0,fupal,1,low,,,espanol_uno_mas_adultos,adultos_ninguno_analfabeta,0.0,0,0,0.0,7.392265486,2.206316944,7.154374990395034,EXCLUSION,17.52,low
1840,#1583,2023-09,Elegible,Vulnerabilidad Elevada,2.070141643,2.051104816,1.0,1.0,1.776038647,2.823478261,1.790108696,1.043888889,foten,1,low,,,espanol_uno_mas_adultos,adultos_ninguno_analfabeta,0.0,0,0,14.63015408,26.85846924,3.185095016,41.09510390983604,INCLUSION,22.9,high
1841,#071,2024-06,Lista de Reserva,Vulnerabilidad Baja,1.0,1.0,1.0,1.0,1.0,1.0,1.0,1.043888889,sotap,1,low,,,espanol_uno_mas_adultos,adultos_uno_mas_analfabeta,0.0,0,0,0.0,0.386821499,2.010796126,0.374373196340681,EXCLUSION,17.84,low
1842,#1311,2024-05,No Elegible,Vulnerabilidad Elevada,1.0,1.0,3.251728045,1.0,1.776038647,2.117608696,2.580217391,1.043888889,sotap,2,low,jefatura_masculina,no,espanol_uno_mas_adultos,adultos_uno_mas_analfabeta,,0,0,11.51832969,28.09152966,3.126883335,39.07651720176543,EXCLUSION,26.53,high
1843,#1101,2023-08,No Elegible,Vulnerabilidad Moderada,1.0,1.0,1.0,1.564135978,1.776038647,2.823478261,2.580217391,1.0,sotap,3,average,jefatura_masculina,no,espanol_ningun_adulto,adultos_ninguno_analfabeta,,0,0,3.975239986,32.12448674,3.014915798,35.19385581620953,EXCLUSION,32.88,high
1844,#1311,2024-04,No Elegible,Vulnerabilidad Elevada,1.0,1.525552408,3.251728045,1.0,1.776038647,2.823478261,2.580217391,1.043888889,sotap,3,average,jefatura_masculina,no,espanol_ningun_adulto,adultos_ninguno_analfabeta,,0,0,16.54244021,32.85812825,3.409465421,48.87551330318476,EXCLUSION,24.11,high
1845,#1323,2024-04,No Elegible,Vulnerabilidad Elevada,1.0,1.0,2.578385269,1.0,1.776038647,2.823478261,1.790108696,1.0,fupal,4,average,jefatura_masculina,no,espanol_uno_mas_adultos,adultos_ninguno_analfabeta,-500.0,0,0,8.975915299,26.18890898,2.998104289,34.61089292935174,EXCLUSION,20.65,high
1846,#1101,2024-03,No Elegible,Vulnerabilidad Moderada,1.0,1.525552408,1.0,1.0,1.776038647,2.823478261,1.790108696,1.0,sotap,6,high,jefatura_femenina,si,espanol_uno_mas_adultos,adultos_ninguno_analfabeta,,0,0,3.741369748,26.18890898,2.842293421,29.20789446797501,EXCLUSION,26.12,medium
1847,#1101,2023-11,No Elegible,Vulnerabilidad Moderada,1.0,1.0,1.0,1.0,1.776038647,2.823478261,1.790108696,1.0,sotap,1,low,,,espanol_uno_mas_adultos,adultos_uno_mas_analfabeta,0.0,0,0,0.0,26.18890898,2.730928248,25.34612370011462,EXCLUSION,28.35,medium
1848,#672,2024-07,Elegible,Vulnerabilidad Elevada,2.070141643,1.0,1.0,1.0,1.776038647,2.823478261,1.790108696,1.0,fupal,1,low,,,espanol_uno_mas_adultos,adultos_ninguno_analfabeta,0.0,0,0,6.702282231,26.18890898,2.930427594,32.26409207559043,INCLUSION,20.51,medium
1849,#1223,2024-05,Lista de Reserva,Vulnerabilidad Elevada,2.070141643,1.0,2.578385269,1.0,1.776038647,1.498900966,1.790108696,1.043888889,sotap,2,average,jefatura_masculina,si,espanol_uno_mas_adultos,adultos_ninguno_analfabeta,0.0,0,0,17.46888676,17.68003002,3.013423633,35.14212197874994,EXCLUSION,18.07,high
1850,#458,2024-07,No Elegible,Vulnerabilidad Elevada,2.070141643,1.0,1.0,1.564135978,1.776038647,1.498900966,2.580217391,2.544987923,fupal,1,low,,,espanol_uno_mas_adultos,adultos_uno_mas_analfabeta,,0,0,11.47057999,37.43330939,3.386189597,48.0683827851786,EXCLUSION,25.55,high
1851,#112,2023-09,No Elegible,Vulnerabilidad Moderada,1.0,1.0,1.0,1.0,1.776038647,2.823478261,2.580217391,1.0,sotap,5,average,jefatura_masculina,no,espanol_ningun_adulto,adultos_ninguno_analfabeta,0.0,0,0,0.0,32.12448674,2.896589272,31.09068863222006,EXCLUSION,24.99,medium
1852,#527,2024-03,Elegible,Vulnerabilidad Elevada,1.0,2.051104816,3.251728045,1.0,1.776038647,1.0,1.790108696,1.0,sotap,2,average,jefatura_femenina,si,espanol_uno_mas_adultos,adultos_uno_mas_analfabeta,,0,0,20.39367297,12.01413641,2.942348294,32.67747124603736,INCLUSION,32.7,medium
1853,#1054,2023-06,No Elegible,Vulnerabilidad Baja,2.070141643,1.0,1.0,1.0,1.776038647,1.0,2.580217391,1.0,futij,2,average,jefatura_femenina,si,espanol_uno_mas_adultos,adultos_ninguno_analfabeta,0.0,0,0,6.702282231,16.59309681,2.662610016,22.9770827370332,EXCLUSION,17.3,medium
1854,#112,2024-01,Lista de Reserva,Vulnerabilidad Elevada,1.0,1.525552408,2.578385269,1.0,1.776038647,2.823478261,1.790108696,1.0,sotap,6,average,jefatura_femenina,no,espanol_uno_mas_adultos,adultos_ninguno_analfabeta,0.0,0,0,13.7168894,26.18890898,3.139223567,39.50443631789602,EXCLUSION,30.16,high
1855,#112,2023-08,No Elegible,Vulnerabilidad Elevada,1.0,2.051104816,1.0,1.0,1.776038647,2.823478261,1.790108696,1.0,sotap,4,average,jefatura_masculina,no,espanol_uno_mas_adultos,adultos_ninguno_analfabeta,,0,0,6.609317356,26.18890898,2.927660413,32.16813549794806,EXCLUSION,23.94,medium
1856,#1860,2023-07,Lista de Reserva,Vulnerabilidad Baja,1.0,1.0,1.0,1.564135978,1.0,2.117608696,1.0,1.0,pcr_cdmx,1,low,,,espanol_ningun_adulto,adultos_uno_mas_analfabeta,0.0,0,0,3.975239986,7.392265486,2.32464347,11.2575421743845,EXCLUSION,26.4,low
1857,#1725,2024-01,No Elegible,Vulnerabilidad Elevada,1.0,1.525552408,1.0,1.0,1.776038647,2.823478261,2.580217391,1.0,foten,3,average,jefatura_femenina,no,espanol_uno_mas_adultos,adultos_ninguno_analfabeta,,0,0,3.741369748,32.12448674,3.007954444,34.95245940008045,EXCLUSION,33.69,high
1858,#108,2023-11,Elegible,Vulnerabilidad Elevada,1.0,1.0,2.578385269,1.0,1.776038647,2.823478261,2.580217391,1.043888889,futij,9,average,jefatura_femenina,no,espanol_uno_mas_adultos,adultos_ninguno_analfabeta,0.0,0,0,8.975915299,32.85812825,3.184241129,41.06549005402387,INCLUSION,25.72,high
1859,#071,2023-08,No Elegible,Vulnerabilidad Baja,1.0,1.0,1.0,1.0,1.776038647,1.498900966,1.0,1.043888889,sotap,1,low,,,espanol_uno_mas_adultos,adultos_ninguno_analfabeta,,-500,0,0.0,10.43108127,2.291129805,10.09539864365013,EXCLUSION,28.69,low
1860,#527,2024-01,No Elegible,Vulnerabilidad Elevada,2.070141643,1.0,1.0,1.0,1.776038647,1.0,2.580217391,2.544987923,sotap,5,average,jefatura_masculina,no,espanol_uno_mas_adultos,adultos_uno_mas_analfabeta,,0,0,6.702282231,30.38303782,3.047485057,36.32324965539039,EXCLUSION,24.8,high
1861,#676,2023-08,Elegible,Vulnerabilidad Moderada,1.0,1.0,1.0,1.0,1.776038647,2.823478261,2.580217391,1.0,pcr_cdmx,2,average,jefatura_femenina,no,espanol_ningun_adulto,adultos_ninguno_analfabeta,,0,0,0.0,32.12448674,2.896589272,31.09068863222006,INCLUSION,29.77,medium
1862,#016,2024-06,No Elegible,Vulnerabilidad Moderada,1.0,1.0,1.0,1.0,1.776038647,2.823478261,1.790108696,1.0,futij,1,low,,,espanol_ningun_adulto,adultos_ninguno_analfabeta,,0,0,0.0,26.18890898,2.730928248,25.34612370011462,EXCLUSION,19.58,medium
1863,#1101,2024-05,No Elegible,Vulnerabilidad Elevada,1.0,1.0,2.578385269,1.0,1.776038647,2.823478261,2.580217391,1.0,sotap,11,high,jefatura_femenina,no,espanol_uno_mas_adultos,adultos_ninguno_analfabeta,,0,0,8.975915299,32.12448674,3.163765312,40.35545786145718,EXCLUSION,21.09,high
1864,#527,2023-11,Elegible,Vulnerabilidad Elevada,1.0,1.0,2.578385269,1.0,1.776038647,2.823478261,2.580217391,1.0,sotap,1,low,,,espanol_ningun_adulto,adultos_ninguno_analfabeta,0.0,0,0,8.975915299,32.12448674,3.163765312,40.35545786145718,INCLUSION,29.02,high
1865,#1167,2024-03,No Elegible,Vulnerabilidad Elevada,1.0,1.0,2.578385269,1.0,1.776038647,2.823478261,2.580217391,1.0,foten,1,low,,,espanol_uno_mas_adultos,adultos_ninguno_analfabeta,,0,0,8.975915299,32.12448674,3.163765312,40.35545786145718,EXCLUSION,27.85,high
1866,#1311,2024-04,No Elegible,Vulnerabilidad Baja,1.0,1.0,1.0,1.0,1.0,1.0,1.790108696,1.0,sotap,1,low,,,espanol_uno_mas_adultos,adultos_ninguno_analfabeta,,0,0,0.0,5.614422911,2.156697643,5.433745167301109,EXCLUSION,15.59,low
1867,#252,2024-03,Elegible,Vulnerabilidad Baja,1.0,2.051104816,1.0,1.0,1.776038647,2.117608696,1.0,1.0,sotap,3,average,jefatura_femenina,no,espanol_uno_mas_adultos,adultos_ninguno_analfabeta,,0,0,6.609317356,14.06650994,2.5893262,20.43584738145429,INCLUSION,23.86,low
1868,#1407,2024-05,No Elegible,Vulnerabilidad Elevada,2.700708215,1.0,1.249197356,1.0,1.776038647,2.823478261,2.580217391,1.043888889,foten,4,average,jefatura_femenina,si,espanol_uno_mas_adultos,adultos_ninguno_analfabeta,,0,0,11.93561888,32.85812825,3.272339318,44.12043985596403,EXCLUSION,16.05,high
1869,#1167,2024-04,No Elegible,Vulnerabilidad Elevada,1.0,1.525552408,2.578385269,1.0,1.776038647,2.823478261,1.790108696,1.0,foten,3,average,jefatura_masculina,no,espanol_uno_mas_adultos,adultos_ninguno_analfabeta,0.0,0,0,13.7168894,26.18890898,3.139223567,39.50443631789602,EXCLUSION,27.96,high
1870,,2023-08,No Elegible,Vulnerabilidad Moderada,1.0,1.0,1.0,1.0,1.776038647,2.823478261,1.790108696,1.0,,5,average,jefatura_masculina,no,espanol_ningun_adulto,adultos_ninguno_analfabeta,0.0,0,0,0.0,26.18890898,2.730928248,25.34612370011462,EXCLUSION,29.18,medium
1871,#555,2024-02,Elegible,Vulnerabilidad Severa,2.700708215,1.0,2.578385269,1.0,1.776038647,2.823478261,2.580217391,1.0,sotap,1,low,,,espanol_ningun_adulto,adultos_ninguno_analfabeta,0.0,0,0,20.97871872,32.12448674,3.521039349,52.74452349934838,INCLUSION,25.31,high
1872,#071,2024-01,Lista de Reserva,Vulnerabilidad Baja,1.0,1.0,3.251728045,1.0,1.0,1.498900966,1.0,1.043888889,sotap,3,low,jefatura_femenina,no,espanol_uno_mas_adultos,adultos_ninguno_analfabeta,0.0,-500,0,11.51832969,4.243121443,2.461278087,15.995574609596703,EXCLUSION,35.74,low
1873,#527,2023-12,Elegible,Vulnerabilidad Moderada,1.0,2.051104816,1.0,1.0,1.776038647,2.117608696,1.790108696,1.0,sotap,3,low,jefatura_masculina,no,espanol_uno_mas_adultos,adultos_ninguno_analfabeta,0.0,0,0,6.609317356,21.88512181,2.807542403,28.002848502865827,INCLUSION,25.69,medium
1874,#071,2024-01,No Elegible,Vulnerabilidad Elevada,2.700708215,1.0,2.578385269,1.0,1.776038647,2.823478261,1.790108696,1.0,sotap,4,average,jefatura_masculina,no,espanol_uno_mas_adultos,adultos_ninguno_analfabeta,,0,0,20.97871872,26.18890898,3.355378326,46.99995856724294,EXCLUSION,27.4,high
1875,#1223,2024-06,Lista de Reserva,Vulnerabilidad Moderada,1.0,1.0,1.0,1.0,1.776038647,2.823478261,2.580217391,1.0,sotap,6,average,jefatura_masculina,no,espanol_uno_mas_adultos,adultos_ninguno_analfabeta,,0,0,0.0,32.12448674,2.896589272,31.09068863222006,EXCLUSION,17.43,medium
1876,#112,2024-03,No Elegible,Vulnerabilidad Baja,1.0,1.0,1.0,1.0,1.0,1.0,1.790108696,1.043888889,sotap,1,low,,,espanol_uno_mas_adultos,adultos_ninguno_analfabeta,,0,0,0.0,6.061858428,2.169185496,5.866781761928531,EXCLUSION,17.07,low
1877,#1407,2024-01,No Elegible,Vulnerabilidad Moderada,2.700708215,1.525552408,1.249197356,1.0,1.776038647,1.0,1.790108696,1.0,foten,1,low,,,espanol_uno_mas_adultos,adultos_ninguno_analfabeta,,0,0,17.00620089,12.01413641,2.841517198,29.18098692703088,EXCLUSION,23.13,medium
1878,#1101,2023-09,No Elegible,Vulnerabilidad Severa,2.700708215,2.051104816,3.251728045,1.0,1.776038647,2.823478261,1.790108696,1.0,sotap,4,complete,jefatura_femenina,si,espanol_uno_mas_adultos,adultos_ninguno_analfabeta,0.0,0,0,35.61565687,26.18890898,3.791059708,62.10792802384809,EXCLUSION,28.82,high
1879,#1841,2023-11,No Elegible,Vulnerabilidad Elevada,2.700708215,1.0,3.251728045,1.0,1.776038647,1.0,1.790108696,1.0,foten,1,low,,,espanol_uno_mas_adultos,adultos_uno_mas_analfabeta,,0,0,24.2379543,12.01413641,3.056776721,36.645465393518094,EXCLUSION,29.26,high
1880,#527,2023-10,No Elegible,Vulnerabilidad Elevada,1.0,1.0,2.578385269,1.0,1.776038647,1.498900966,2.580217391,1.043888889,sotap,4,average,jefatura_masculina,no,espanol_uno_mas_adultos,adultos_ninguno_analfabeta,-500.0,0,0,8.975915299,22.80125306,2.903555356,31.332255164513256,EXCLUSION,22.07,medium
1881,#071,2024-04,Lista de Reserva,Vulnerabilidad Baja,1.0,1.0,1.0,1.0,1.776038647,1.498900966,1.0,1.0,sotap,1,low,,,espanol_ningun_adulto,adultos_ninguno_analfabeta,,0,0,0.0,9.93697889,2.277339487,9.61719697234091,EXCLUSION,18.99,low
1882,#1407,2023-09,No Elegible,Vulnerabilidad Elevada,1.0,1.525552408,2.578385269,1.0,1.776038647,2.117608696,2.580217391,1.043888889,foten,1,low,,,espanol_uno_mas_adultos,adultos_ninguno_analfabeta,0.0,0,0,13.7168894,28.09152966,3.192325406,41.34582876179294,EXCLUSION,29.08,high
1883,#1101,2024-05,Lista de Reserva,Vulnerabilidad Baja,1.0,1.0,1.0,1.0,1.0,2.117608696,1.0,1.0,sotap,1,low,,,espanol_uno_mas_adultos,adultos_ninguno_analfabeta,0.0,0,0,0.0,7.392265486,2.206316944,7.154374990395034,EXCLUSION,19.02,low
1884,#458,2024-05,No Elegible,Vulnerabilidad Baja,2.070141643,1.0,1.0,1.0,1.0,2.117608696,1.0,1.043888889,fupal,3,low,jefatura_femenina,no,espanol_uno_mas_adultos,adultos_ninguno_analfabeta,,0,0,6.702282231,7.858894815,2.418839839,14.523956096434295,EXCLUSION,17.67,low
1885,#645,2024-03,No Elegible,Vulnerabilidad Moderada,1.0,1.0,2.578385269,1.0,1.0,2.117608696,2.580217391,1.043888889,fupal,1,low,,,espanol_uno_mas_adultos,adultos_ninguno_analfabeta,,0,0,8.975915299,19.54126117,2.812569505,28.177173073525346,EXCLUSION,25.52,medium
1886,#1101,2024-05,Lista de Reserva,Vulnerabilidad Baja,2.070141643,1.0,1.0,1.0,1.776038647,1.498900966,1.790108696,1.043888889,sotap,3,average,jefatura_femenina,si,espanol_uno_mas_adultos,adultos_ninguno_analfabeta,,0,0,6.702282231,17.68003002,2.692946147,24.029037349402188,EXCLUSION,15.95,medium
1887,#1223,2023-12,No Elegible por Duplicidad,Vulnerabilidad Severa,2.700708215,2.051104816,2.578385269,1.564135978,1.0,2.117608696,1.0,2.544987923,sotap,2,complete,jefatura_femenina,si,espanol_uno_mas_adultos,adultos_ninguno_analfabeta,0.0,0,0,39.44321718,18.76190405,3.697703903,58.87066656783652,EXCLUSION,22.31,high
1888,#1101,2024-02,Lista de Reserva,Vulnerabilidad Moderada,1.0,1.525552408,1.0,1.0,1.776038647,2.823478261,1.790108696,1.0,sotap,1,low,,,espanol_uno_mas_adultos,adultos_ninguno_analfabeta,0.0,0,0,3.741369748,26.18890898,2.842293421,29.20789446797501,EXCLUSION,26.57,medium
1889,#1860,2024-06,Lista de Reserva,Vulnerabilidad Baja,1.0,1.0,1.0,1.0,1.0,1.0,1.790108696,1.0,pcr_cdmx,1,low,,,espanol_ningun_adulto,adultos_uno_mas_analfabeta,,0,0,0.0,5.614422911,2.156697643,5.433745167301109,EXCLUSION,18.38,low
1890,#112,2023-07,Lista de Reserva,Vulnerabilidad Baja,1.0,1.0,2.578385269,1.0,1.776038647,1.498900966,1.0,1.0,sotap,4,average,jefatura_femenina,si,espanol_uno_mas_adultos,adultos_ninguno_analfabeta,0.0,0,0,8.975915299,9.93697889,2.544515527,18.88196620157803,EXCLUSION,19.78,low
1891,#527,2023-07,No Elegible,Vulnerabilidad Elevada,1.0,1.0,3.251728045,1.0,1.776038647,2.823478261,2.580217391,1.0,sotap,5,average,jefatura_femenina,si,espanol_uno_mas_adultos,adultos_ninguno_analfabeta,0.0,0,0,11.51832969,32.12448674,3.23944252,42.97968968997395,EXCLUSION,21.77,high
1892,#041,2023-09,No Elegible,Vulnerabilidad Baja,1.0,1.0,2.578385269,1.0,1.0,1.0,1.0,1.043888889,fusal,2,low,jefatura_masculina,no,espanol_uno_mas_adultos,adultos_ninguno_analfabeta,0.0,0,0,8.975915299,0.386821499,2.277972167,9.6391424255778,EXCLUSION,24.52,low
1893,#1583,2023-08,No Elegible,Vulnerabilidad Baja,1.0,1.0,1.0,1.0,1.776038647,2.117608696,1.0,1.043888889,foten,2,average,jefatura_femenina,si,espanol_uno_mas_adultos,adultos_ninguno_analfabeta,,0,0,0.0,14.60519526,2.407628657,14.13518547133794,EXCLUSION,24.48,low
1894,#112,2023-10,Elegible,Vulnerabilidad Moderada,2.070141643,1.0,1.0,1.0,1.776038647,2.117608696,1.790108696,1.0,sotap,3,average,jefatura_masculina,no,espanol_uno_mas_adultos,adultos_ninguno_analfabeta,,0,0,6.702282231,21.88512181,2.810309585,28.0988050805082,INCLUSION,21.28,medium
1895,#252,2024-06,No Elegible,Vulnerabilidad Moderada,1.0,1.525552408,1.0,1.0,1.776038647,2.117608696,1.790108696,1.0,sotap,1,low,,,espanol_ningun_adulto,adultos_uno_mas_analfabeta,,0,0,3.741369748,21.88512181,2.722175411,25.04260747289278,EXCLUSION,20.46,medium
1896,#1725,2023-07,No Elegible,Vulnerabilidad Baja,1.0,1.0,1.0,1.0,1.776038647,1.0,2.580217391,1.0,foten,3,average,jefatura_masculina,no,espanol_uno_mas_adultos,adultos_ninguno_analfabeta,,-500,0,0.0,16.59309681,2.46311067,16.059114361557388,EXCLUSION,18.89,low
1897,#1407,2023-10,No Elegible,Vulnerabilidad Baja,1.0,1.0,1.0,1.0,1.0,2.117608696,2.580217391,1.0,foten,1,low,,,espanol_uno_mas_adultos,adultos_ninguno_analfabeta,0.0,0,0,0.0,18.94985465,2.528887403,18.340029377508348,EXCLUSION,21.47,low
1898,#112,2024-01,No Elegible,Vulnerabilidad Elevada,1.0,2.051104816,1.0,1.0,1.776038647,2.117608696,2.580217391,1.0,sotap,3,average,jefatura_masculina,no,espanol_uno_mas_adultos,adultos_ninguno_analfabeta,0.0,0,0,6.609317356,27.40879931,2.961707356,33.34876853723833,EXCLUSION,28.19,medium
1899,#252,2024-02,Elegible,Vulnerabilidad Baja,1.0,1.0,1.0,1.0,1.776038647,2.117608696,1.790108696,1.0,sotap,1,low,,,espanol_ningun_adulto,adultos_ninguno_analfabeta,,0,0,0.0,21.88512181,2.610810239,21.18083670503239,INCLUSION,24.34,low
1900,#1101,2024-04,Lista de Reserva,Vulnerabilidad Elevada,2.070141643,1.0,2.578385269,1.0,1.776038647,2.823478261,2.580217391,1.043888889,sotap,1,low,,,espanol_uno_mas_adultos,adultos_uno_mas_analfabeta,,0,0,17.46888676,32.85812825,3.43704192,49.83177382961031,EXCLUSION,21.15,high
